design,seed,n,d,phi,dispersion,fit_end,val_end,test_end,ar_model,method,generating_coordinate,q_total,q_cov,n_active_mean,n_active_diag,n_active_offdiag,reference_condition,mean_dispersion,spectral_shell_low,spectral_shell_high,generator_transport_clip_rate,generator_shell_clip_rate,ridge,val_w2_mean,test_w2_mean,test_w2_median,test_w2_q90,test_mean_component,test_cov_component,n_test_pairs,min_pred_eig,w2_ratio_to_persistence,cov_ratio_to_persistence,mean_ratio_to_persistence
Baseline,0,320,8,0.7,0.15,144,208,320,diag,persistence,bures_transport,44,36,3,3,10,8.0,0.03,0.05,20.0,0.0,0.003125,,0.4257267358433155,0.38979062197607306,,,0.0016221468745212973,0.3881684751015518,112,0.049999999999999975,1.0,1.0,1.0
Baseline,0,320,8,0.7,0.15,144,208,320,diag,euclidean_gaussian_ar,bures_transport,44,36,3,3,10,8.0,0.03,0.05,20.0,0.0,0.003125,1e-06,0.3678830734231468,0.339235341700221,0.31517099740389365,0.5391324665291967,0.0013496327575614742,0.3378857089426595,112,0.12704294077899195,0.870301445377115,0.8704614893166237,0.8320040427657063
Baseline,0,320,8,0.7,0.15,144,208,320,diag,cholesky_gaussian_ar,bures_transport,44,36,3,3,10,8.0,0.03,0.05,20.0,0.0,0.003125,1e-06,0.36987384310799587,0.3422351136138921,0.3195153401819677,0.5154814014108658,0.0013496327575614742,0.3408854808563306,112,0.11101635917270256,0.8779972998809086,0.8781895046143272,0.8320040427657063
Baseline,0,320,8,0.7,0.15,144,208,320,diag,log_euclidean_gaussian_ar,bures_transport,44,36,3,3,10,8.0,0.03,0.05,20.0,0.0,0.003125,1e-06,0.3688144577755213,0.34168582721459845,0.3216960882939473,0.5241334117890263,0.0013496327575614742,0.340336194457037,112,0.10579826276957463,0.8765881166724748,0.8767744324626028,0.8320040427657063
Baseline,0,320,8,0.7,0.15,144,208,320,diag,bwar_barycenter,bures_transport,44,36,3,3,10,8.0,0.03,0.05,20.0,0.0,0.003125,1e-06,0.35980543872763215,0.3329697339499954,0.3125014805531559,0.5118464679253868,0.0013496327575614742,0.331620101192434,112,0.13398435493985703,0.8542271547272742,0.8543200245864281,0.8320040427657063
Baseline,1,320,8,0.7,0.15,144,208,320,diag,persistence,bures_transport,44,36,3,3,10,8.0,0.03,0.05,20.0,0.0,0.0,,0.3858975380212122,0.414178079070551,,,0.0016227077688292927,0.4125553713017217,112,0.09542921514265013,1.0,1.0,1.0
Baseline,1,320,8,0.7,0.15,144,208,320,diag,euclidean_gaussian_ar,bures_transport,44,36,3,3,10,8.0,0.03,0.05,20.0,0.0,0.0,1e-06,0.3296133585565546,0.3562038914042042,0.3487665871237814,0.5268022644656167,0.0014024513108556315,0.35480144009334863,112,0.23029742749466584,0.8600259390925625,0.8600092612389361,0.8642660975656967
Baseline,1,320,8,0.7,0.15,144,208,320,diag,cholesky_gaussian_ar,bures_transport,44,36,3,3,10,8.0,0.03,0.05,20.0,0.0,0.0,1e-06,0.3383584324845681,0.3673399064911429,0.35512219135442524,0.557663855321211,0.0014024513108556315,0.3659374551802873,112,0.19580287043063568,0.8869129610033522,0.8870020381158958,0.8642660975656967
Baseline,1,320,8,0.7,0.15,144,208,320,diag,log_euclidean_gaussian_ar,bures_transport,44,36,3,3,10,8.0,0.03,0.05,20.0,0.0,0.0,1e-06,0.3325017975297555,0.3656269503654443,0.3529766045634528,0.5501796140345759,0.0014024513108556315,0.3642244990545886,112,0.17847201038883714,0.8827771648029772,0.8828499745509641,0.8642660975656967
Baseline,1,320,8,0.7,0.15,144,208,320,diag,bwar_barycenter,bures_transport,44,36,3,3,10,8.0,0.03,0.05,20.0,0.0,0.0,1e-06,0.32453996223657117,0.35393960913576283,0.33404279545880455,0.5409850496072379,0.0014024513108556315,0.3525371578249072,112,0.19012518336217496,0.854559009810543,0.854520828834585,0.8642660975656967
Baseline,2,320,8,0.7,0.15,144,208,320,diag,persistence,bures_transport,44,36,3,3,10,8.0,0.03,0.05,20.0,0.0,0.0,,0.3732722017373421,0.3625938686125532,,,0.0016205732021846273,0.3609732954103686,112,0.1340320821652003,1.0,1.0,1.0
Baseline,2,320,8,0.7,0.15,144,208,320,diag,euclidean_gaussian_ar,bures_transport,44,36,3,3,10,8.0,0.03,0.05,20.0,0.0,0.0,1e-06,0.326433595387402,0.323731565502498,0.30501378520316175,0.49078139200060056,0.0013127030046286416,0.32241886249786933,112,0.1853971088050638,0.8928214002659233,0.893193115937651,0.8100238871400819
Baseline,2,320,8,0.7,0.15,144,208,320,diag,cholesky_gaussian_ar,bures_transport,44,36,3,3,10,8.0,0.03,0.05,20.0,0.0,0.0,1e-06,0.32830655704649014,0.32581268554846216,0.30582765430912157,0.49088285174250706,0.0013127030046286416,0.32449998254383344,112,0.2003561506093206,0.8985609348419697,0.8989584178932936,0.8100238871400819
Baseline,2,320,8,0.7,0.15,144,208,320,diag,log_euclidean_gaussian_ar,bures_transport,44,36,3,3,10,8.0,0.03,0.05,20.0,0.0,0.0,1e-06,0.3244377374777505,0.3221434241556632,0.3071633928938131,0.48920334858183956,0.0013127030046286416,0.32083072115103456,112,0.1807946854437916,0.888441454866097,0.8887935069720369,0.8100238871400819
Baseline,2,320,8,0.7,0.15,144,208,320,diag,bwar_barycenter,bures_transport,44,36,3,3,10,8.0,0.03,0.05,20.0,0.0,0.0,1e-06,0.31854795723850216,0.3156096563960759,0.2923097295286371,0.4805434926913299,0.0013127030046286416,0.3142969533914473,112,0.19024001017719694,0.8704219340601098,0.8706930883464445,0.8100238871400819
Baseline,3,320,8,0.7,0.15,144,208,320,diag,persistence,bures_transport,44,36,3,3,10,8.0,0.03,0.05,20.0,0.0,0.003125,,0.36281743925967913,0.3349844899201755,,,0.0017307523722792284,0.3332537375478962,112,0.10565462386469783,1.0,1.0,1.0
Baseline,3,320,8,0.7,0.15,144,208,320,diag,euclidean_gaussian_ar,bures_transport,44,36,3,3,10,8.0,0.03,0.05,20.0,0.0,0.003125,1e-06,0.3487278995973946,0.30739300091929206,0.28792871272049386,0.49365337342790155,0.0014545506610238402,0.30593845025826816,112,0.23155455711016001,0.9176335328018969,0.9180345658217794,0.8404152346232766
Baseline,3,320,8,0.7,0.15,144,208,320,diag,cholesky_gaussian_ar,bures_transport,44,36,3,3,10,8.0,0.03,0.05,20.0,0.0,0.003125,1e-06,0.3387394257601165,0.3253680941459573,0.3082109169835189,0.488835638898793,0.0014545506610238402,0.3239135434849335,112,0.19541533544691533,0.9712930118749387,0.9719727252522702,0.8404152346232766
Baseline,3,320,8,0.7,0.15,144,208,320,diag,log_euclidean_gaussian_ar,bures_transport,44,36,3,3,10,8.0,0.03,0.05,20.0,0.0,0.003125,1e-06,0.32368885092101735,0.29852089435004914,0.2767483249762408,0.4621099542974998,0.0014545506610238402,0.2970663436890253,112,0.1641373626781259,0.8911484063670668,0.891411888955424,0.8404152346232766
Baseline,3,320,8,0.7,0.15,144,208,320,diag,bwar_barycenter,bures_transport,44,36,3,3,10,8.0,0.03,0.05,20.0,0.0,0.003125,1e-06,0.3269574146289508,0.29366950553589855,0.27569203811749066,0.46609613626549296,0.00145455066102384,0.2922149548748747,112,0.18746962595122893,0.8766659781946262,0.8768542463319761,0.8404152346232765
Baseline,4,320,8,0.7,0.15,144,208,320,diag,persistence,bures_transport,44,36,3,3,10,8.0,0.03,0.05,20.0,0.0,0.00625,,0.35950657885764575,0.42007334162894777,,,0.0016222210209448906,0.4184511206080028,112,0.04999999999999889,1.0,1.0,1.0
Baseline,4,320,8,0.7,0.15,144,208,320,diag,euclidean_gaussian_ar,bures_transport,44,36,3,3,10,8.0,0.03,0.05,20.0,0.0,0.00625,1e-06,0.31611146953660485,0.36891000440269334,0.35972061700366287,0.5475788201598129,0.001350677120234376,0.367559327282459,112,0.1565932112885382,0.8782037988227133,0.8783805543366717,0.8326098002648559
Baseline,4,320,8,0.7,0.15,144,208,320,diag,cholesky_gaussian_ar,bures_transport,44,36,3,3,10,8.0,0.03,0.05,20.0,0.0,0.00625,1e-06,0.31400659119197716,0.37551601702235693,0.36077486178399565,0.5554793447569609,0.001350677120234376,0.37416533990212253,112,0.1521876942757786,0.8939296542032213,0.8941673745752341,0.8326098002648559
Baseline,4,320,8,0.7,0.15,144,208,320,diag,log_euclidean_gaussian_ar,bures_transport,44,36,3,3,10,8.0,0.03,0.05,20.0,0.0,0.00625,1e-06,0.3124629773901163,0.37095103689233827,0.3640068551574723,0.5600731009240179,0.001350677120234376,0.36960035977210387,112,0.13190329885039725,0.8830625515389182,0.8832581431137774,0.8326098002648559
Baseline,4,320,8,0.7,0.15,144,208,320,diag,bwar_barycenter,bures_transport,44,36,3,3,10,8.0,0.03,0.05,20.0,0.0,0.00625,1e-06,0.3074969017012584,0.3610059701777502,0.351738663732336,0.5341709864922775,0.0013506771202343763,0.3596552930575159,112,0.15187562287082293,0.8593879553933418,0.8594917670072014,0.8326098002648561
Baseline,5,320,8,0.7,0.15,144,208,320,diag,persistence,bures_transport,44,36,3,3,10,8.0,0.03,0.05,20.0,0.0,0.0125,,0.35126980053552403,0.35282300820178497,,,0.001661578880670515,0.3511614293211145,112,0.049999999999998955,1.0,1.0,1.0
Baseline,5,320,8,0.7,0.15,144,208,320,diag,euclidean_gaussian_ar,bures_transport,44,36,3,3,10,8.0,0.03,0.05,20.0,0.0,0.0125,1e-06,0.31737820560970703,0.31617608224509036,0.28181931020272977,0.5244697396966927,0.00138840358378668,0.31478767866130364,112,0.1671416005071254,0.8961322671572041,0.8964187190770618,0.8355929411105674
Baseline,5,320,8,0.7,0.15,144,208,320,diag,cholesky_gaussian_ar,bures_transport,44,36,3,3,10,8.0,0.03,0.05,20.0,0.0,0.0125,1e-06,0.3272152231914244,0.3217627762719335,0.2893614733758679,0.49942180766196215,0.00138840358378668,0.3203743726881469,112,0.12121098007809714,0.9119665350393259,0.9123279094390095,0.8355929411105674
Baseline,5,320,8,0.7,0.15,144,208,320,diag,log_euclidean_gaussian_ar,bures_transport,44,36,3,3,10,8.0,0.03,0.05,20.0,0.0,0.0125,1e-06,0.3163725126380913,0.30892741009168473,0.2788372247479469,0.48851871428346005,0.00138840358378668,0.30753900650789806,112,0.11244864523094467,0.8755874841217961,0.8757767249736117,0.8355929411105674
Baseline,5,320,8,0.7,0.15,144,208,320,diag,bwar_barycenter,bures_transport,44,36,3,3,10,8.0,0.03,0.05,20.0,0.0,0.0125,1e-06,0.3068072200450245,0.3044646071402027,0.2786192813944228,0.47586811397901263,0.0013884035837866805,0.303076203556416,112,0.13878127777473306,0.8629386407988298,0.8630680315384875,0.8355929411105677
Baseline,6,320,8,0.7,0.15,144,208,320,diag,persistence,bures_transport,44,36,3,3,10,8.0,0.03,0.05,20.0,0.0,0.0125,,0.3603577422291143,0.3468880986094402,,,0.0017120384285118848,0.34517606018092833,112,0.05000000000000017,1.0,1.0,1.0
Baseline,6,320,8,0.7,0.15,144,208,320,diag,euclidean_gaussian_ar,bures_transport,44,36,3,3,10,8.0,0.03,0.05,20.0,0.0,0.0125,0.0001,0.32786987071914786,0.3152246986185857,0.2934804401471941,0.48766444947845294,0.0014313729050028795,0.3137933257135828,112,0.23085618694832788,0.9087215729862668,0.9090819495103575,0.8360635375731831
Baseline,6,320,8,0.7,0.15,144,208,320,diag,cholesky_gaussian_ar,bures_transport,44,36,3,3,10,8.0,0.03,0.05,20.0,0.0,0.0125,1e-06,0.3510675103572899,0.32380149977652156,0.3077498037015753,0.5034392574374957,0.0014199228598897938,0.3223815769166317,112,0.1406819871602739,0.9334465525757004,0.9339627341121264,0.8293755772316398
Baseline,6,320,8,0.7,0.15,144,208,320,diag,log_euclidean_gaussian_ar,bures_transport,44,36,3,3,10,8.0,0.03,0.05,20.0,0.0,0.0125,0.0001,0.32522043765396424,0.313195226594864,0.29345506943713673,0.49617515683522656,0.0014313729050028795,0.3117638536898611,112,0.12294924402512035,0.9028710637532974,0.9032024223419381,0.8360635375731831
Baseline,6,320,8,0.7,0.15,144,208,320,diag,bwar_barycenter,bures_transport,44,36,3,3,10,8.0,0.03,0.05,20.0,0.0,0.0125,1e-06,0.3200632634625957,0.3076873300960705,0.2839220817070776,0.48334120458227653,0.0014199228598897942,0.30626740723618073,112,0.1532034576895341,0.8869930427982032,0.8872788196135237,0.82937557723164
Baseline,7,320,8,0.7,0.15,144,208,320,diag,persistence,bures_transport,44,36,3,3,10,8.0,0.03,0.05,20.0,0.0,0.003125,,0.39969770379937886,0.39679344485430945,,,0.0014522322520690034,0.39534121260224037,112,0.09721335590285071,1.0,1.0,1.0
Baseline,7,320,8,0.7,0.15,144,208,320,diag,euclidean_gaussian_ar,bures_transport,44,36,3,3,10,8.0,0.03,0.05,20.0,0.0,0.003125,1e-06,0.354632767305614,0.3580680144407734,0.3224763856702764,0.5903510414013196,0.0012525630037523976,0.3568154514370209,112,0.24480482355388328,0.9024040570333645,0.9025506070777881,0.8625087357534335
Baseline,7,320,8,0.7,0.15,144,208,320,diag,cholesky_gaussian_ar,bures_transport,44,36,3,3,10,8.0,0.03,0.05,20.0,0.0,0.003125,1e-06,0.3567371648754408,0.38818642447357143,0.3547795426508924,0.6071130489966459,0.0012525630037523976,0.386933861469819,112,0.17883018198836523,0.9783085620683621,0.9787339370032232,0.8625087357534335
Baseline,7,320,8,0.7,0.15,144,208,320,diag,log_euclidean_gaussian_ar,bures_transport,44,36,3,3,10,8.0,0.03,0.05,20.0,0.0,0.003125,1e-06,0.34752104737986766,0.36693838328410927,0.32590511412222667,0.5751530266409417,0.0012525630037523976,0.3656858202803569,112,0.17024668129237996,0.9247591865305081,0.9249878551070255,0.8625087357534335
Baseline,7,320,8,0.7,0.15,144,208,320,diag,bwar_barycenter,bures_transport,44,36,3,3,10,8.0,0.03,0.05,20.0,0.0,0.003125,1e-06,0.3445247673832375,0.35070438400291015,0.30562487474728983,0.5763798196572582,0.0012525630037523979,0.34945182099915784,112,0.19136366950623251,0.8838462140716014,0.8839245944002994,0.8625087357534337
Baseline,8,320,8,0.7,0.15,144,208,320,diag,persistence,bures_transport,44,36,3,3,10,8.0,0.03,0.05,20.0,0.0,0.00625,,0.3880933966263594,0.39124125800976295,,,0.0014434214293753747,0.38979783658038764,112,0.04999999999999987,1.0,1.0,1.0
Baseline,8,320,8,0.7,0.15,144,208,320,diag,euclidean_gaussian_ar,bures_transport,44,36,3,3,10,8.0,0.03,0.05,20.0,0.0,0.00625,0.0001,0.36367859881852216,0.35408004037437907,0.32858408144350826,0.5632500790410703,0.0013497647286444309,0.3527302756457346,112,0.22715334872447962,0.905017129777104,0.9049056781334686,0.9351147912696067
Baseline,8,320,8,0.7,0.15,144,208,320,diag,cholesky_gaussian_ar,bures_transport,44,36,3,3,10,8.0,0.03,0.05,20.0,0.0,0.00625,1e-06,0.3626781853994043,0.35450280379401594,0.3194284216301954,0.5538804302444823,0.0012906760084554372,0.3532121277855605,112,0.11668144235136617,0.9060976994025762,0.9061418372257125,0.8941782227896974
Baseline,8,320,8,0.7,0.15,144,208,320,diag,log_euclidean_gaussian_ar,bures_transport,44,36,3,3,10,8.0,0.03,0.05,20.0,0.0,0.00625,0.0001,0.3589775617237238,0.34945472705838476,0.32662354218471246,0.554322916505457,0.0013497647286444309,0.34810496232974036,112,0.10545297605979394,0.8931949785563376,0.8930397494855029,0.9351147912696067
Baseline,8,320,8,0.7,0.15,144,208,320,diag,bwar_barycenter,bures_transport,44,36,3,3,10,8.0,0.03,0.05,20.0,0.0,0.00625,1e-06,0.3519814832036779,0.34353350659671383,0.31513562065090395,0.5437851202778987,0.0012906760084554368,0.3422428305882584,112,0.14002041510163182,0.8780605305899036,0.8780008467740122,0.894178222789697
Baseline,9,320,8,0.7,0.15,144,208,320,diag,persistence,bures_transport,44,36,3,3,10,8.0,0.03,0.05,20.0,0.0,0.009375,,0.37391259328702553,0.3556175500611651,,,0.001600554463040087,0.354016995598125,112,0.049999999999999545,1.0,1.0,1.0
Baseline,9,320,8,0.7,0.15,144,208,320,diag,euclidean_gaussian_ar,bures_transport,44,36,3,3,10,8.0,0.03,0.05,20.0,0.0,0.009375,1e-06,0.32705978113559975,0.3148444326532995,0.2902093175905014,0.46054264719488536,0.0013463914395464185,0.3134980412137531,112,0.20193178046920388,0.8853455983799091,0.8855451718753965,0.8412031396851611
Baseline,9,320,8,0.7,0.15,144,208,320,diag,cholesky_gaussian_ar,bures_transport,44,36,3,3,10,8.0,0.03,0.05,20.0,0.0,0.009375,1e-06,0.3252509906240323,0.31621334020608566,0.2937394896103165,0.46520204941169235,0.0013463914395464185,0.31486694876653915,112,0.08962689145509911,0.8891949796957377,0.8894119567185175,0.8412031396851611
Baseline,9,320,8,0.7,0.15,144,208,320,diag,log_euclidean_gaussian_ar,bures_transport,44,36,3,3,10,8.0,0.03,0.05,20.0,0.0,0.009375,1e-06,0.3257393329156659,0.31131305127063597,0.2853670651199862,0.45432682952342573,0.0013463914395464185,0.30996665983108956,112,0.09415659810337351,0.8754153196800639,0.875569997161829,0.8412031396851611
Baseline,9,320,8,0.7,0.15,144,208,320,diag,bwar_barycenter,bures_transport,44,36,3,3,10,8.0,0.03,0.05,20.0,0.0,0.009375,1e-06,0.31894559314373067,0.30594474963790363,0.28050804985943584,0.4384921091588243,0.0013463914395464185,0.3045983581983572,112,0.1256605345773951,0.8603196034202534,0.8604060313085444,0.8412031396851611
Baseline,10,320,8,0.7,0.15,144,208,320,diag,persistence,bures_transport,44,36,3,3,10,8.0,0.03,0.05,20.0,0.0,0.0,,0.3592673010520185,0.38046551403415746,,,0.0014913203107116205,0.37897419372344576,112,0.09530630861472454,1.0,1.0,1.0
Baseline,10,320,8,0.7,0.15,144,208,320,diag,euclidean_gaussian_ar,bures_transport,44,36,3,3,10,8.0,0.03,0.05,20.0,0.0,0.0,1e-06,0.31461850244609113,0.340273972082617,0.3227424100035572,0.5176687916472328,0.0012602424320535491,0.3390137296505635,112,0.23586219158156174,0.894362194551141,0.8945562396207822,0.8450514775408599
Baseline,10,320,8,0.7,0.15,144,208,320,diag,cholesky_gaussian_ar,bures_transport,44,36,3,3,10,8.0,0.03,0.05,20.0,0.0,0.0,1e-06,0.3152643597757261,0.34487676239076326,0.32303359603003445,0.5248270558259978,0.0012602424320535491,0.3436165199587098,112,0.1784686637015366,0.9064599803907613,0.9067016320627413,0.8450514775408599
Baseline,10,320,8,0.7,0.15,144,208,320,diag,log_euclidean_gaussian_ar,bures_transport,44,36,3,3,10,8.0,0.03,0.05,20.0,0.0,0.0,1e-06,0.31091537304035066,0.3387181900621594,0.31982576506632177,0.5464236668075919,0.0012602424320535491,0.3374579476301059,112,0.1791452191689332,0.890273040703894,0.8904509943396407,0.8450514775408599
Baseline,10,320,8,0.7,0.15,144,208,320,diag,bwar_barycenter,bures_transport,44,36,3,3,10,8.0,0.03,0.05,20.0,0.0,0.0,1e-06,0.3082567791776912,0.3336036994433936,0.31532563134750025,0.5114139380799058,0.001260242432053549,0.33234345701134,112,0.19687902859278253,0.8768303226910686,0.8769553772145914,0.8450514775408597
Baseline,11,320,8,0.7,0.15,144,208,320,diag,persistence,bures_transport,44,36,3,3,10,8.0,0.03,0.05,20.0,0.0,0.003125,,0.3526019918359574,0.36134360224559087,,,0.0015963042587668803,0.35974729798682403,112,0.07597841897473086,1.0,1.0,1.0
Baseline,11,320,8,0.7,0.15,144,208,320,diag,euclidean_gaussian_ar,bures_transport,44,36,3,3,10,8.0,0.03,0.05,20.0,0.0,0.003125,1e-06,0.31666740344339417,0.3136890931627013,0.2922641491393734,0.5169379551767915,0.0013913675951088302,0.31229772556759255,112,0.234878082221989,0.8681185752653767,0.8681030470978844,0.8716180436576919
Baseline,11,320,8,0.7,0.15,144,208,320,diag,cholesky_gaussian_ar,bures_transport,44,36,3,3,10,8.0,0.03,0.05,20.0,0.0,0.003125,1e-06,0.3134664819314902,0.3117009740535706,0.2820546587853643,0.5133756195691838,0.0013913675951088302,0.3103096064584618,112,0.1476176202738956,0.8626165569737135,0.862576614737568,0.8716180436576919
Baseline,11,320,8,0.7,0.15,144,208,320,diag,log_euclidean_gaussian_ar,bures_transport,44,36,3,3,10,8.0,0.03,0.05,20.0,0.0,0.003125,1e-06,0.30860565672189966,0.30780906730716123,0.2891406135537235,0.5057265892748158,0.0013913675951088302,0.30641769971205235,112,0.14581885652730167,0.8518459034400052,0.8517581686555853,0.8716180436576919
Baseline,11,320,8,0.7,0.15,144,208,320,diag,bwar_barycenter,bures_transport,44,36,3,3,10,8.0,0.03,0.05,20.0,0.0,0.003125,1e-06,0.3063891890762903,0.3047465825966551,0.2849159886281734,0.50657119169607,0.0013913675951088308,0.30335521500154633,112,0.1739021504835554,0.8433706331115031,0.8432452910672227,0.8716180436576922
Baseline,12,320,8,0.7,0.15,144,208,320,diag,persistence,bures_transport,44,36,3,3,10,8.0,0.03,0.05,20.0,0.0,0.0,,0.37479129415934886,0.3515387737881186,,,0.0017433532367685755,0.34979542055135,112,0.07745501852277033,1.0,1.0,1.0
Baseline,12,320,8,0.7,0.15,144,208,320,diag,euclidean_gaussian_ar,bures_transport,44,36,3,3,10,8.0,0.03,0.05,20.0,0.0,0.0,0.0001,0.3290821824835236,0.31015952539797353,0.30177142465353424,0.4452794368134864,0.001434845798279178,0.30872467959969424,112,0.17603916549555157,0.8822910828747289,0.8825863961085604,0.8230379064995244
Baseline,12,320,8,0.7,0.15,144,208,320,diag,cholesky_gaussian_ar,bures_transport,44,36,3,3,10,8.0,0.03,0.05,20.0,0.0,0.0,1e-06,0.33434063153655813,0.3189684266133043,0.30925979000407877,0.4617773367216603,0.0014314700785640307,0.3175369565347404,112,0.18659959446826566,0.907349204118106,0.9077790556383969,0.8211015693052307
Baseline,12,320,8,0.7,0.15,144,208,320,diag,log_euclidean_gaussian_ar,bures_transport,44,36,3,3,10,8.0,0.03,0.05,20.0,0.0,0.0,0.0001,0.3237699704125008,0.3161037219874773,0.295658014161307,0.4713058018236024,0.001434845798279178,0.3146688761891982,112,0.15706406315399357,0.8992001609984597,0.899579747765751,0.8230379064995244
Baseline,12,320,8,0.7,0.15,144,208,320,diag,bwar_barycenter,bures_transport,44,36,3,3,10,8.0,0.03,0.05,20.0,0.0,0.0,1e-06,0.3215708304370521,0.30679773794869025,0.2952196839917933,0.4411471199009623,0.001431470078564031,0.3053662678701263,112,0.1798803056041711,0.8727280198502515,0.8729853220742737,0.8211015693052308
Baseline,13,320,8,0.7,0.15,144,208,320,diag,persistence,bures_transport,44,36,3,3,10,8.0,0.03,0.05,20.0,0.003125,0.021875,,0.3856737306446906,0.3684487380159725,,,0.001552717177275713,0.36689602083869666,112,0.04999999999999923,1.0,1.0,1.0
Baseline,13,320,8,0.7,0.15,144,208,320,diag,euclidean_gaussian_ar,bures_transport,44,36,3,3,10,8.0,0.03,0.05,20.0,0.003125,0.021875,1e-06,0.3404581885411593,0.3390835587452471,0.31450188598315665,0.5181536488364952,0.0013227830854128048,0.3377607756598343,112,0.19527426219128202,0.9203005025099247,0.9205899123346681,0.8519150201800857
Baseline,13,320,8,0.7,0.15,144,208,320,diag,cholesky_gaussian_ar,bures_transport,44,36,3,3,10,8.0,0.03,0.05,20.0,0.003125,0.021875,1e-06,0.3490848330080292,0.34396538707852586,0.32187366833172903,0.5366213505010563,0.0013227830854128048,0.342642603993113,112,0.09953851203034317,0.9335501837534174,0.9338956667064905,0.8519150201800857
Baseline,13,320,8,0.7,0.15,144,208,320,diag,log_euclidean_gaussian_ar,bures_transport,44,36,3,3,10,8.0,0.03,0.05,20.0,0.003125,0.021875,1e-06,0.3379493417793989,0.33647541338581577,0.31348243730117203,0.5129745645898786,0.0013227830854128048,0.335152630300403,112,0.10369983720299983,0.9132217827578211,0.9134812351855692,0.8519150201800857
Baseline,13,320,8,0.7,0.15,144,208,320,diag,bwar_barycenter,bures_transport,44,36,3,3,10,8.0,0.03,0.05,20.0,0.003125,0.021875,1e-06,0.33380810538210237,0.3289735481129273,0.3145969734367039,0.4949872723688688,0.0013227830854128048,0.32765076502751445,112,0.13698642954003556,0.8928611070413439,0.8930343923559855,0.8519150201800857
Baseline,14,320,8,0.7,0.15,144,208,320,diag,persistence,bures_transport,44,36,3,3,10,8.0,0.03,0.05,20.0,0.0,0.003125,,0.36195951676953897,0.37618915383778057,,,0.0015602621083826318,0.374628891729398,112,0.049999999999999975,1.0,1.0,1.0
Baseline,14,320,8,0.7,0.15,144,208,320,diag,euclidean_gaussian_ar,bures_transport,44,36,3,3,10,8.0,0.03,0.05,20.0,0.0,0.003125,1e-06,0.3232865966856614,0.3366099689786252,0.3205939683122182,0.5134005152649738,0.0013957583176668327,0.33521421066095847,112,0.22470712287529532,0.894789138773994,0.8947900657461583,0.8945665668402831
Baseline,14,320,8,0.7,0.15,144,208,320,diag,cholesky_gaussian_ar,bures_transport,44,36,3,3,10,8.0,0.03,0.05,20.0,0.0,0.003125,1e-06,0.3167283232430453,0.33161536620619597,0.3198842920849233,0.5264543592113208,0.0013957583176668327,0.3302196078885292,112,0.13126573197071073,0.8815122999245066,0.8814579312453389,0.8945665668402831
Baseline,14,320,8,0.7,0.15,144,208,320,diag,log_euclidean_gaussian_ar,bures_transport,44,36,3,3,10,8.0,0.03,0.05,20.0,0.0,0.003125,1e-06,0.32013341755625285,0.32843357295964826,0.3155224235454846,0.5193369780635371,0.0013957583176668327,0.3270378146419815,112,0.1229101555790441,0.8730543387789289,0.8729647442093375,0.8945665668402831
Baseline,14,320,8,0.7,0.15,144,208,320,diag,bwar_barycenter,bures_transport,44,36,3,3,10,8.0,0.03,0.05,20.0,0.0,0.003125,1e-06,0.31558779599441755,0.32504083553609836,0.31000230524606265,0.5029456934848902,0.0013957583176668325,0.3236450772184315,112,0.17204208012864236,0.8640356379765849,0.8639084821365215,0.894566566840283
Baseline,15,320,8,0.7,0.15,144,208,320,diag,persistence,bures_transport,44,36,3,3,10,8.0,0.03,0.05,20.0,0.0,0.003125,,0.4440012381616801,0.3703785761627895,,,0.0016693578946661207,0.3687092182681234,112,0.05000000000000028,1.0,1.0,1.0
Baseline,15,320,8,0.7,0.15,144,208,320,diag,euclidean_gaussian_ar,bures_transport,44,36,3,3,10,8.0,0.03,0.05,20.0,0.0,0.003125,1e-06,0.38133087060840576,0.3515432710139223,0.32598040274011386,0.5566468025679554,0.0014071890876063147,0.350136081926316,112,0.2217956246446551,0.9491458028053202,0.9496266016102122,0.8429523064541885
Baseline,15,320,8,0.7,0.15,144,208,320,diag,cholesky_gaussian_ar,bures_transport,44,36,3,3,10,8.0,0.03,0.05,20.0,0.0,0.003125,1e-06,0.4014321366802333,0.35774082163885706,0.33419132120807815,0.5664677953179454,0.0014071890876063147,0.35633363255125067,112,0.102171538868792,0.9658788187619742,0.9664353775178105,0.8429523064541885
Baseline,15,320,8,0.7,0.15,144,208,320,diag,log_euclidean_gaussian_ar,bures_transport,44,36,3,3,10,8.0,0.03,0.05,20.0,0.0,0.003125,1e-06,0.38042088799909096,0.33874479090377385,0.32359648391168916,0.5346506187842183,0.0014071890876063147,0.3373376018161676,112,0.0973522974581101,0.9145906720989393,0.9149150200276726,0.8429523064541885
Baseline,15,320,8,0.7,0.15,144,208,320,diag,bwar_barycenter,bures_transport,44,36,3,3,10,8.0,0.03,0.05,20.0,0.0,0.003125,1e-06,0.37422260186676665,0.33600342559214574,0.3217584018299462,0.550772256287699,0.0014071890876063147,0.33459623650453946,112,0.13356340013143336,0.9071891497430047,0.907479986739097,0.8429523064541885
Baseline,16,320,8,0.7,0.15,144,208,320,diag,persistence,bures_transport,44,36,3,3,10,8.0,0.03,0.05,20.0,0.0,0.0,,0.4184192949991743,0.42136825487470597,,,0.0015280091630467077,0.41984024571165923,112,0.05378316457233988,1.0,1.0,1.0
Baseline,16,320,8,0.7,0.15,144,208,320,diag,euclidean_gaussian_ar,bures_transport,44,36,3,3,10,8.0,0.03,0.05,20.0,0.0,0.0,1e-06,0.3567969730438691,0.3725641463298607,0.3471959028108116,0.5918243754888781,0.0013715804933421294,0.3711925658365186,112,0.2433686221457985,0.8841770636960841,0.8841281168919874,0.89762583007508
Baseline,16,320,8,0.7,0.15,144,208,320,diag,cholesky_gaussian_ar,bures_transport,44,36,3,3,10,8.0,0.03,0.05,20.0,0.0,0.0,1e-06,0.3598953391187085,0.37400495234006,0.361524954954832,0.5873712433757291,0.0013715804933421294,0.3726333718467179,112,0.13590486225182646,0.8875964148064986,0.8875599127355638,0.89762583007508
Baseline,16,320,8,0.7,0.15,144,208,320,diag,log_euclidean_gaussian_ar,bures_transport,44,36,3,3,10,8.0,0.03,0.05,20.0,0.0,0.0,1e-06,0.3557128276871201,0.3739274362703622,0.3499193134495652,0.5975134328222953,0.0013715804933421294,0.37255585577702,112,0.13688042512322393,0.8874124520404358,0.8873752804367556,0.89762583007508
Baseline,16,320,8,0.7,0.15,144,208,320,diag,bwar_barycenter,bures_transport,44,36,3,3,10,8.0,0.03,0.05,20.0,0.0,0.0,1e-06,0.3491662885111485,0.3638835070802517,0.34513611806181443,0.5769234245188556,0.0013715804933421298,0.3625119265869096,112,0.16831894454112165,0.8635759881542395,0.8634520637068178,0.8976258300750803
Baseline,17,320,8,0.7,0.15,144,208,320,diag,persistence,bures_transport,44,36,3,3,10,8.0,0.03,0.05,20.0,0.0,0.009375,,0.4006311946148355,0.35603524867016983,,,0.0015550818578313017,0.35448016681233857,112,0.06101295316950439,1.0,1.0,1.0
Baseline,17,320,8,0.7,0.15,144,208,320,diag,euclidean_gaussian_ar,bures_transport,44,36,3,3,10,8.0,0.03,0.05,20.0,0.0,0.009375,1e-06,0.3453359380684592,0.315349901454674,0.30438808536470174,0.476308377415127,0.0013246494844679946,0.3140252519702061,112,0.12918179322531417,0.885726631372989,0.8858753785693481,0.8518197790020743
Baseline,17,320,8,0.7,0.15,144,208,320,diag,cholesky_gaussian_ar,bures_transport,44,36,3,3,10,8.0,0.03,0.05,20.0,0.0,0.009375,1e-06,0.3503432852394087,0.3203588288970628,0.31782828786455275,0.49281644442082423,0.0013246494844679946,0.3190341794125949,112,0.1237422614069927,0.8997952592998522,0.9000057246686279,0.8518197790020743
Baseline,17,320,8,0.7,0.15,144,208,320,diag,log_euclidean_gaussian_ar,bures_transport,44,36,3,3,10,8.0,0.03,0.05,20.0,0.0,0.009375,1e-06,0.3474107354653435,0.31472586372115124,0.3009273721922596,0.4849436020420413,0.0013246494844679946,0.3134012142366833,112,0.0962994270670457,0.8839738899355791,0.8841149479671668,0.8518197790020743
Baseline,17,320,8,0.7,0.15,144,208,320,diag,bwar_barycenter,bures_transport,44,36,3,3,10,8.0,0.03,0.05,20.0,0.0,0.009375,1e-06,0.339717598610192,0.30835516984999595,0.29347955878726156,0.4776546283183866,0.0013246494844679946,0.30703052036552797,112,0.11830261520602922,0.8660804541172141,0.8661430147883834,0.8518197790020743
Baseline,18,320,8,0.7,0.15,144,208,320,diag,persistence,bures_transport,44,36,3,3,10,8.0,0.03,0.05,20.0,0.0,0.003125,,0.377733757327153,0.38374486527127033,,,0.0015161502335009366,0.3822287150377694,112,0.05738975333057291,1.0,1.0,1.0
Baseline,18,320,8,0.7,0.15,144,208,320,diag,euclidean_gaussian_ar,bures_transport,44,36,3,3,10,8.0,0.03,0.05,20.0,0.0,0.003125,1e-06,0.3274712785012008,0.33997651823007924,0.3282169354090131,0.5245349605654598,0.001279096401850591,0.33869742182822865,112,0.21223936720256842,0.8859441493497219,0.8861119233147116,0.8436475314831
Baseline,18,320,8,0.7,0.15,144,208,320,diag,cholesky_gaussian_ar,bures_transport,44,36,3,3,10,8.0,0.03,0.05,20.0,0.0,0.003125,1e-06,0.340464342567687,0.35330204475391197,0.32621344488049236,0.5541016731788619,0.001279096401850591,0.3520229483520613,112,0.14801878202455018,0.9206691130685534,0.920974627239287,0.8436475314831
Baseline,18,320,8,0.7,0.15,144,208,320,diag,log_euclidean_gaussian_ar,bures_transport,44,36,3,3,10,8.0,0.03,0.05,20.0,0.0,0.003125,1e-06,0.32933366378979234,0.34153193544457777,0.32415910568104245,0.514381568073835,0.001279096401850591,0.3402528390427272,112,0.12694129011212632,0.8899974080516957,0.8901812596918721,0.8436475314831
Baseline,18,320,8,0.7,0.15,144,208,320,diag,bwar_barycenter,bures_transport,44,36,3,3,10,8.0,0.03,0.05,20.0,0.0,0.003125,0.0001,0.3221265140730333,0.3334660129426653,0.32352125121394903,0.5219177426716315,0.0012939325540644428,0.3321720803886009,112,0.1555004754166784,0.8689784362507033,0.869040099082503,0.8534329418507743
Baseline,19,320,8,0.7,0.15,144,208,320,diag,persistence,bures_transport,44,36,3,3,10,8.0,0.03,0.05,20.0,0.0,0.00625,,0.38988756471043723,0.36268771191151083,,,0.0015024893411263187,0.36118522257038455,112,0.05605218558161876,1.0,1.0,1.0
Baseline,19,320,8,0.7,0.15,144,208,320,diag,euclidean_gaussian_ar,bures_transport,44,36,3,3,10,8.0,0.03,0.05,20.0,0.0,0.00625,0.0001,0.3454084621917009,0.32928053131497237,0.3155146515576718,0.5032960493786253,0.0014796182926775593,0.32780091302229486,112,0.22258319223253176,0.9078899573948367,0.9075701123359662,0.9847778963732186
Baseline,19,320,8,0.7,0.15,144,208,320,diag,cholesky_gaussian_ar,bures_transport,44,36,3,3,10,8.0,0.03,0.05,20.0,0.0,0.00625,1e-06,0.3594390655032788,0.3319939291325587,0.31157365097284906,0.5050345412114391,0.0013987831281955833,0.3305951460043631,112,0.13327394651931543,0.9153713187105692,0.9153064005544681,0.9309770724543087
Baseline,19,320,8,0.7,0.15,144,208,320,diag,log_euclidean_gaussian_ar,bures_transport,44,36,3,3,10,8.0,0.03,0.05,20.0,0.0,0.00625,1e-06,0.3448529835507963,0.3207380713421663,0.30434227737536557,0.4844408317347357,0.0013987831281955833,0.3193392882139707,112,0.13538613981301417,0.8843367470371329,0.8841427286016407,0.9309770724543087
Baseline,19,320,8,0.7,0.15,144,208,320,diag,bwar_barycenter,bures_transport,44,36,3,3,10,8.0,0.03,0.05,20.0,0.0,0.00625,1e-06,0.33954434432758535,0.3174819490697531,0.30084715942959384,0.4723586866554436,0.0013987831281955837,0.3160831659415576,112,0.1618156571714131,0.8753589896842517,0.8751276248018761,0.9309770724543089
Baseline,20,320,8,0.7,0.15,144,208,320,diag,persistence,bures_transport,44,36,3,3,10,8.0,0.03,0.05,20.0,0.0,0.0,,0.429870373883029,0.3911533654513824,,,0.0015454519577633337,0.38960791349361906,112,0.09416574154524965,1.0,1.0,1.0
Baseline,20,320,8,0.7,0.15,144,208,320,diag,euclidean_gaussian_ar,bures_transport,44,36,3,3,10,8.0,0.03,0.05,20.0,0.0,0.0,1e-06,0.3675579439088607,0.35674423177705844,0.3194217193045529,0.5859001467169378,0.0013336098084908768,0.35541062196856765,112,0.2102339994526107,0.9120316052129155,0.9122263939189431,0.8629254386017622
Baseline,20,320,8,0.7,0.15,144,208,320,diag,cholesky_gaussian_ar,bures_transport,44,36,3,3,10,8.0,0.03,0.05,20.0,0.0,0.0,1e-06,0.37797387806287863,0.3651645720263396,0.34172786357878887,0.5731935756412361,0.0013336098084908768,0.3638309622178487,112,0.16594129211698538,0.9335585585591158,0.9338387379131289,0.8629254386017622
Baseline,20,320,8,0.7,0.15,144,208,320,diag,log_euclidean_gaussian_ar,bures_transport,44,36,3,3,10,8.0,0.03,0.05,20.0,0.0,0.0,1e-06,0.37076775168003584,0.35382017068485494,0.3326750782309042,0.5496214663326437,0.0013336098084908768,0.35248656087636404,112,0.16116662729217646,0.9045561202740879,0.9047212560843865,0.8629254386017622
Baseline,20,320,8,0.7,0.15,144,208,320,diag,bwar_barycenter,bures_transport,44,36,3,3,10,8.0,0.03,0.05,20.0,0.0,0.0,1e-06,0.36392077676232154,0.3483901288038009,0.31865915279299784,0.5696750627050298,0.0013336098084908768,0.34705651899531,112,0.17428396236293134,0.8906739902436128,0.8907840600136938,0.8629254386017622
Baseline,21,320,8,0.7,0.15,144,208,320,diag,persistence,bures_transport,44,36,3,3,10,8.0,0.03,0.05,20.0,0.0,0.0,,0.35967545872517637,0.35591933998427244,,,0.00167762312385754,0.3542417168604149,112,0.06797330174828695,1.0,1.0,1.0
Baseline,21,320,8,0.7,0.15,144,208,320,diag,euclidean_gaussian_ar,bures_transport,44,36,3,3,10,8.0,0.03,0.05,20.0,0.0,0.0,1e-06,0.34888473762767847,0.31778595108900287,0.30655391168676793,0.4566172436925144,0.0015339888341633187,0.31625196225483965,112,0.23144345357396642,0.8928594638972003,0.8927575358930843,0.9143822664032268
Baseline,21,320,8,0.7,0.15,144,208,320,diag,cholesky_gaussian_ar,bures_transport,44,36,3,3,10,8.0,0.03,0.05,20.0,0.0,0.0,1e-06,0.3436215093484708,0.3191596079931181,0.3019527869761257,0.44947800862280857,0.0015339888341633187,0.3176256191589548,112,0.13384828377351876,0.8967189251565293,0.8966352748457115,0.9143822664032268
Baseline,21,320,8,0.7,0.15,144,208,320,diag,log_euclidean_gaussian_ar,bures_transport,44,36,3,3,10,8.0,0.03,0.05,20.0,0.0,0.0,1e-06,0.3350859873829757,0.31348336134888644,0.3044284654376812,0.4502140852434054,0.0015339888341633187,0.31194937251472304,112,0.12165971034479763,0.8807707986948358,0.8806116210125622,0.9143822664032268
Baseline,21,320,8,0.7,0.15,144,208,320,diag,bwar_barycenter,bures_transport,44,36,3,3,10,8.0,0.03,0.05,20.0,0.0,0.0,1e-06,0.3320125708347097,0.306732809043943,0.2951793147468512,0.4452815657914637,0.0015339888341633183,0.3051988202097796,112,0.14980287410976098,0.8618042758156864,0.861555276195886,0.9143822664032266
Baseline,22,320,8,0.7,0.15,144,208,320,diag,persistence,bures_transport,44,36,3,3,10,8.0,0.03,0.05,20.0,0.0,0.0125,,0.3887498784376229,0.34878594857622514,,,0.0016334395221663594,0.34715250905405876,112,0.04999999999999959,1.0,1.0,1.0
Baseline,22,320,8,0.7,0.15,144,208,320,diag,euclidean_gaussian_ar,bures_transport,44,36,3,3,10,8.0,0.03,0.05,20.0,0.0,0.0125,1e-06,0.3522343434992806,0.3195550369580138,0.29916128175891393,0.5189929742582927,0.0013577938885614223,0.31819724306945246,112,0.2222298510668056,0.9161924047183251,0.9165920878304891,0.8312483383288287
Baseline,22,320,8,0.7,0.15,144,208,320,diag,cholesky_gaussian_ar,bures_transport,44,36,3,3,10,8.0,0.03,0.05,20.0,0.0,0.0125,1e-06,0.35536182805869626,0.31914486972000283,0.289030059396822,0.49776481417147234,0.0013577938885614223,0.31778707583144145,112,0.1583966077213147,0.9150164191613229,0.9154105689668384,0.8312483383288287
Baseline,22,320,8,0.7,0.15,144,208,320,diag,log_euclidean_gaussian_ar,bures_transport,44,36,3,3,10,8.0,0.03,0.05,20.0,0.0,0.0125,1e-06,0.34822288013656544,0.312287717791702,0.2911151984130821,0.5126690047441073,0.0013577938885614223,0.31092992390314045,112,0.11172047722737363,0.8953563613055167,0.8956580056136719,0.8312483383288287
Baseline,22,320,8,0.7,0.15,144,208,320,diag,bwar_barycenter,bures_transport,44,36,3,3,10,8.0,0.03,0.05,20.0,0.0,0.0125,1e-06,0.340144398986153,0.3063436688981623,0.2848305659618635,0.4987753217543076,0.0013577938885614216,0.3049858750096009,112,0.1496396912130891,0.878314250183197,0.87853570708921,0.8312483383288284
Baseline,23,320,8,0.7,0.15,144,208,320,diag,persistence,bures_transport,44,36,3,3,10,8.0,0.03,0.05,20.0,0.0,0.0,,0.3496805838559855,0.3840533899261019,,,0.0015644396774155984,0.3824889502486863,112,0.10196946245250481,1.0,1.0,1.0
Baseline,23,320,8,0.7,0.15,144,208,320,diag,euclidean_gaussian_ar,bures_transport,44,36,3,3,10,8.0,0.03,0.05,20.0,0.0,0.0,1e-06,0.3271280965682393,0.3427694719819018,0.32289864016234704,0.5065677718325108,0.0013484074147787262,0.3414210645671231,112,0.2296752422686616,0.8925047427594799,0.8926298768765433,0.861910774985105
Baseline,23,320,8,0.7,0.15,144,208,320,diag,cholesky_gaussian_ar,bures_transport,44,36,3,3,10,8.0,0.03,0.05,20.0,0.0,0.0,1e-06,0.3188455639438724,0.34125921824903693,0.3351765205389141,0.5184334655406788,0.0013484074147787262,0.3399108108342581,112,0.20243497399019558,0.8885723370771463,0.8886813870394301,0.861910774985105
Baseline,23,320,8,0.7,0.15,144,208,320,diag,log_euclidean_gaussian_ar,bures_transport,44,36,3,3,10,8.0,0.03,0.05,20.0,0.0,0.0,1e-06,0.31408584752278423,0.3378735823637366,0.3240339290771803,0.520584321424473,0.0013484074147787262,0.3365251749489579,112,0.17446974384742123,0.879756802638167,0.8798297956847022,0.861910774985105
Baseline,23,320,8,0.7,0.15,144,208,320,diag,bwar_barycenter,bures_transport,44,36,3,3,10,8.0,0.03,0.05,20.0,0.0,0.0,1e-06,0.31232700694924764,0.3330367280514334,0.31845096373419673,0.5049133412361599,0.001348407414778727,0.33168832063665477,112,0.19612354918704944,0.8671625789203816,0.8671840596205406,0.8619107749851056
Baseline,24,320,8,0.7,0.15,144,208,320,diag,persistence,bures_transport,44,36,3,3,10,8.0,0.03,0.05,20.0,0.0,0.0125,,0.4134525415866518,0.4098567542829715,,,0.0015910883021248389,0.4082656659808467,112,0.05000000000000051,1.0,1.0,1.0
Baseline,24,320,8,0.7,0.15,144,208,320,diag,euclidean_gaussian_ar,bures_transport,44,36,3,3,10,8.0,0.03,0.05,20.0,0.0,0.0125,1e-06,0.3606978589316028,0.36327366993470533,0.3252685862487919,0.5671587162093048,0.0013354449539630202,0.3619382249807423,112,0.2139465836078263,0.8863430116461994,0.8865262380347266,0.8393279946685445
Baseline,24,320,8,0.7,0.15,144,208,320,diag,cholesky_gaussian_ar,bures_transport,44,36,3,3,10,8.0,0.03,0.05,20.0,0.0,0.0125,1e-06,0.35720154398387527,0.3652659840309167,0.32905905634130483,0.5698428156541565,0.0013354449539630202,0.36393053907695366,112,0.1041354281807924,0.8912040126554346,0.8914061832817141,0.8393279946685445
Baseline,24,320,8,0.7,0.15,144,208,320,diag,log_euclidean_gaussian_ar,bures_transport,44,36,3,3,10,8.0,0.03,0.05,20.0,0.0,0.0125,1e-06,0.3578109813875412,0.3675906169231641,0.33081531620895055,0.5846608079342445,0.0013354449539630202,0.36625517196920104,112,0.1095721329713265,0.8968758305965937,0.8971001053671348,0.8393279946685445
Baseline,24,320,8,0.7,0.15,144,208,320,diag,bwar_barycenter,bures_transport,44,36,3,3,10,8.0,0.03,0.05,20.0,0.0,0.0125,1e-06,0.3510701765249464,0.35668192675329635,0.31354669522847073,0.5845800524088469,0.0013354449539630209,0.3553464817993333,112,0.142938754508735,0.8702599701627403,0.8703805179052309,0.8393279946685449
Baseline,25,320,8,0.7,0.15,144,208,320,diag,persistence,bures_transport,44,36,3,3,10,8.0,0.03,0.05,20.0,0.0,0.003125,,0.380792692769454,0.39919703776252585,,,0.0016201666741611656,0.39757687108836476,112,0.09695203576167369,1.0,1.0,1.0
Baseline,25,320,8,0.7,0.15,144,208,320,diag,euclidean_gaussian_ar,bures_transport,44,36,3,3,10,8.0,0.03,0.05,20.0,0.0,0.003125,1e-06,0.33530815555568116,0.3616369716043403,0.35539135677899014,0.5119985317952839,0.0013716097338490195,0.36026536187049124,112,0.22315132626098935,0.9059109597388113,0.9061527167922685,0.8465855740176637
Baseline,25,320,8,0.7,0.15,144,208,320,diag,cholesky_gaussian_ar,bures_transport,44,36,3,3,10,8.0,0.03,0.05,20.0,0.0,0.003125,1e-06,0.33180086120476715,0.36186284990157247,0.35614231225805065,0.520914615696982,0.0013716097338490195,0.3604912401677235,112,0.1544315110672732,0.9064767913354038,0.9067208542108611,0.8465855740176637
Baseline,25,320,8,0.7,0.15,144,208,320,diag,log_euclidean_gaussian_ar,bures_transport,44,36,3,3,10,8.0,0.03,0.05,20.0,0.0,0.003125,1e-06,0.32895701342718275,0.36316541281755477,0.35680807289490424,0.5198569900993196,0.0013716097338490195,0.3617938030837058,112,0.16266835450110248,0.9097397487042337,0.9099971084668407,0.8465855740176637
Baseline,25,320,8,0.7,0.15,144,208,320,diag,bwar_barycenter,bures_transport,44,36,3,3,10,8.0,0.03,0.05,20.0,0.0,0.003125,1e-06,0.32493981864034926,0.3536067458677851,0.34631855800241207,0.5010301058139821,0.0013716097338490193,0.35223513613393614,112,0.18402864934227997,0.885795014536502,0.8859547970426301,0.8465855740176635
Baseline,26,320,8,0.7,0.15,144,208,320,diag,persistence,bures_transport,44,36,3,3,10,8.0,0.03,0.05,20.0,0.0,0.009375,,0.3535897149361128,0.364841759713676,,,0.0015790960759831123,0.3632626636376929,112,0.04999999999999964,1.0,1.0,1.0
Baseline,26,320,8,0.7,0.15,144,208,320,diag,euclidean_gaussian_ar,bures_transport,44,36,3,3,10,8.0,0.03,0.05,20.0,0.0,0.009375,1e-06,0.31075381149898285,0.33277036692966805,0.3113729521385759,0.48375463910624894,0.0013252447038394372,0.3314451222258286,112,0.2351212478662445,0.9120950605841359,0.9124117488617048,0.8392426046745557
Baseline,26,320,8,0.7,0.15,144,208,320,diag,cholesky_gaussian_ar,bures_transport,44,36,3,3,10,8.0,0.03,0.05,20.0,0.0,0.009375,1e-06,0.3258739179738643,0.3403942289920211,0.3169942541630312,0.49500403049518155,0.0013252447038394372,0.33906898428818166,112,0.1532615293560315,0.9329914132065336,0.9333989375422264,0.8392426046745557
Baseline,26,320,8,0.7,0.15,144,208,320,diag,log_euclidean_gaussian_ar,bures_transport,44,36,3,3,10,8.0,0.03,0.05,20.0,0.0,0.009375,1e-06,0.31109665506476925,0.3266652441943089,0.30219028159705597,0.4851355028237912,0.0013252447038394372,0.32533999949046943,112,0.12722426287260943,0.8953614423159026,0.8956053898645462,0.8392426046745557
Baseline,26,320,8,0.7,0.15,144,208,320,diag,bwar_barycenter,bures_transport,44,36,3,3,10,8.0,0.03,0.05,20.0,0.0,0.009375,1e-06,0.3036358145832606,0.3205100004503259,0.3023853413604002,0.48820405479862977,0.0013252447038394368,0.31918475574648647,112,0.1764654887178401,0.8784904466579122,0.8786610563006597,0.8392426046745554
Baseline,27,320,8,0.7,0.15,144,208,320,diag,persistence,bures_transport,44,36,3,3,10,8.0,0.03,0.05,20.0,0.0,0.0,,0.3456923078457099,0.36630545480351323,,,0.0016693735739312498,0.364636081229582,112,0.08891113530901221,1.0,1.0,1.0
Baseline,27,320,8,0.7,0.15,144,208,320,diag,euclidean_gaussian_ar,bures_transport,44,36,3,3,10,8.0,0.03,0.05,20.0,0.0,0.0,1e-06,0.31040893815190296,0.32234386485561056,0.29688134187054016,0.4963525980667102,0.0014093764624464507,0.32093448839316413,112,0.22266869544982304,0.8799865266230236,0.8801501138092187,0.8442546859822841
Baseline,27,320,8,0.7,0.15,144,208,320,diag,cholesky_gaussian_ar,bures_transport,44,36,3,3,10,8.0,0.03,0.05,20.0,0.0,0.0,1e-06,0.3236318489467289,0.326306731241984,0.31233626391936686,0.5004421991208422,0.0014093764624464507,0.3248973547795376,112,0.15836208542195437,0.8908050015717495,0.8910181178010627,0.8442546859822841
Baseline,27,320,8,0.7,0.15,144,208,320,diag,log_euclidean_gaussian_ar,bures_transport,44,36,3,3,10,8.0,0.03,0.05,20.0,0.0,0.0,1e-06,0.3115493333904893,0.31923392930228367,0.29341700403918214,0.5018988432426058,0.0014093764624464507,0.3178245528398373,112,0.14906096866237034,0.8714965205023256,0.8716212388201066,0.8442546859822841
Baseline,27,320,8,0.7,0.15,144,208,320,diag,bwar_barycenter,bures_transport,44,36,3,3,10,8.0,0.03,0.05,20.0,0.0,0.0,1e-06,0.3056331009300577,0.3159794736960913,0.2886323754792097,0.48480728178016946,0.00140937646244645,0.3145700972336448,112,0.1781243266005128,0.8626119801180224,0.8626960233142297,0.8442546859822837
Baseline,28,320,8,0.7,0.15,144,208,320,diag,persistence,bures_transport,44,36,3,3,10,8.0,0.03,0.05,20.0,0.0,0.003125,,0.3671196017232392,0.41375101439428097,,,0.0016713944962902982,0.4120796198979907,112,0.09423285475889465,1.0,1.0,1.0
Baseline,28,320,8,0.7,0.15,144,208,320,diag,euclidean_gaussian_ar,bures_transport,44,36,3,3,10,8.0,0.03,0.05,20.0,0.0,0.003125,1e-06,0.3253888882945597,0.36339679465440244,0.33562162964704445,0.5624676597344606,0.0014386196484050054,0.3619581750059974,112,0.22920341230289706,0.8782982567097858,0.8783695129004421,0.860730157720429
Baseline,28,320,8,0.7,0.15,144,208,320,diag,cholesky_gaussian_ar,bures_transport,44,36,3,3,10,8.0,0.03,0.05,20.0,0.0,0.003125,1e-06,0.33410133798474784,0.3664413547249486,0.34658412241952735,0.5651599042505083,0.0014386196484050054,0.3650027350765436,112,0.17517642238284983,0.8856566920117591,0.8857577940081074,0.860730157720429
Baseline,28,320,8,0.7,0.15,144,208,320,diag,log_euclidean_gaussian_ar,bures_transport,44,36,3,3,10,8.0,0.03,0.05,20.0,0.0,0.003125,1e-06,0.3347770891266624,0.36490982008862877,0.3495122025644841,0.5383516669547409,0.0014386196484050054,0.36347120044022374,112,0.16499315289837646,0.8819551067997882,0.8820411951704871,0.860730157720429
Baseline,28,320,8,0.7,0.15,144,208,320,diag,bwar_barycenter,bures_transport,44,36,3,3,10,8.0,0.03,0.05,20.0,0.0,0.003125,1e-06,0.32320163344256675,0.3569674235104209,0.33627560164230186,0.5488818071475912,0.0014386196484050054,0.35552880386201596,112,0.1877944388867213,0.8627590292026485,0.8627672583032042,0.860730157720429
Baseline,29,320,8,0.7,0.15,144,208,320,diag,persistence,bures_transport,44,36,3,3,10,8.0,0.03,0.05,20.0,0.0,0.0,,0.39078327298809346,0.40509009839375965,,,0.0015946892192644515,0.40349540917449517,112,0.05855173249195862,1.0,1.0,1.0
Baseline,29,320,8,0.7,0.15,144,208,320,diag,euclidean_gaussian_ar,bures_transport,44,36,3,3,10,8.0,0.03,0.05,20.0,0.0,0.0,1e-06,0.3533669138936483,0.36284289965432254,0.3340631023368902,0.574021328910153,0.0013806637473257049,0.36146223590699683,112,0.18572520412412755,0.8957091301244999,0.8958273816460679,0.8657886004663243
Baseline,29,320,8,0.7,0.15,144,208,320,diag,cholesky_gaussian_ar,bures_transport,44,36,3,3,10,8.0,0.03,0.05,20.0,0.0,0.0,1e-06,0.3546702772796816,0.36588950175987073,0.3595089722253036,0.5721311596193125,0.0013806637473257049,0.364508838012545,112,0.16395205993310233,0.9032299313428669,0.9033779064755355,0.8657886004663243
Baseline,29,320,8,0.7,0.15,144,208,320,diag,log_euclidean_gaussian_ar,bures_transport,44,36,3,3,10,8.0,0.03,0.05,20.0,0.0,0.0,1e-06,0.34544313820193007,0.36016195610280405,0.3443259821859572,0.5609814652195516,0.0013806637473257049,0.35878129235547823,112,0.13224268873366418,0.8890909887229974,0.8891830841136537,0.8657886004663243
Baseline,29,320,8,0.7,0.15,144,208,320,diag,bwar_barycenter,bures_transport,44,36,3,3,10,8.0,0.03,0.05,20.0,0.0,0.0,1e-06,0.3443695936314113,0.3548449000656645,0.3353678032623561,0.5713104526264213,0.001380663747325705,0.35346423631833884,112,0.16133005496784567,0.8759653752897822,0.8760055958046356,0.8657886004663244
Baseline,30,320,8,0.7,0.15,144,208,320,diag,persistence,bures_transport,44,36,3,3,10,8.0,0.03,0.05,20.0,0.0,0.003125,,0.36406025333158526,0.3880309597670873,,,0.001758065087402742,0.3862728946796845,112,0.09463758456450748,1.0,1.0,1.0
Baseline,30,320,8,0.7,0.15,144,208,320,diag,euclidean_gaussian_ar,bures_transport,44,36,3,3,10,8.0,0.03,0.05,20.0,0.0,0.003125,1e-06,0.324919512549422,0.33825637005632486,0.3068603262016579,0.5266890877200029,0.0015810647092010098,0.3366753053471238,112,0.2307020478589326,0.871725210430015,0.8715996125648698,0.8993209185086419
Baseline,30,320,8,0.7,0.15,144,208,320,diag,cholesky_gaussian_ar,bures_transport,44,36,3,3,10,8.0,0.03,0.05,20.0,0.0,0.003125,1e-06,0.3268916964967598,0.34113278568432825,0.3241579784128183,0.5350143278911468,0.0015810647092010098,0.33955172097512726,112,0.19674970363896643,0.879138061275035,0.8790462019259709,0.8993209185086419
Baseline,30,320,8,0.7,0.15,144,208,320,diag,log_euclidean_gaussian_ar,bures_transport,44,36,3,3,10,8.0,0.03,0.05,20.0,0.0,0.003125,1e-06,0.3259312212625529,0.3373905537465084,0.32094897264675815,0.5249731910026268,0.0015810647092010098,0.3358094890373074,112,0.17865849797221403,0.869493903138617,0.8693581498017775,0.8993209185086419
Baseline,30,320,8,0.7,0.15,144,208,320,diag,bwar_barycenter,bures_transport,44,36,3,3,10,8.0,0.03,0.05,20.0,0.0,0.003125,1e-06,0.31750749438274967,0.3330477480120598,0.3050066682120789,0.5167037107102249,0.00158106470920101,0.3314666833028587,112,0.1919906196918289,0.8583019978920476,0.8581153062208167,0.899320918508642
Baseline,31,320,8,0.7,0.15,144,208,320,diag,persistence,bures_transport,44,36,3,3,10,8.0,0.03,0.05,20.0,0.0,0.0,,0.4100974879333168,0.36404101954764456,,,0.0017353999215380838,0.3623056196261065,112,0.0798082789372007,1.0,1.0,1.0
Baseline,31,320,8,0.7,0.15,144,208,320,diag,euclidean_gaussian_ar,bures_transport,44,36,3,3,10,8.0,0.03,0.05,20.0,0.0,0.0,1e-06,0.3629137141484557,0.3247146050077686,0.3151773434830639,0.5154299977169344,0.0014402100040233916,0.3232743950037453,112,0.19623216334208046,0.8919725733414802,0.8922698889886366,0.829900927243868
Baseline,31,320,8,0.7,0.15,144,208,320,diag,cholesky_gaussian_ar,bures_transport,44,36,3,3,10,8.0,0.03,0.05,20.0,0.0,0.0,1e-06,0.37237546285803047,0.34065944975132495,0.32868131001719125,0.5206529503255711,0.0014402100040233916,0.3392192397473015,112,0.15924924205609087,0.9357721560461142,0.9362792663756367,0.829900927243868
Baseline,31,320,8,0.7,0.15,144,208,320,diag,log_euclidean_gaussian_ar,bures_transport,44,36,3,3,10,8.0,0.03,0.05,20.0,0.0,0.0,1e-06,0.3589443688186267,0.32895871162475976,0.33081846105616497,0.5115023209849464,0.0014402100040233916,0.32751850162073637,112,0.14981693176675484,0.9036308931161716,0.9039840506993243,0.829900927243868
Baseline,31,320,8,0.7,0.15,144,208,320,diag,bwar_barycenter,bures_transport,44,36,3,3,10,8.0,0.03,0.05,20.0,0.0,0.0,0.0001,0.35316146293644657,0.3199622204777161,0.3140640485079681,0.5148846222867427,0.0014542799955688096,0.3185079404821473,112,0.1670767935973352,0.878918043014217,0.8791139944526455,0.8380085636283089
Baseline,32,320,8,0.7,0.15,144,208,320,diag,persistence,bures_transport,44,36,3,3,10,8.0,0.03,0.05,20.0,0.0,0.0,,0.4028543032353658,0.407354176588746,,,0.001722267967475211,0.4056319086212708,112,0.10734675082191734,1.0,1.0,1.0
Baseline,32,320,8,0.7,0.15,144,208,320,diag,euclidean_gaussian_ar,bures_transport,44,36,3,3,10,8.0,0.03,0.05,20.0,0.0,0.0,1e-06,0.372119262438554,0.3600386728875366,0.3492155240302909,0.5756685397772481,0.0015193034920584774,0.3585193693954781,112,0.2077562434440834,0.8838467691740942,0.8838539616226776,0.882152789664739
Baseline,32,320,8,0.7,0.15,144,208,320,diag,cholesky_gaussian_ar,bures_transport,44,36,3,3,10,8.0,0.03,0.05,20.0,0.0,0.0,1e-06,0.39402162570841814,0.37621740502661055,0.37700382107891517,0.5673913099832744,0.0015193034920584774,0.37469810153455196,112,0.1881604680670576,0.9235633918795675,0.9237392166906647,0.882152789664739
Baseline,32,320,8,0.7,0.15,144,208,320,diag,log_euclidean_gaussian_ar,bures_transport,44,36,3,3,10,8.0,0.03,0.05,20.0,0.0,0.0,1e-06,0.37034205651604934,0.3640233112825876,0.3584633518660397,0.5564059124812631,0.0015193034920584774,0.3625040077905291,112,0.18455986236826702,0.8936285232938606,0.8936772479824578,0.882152789664739
Baseline,32,320,8,0.7,0.15,144,208,320,diag,bwar_barycenter,bures_transport,44,36,3,3,10,8.0,0.03,0.05,20.0,0.0,0.0,1e-06,0.3629557383878881,0.3547273167895911,0.3486707220479958,0.5598246053573821,0.001519303492058477,0.35320801329753254,112,0.2081315395060198,0.870808100607041,0.8707599323191183,0.8821527896647388
Baseline,33,320,8,0.7,0.15,144,208,320,diag,persistence,bures_transport,44,36,3,3,10,8.0,0.03,0.05,20.0,0.0,0.009375,,0.4016893096503398,0.3976636882600732,,,0.0017845746458593442,0.3958791136142139,112,0.05000000000000083,1.0,1.0,1.0
Baseline,33,320,8,0.7,0.15,144,208,320,diag,euclidean_gaussian_ar,bures_transport,44,36,3,3,10,8.0,0.03,0.05,20.0,0.0,0.009375,1e-06,0.3635909017539482,0.35049693953721345,0.3306281500697953,0.5331164899854732,0.0014461428635965975,0.3490507966736168,112,0.23618182108171795,0.881390355430158,0.8817105643359818,0.810357172198993
Baseline,33,320,8,0.7,0.15,144,208,320,diag,cholesky_gaussian_ar,bures_transport,44,36,3,3,10,8.0,0.03,0.05,20.0,0.0,0.009375,1e-06,0.3660397971410043,0.3599976462658234,0.3473787840944519,0.5179041431518046,0.0014461428635965975,0.35855150340222686,112,0.15630783020251537,0.9052816661258343,0.9057095741394354,0.810357172198993
Baseline,33,320,8,0.7,0.15,144,208,320,diag,log_euclidean_gaussian_ar,bures_transport,44,36,3,3,10,8.0,0.03,0.05,20.0,0.0,0.009375,1e-06,0.3607538321447209,0.3604991971833215,0.35022952539969643,0.5335767338186499,0.0014461428635965975,0.3590530543197249,112,0.12221199425804934,0.906542910067147,0.9069765036142418,0.810357172198993
Baseline,33,320,8,0.7,0.15,144,208,320,diag,bwar_barycenter,bures_transport,44,36,3,3,10,8.0,0.03,0.05,20.0,0.0,0.009375,1e-06,0.35224738368348263,0.34499727999097346,0.32869762118682755,0.5288257716811114,0.0014461428635965975,0.343551137127377,112,0.1575274123986802,0.8675604290159484,0.867818294304279,0.810357172198993
Baseline,34,320,8,0.7,0.15,144,208,320,diag,persistence,bures_transport,44,36,3,3,10,8.0,0.03,0.05,20.0,0.0,0.0,,0.3468770445754009,0.3647808224828268,,,0.0017516750011202335,0.3630291474817065,112,0.06165184752688263,1.0,1.0,1.0
Baseline,34,320,8,0.7,0.15,144,208,320,diag,euclidean_gaussian_ar,bures_transport,44,36,3,3,10,8.0,0.03,0.05,20.0,0.0,0.0,1e-06,0.31176160124746743,0.3242674845934399,0.2931831860168519,0.5035770265394641,0.001471445431336205,0.3227960391621037,112,0.2000224216994851,0.8889378624302703,0.8891738897587275,0.8400219392268453
Baseline,34,320,8,0.7,0.15,144,208,320,diag,cholesky_gaussian_ar,bures_transport,44,36,3,3,10,8.0,0.03,0.05,20.0,0.0,0.0,1e-06,0.3295296957319964,0.33272091128075587,0.3029937750434286,0.5048475241631171,0.001471445431336205,0.3312494658494196,112,0.15818411230990673,0.9121118512101051,0.9124596968239629,0.8400219392268453
Baseline,34,320,8,0.7,0.15,144,208,320,diag,log_euclidean_gaussian_ar,bures_transport,44,36,3,3,10,8.0,0.03,0.05,20.0,0.0,0.0,1e-06,0.3108298127117959,0.3125903498072144,0.29509896901175586,0.4737229492296317,0.001471445431336205,0.3111189043758782,112,0.14524341186244782,0.856926489938847,0.8570080571603576,0.8400219392268453
Baseline,34,320,8,0.7,0.15,144,208,320,diag,bwar_barycenter,bures_transport,44,36,3,3,10,8.0,0.03,0.05,20.0,0.0,0.0,1e-06,0.3046358145174204,0.31279166309092066,0.28404501035523805,0.48228603349584404,0.0014714454313362053,0.31132021765958445,112,0.16223774458028647,0.8574783645750629,0.8575625946819387,0.8400219392268454
Baseline,35,320,8,0.7,0.15,144,208,320,diag,persistence,bures_transport,44,36,3,3,10,8.0,0.03,0.05,20.0,0.0,0.00625,,0.3889051038637249,0.3923679205513742,,,0.0018409964555737015,0.39052692409580037,112,0.04999999999999972,1.0,1.0,1.0
Baseline,35,320,8,0.7,0.15,144,208,320,diag,euclidean_gaussian_ar,bures_transport,44,36,3,3,10,8.0,0.03,0.05,20.0,0.0,0.00625,1e-06,0.34555789957071487,0.34469345269528473,0.32750295871400725,0.5014364718436047,0.0015267980199505946,0.34316665467533414,112,0.21996585548142347,0.8784955003734887,0.8787272618139684,0.8293324060066185
Baseline,35,320,8,0.7,0.15,144,208,320,diag,cholesky_gaussian_ar,bures_transport,44,36,3,3,10,8.0,0.03,0.05,20.0,0.0,0.00625,1e-06,0.3468736547309227,0.34802367211019797,0.33761069538130517,0.5007318569240661,0.0015267980199505946,0.3464968740902473,112,0.1512958397090194,0.8869829919355753,0.887254764553053,0.8293324060066185
Baseline,35,320,8,0.7,0.15,144,208,320,diag,log_euclidean_gaussian_ar,bures_transport,44,36,3,3,10,8.0,0.03,0.05,20.0,0.0,0.00625,1e-06,0.34414003999383996,0.34150492912021274,0.3285425780911157,0.4988206112687679,0.0015267980199505946,0.33997813110026215,112,0.12288339992773034,0.8703691388437507,0.8705625915227856,0.8293324060066185
Baseline,35,320,8,0.7,0.15,144,208,320,diag,bwar_barycenter,bures_transport,44,36,3,3,10,8.0,0.03,0.05,20.0,0.0,0.00625,1e-06,0.3383073300728433,0.3373049568332011,0.32694964069196,0.4929086019508314,0.0015267980199505943,0.3357781588132504,112,0.17230701447488092,0.8596649704675245,0.8598079622568622,0.8293324060066184
Baseline,36,320,8,0.7,0.15,144,208,320,diag,persistence,bures_transport,44,36,3,3,10,8.0,0.03,0.05,20.0,0.0,0.0,,0.3454676704986016,0.36577920008675374,,,0.001597508968726039,0.3641816911180276,112,0.05537669607540057,1.0,1.0,1.0
Baseline,36,320,8,0.7,0.15,144,208,320,diag,euclidean_gaussian_ar,bures_transport,44,36,3,3,10,8.0,0.03,0.05,20.0,0.0,0.0,1e-06,0.30546450331034264,0.32784095961496534,0.3218809425987567,0.5067808097105586,0.0013339005261679881,0.3265070590887973,112,0.23038656205167893,0.896281033851049,0.8965499009201416,0.834987816833185
Baseline,36,320,8,0.7,0.15,144,208,320,diag,cholesky_gaussian_ar,bures_transport,44,36,3,3,10,8.0,0.03,0.05,20.0,0.0,0.0,1e-06,0.3073171691762701,0.33108106365716533,0.331693809843359,0.4901589965760971,0.0013339005261679881,0.3297471631309973,112,0.14221753529812559,0.9051391210288642,0.9054468447292963,0.834987816833185
Baseline,36,320,8,0.7,0.15,144,208,320,diag,log_euclidean_gaussian_ar,bures_transport,44,36,3,3,10,8.0,0.03,0.05,20.0,0.0,0.0,1e-06,0.3035703451779872,0.3252185585689074,0.325687092234339,0.4850939486048228,0.0013339005261679881,0.3238846580427394,112,0.11010198779498537,0.8891116785530004,0.8893490967336182,0.834987816833185
Baseline,36,320,8,0.7,0.15,144,208,320,diag,bwar_barycenter,bures_transport,44,36,3,3,10,8.0,0.03,0.05,20.0,0.0,0.0,1e-06,0.29937461967995604,0.32165874892374646,0.3203137166311247,0.48675027159178824,0.001333900526167988,0.3203248483975785,112,0.15198455887950468,0.8793795515093723,0.8795742790204257,0.8349878168331849
Baseline,37,320,8,0.7,0.15,144,208,320,diag,persistence,bures_transport,44,36,3,3,10,8.0,0.03,0.05,20.0,0.0,0.0,,0.4360077814690372,0.4129146429730809,,,0.0018267558564957595,0.4110878871165851,112,0.08214236403223299,1.0,1.0,1.0
Baseline,37,320,8,0.7,0.15,144,208,320,diag,euclidean_gaussian_ar,bures_transport,44,36,3,3,10,8.0,0.03,0.05,20.0,0.0,0.0,1e-06,0.3927699534451596,0.3651903402499911,0.32520665787218095,0.5864865404898653,0.0015518101221227204,0.3636385301278683,112,0.22035535615518556,0.8844209002144758,0.8845761247758193,0.8494896111073849
Baseline,37,320,8,0.7,0.15,144,208,320,diag,cholesky_gaussian_ar,bures_transport,44,36,3,3,10,8.0,0.03,0.05,20.0,0.0,0.0,1e-06,0.39808011885336114,0.371090121485638,0.3241629703475607,0.5863324829261672,0.0015518101221227204,0.3695383113635153,112,0.15111684427058708,0.8987090378139737,0.8989277547326849,0.8494896111073849
Baseline,37,320,8,0.7,0.15,144,208,320,diag,log_euclidean_gaussian_ar,bures_transport,44,36,3,3,10,8.0,0.03,0.05,20.0,0.0,0.0,1e-06,0.39502026865328366,0.3696095786385782,0.3174708273005224,0.5787065832520162,0.0015518101221227204,0.3680577685164555,112,0.14856578953050498,0.8951234472512376,0.895326230840934,0.8494896111073849
Baseline,37,320,8,0.7,0.15,144,208,320,diag,bwar_barycenter,bures_transport,44,36,3,3,10,8.0,0.03,0.05,20.0,0.0,0.0,1e-06,0.3823891075583521,0.3583847931911463,0.3097769950361732,0.5651164716920238,0.00155181012212272,0.35683298306902367,112,0.17690088988220184,0.8679391716667952,0.8680211561860622,0.8494896111073845
Baseline,38,320,8,0.7,0.15,144,208,320,diag,persistence,bures_transport,44,36,3,3,10,8.0,0.03,0.05,20.0,0.0,0.0,,0.3519775309819505,0.40235478469545194,,,0.0016376173203853518,0.4007171673750666,112,0.0771811529597849,1.0,1.0,1.0
Baseline,38,320,8,0.7,0.15,144,208,320,diag,euclidean_gaussian_ar,bures_transport,44,36,3,3,10,8.0,0.03,0.05,20.0,0.0,0.0,1e-06,0.31798302072323803,0.3422251616872062,0.3237473128551773,0.5022503943559342,0.0013728811174403162,0.3408522805697659,112,0.19552530192621484,0.8505557152656735,0.8506056348984224,0.8383406186234401
Baseline,38,320,8,0.7,0.15,144,208,320,diag,cholesky_gaussian_ar,bures_transport,44,36,3,3,10,8.0,0.03,0.05,20.0,0.0,0.0,1e-06,0.32352655936793323,0.35550033874002385,0.3447914180809599,0.5070728713670142,0.0013728811174403162,0.3541274576225835,112,0.1274756392712477,0.883549425189779,0.8837341807497965,0.8383406186234401
Baseline,38,320,8,0.7,0.15,144,208,320,diag,log_euclidean_gaussian_ar,bures_transport,44,36,3,3,10,8.0,0.03,0.05,20.0,0.0,0.0,1e-06,0.3159177953214322,0.3446480207306689,0.33283610327708885,0.5082105996595248,0.0013728811174403162,0.3432751396132286,112,0.12926891462247994,0.8565774133680003,0.8566519419716477,0.8383406186234401
Baseline,38,320,8,0.7,0.15,144,208,320,diag,bwar_barycenter,bures_transport,44,36,3,3,10,8.0,0.03,0.05,20.0,0.0,0.0,1e-06,0.3095606268152737,0.33783411518199447,0.320246788267002,0.4949518671115009,0.001372881117440316,0.33646123406455414,112,0.14706213585633918,0.8396423455923506,0.8396476653809802,0.83834061862344
Baseline,39,320,8,0.7,0.15,144,208,320,diag,persistence,bures_transport,44,36,3,3,10,8.0,0.03,0.05,20.0,0.0,0.0,,0.36936137973780847,0.3759346215889082,,,0.001513270174743069,0.3744213514141651,112,0.09439242647214006,1.0,1.0,1.0
Baseline,39,320,8,0.7,0.15,144,208,320,diag,euclidean_gaussian_ar,bures_transport,44,36,3,3,10,8.0,0.03,0.05,20.0,0.0,0.0,0.0001,0.3349871506869038,0.33131424694679623,0.3067088632880543,0.5235322786052128,0.001288704185172105,0.3300255427616241,112,0.2355999478046653,0.8813081528550855,0.8814282132018889,0.8516021835895285
Baseline,39,320,8,0.7,0.15,144,208,320,diag,cholesky_gaussian_ar,bures_transport,44,36,3,3,10,8.0,0.03,0.05,20.0,0.0,0.0,1e-06,0.3381016123834856,0.33999982837463233,0.31586723124172805,0.5341848307160323,0.0012661943188990582,0.33873363405573326,112,0.1421554843241612,0.9044121207501572,0.9046856777167177,0.8367272018124849
Baseline,39,320,8,0.7,0.15,144,208,320,diag,log_euclidean_gaussian_ar,bures_transport,44,36,3,3,10,8.0,0.03,0.05,20.0,0.0,0.0,1e-06,0.3344378560442998,0.33600040990955593,0.3134447234532599,0.5387523239217361,0.0012661943188990582,0.3347342155906569,112,0.14093992310147463,0.8937735196865664,0.8940040794318688,0.8367272018124849
Baseline,39,320,8,0.7,0.15,144,208,320,diag,bwar_barycenter,bures_transport,44,36,3,3,10,8.0,0.03,0.05,20.0,0.0,0.0,1e-06,0.3263583986560977,0.3268775765013678,0.30451662723671713,0.5312192785684284,0.0012661943188990584,0.3256113821824687,112,0.15756988590350507,0.8695064453489328,0.869638926713596,0.836727201812485
Baseline,40,320,8,0.7,0.15,144,208,320,diag,persistence,bures_transport,44,36,3,3,10,8.0,0.03,0.05,20.0,0.0,0.0,,0.38724429659424875,0.3848874417332407,,,0.0016889249605637616,0.38319851677267686,112,0.10274340127833778,1.0,1.0,1.0
Baseline,40,320,8,0.7,0.15,144,208,320,diag,euclidean_gaussian_ar,bures_transport,44,36,3,3,10,8.0,0.03,0.05,20.0,0.0,0.0,0.0001,0.3456750868960706,0.33746890512801897,0.32303525882432427,0.5192162445194821,0.0015584275461902723,0.33591047758182874,112,0.22514637436086085,0.8767989509044913,0.876596497321777,0.9227334443977135
Baseline,40,320,8,0.7,0.15,144,208,320,diag,cholesky_gaussian_ar,bures_transport,44,36,3,3,10,8.0,0.03,0.05,20.0,0.0,0.0,1e-06,0.3561240529352277,0.33959561175319586,0.3235725585692356,0.5328533628213735,0.0015032878535873133,0.3380923238996085,112,0.15319054003062613,0.882324479655442,0.882290272799186,0.8900856394978716
Baseline,40,320,8,0.7,0.15,144,208,320,diag,log_euclidean_gaussian_ar,bures_transport,44,36,3,3,10,8.0,0.03,0.05,20.0,0.0,0.0,1e-06,0.3464683699594133,0.3316844677826719,0.314746766645083,0.5273957973288474,0.0015032878535873133,0.3301811799290845,112,0.1483343606733704,0.8617700444811007,0.8616452451588074,0.8900856394978716
Baseline,40,320,8,0.7,0.15,144,208,320,diag,bwar_barycenter,bures_transport,44,36,3,3,10,8.0,0.03,0.05,20.0,0.0,0.0,1e-06,0.33819644603522514,0.32770289197569596,0.3142208794733241,0.5171893708267354,0.0015032878535873129,0.3261996041221087,112,0.16444582734672325,0.8514252647474572,0.8512548714159524,0.8900856394978713
Baseline,41,320,8,0.7,0.15,144,208,320,diag,persistence,bures_transport,44,36,3,3,10,8.0,0.03,0.05,20.0,0.0,0.003125,,0.45007855074199327,0.4042032725135329,,,0.0019872690090608288,0.4022160035044721,112,0.050000000000000766,1.0,1.0,1.0
Baseline,41,320,8,0.7,0.15,144,208,320,diag,euclidean_gaussian_ar,bures_transport,44,36,3,3,10,8.0,0.03,0.05,20.0,0.0,0.003125,0.0001,0.3832145309488782,0.35701276242374286,0.33929117801454545,0.5428223094932996,0.0017058387627939876,0.35530692366094885,112,0.25205483981032256,0.8832505491696382,0.8833734127065839,0.8583834171500297
Baseline,41,320,8,0.7,0.15,144,208,320,diag,cholesky_gaussian_ar,bures_transport,44,36,3,3,10,8.0,0.03,0.05,20.0,0.0,0.003125,1e-06,0.3886446922370347,0.36259391959499915,0.34466573485604457,0.5594581180057991,0.0016805619572955479,0.3609133576377036,112,0.1401905474744636,0.8970583472523947,0.8973122762224719,0.8456640493225279
Baseline,41,320,8,0.7,0.15,144,208,320,diag,log_euclidean_gaussian_ar,bures_transport,44,36,3,3,10,8.0,0.03,0.05,20.0,0.0,0.003125,1e-06,0.3811310535963573,0.35068126725503274,0.3386609418861105,0.5354232535500335,0.0016805619572955479,0.34900070529773725,112,0.12354809637653716,0.8675864128321519,0.8676947268555335,0.8456640493225279
Baseline,41,320,8,0.7,0.15,144,208,320,diag,bwar_barycenter,bures_transport,44,36,3,3,10,8.0,0.03,0.05,20.0,0.0,0.003125,0.0001,0.3759424170953294,0.3460105577476976,0.3264288931305714,0.5389334416807192,0.0017058387627939878,0.34430471898490367,112,0.15604312415280905,0.8560310647561941,0.85601944225244,0.8583834171500299
Baseline,42,320,8,0.7,0.15,144,208,320,diag,persistence,bures_transport,44,36,3,3,10,8.0,0.03,0.05,20.0,0.0,0.0,,0.41234668391915147,0.4181743041152135,,,0.001701779794784582,0.416472524320429,112,0.13877316016201338,1.0,1.0,1.0
Baseline,42,320,8,0.7,0.15,144,208,320,diag,euclidean_gaussian_ar,bures_transport,44,36,3,3,10,8.0,0.03,0.05,20.0,0.0,0.0,1e-06,0.3771783471728348,0.3680837049042721,0.35377891768069597,0.5517007839873476,0.0014199673552132152,0.36666373754905895,112,0.26622272861880797,0.8802159799920641,0.8804031866144241,0.8344013482619591
Baseline,42,320,8,0.7,0.15,144,208,320,diag,cholesky_gaussian_ar,bures_transport,44,36,3,3,10,8.0,0.03,0.05,20.0,0.0,0.0,1e-06,0.3869953678075921,0.37905573292043165,0.3607109925016557,0.5655794086761831,0.0014199673552132152,0.37763576556521855,112,0.2061085989429154,0.9064539097457216,0.9067483291518892,0.8344013482619591
Baseline,42,320,8,0.7,0.15,144,208,320,diag,log_euclidean_gaussian_ar,bures_transport,44,36,3,3,10,8.0,0.03,0.05,20.0,0.0,0.0,1e-06,0.37092084608630066,0.3694987638682844,0.3427927460806901,0.5591189691019532,0.0014199673552132152,0.36807879651307124,112,0.1991098845348278,0.8835998774484282,0.883800911269421,0.8344013482619591
Baseline,42,320,8,0.7,0.15,144,208,320,diag,bwar_barycenter,bures_transport,44,36,3,3,10,8.0,0.03,0.05,20.0,0.0,0.0,1e-06,0.36428455139096994,0.3605294106130928,0.34228077201906404,0.541145306802904,0.0014199673552132152,0.3591094432578795,112,0.21752227651684372,0.8621510386103527,0.8622644287131531,0.8344013482619591
Baseline,43,320,8,0.7,0.15,144,208,320,diag,persistence,bures_transport,44,36,3,3,10,8.0,0.03,0.05,20.0,0.0,0.0,,0.3836388055023332,0.3709493694304114,,,0.0016324054707598235,0.36931696395965147,112,0.0963117745792282,1.0,1.0,1.0
Baseline,43,320,8,0.7,0.15,144,208,320,diag,euclidean_gaussian_ar,bures_transport,44,36,3,3,10,8.0,0.03,0.05,20.0,0.0,0.0,0.0001,0.3462460130700994,0.33425434156495887,0.298231115797537,0.554509475861356,0.0014226233499527417,0.3328317182150061,112,0.20318997329506608,0.901078069166697,0.9012088549806463,0.8714889624148123
Baseline,43,320,8,0.7,0.15,144,208,320,diag,cholesky_gaussian_ar,bures_transport,44,36,3,3,10,8.0,0.03,0.05,20.0,0.0,0.0,1e-06,0.34700895055856495,0.3349573690182823,0.3003557977507782,0.5745667044431427,0.001388824175168734,0.33356854484311355,112,0.16578522885400715,0.9029732805115847,0.9032039613527109,0.8507838279433654
Baseline,43,320,8,0.7,0.15,144,208,320,diag,log_euclidean_gaussian_ar,bures_transport,44,36,3,3,10,8.0,0.03,0.05,20.0,0.0,0.0,1e-06,0.3433570665847826,0.33334860070286126,0.28853815346152256,0.5830074855034286,0.001388824175168734,0.33195977652769254,112,0.1567795305639155,0.8986363859162622,0.89884789739569,0.8507838279433654
Baseline,43,320,8,0.7,0.15,144,208,320,diag,bwar_barycenter,bures_transport,44,36,3,3,10,8.0,0.03,0.05,20.0,0.0,0.0,1e-06,0.3347195187749922,0.3277444273418917,0.29202773071367416,0.557835732184042,0.0013888241751687336,0.3263556031667231,112,0.17941800938041244,0.883528735593053,0.8836734702562377,0.8507838279433652
Baseline,44,320,8,0.7,0.15,144,208,320,diag,persistence,bures_transport,44,36,3,3,10,8.0,0.03,0.05,20.0,0.0,0.003125,,0.39964536987466476,0.36030000593350314,,,0.0015187114763779877,0.3587812944571251,112,0.05754705711600258,1.0,1.0,1.0
Baseline,44,320,8,0.7,0.15,144,208,320,diag,euclidean_gaussian_ar,bures_transport,44,36,3,3,10,8.0,0.03,0.05,20.0,0.0,0.003125,1e-06,0.35379436872959474,0.32735135022593403,0.2919971622087086,0.5289323536928563,0.0013909353433717902,0.3259604148825622,112,0.23736470133400014,0.9085521644047653,0.9085212075389147,0.9158654326423252
Baseline,44,320,8,0.7,0.15,144,208,320,diag,cholesky_gaussian_ar,bures_transport,44,36,3,3,10,8.0,0.03,0.05,20.0,0.0,0.003125,1e-06,0.36866529219857674,0.33545910898905135,0.31257585075133604,0.5389373412093776,0.0013909353433717902,0.33406817364567953,112,0.13180444890090498,0.9310549638207988,0.9311192606937907,0.9158654326423252
Baseline,44,320,8,0.7,0.15,144,208,320,diag,log_euclidean_gaussian_ar,bures_transport,44,36,3,3,10,8.0,0.03,0.05,20.0,0.0,0.003125,1e-06,0.37276228326853267,0.3346061839323255,0.31235098285055163,0.5332420978573815,0.0013909353433717902,0.33321524858895374,112,0.11343276720773693,0.9286877003107247,0.928741976621564,0.9158654326423252
Baseline,44,320,8,0.7,0.15,144,208,320,diag,bwar_barycenter,bures_transport,44,36,3,3,10,8.0,0.03,0.05,20.0,0.0,0.003125,1e-06,0.35125977257978414,0.3201877261974508,0.29132715227850003,0.5197623224071551,0.0013909353433717898,0.31879679085407897,112,0.1441690287121758,0.888669777753333,0.8885546592847127,0.915865432642325
Baseline,45,320,8,0.7,0.15,144,208,320,diag,persistence,bures_transport,44,36,3,3,10,8.0,0.03,0.05,20.0,0.0,0.00625,,0.35135995221422966,0.3696974503843013,,,0.0017321514218306372,0.36796529896247065,112,0.04999999999999984,1.0,1.0,1.0
Baseline,45,320,8,0.7,0.15,144,208,320,diag,euclidean_gaussian_ar,bures_transport,44,36,3,3,10,8.0,0.03,0.05,20.0,0.0,0.00625,1e-06,0.30749489275015796,0.3350060207406503,0.30330986634705603,0.572790096916407,0.0014722317476520686,0.3335337889929982,112,0.19041278802028702,0.9061626483829164,0.906427290653339,0.8499440228476847
Baseline,45,320,8,0.7,0.15,144,208,320,diag,cholesky_gaussian_ar,bures_transport,44,36,3,3,10,8.0,0.03,0.05,20.0,0.0,0.00625,1e-06,0.3134497262355185,0.33853015451355717,0.3074901587965069,0.5623159433886794,0.0014722317476520686,0.33705792276590507,112,0.11914205622886473,0.9156951289808851,0.9160046442321783,0.8499440228476847
Baseline,45,320,8,0.7,0.15,144,208,320,diag,log_euclidean_gaussian_ar,bures_transport,44,36,3,3,10,8.0,0.03,0.05,20.0,0.0,0.00625,1e-06,0.30464315468210446,0.3316133754031036,0.3041041043059928,0.5470802678229302,0.0014722317476520686,0.3301411436554516,112,0.1026344769149599,0.8969858327624136,0.8972072763011363,0.8499440228476847
Baseline,45,320,8,0.7,0.15,144,208,320,diag,bwar_barycenter,bures_transport,44,36,3,3,10,8.0,0.03,0.05,20.0,0.0,0.00625,1e-06,0.3006830163837928,0.32716278288171885,0.2984744874737981,0.5628809473420039,0.001472231747652069,0.3256905511340667,112,0.13122447892310818,0.8849473604473941,0.8851121343572247,0.8499440228476849
Baseline,46,320,8,0.7,0.15,144,208,320,diag,persistence,bures_transport,44,36,3,3,10,8.0,0.03,0.05,20.0,0.0,0.0,,0.38734345628092237,0.4090547044074464,,,0.0017465745710496439,0.4073081298363967,112,0.11674144476891501,1.0,1.0,1.0
Baseline,46,320,8,0.7,0.15,144,208,320,diag,euclidean_gaussian_ar,bures_transport,44,36,3,3,10,8.0,0.03,0.05,20.0,0.0,0.0,1e-06,0.36600522094602606,0.3531012956292597,0.33014767891259766,0.501634394698738,0.0014344261878717936,0.35166686944138775,112,0.24955562226387717,0.8632128950594996,0.8633927085684286,0.8212796703033083
Baseline,46,320,8,0.7,0.15,144,208,320,diag,cholesky_gaussian_ar,bures_transport,44,36,3,3,10,8.0,0.03,0.05,20.0,0.0,0.0,1e-06,0.36995281293965354,0.3651552842143318,0.3358374441335553,0.5272777204823379,0.0014344261878717936,0.36372085802646,112,0.20254939233718974,0.8926808084099486,0.8929869830306496,0.8212796703033083
Baseline,46,320,8,0.7,0.15,144,208,320,diag,log_euclidean_gaussian_ar,bures_transport,44,36,3,3,10,8.0,0.03,0.05,20.0,0.0,0.0,1e-06,0.3629675885846976,0.3552167735213903,0.32624599368872814,0.5306823203231456,0.0014344261878717936,0.3537823473335185,112,0.18875530306956464,0.8683845209308977,0.8685865108452957,0.8212796703033083
Baseline,46,320,8,0.7,0.15,144,208,320,diag,bwar_barycenter,bures_transport,44,36,3,3,10,8.0,0.03,0.05,20.0,0.0,0.0,1e-06,0.352852878635932,0.3474771978832511,0.3115969298398594,0.5144687034573572,0.0014344261878717936,0.3460427716953792,112,0.20623564878693046,0.8494638837771197,0.8495847402662307,0.8212796703033083
Baseline,47,320,8,0.7,0.15,144,208,320,diag,persistence,bures_transport,44,36,3,3,10,8.0,0.03,0.05,20.0,0.0,0.0125,,0.3545276102530237,0.376764074964414,,,0.001435449026322436,0.3753286259380916,112,0.08041833989967358,1.0,1.0,1.0
Baseline,47,320,8,0.7,0.15,144,208,320,diag,euclidean_gaussian_ar,bures_transport,44,36,3,3,10,8.0,0.03,0.05,20.0,0.0,0.0125,1e-06,0.3282280483386136,0.32987765429996624,0.29153146835241506,0.5086598320033907,0.0012200951735178655,0.32865755912644834,112,0.22585643391405621,0.8755549592437223,0.8756527917501785,0.849974573213304
Baseline,47,320,8,0.7,0.15,144,208,320,diag,cholesky_gaussian_ar,bures_transport,44,36,3,3,10,8.0,0.03,0.05,20.0,0.0,0.0125,1e-06,0.32662075521713185,0.33687292887924913,0.3010270360716316,0.5338239814098589,0.0012200951735178655,0.33565283370573124,112,0.17753877731816073,0.8941216832073688,0.8942905243819461,0.849974573213304
Baseline,47,320,8,0.7,0.15,144,208,320,diag,log_euclidean_gaussian_ar,bures_transport,44,36,3,3,10,8.0,0.03,0.05,20.0,0.0,0.0125,1e-06,0.3125486844648107,0.32923791301298383,0.29482215833586345,0.4995161945604117,0.0012200951735178655,0.328017817839466,112,0.15567775082834717,0.8738569701585294,0.8739483086844827,0.849974573213304
Baseline,47,320,8,0.7,0.15,144,208,320,diag,bwar_barycenter,bures_transport,44,36,3,3,10,8.0,0.03,0.05,20.0,0.0,0.0125,1e-06,0.3093348892653649,0.3219845921798902,0.28859426369220786,0.504328679464108,0.0012200951735178655,0.32076449700637244,112,0.1731572589297259,0.8546053447646308,0.8546230552083731,0.849974573213304
Baseline,48,320,8,0.7,0.15,144,208,320,diag,persistence,bures_transport,44,36,3,3,10,8.0,0.03,0.05,20.0,0.0,0.003125,,0.40567155970925706,0.39685466340575853,,,0.0014498517759476775,0.39540481162981084,112,0.049999999999998664,1.0,1.0,1.0
Baseline,48,320,8,0.7,0.15,144,208,320,diag,euclidean_gaussian_ar,bures_transport,44,36,3,3,10,8.0,0.03,0.05,20.0,0.0,0.003125,1e-06,0.36978344326868895,0.3529779481409165,0.3279050644399774,0.5363997699732329,0.0012355440282280355,0.3517424041126884,112,0.199008570614949,0.8894388316158429,0.8895754269222187,0.852186443279995
Baseline,48,320,8,0.7,0.15,144,208,320,diag,cholesky_gaussian_ar,bures_transport,44,36,3,3,10,8.0,0.03,0.05,20.0,0.0,0.003125,1e-06,0.3761700236693142,0.35463440076425856,0.33185379878474514,0.5324429128191355,0.0012355440282280355,0.3533988567360305,112,0.17049930966031504,0.8936127843902077,0.8937646845504058,0.852186443279995
Baseline,48,320,8,0.7,0.15,144,208,320,diag,log_euclidean_gaussian_ar,bures_transport,44,36,3,3,10,8.0,0.03,0.05,20.0,0.0,0.003125,1e-06,0.37720438930108596,0.35386707164370507,0.33315427727829605,0.5195046514441182,0.0012355440282280355,0.3526315276154771,112,0.16108202308909303,0.8916792576074597,0.891824068002543,0.852186443279995
Baseline,48,320,8,0.7,0.15,144,208,320,diag,bwar_barycenter,bures_transport,44,36,3,3,10,8.0,0.03,0.05,20.0,0.0,0.003125,1e-06,0.3612948226305875,0.3455161097600477,0.3229090289149092,0.532816532587727,0.001235544028228035,0.3442805657318197,112,0.196200162494594,0.8706363856099621,0.870704036991196,0.8521864432799947
Baseline,49,320,8,0.7,0.15,144,208,320,diag,persistence,bures_transport,44,36,3,3,10,8.0,0.03,0.05,20.0,0.0,0.0,,0.368827514101561,0.38288556167970317,,,0.001819686011140665,0.38106587566856254,112,0.06798030132708209,1.0,1.0,1.0
Baseline,49,320,8,0.7,0.15,144,208,320,diag,euclidean_gaussian_ar,bures_transport,44,36,3,3,10,8.0,0.03,0.05,20.0,0.0,0.0,0.0001,0.34306771525064117,0.340933346613017,0.3198110359716736,0.49471131933746587,0.0015672558472008917,0.33936609076581614,112,0.1685721330196779,0.8904314519392073,0.890570666214638,0.8612781752487407
Baseline,49,320,8,0.7,0.15,144,208,320,diag,cholesky_gaussian_ar,bures_transport,44,36,3,3,10,8.0,0.03,0.05,20.0,0.0,0.0,1e-06,0.34225727158517427,0.3467478621294128,0.3321360873470615,0.4956585665477688,0.0015325455364496253,0.3452153165929631,112,0.15257354159588576,0.9056174920993213,0.9059203109890087,0.8422032851090356
Baseline,49,320,8,0.7,0.15,144,208,320,diag,log_euclidean_gaussian_ar,bures_transport,44,36,3,3,10,8.0,0.03,0.05,20.0,0.0,0.0,1e-06,0.3365134372585391,0.33518573650706784,0.32180784269175144,0.4858150857162871,0.0015325455364496253,0.33365319097061813,112,0.13067783453996837,0.8754201517461819,0.8755787706921775,0.8422032851090356
Baseline,49,320,8,0.7,0.15,144,208,320,diag,bwar_barycenter,bures_transport,44,36,3,3,10,8.0,0.03,0.05,20.0,0.0,0.0,1e-06,0.33287107447096226,0.3300743366515522,0.3146522232370479,0.4929938019769712,0.0015325455364496245,0.32854179111510257,112,0.15093153472036844,0.8620704714054239,0.8621653422487414,0.8422032851090352
Baseline,50,320,8,0.7,0.15,144,208,320,diag,persistence,bures_transport,44,36,3,3,10,8.0,0.03,0.05,20.0,0.0,0.003125,,0.38443310364292993,0.4025290129358203,,,0.001690992180236471,0.40083802075558383,112,0.049999999999999066,1.0,1.0,1.0
Baseline,50,320,8,0.7,0.15,144,208,320,diag,euclidean_gaussian_ar,bures_transport,44,36,3,3,10,8.0,0.03,0.05,20.0,0.0,0.003125,1e-06,0.35092562220700907,0.3521707280930833,0.3178491707862073,0.6082454627956256,0.0014076268324875938,0.3507631012605958,112,0.15495888262296695,0.87489526661581,0.8750744268205988,0.8324265770943713
Baseline,50,320,8,0.7,0.15,144,208,320,diag,cholesky_gaussian_ar,bures_transport,44,36,3,3,10,8.0,0.03,0.05,20.0,0.0,0.003125,1e-06,0.3641950812934939,0.35524216897053046,0.3184718786543205,0.5962151254981752,0.0014076268324875938,0.3538345421380429,112,0.13680430619231845,0.882525625617875,0.8827369755769702,0.8324265770943713
Baseline,50,320,8,0.7,0.15,144,208,320,diag,log_euclidean_gaussian_ar,bures_transport,44,36,3,3,10,8.0,0.03,0.05,20.0,0.0,0.003125,1e-06,0.3494102956724826,0.3511691738341885,0.30706857244630226,0.5986738924160754,0.0014076268324875938,0.3497615470017008,112,0.1107773937954234,0.8724071124040427,0.872575775976532,0.8324265770943713
Baseline,50,320,8,0.7,0.15,144,208,320,diag,bwar_barycenter,bures_transport,44,36,3,3,10,8.0,0.03,0.05,20.0,0.0,0.003125,1e-06,0.3420585526472428,0.34469143928186047,0.31410589817461454,0.5909688167244626,0.0014076268324875942,0.34328381244937284,112,0.1482158909128856,0.8563145219468156,0.8564152966384758,0.8324265770943715
Baseline,51,320,8,0.7,0.15,144,208,320,diag,persistence,bures_transport,44,36,3,3,10,8.0,0.03,0.05,20.0,0.0,0.003125,,0.4092787369486756,0.41452737052932737,,,0.0017697983230577623,0.41275757220626963,112,0.04999999999999948,1.0,1.0,1.0
Baseline,51,320,8,0.7,0.15,144,208,320,diag,euclidean_gaussian_ar,bures_transport,44,36,3,3,10,8.0,0.03,0.05,20.0,0.0,0.003125,1e-06,0.353800193719654,0.3636734951713256,0.319822900122013,0.589930851925784,0.0014923777976751543,0.3621811173736505,112,0.2147784782511976,0.8773208261421571,0.87746692432006,0.8432473792249414
Baseline,51,320,8,0.7,0.15,144,208,320,diag,cholesky_gaussian_ar,bures_transport,44,36,3,3,10,8.0,0.03,0.05,20.0,0.0,0.003125,1e-06,0.36814298320495015,0.3784463644389438,0.34245835986637485,0.5850699223640106,0.0014923777976751543,0.37695398664126867,112,0.1384289374233383,0.9129586882422017,0.9132575924079992,0.8432473792249414
Baseline,51,320,8,0.7,0.15,144,208,320,diag,log_euclidean_gaussian_ar,bures_transport,44,36,3,3,10,8.0,0.03,0.05,20.0,0.0,0.003125,1e-06,0.3610592295794544,0.362382756975121,0.32803941784903345,0.5934161209329457,0.0014923777976751543,0.3608903791774459,112,0.1079375889637523,0.8742070674666893,0.8743398146481396,0.8432473792249414
Baseline,51,320,8,0.7,0.15,144,208,320,diag,bwar_barycenter,bures_transport,44,36,3,3,10,8.0,0.03,0.05,20.0,0.0,0.003125,1e-06,0.349767024793852,0.35508073680911595,0.3184160494324115,0.5907939587647619,0.0014923777976751543,0.3535883590114408,112,0.1462859447967521,0.8565917766918466,0.8566489940364804,0.8432473792249414
Baseline,52,320,8,0.7,0.15,144,208,320,diag,persistence,bures_transport,44,36,3,3,10,8.0,0.03,0.05,20.0,0.0,0.0,,0.3752673856227543,0.36437139349320474,,,0.0016805246407015193,0.3626908688525032,112,0.07144641565889275,1.0,1.0,1.0
Baseline,52,320,8,0.7,0.15,144,208,320,diag,euclidean_gaussian_ar,bures_transport,44,36,3,3,10,8.0,0.03,0.05,20.0,0.0,0.0,1e-06,0.3373249980135697,0.33080408470870915,0.2951813779495557,0.5182962694165355,0.0014213619901800782,0.32938272271852903,112,0.22786265967613345,0.9078761138115482,0.9081638138854836,0.8457846768534998
Baseline,52,320,8,0.7,0.15,144,208,320,diag,cholesky_gaussian_ar,bures_transport,44,36,3,3,10,8.0,0.03,0.05,20.0,0.0,0.0,1e-06,0.3288748127097801,0.33307283447843294,0.301516461037746,0.5277788936872833,0.0014213619901800782,0.33165147248825283,112,0.1337206027021974,0.9141025899022572,0.9144191402930707,0.8457846768534998
Baseline,52,320,8,0.7,0.15,144,208,320,diag,log_euclidean_gaussian_ar,bures_transport,44,36,3,3,10,8.0,0.03,0.05,20.0,0.0,0.0,1e-06,0.32483125093980514,0.3234841634217224,0.2853998183401141,0.5185983126576797,0.0014213619901800782,0.3220628014315423,112,0.1266994700413903,0.8877869371700695,0.887981554237906,0.8457846768534998
Baseline,52,320,8,0.7,0.15,144,208,320,diag,bwar_barycenter,bures_transport,44,36,3,3,10,8.0,0.03,0.05,20.0,0.0,0.0,1e-06,0.3234608706791582,0.3194161019748277,0.2795171568046288,0.5035146283352565,0.0014213619901800782,0.3179947399846477,112,0.15495272774030125,0.8766223355588001,0.8767652215528144,0.8457846768534998
Baseline,53,320,8,0.7,0.15,144,208,320,diag,persistence,bures_transport,44,36,3,3,10,8.0,0.03,0.05,20.0,0.0,0.003125,,0.3913295461891996,0.3827152282902375,,,0.0016093534808914618,0.38110587480934605,112,0.06379847022908434,1.0,1.0,1.0
Baseline,53,320,8,0.7,0.15,144,208,320,diag,euclidean_gaussian_ar,bures_transport,44,36,3,3,10,8.0,0.03,0.05,20.0,0.0,0.003125,0.0001,0.350451698459555,0.3361853818978423,0.3074226305163893,0.5389083132597579,0.0013959936990173953,0.3347893881988249,112,0.24635734270751533,0.8784217534267839,0.8784681904111511,0.8674251589800638
Baseline,53,320,8,0.7,0.15,144,208,320,diag,cholesky_gaussian_ar,bures_transport,44,36,3,3,10,8.0,0.03,0.05,20.0,0.0,0.003125,1e-06,0.35375241977439165,0.34516626562261427,0.3211594328493958,0.5186645924572653,0.0013736458457198942,0.34379261977689435,112,0.16181079626561243,0.9018879838271096,0.9020921547034187,0.8535389285385563
Baseline,53,320,8,0.7,0.15,144,208,320,diag,log_euclidean_gaussian_ar,bures_transport,44,36,3,3,10,8.0,0.03,0.05,20.0,0.0,0.003125,1e-06,0.34446023894075484,0.33494846642921033,0.3068472318436021,0.5233053367275253,0.0013736458457198942,0.3335748205834904,112,0.1565036902214757,0.8751898060748119,0.8752812345135489,0.8535389285385563
Baseline,53,320,8,0.7,0.15,144,208,320,diag,bwar_barycenter,bures_transport,44,36,3,3,10,8.0,0.03,0.05,20.0,0.0,0.003125,1e-06,0.3397278785055858,0.32842546287630814,0.304026699048514,0.5183533257199341,0.0013736458457198942,0.3270518170305882,112,0.18949405996248103,0.8581457924826603,0.8581652465845635,0.8535389285385563
Baseline,54,320,8,0.7,0.15,144,208,320,diag,persistence,bures_transport,44,36,3,3,10,8.0,0.03,0.05,20.0,0.0,0.015625,,0.3557586060506297,0.34757154492209313,,,0.001526476365278233,0.3460450685568149,112,0.04999999999999963,1.0,1.0,1.0
Baseline,54,320,8,0.7,0.15,144,208,320,diag,euclidean_gaussian_ar,bures_transport,44,36,3,3,10,8.0,0.03,0.05,20.0,0.0,0.015625,1e-06,0.3198355177963034,0.30750702911327593,0.29208718353043484,0.4542038390916742,0.0013740260206901891,0.3061330030925858,112,0.24458455953658337,0.8847301616195379,0.8846622330707302,0.9001292466390356
Baseline,54,320,8,0.7,0.15,144,208,320,diag,cholesky_gaussian_ar,bures_transport,44,36,3,3,10,8.0,0.03,0.05,20.0,0.0,0.015625,1e-06,0.31616923802392777,0.31777301692066945,0.3061893456311682,0.4597154139136706,0.0013740260206901891,0.31639899089997925,112,0.12057153038863618,0.9142664914985981,0.9143288538094909,0.9001292466390356
Baseline,54,320,8,0.7,0.15,144,208,320,diag,log_euclidean_gaussian_ar,bures_transport,44,36,3,3,10,8.0,0.03,0.05,20.0,0.0,0.015625,1e-06,0.31572739845786146,0.3109915966731294,0.29939754474391655,0.4504395011283385,0.0013740260206901891,0.3096175706524392,112,0.11363099115963357,0.8947556300756353,0.8947319259416209,0.9001292466390356
Baseline,54,320,8,0.7,0.15,144,208,320,diag,bwar_barycenter,bures_transport,44,36,3,3,10,8.0,0.03,0.05,20.0,0.0,0.015625,1e-06,0.3111253727925294,0.3026877500739982,0.2946158042319235,0.44816550472090266,0.001374026020690189,0.301313724053308,112,0.15544473511237752,0.8708645874386653,0.8707354949745144,0.9001292466390355
Baseline,55,320,8,0.7,0.15,144,208,320,diag,persistence,bures_transport,44,36,3,3,10,8.0,0.03,0.05,20.0,0.0,0.009375,,0.3484226338788623,0.36897053360419335,,,0.001591733111972002,0.3673788004922213,112,0.049999999999999475,1.0,1.0,1.0
Baseline,55,320,8,0.7,0.15,144,208,320,diag,euclidean_gaussian_ar,bures_transport,44,36,3,3,10,8.0,0.03,0.05,20.0,0.0,0.009375,0.0001,0.3131166512053548,0.32664068003405944,0.30768192132017047,0.4718656907520936,0.0014540314187843509,0.3251866486152751,112,0.24205892858554348,0.8852757884033565,0.885153547726716,0.913489458658649
Baseline,55,320,8,0.7,0.15,144,208,320,diag,cholesky_gaussian_ar,bures_transport,44,36,3,3,10,8.0,0.03,0.05,20.0,0.0,0.009375,1e-06,0.32168593763490944,0.3342001687931101,0.31244665400425914,0.4794491238348419,0.0013934432613015508,0.33280672553180857,112,0.13679816733544897,0.9057638438727399,0.9058952914155841,0.8754251895754123
Baseline,55,320,8,0.7,0.15,144,208,320,diag,log_euclidean_gaussian_ar,bures_transport,44,36,3,3,10,8.0,0.03,0.05,20.0,0.0,0.009375,1e-06,0.3093087356864145,0.32134843058904083,0.3083350491374356,0.45765874384855704,0.0013934432613015508,0.3199549873277393,112,0.10633759983353458,0.8709325036068103,0.8709130382565824,0.8754251895754123
Baseline,55,320,8,0.7,0.15,144,208,320,diag,bwar_barycenter,bures_transport,44,36,3,3,10,8.0,0.03,0.05,20.0,0.0,0.009375,1e-06,0.3018704774157426,0.3167152177172338,0.3012459588560561,0.4552198954269447,0.0013934432613015514,0.31532177445593224,112,0.1465068855241866,0.8583753684162337,0.858301497074567,0.8754251895754126
Baseline,56,320,8,0.7,0.15,144,208,320,diag,persistence,bures_transport,44,36,3,3,10,8.0,0.03,0.05,20.0,0.0,0.003125,,0.44572787735500985,0.40881819953575504,,,0.001584455189532009,0.407233744346223,112,0.09333766515173174,1.0,1.0,1.0
Baseline,56,320,8,0.7,0.15,144,208,320,diag,euclidean_gaussian_ar,bures_transport,44,36,3,3,10,8.0,0.03,0.05,20.0,0.0,0.003125,1e-06,0.40880547467642875,0.3589552276711475,0.3352406926981395,0.5920614389344128,0.001310803688699708,0.3576444239824478,112,0.2223635263727963,0.878031428343379,0.8782288524655874,0.8272898453422796
Baseline,56,320,8,0.7,0.15,144,208,320,diag,cholesky_gaussian_ar,bures_transport,44,36,3,3,10,8.0,0.03,0.05,20.0,0.0,0.003125,1e-06,0.40648395612684607,0.36190523107925865,0.3328141542999944,0.6278146001567643,0.001310803688699708,0.36059442739055897,112,0.1636571002606695,0.8852473580927421,0.8854728577796537,0.8272898453422796
Baseline,56,320,8,0.7,0.15,144,208,320,diag,log_euclidean_gaussian_ar,bures_transport,44,36,3,3,10,8.0,0.03,0.05,20.0,0.0,0.003125,1e-06,0.40188592600942524,0.35465431681108883,0.3215676110693827,0.5919479970988575,0.001310803688699708,0.35334351312238915,112,0.16554320453552704,0.8675110775739105,0.8676675693701421,0.8272898453422796
Baseline,56,320,8,0.7,0.15,144,208,320,diag,bwar_barycenter,bures_transport,44,36,3,3,10,8.0,0.03,0.05,20.0,0.0,0.003125,1e-06,0.39503598804407536,0.34972745660912075,0.32277113774698996,0.5711102102520286,0.001310803688699708,0.348416652920421,112,0.18398925435312924,0.8554596077333728,0.8555692099626284,0.8272898453422796
Baseline,57,320,8,0.7,0.15,144,208,320,diag,persistence,bures_transport,44,36,3,3,10,8.0,0.03,0.05,20.0,0.0,0.0,,0.3691859310565617,0.3513497560406466,,,0.0016941692354472085,0.3496555868051994,112,0.0758718347391091,1.0,1.0,1.0
Baseline,57,320,8,0.7,0.15,144,208,320,diag,euclidean_gaussian_ar,bures_transport,44,36,3,3,10,8.0,0.03,0.05,20.0,0.0,0.0,1e-06,0.31742350886930615,0.3014483842411197,0.29189364081147157,0.45758636266319336,0.0014627057979462778,0.2999856784431735,112,0.18870514550435588,0.8579723738480297,0.8579461898039167,0.8633764368647436
Baseline,57,320,8,0.7,0.15,144,208,320,diag,cholesky_gaussian_ar,bures_transport,44,36,3,3,10,8.0,0.03,0.05,20.0,0.0,0.0,1e-06,0.32514379245809283,0.3135736248680444,0.2981727072047967,0.4676650935202039,0.0014627057979462778,0.3121109190700982,112,0.15279159174909818,0.8924828307886117,0.8926238585856826,0.8633764368647436
Baseline,57,320,8,0.7,0.15,144,208,320,diag,log_euclidean_gaussian_ar,bures_transport,44,36,3,3,10,8.0,0.03,0.05,20.0,0.0,0.0,1e-06,0.3152783876289904,0.30332315395458337,0.27987075139569795,0.4605803477372653,0.0014627057979462778,0.3018604481566371,112,0.13684041105833453,0.8633082811063424,0.8633079508745558,0.8633764368647436
Baseline,57,320,8,0.7,0.15,144,208,320,diag,bwar_barycenter,bures_transport,44,36,3,3,10,8.0,0.03,0.05,20.0,0.0,0.0,1e-06,0.31145494368700055,0.2968170385685252,0.2746978874588676,0.4478505681286321,0.001462705797946278,0.2953543327705789,112,0.15698847230932222,0.8447907916981372,0.8447007395741315,0.8633764368647437
Baseline,58,320,8,0.7,0.15,144,208,320,diag,persistence,bures_transport,44,36,3,3,10,8.0,0.03,0.05,20.0,0.0,0.00625,,0.3267796787628835,0.35933237199697726,,,0.001725280477131363,0.3576070915198458,112,0.05558395462930479,1.0,1.0,1.0
Baseline,58,320,8,0.7,0.15,144,208,320,diag,euclidean_gaussian_ar,bures_transport,44,36,3,3,10,8.0,0.03,0.05,20.0,0.0,0.00625,1e-06,0.305315964613801,0.31372685377775833,0.3038311214087127,0.45638460207788367,0.0014800692558733577,0.312246784521885,112,0.21331016045256004,0.8730826338696738,0.873156019347442,0.8578716768036929
Baseline,58,320,8,0.7,0.15,144,208,320,diag,cholesky_gaussian_ar,bures_transport,44,36,3,3,10,8.0,0.03,0.05,20.0,0.0,0.00625,1e-06,0.3166702987968415,0.3164661469998255,0.31377527242162995,0.46292725678716296,0.0014800692558733577,0.3149860777439522,112,0.14893065919415735,0.8807059192609779,0.8808160833870703,0.8578716768036929
Baseline,58,320,8,0.7,0.15,144,208,320,diag,log_euclidean_gaussian_ar,bures_transport,44,36,3,3,10,8.0,0.03,0.05,20.0,0.0,0.00625,0.0001,0.3009013039061344,0.3117501233965898,0.30328573835718936,0.4586611694120924,0.0015064860640046085,0.31024363733258525,112,0.13314993103210637,0.8675815141954766,0.8675544884024424,0.8731832788773303
Baseline,58,320,8,0.7,0.15,144,208,320,diag,bwar_barycenter,bures_transport,44,36,3,3,10,8.0,0.03,0.05,20.0,0.0,0.00625,1e-06,0.2953614839539612,0.3064003323481045,0.2965873220621816,0.4465057347516679,0.0014800692558733577,0.30492026309223114,112,0.1573243163095401,0.8526933731166363,0.852668390317168,0.8578716768036929
Baseline,59,320,8,0.7,0.15,144,208,320,diag,persistence,bures_transport,44,36,3,3,10,8.0,0.03,0.05,20.0,0.0,0.00625,,0.3631598078612507,0.3934906104477302,,,0.001663431589664288,0.391827178858066,112,0.04999999999999987,1.0,1.0,1.0
Baseline,59,320,8,0.7,0.15,144,208,320,diag,euclidean_gaussian_ar,bures_transport,44,36,3,3,10,8.0,0.03,0.05,20.0,0.0,0.00625,1e-06,0.3260632272594496,0.3486518925649495,0.32743279736735165,0.540963636975015,0.001501989042407099,0.34714990352254244,112,0.18618073799775037,0.886048823803543,0.8859770895277601,0.9029460855136391
Baseline,59,320,8,0.7,0.15,144,208,320,diag,cholesky_gaussian_ar,bures_transport,44,36,3,3,10,8.0,0.03,0.05,20.0,0.0,0.00625,1e-06,0.32559941443614526,0.3590197506504009,0.3343341490313436,0.5636911195442171,0.001501989042407099,0.3575177616079938,112,0.15639134454143064,0.9123972494334569,0.9124373726445855,0.9029460855136391
Baseline,59,320,8,0.7,0.15,144,208,320,diag,log_euclidean_gaussian_ar,bures_transport,44,36,3,3,10,8.0,0.03,0.05,20.0,0.0,0.00625,1e-06,0.3169654750639919,0.35231553704327584,0.3263979095511903,0.5585573518037006,0.001501989042407099,0.3508135480008687,112,0.12105038184997774,0.8953594512519533,0.895327243565067,0.9029460855136391
Baseline,59,320,8,0.7,0.15,144,208,320,diag,bwar_barycenter,bures_transport,44,36,3,3,10,8.0,0.03,0.05,20.0,0.0,0.00625,0.0001,0.3154194217725757,0.343605367471275,0.3223537973130093,0.5431133915057038,0.0015766687108209761,0.3420286987604541,112,0.15958331553445096,0.8732238034353763,0.8729070294645112,0.9478410297228861
Baseline,60,320,8,0.7,0.15,144,208,320,diag,persistence,bures_transport,44,36,3,3,10,8.0,0.03,0.05,20.0,0.0,0.00625,,0.43310089120897644,0.40701527752761046,,,0.0017464119942260082,0.4052688655333844,112,0.06917899879258456,1.0,1.0,1.0
Baseline,60,320,8,0.7,0.15,144,208,320,diag,euclidean_gaussian_ar,bures_transport,44,36,3,3,10,8.0,0.03,0.05,20.0,0.0,0.00625,1e-06,0.376271866051013,0.359795266265945,0.3343014053333828,0.5017976224637666,0.0014259690485807432,0.3583692972173643,112,0.26034753590195564,0.883984671168855,0.8842754223068816,0.8165135450828818
Baseline,60,320,8,0.7,0.15,144,208,320,diag,cholesky_gaussian_ar,bures_transport,44,36,3,3,10,8.0,0.03,0.05,20.0,0.0,0.00625,1e-06,0.4026636121762001,0.36194984852469264,0.33210213043781056,0.5165806527454622,0.0014259690485807432,0.3605238794761118,112,0.15736702781490894,0.8892782863663865,0.8895918491089054,0.8165135450828818
Baseline,60,320,8,0.7,0.15,144,208,320,diag,log_euclidean_gaussian_ar,bures_transport,44,36,3,3,10,8.0,0.03,0.05,20.0,0.0,0.00625,1e-06,0.3802002778388796,0.35095160616553295,0.3138961298714218,0.5044316225473885,0.0014259690485807432,0.3495256371169521,112,0.13991618548549606,0.8622565921784733,0.8624537112095516,0.8165135450828818
Baseline,60,320,8,0.7,0.15,144,208,320,diag,bwar_barycenter,bures_transport,44,36,3,3,10,8.0,0.03,0.05,20.0,0.0,0.00625,1e-06,0.3701123736498605,0.35038840460578263,0.3222264767392482,0.5011753222416905,0.0014259690485807434,0.3489624355572018,112,0.17823627485141513,0.8608728565035585,0.8610640126473167,0.8165135450828819
Baseline,61,320,8,0.7,0.15,144,208,320,diag,persistence,bures_transport,44,36,3,3,10,8.0,0.03,0.05,20.0,0.0,0.003125,,0.39715461011498804,0.4088327147991752,,,0.0016871903775702165,0.407145524421605,112,0.05000000000000015,1.0,1.0,1.0
Baseline,61,320,8,0.7,0.15,144,208,320,diag,euclidean_gaussian_ar,bures_transport,44,36,3,3,10,8.0,0.03,0.05,20.0,0.0,0.003125,1e-06,0.3409908915180787,0.36094316895877326,0.32967149812255636,0.5851588512791792,0.0014007827539448592,0.35954238620482837,112,0.21887086034057174,0.8828627355227039,0.8830807773598834,0.8302458172871853
Baseline,61,320,8,0.7,0.15,144,208,320,diag,cholesky_gaussian_ar,bures_transport,44,36,3,3,10,8.0,0.03,0.05,20.0,0.0,0.003125,1e-06,0.3445577936940112,0.35785495305600107,0.32487449558491965,0.5711275418329508,0.0014007827539448592,0.35645417030205623,112,0.12755582013006495,0.8753089958365607,0.8754957353600744,0.8302458172871853
Baseline,61,320,8,0.7,0.15,144,208,320,diag,log_euclidean_gaussian_ar,bures_transport,44,36,3,3,10,8.0,0.03,0.05,20.0,0.0,0.003125,1e-06,0.34423429871574196,0.3558929864824636,0.3276122308821106,0.5726873086625819,0.0014007827539448592,0.3544922037285187,112,0.10651353238145143,0.8705100487305268,0.8706769016609328,0.8302458172871853
Baseline,61,320,8,0.7,0.15,144,208,320,diag,bwar_barycenter,bures_transport,44,36,3,3,10,8.0,0.03,0.05,20.0,0.0,0.003125,1e-06,0.3362719976174875,0.3515608932039065,0.3099432484431869,0.5660635008149659,0.0014007827539448587,0.3501601104499617,112,0.13909434675430937,0.8599137996493224,0.860036742261634,0.830245817287185
Baseline,62,320,8,0.7,0.15,144,208,320,diag,persistence,bures_transport,44,36,3,3,10,8.0,0.03,0.05,20.0,0.0,0.0,,0.3770954984661923,0.36475348392339796,,,0.001659622432893252,0.36309386149050477,112,0.08129665689075438,1.0,1.0,1.0
Baseline,62,320,8,0.7,0.15,144,208,320,diag,euclidean_gaussian_ar,bures_transport,44,36,3,3,10,8.0,0.03,0.05,20.0,0.0,0.0,1e-06,0.3502734665934342,0.320866325687631,0.315930054396662,0.44165733413162944,0.0015135367606184992,0.3193527889270125,112,0.25492621687683087,0.8796799477726615,0.8795323270298908,0.9119765620303898
Baseline,62,320,8,0.7,0.15,144,208,320,diag,cholesky_gaussian_ar,bures_transport,44,36,3,3,10,8.0,0.03,0.05,20.0,0.0,0.0,1e-06,0.3478543340445818,0.3279600040261838,0.3241163384278447,0.4573246978562597,0.0015135367606184992,0.3264464672655652,112,0.17293984119469283,0.8991278177758512,0.899069088982938,0.9119765620303898
Baseline,62,320,8,0.7,0.15,144,208,320,diag,log_euclidean_gaussian_ar,bures_transport,44,36,3,3,10,8.0,0.03,0.05,20.0,0.0,0.0,0.0001,0.3396682301539274,0.3230517189638422,0.3183160195958085,0.46023009562561207,0.0015930579039372076,0.321458661059905,112,0.1527418830924076,0.8856713731394721,0.8853321280076542,0.9598917635500979
Baseline,62,320,8,0.7,0.15,144,208,320,diag,bwar_barycenter,bures_transport,44,36,3,3,10,8.0,0.03,0.05,20.0,0.0,0.0,1e-06,0.33563371552066434,0.316066714985646,0.31466970321504195,0.4468960017187061,0.0015135367606184987,0.3145531782250274,112,0.19620313592813357,0.8665214423339772,0.8663136769478358,0.9119765620303895
Baseline,63,320,8,0.7,0.15,144,208,320,diag,persistence,bures_transport,44,36,3,3,10,8.0,0.03,0.05,20.0,0.0,0.009375,,0.39203662928489863,0.40078791696059085,,,0.00155021195427642,0.39923770500631445,112,0.04999999999999976,1.0,1.0,1.0
Baseline,63,320,8,0.7,0.15,144,208,320,diag,euclidean_gaussian_ar,bures_transport,44,36,3,3,10,8.0,0.03,0.05,20.0,0.0,0.009375,1e-06,0.3382455104406828,0.3612949037897358,0.33566760605749424,0.5632623391068565,0.0012631996244127151,0.360031704165323,112,0.2102481218870667,0.9014615673287916,0.9017978503799601,0.8148560723764569
Baseline,63,320,8,0.7,0.15,144,208,320,diag,cholesky_gaussian_ar,bures_transport,44,36,3,3,10,8.0,0.03,0.05,20.0,0.0,0.009375,1e-06,0.34209825415410505,0.36780000109850486,0.33660560461123795,0.5942398406318798,0.0012631996244127151,0.3665368014740921,112,0.1241326768342389,0.917692339349318,0.918091645347713,0.8148560723764569
Baseline,63,320,8,0.7,0.15,144,208,320,diag,log_euclidean_gaussian_ar,bures_transport,44,36,3,3,10,8.0,0.03,0.05,20.0,0.0,0.009375,1e-06,0.3296930999799762,0.3553051714484721,0.32440220651492696,0.5795923380501147,0.0012631996244127151,0.3540419718240594,112,0.10596605750605766,0.8865166748113541,0.8867949278950488,0.8148560723764569
Baseline,63,320,8,0.7,0.15,144,208,320,diag,bwar_barycenter,bures_transport,44,36,3,3,10,8.0,0.03,0.05,20.0,0.0,0.009375,0.0001,0.33010912012268345,0.3495014052009657,0.32286409329522825,0.5486073735551057,0.0012507197560029867,0.3482506854449627,112,0.13502874750711874,0.8720357835421767,0.8722890675855746,0.8068056452233818
Baseline,64,320,8,0.7,0.15,144,208,320,diag,persistence,bures_transport,44,36,3,3,10,8.0,0.03,0.05,20.0,0.0,0.0,,0.4073689433969525,0.41194149321069545,,,0.001802832373426443,0.41013866083726896,112,0.05416191783071906,1.0,1.0,1.0
Baseline,64,320,8,0.7,0.15,144,208,320,diag,euclidean_gaussian_ar,bures_transport,44,36,3,3,10,8.0,0.03,0.05,20.0,0.0,0.0,1e-06,0.36686854567769844,0.3610104152120977,0.3514111238969826,0.5192810655444736,0.0015147528297969994,0.35949566238230063,112,0.24968236407220207,0.8763633213987791,0.876522251397651,0.8402072495059966
Baseline,64,320,8,0.7,0.15,144,208,320,diag,cholesky_gaussian_ar,bures_transport,44,36,3,3,10,8.0,0.03,0.05,20.0,0.0,0.0,1e-06,0.3606150452834855,0.36251572513224567,0.3329186738318256,0.5345986743050715,0.0015147528297969994,0.3610009723024487,112,0.14736748061678193,0.8800175051723425,0.8801924977408636,0.8402072495059966
Baseline,64,320,8,0.7,0.15,144,208,320,diag,log_euclidean_gaussian_ar,bures_transport,44,36,3,3,10,8.0,0.03,0.05,20.0,0.0,0.0,1e-06,0.3571581588569817,0.3593048173105151,0.3415727637179154,0.5270644495843264,0.0015147528297969994,0.35779006448071815,112,0.12565543996899253,0.8722229327035568,0.872363662938566,0.8402072495059966
Baseline,64,320,8,0.7,0.15,144,208,320,diag,bwar_barycenter,bures_transport,44,36,3,3,10,8.0,0.03,0.05,20.0,0.0,0.0,1e-06,0.3531278928517656,0.3527491409869702,0.3386021353605263,0.5129654396932235,0.0015147528297969983,0.35123438815717317,112,0.16345685242257768,0.8563088370574746,0.8563796142508319,0.840207249505996
Baseline,65,320,8,0.7,0.15,144,208,320,diag,persistence,bures_transport,44,36,3,3,10,8.0,0.03,0.05,20.0,0.0,0.003125,,0.3724788600198684,0.3728663422748286,,,0.001493791266904183,0.3713725510079244,112,0.08001207973473427,1.0,1.0,1.0
Baseline,65,320,8,0.7,0.15,144,208,320,diag,euclidean_gaussian_ar,bures_transport,44,36,3,3,10,8.0,0.03,0.05,20.0,0.0,0.003125,1e-06,0.3256875317025735,0.32201137937423746,0.3081325283133645,0.504722420055031,0.0012739056087792652,0.32073747376545814,112,0.1847070600861348,0.863610744294245,0.8636542277962116,0.8528002787292891
Baseline,65,320,8,0.7,0.15,144,208,320,diag,cholesky_gaussian_ar,bures_transport,44,36,3,3,10,8.0,0.03,0.05,20.0,0.0,0.003125,1e-06,0.3286649908010556,0.32571655672519356,0.3007694629514821,0.5236778771354127,0.0012739056087792652,0.32444265111641435,112,0.14944702797321213,0.8735477563837544,0.8736312100500162,0.8528002787292891
Baseline,65,320,8,0.7,0.15,144,208,320,diag,log_euclidean_gaussian_ar,bures_transport,44,36,3,3,10,8.0,0.03,0.05,20.0,0.0,0.003125,1e-06,0.3191109125555788,0.3215974526329449,0.30111357801074723,0.5128103141040242,0.0012739056087792652,0.32032354702416566,112,0.14357540775172462,0.8625006233357074,0.8625396415399871,0.8528002787292891
Baseline,65,320,8,0.7,0.15,144,208,320,diag,bwar_barycenter,bures_transport,44,36,3,3,10,8.0,0.03,0.05,20.0,0.0,0.003125,1e-06,0.31519029641250346,0.315483474456674,0.3042339097022526,0.4939801277871821,0.0012739056087792652,0.31420956884789486,112,0.1718586568568617,0.8461033852826024,0.846076448017264,0.8528002787292891
Baseline,66,320,8,0.7,0.15,144,208,320,diag,persistence,bures_transport,44,36,3,3,10,8.0,0.03,0.05,20.0,0.0,0.0,,0.3898540249048757,0.3602692173503184,,,0.0014744667757946213,0.3587947505745238,112,0.07468617177239158,1.0,1.0,1.0
Baseline,66,320,8,0.7,0.15,144,208,320,diag,euclidean_gaussian_ar,bures_transport,44,36,3,3,10,8.0,0.03,0.05,20.0,0.0,0.0,0.0001,0.34588262819718313,0.32694961285637925,0.30847163796989985,0.49927840488040093,0.0011934666016542462,0.32575614625472493,112,0.21859326259601305,0.9075147059773917,0.9079178157793684,0.809422512088183
Baseline,66,320,8,0.7,0.15,144,208,320,diag,cholesky_gaussian_ar,bures_transport,44,36,3,3,10,8.0,0.03,0.05,20.0,0.0,0.0,1e-06,0.3513540950002018,0.3209650938944982,0.30185888882724743,0.49415795060969114,0.001195854099222993,0.3197692397952752,112,0.12680919024634707,0.8909034645122019,0.8912316562135912,0.8110417398713661
Baseline,66,320,8,0.7,0.15,144,208,320,diag,log_euclidean_gaussian_ar,bures_transport,44,36,3,3,10,8.0,0.03,0.05,20.0,0.0,0.0,0.0001,0.3497900121378009,0.3196943424723887,0.3015741434478907,0.4919470933949511,0.0011934666016542462,0.3185008758707344,112,0.12210454086703516,0.8873762372029816,0.8876965879816568,0.809422512088183
Baseline,66,320,8,0.7,0.15,144,208,320,diag,bwar_barycenter,bures_transport,44,36,3,3,10,8.0,0.03,0.05,20.0,0.0,0.0,1e-06,0.3413714455216404,0.31689200590590166,0.29656261440806087,0.4890835480388182,0.0011958540992229928,0.31569615180667865,112,0.14281554420301165,0.8795977858906617,0.8798795169136865,0.8110417398713659
Baseline,67,320,8,0.7,0.15,144,208,320,diag,persistence,bures_transport,44,36,3,3,10,8.0,0.03,0.05,20.0,0.0,0.0,,0.46410189276575464,0.40649694071434883,,,0.00172008502993528,0.4047768556844135,112,0.1049036277997012,1.0,1.0,1.0
Baseline,67,320,8,0.7,0.15,144,208,320,diag,euclidean_gaussian_ar,bures_transport,44,36,3,3,10,8.0,0.03,0.05,20.0,0.0,0.0,0.0001,0.39999576837912326,0.3616182688761062,0.3441722743445613,0.5782726077008895,0.001397768110157739,0.3602205007659485,112,0.2488457876183518,0.8895965323641156,0.8899236596837354,0.8126157055214482
Baseline,67,320,8,0.7,0.15,144,208,320,diag,cholesky_gaussian_ar,bures_transport,44,36,3,3,10,8.0,0.03,0.05,20.0,0.0,0.0,1e-06,0.40410892799482967,0.37570649096291076,0.34360192652462374,0.5907275737703968,0.0014160391276805036,0.3742904518352302,112,0.1752198133330154,0.9242541661018921,0.9246834313250553,0.8232378650105359
Baseline,67,320,8,0.7,0.15,144,208,320,diag,log_euclidean_gaussian_ar,bures_transport,44,36,3,3,10,8.0,0.03,0.05,20.0,0.0,0.0,1e-06,0.3960659389097677,0.36601389726698047,0.3399054642649997,0.5647501717742667,0.0014160391276805036,0.3645978581392999,112,0.17996399101142918,0.9004099677202334,0.9007379078599311,0.8232378650105359
Baseline,67,320,8,0.7,0.15,144,208,320,diag,bwar_barycenter,bures_transport,44,36,3,3,10,8.0,0.03,0.05,20.0,0.0,0.0,1e-06,0.39078682389694885,0.3532751069615401,0.3301881928208254,0.5584576880531906,0.0014160391276805036,0.35185906783385956,112,0.1917317884054303,0.869071994344458,0.8692667648670812,0.8232378650105359
Baseline,68,320,8,0.7,0.15,144,208,320,diag,persistence,bures_transport,44,36,3,3,10,8.0,0.03,0.05,20.0,0.0,0.0,,0.391505433400214,0.3888217625499726,,,0.001643813832730415,0.3871779487172421,112,0.05779921027569931,1.0,1.0,1.0
Baseline,68,320,8,0.7,0.15,144,208,320,diag,euclidean_gaussian_ar,bures_transport,44,36,3,3,10,8.0,0.03,0.05,20.0,0.0,0.0,0.0001,0.33702562181554435,0.3423418967831043,0.327870597237658,0.5179324005473614,0.001511705974948157,0.3408301908081562,112,0.2114684736034978,0.8804597112516444,0.8802933946454324,0.9196333215162062
Baseline,68,320,8,0.7,0.15,144,208,320,diag,cholesky_gaussian_ar,bures_transport,44,36,3,3,10,8.0,0.03,0.05,20.0,0.0,0.0,1e-06,0.33553120439937817,0.346280764674795,0.32411494864889556,0.5484568152968203,0.0014474811407525485,0.34483328353404247,112,0.12461887002165134,0.8905899772785736,0.8906325493910705,0.8805626962928319
Baseline,68,320,8,0.7,0.15,144,208,320,diag,log_euclidean_gaussian_ar,bures_transport,44,36,3,3,10,8.0,0.03,0.05,20.0,0.0,0.0,1e-06,0.3342393126451447,0.349452688433108,0.31775728022775374,0.574070414770958,0.0014474811407525485,0.3480052072923554,112,0.11606813825550556,0.898747760776881,0.8988249678095828,0.8805626962928319
Baseline,68,320,8,0.7,0.15,144,208,320,diag,bwar_barycenter,bures_transport,44,36,3,3,10,8.0,0.03,0.05,20.0,0.0,0.0,0.0001,0.3309530216779423,0.337080573933857,0.32244190062635636,0.5272682720663945,0.0015117059749481568,0.3355688679589088,112,0.134160966313965,0.8669282596817979,0.8667044935556915,0.9196333215162061
Baseline,69,320,8,0.7,0.15,144,208,320,diag,persistence,bures_transport,44,36,3,3,10,8.0,0.03,0.05,20.0,0.0,0.0,,0.3548086630591615,0.3759514842248608,,,0.0016533028776365391,0.3742981813472243,112,0.06289825231926269,1.0,1.0,1.0
Baseline,69,320,8,0.7,0.15,144,208,320,diag,euclidean_gaussian_ar,bures_transport,44,36,3,3,10,8.0,0.03,0.05,20.0,0.0,0.0,1e-06,0.332462685041825,0.33554534610259523,0.3285192987041424,0.5169609482162607,0.0013955455225066224,0.3341498005800886,112,0.19629729573336446,0.8925229987971048,0.8927369066485221,0.8440955020302203
Baseline,69,320,8,0.7,0.15,144,208,320,diag,cholesky_gaussian_ar,bures_transport,44,36,3,3,10,8.0,0.03,0.05,20.0,0.0,0.0,1e-06,0.3300092534656257,0.3322793995041207,0.31994960762691527,0.508429619018788,0.0013955455225066224,0.3308838539816141,112,0.14316723449085111,0.8838358496953843,0.8840113857637578,0.8440955020302203
Baseline,69,320,8,0.7,0.15,144,208,320,diag,log_euclidean_gaussian_ar,bures_transport,44,36,3,3,10,8.0,0.03,0.05,20.0,0.0,0.0,1e-06,0.32382542947989074,0.3276089652696529,0.3143436850932645,0.4967419876845053,0.0013955455225066224,0.32621341974714635,112,0.12360115076711832,0.8714128790982676,0.8715335419824781,0.8440955020302203
Baseline,69,320,8,0.7,0.15,144,208,320,diag,bwar_barycenter,bures_transport,44,36,3,3,10,8.0,0.03,0.05,20.0,0.0,0.0,1e-06,0.31911738308284443,0.32413952584507955,0.3176177811795241,0.4976961419911684,0.0013955455225066224,0.32274398032257295,112,0.16375918840012335,0.8621844558304977,0.8622643560834559,0.8440955020302203
Baseline,70,320,8,0.7,0.15,144,208,320,diag,persistence,bures_transport,44,36,3,3,10,8.0,0.03,0.05,20.0,0.0,0.00625,,0.40172616055780547,0.406269793087697,,,0.0017050756768693018,0.4045647174108277,112,0.049999999999999906,1.0,1.0,1.0
Baseline,70,320,8,0.7,0.15,144,208,320,diag,euclidean_gaussian_ar,bures_transport,44,36,3,3,10,8.0,0.03,0.05,20.0,0.0,0.00625,1e-06,0.34954767305327167,0.372699642828275,0.34170216332931197,0.6152716267000602,0.001512567335088232,0.37118707549318675,112,0.22063777203393817,0.917369809839208,0.9174973978668866,0.8870968928871618
Baseline,70,320,8,0.7,0.15,144,208,320,diag,cholesky_gaussian_ar,bures_transport,44,36,3,3,10,8.0,0.03,0.05,20.0,0.0,0.00625,1e-06,0.36701348700971426,0.37800732401852094,0.35483523857999966,0.6003644079410506,0.001512567335088232,0.37649475668343274,112,0.1562803640378131,0.9304342347129033,0.9306168839758449,0.8870968928871618
Baseline,70,320,8,0.7,0.15,144,208,320,diag,log_euclidean_gaussian_ar,bures_transport,44,36,3,3,10,8.0,0.03,0.05,20.0,0.0,0.00625,1e-06,0.35808280366762757,0.36559536132236625,0.3456996198806206,0.5644720285387029,0.001512567335088232,0.364082793987278,112,0.12115770866867501,0.8998831996437628,0.8999370887243212,0.8870968928871618
Baseline,70,320,8,0.7,0.15,144,208,320,diag,bwar_barycenter,bures_transport,44,36,3,3,10,8.0,0.03,0.05,20.0,0.0,0.00625,1e-06,0.3430787316772702,0.3593983841715093,0.33372150854101645,0.5660402538053367,0.0015125673350882324,0.3578858168364211,112,0.1443082854797243,0.8846298452071477,0.8846194476049549,0.8870968928871621
Baseline,71,320,8,0.7,0.15,144,208,320,diag,persistence,bures_transport,44,36,3,3,10,8.0,0.03,0.05,20.0,0.0,0.003125,,0.37992787424730584,0.3976813454445044,,,0.0017559382739874196,0.39592540717051705,112,0.050000000000000065,1.0,1.0,1.0
Baseline,71,320,8,0.7,0.15,144,208,320,diag,euclidean_gaussian_ar,bures_transport,44,36,3,3,10,8.0,0.03,0.05,20.0,0.0,0.003125,1e-06,0.3562983079320724,0.36304514961961604,0.34686381233115593,0.5709035559786514,0.001501728239374444,0.3615434213802416,112,0.19721671881139602,0.9129046503647937,0.9131604459638332,0.8552283765444042
Baseline,71,320,8,0.7,0.15,144,208,320,diag,cholesky_gaussian_ar,bures_transport,44,36,3,3,10,8.0,0.03,0.05,20.0,0.0,0.003125,1e-06,0.35827496209669923,0.36068414172973823,0.33271402451488763,0.5521893735091448,0.001501728239374444,0.3591824134903638,112,0.14716887072662424,0.9069677163925984,0.9071971815531181,0.8552283765444042
Baseline,71,320,8,0.7,0.15,144,208,320,diag,log_euclidean_gaussian_ar,bures_transport,44,36,3,3,10,8.0,0.03,0.05,20.0,0.0,0.003125,1e-06,0.34699012229554804,0.35671655825722154,0.3254386572464213,0.571258930254701,0.001501728239374444,0.3552148300178471,112,0.11762565578385092,0.8969909258844041,0.8971761437498839,0.8552283765444042
Baseline,71,320,8,0.7,0.15,144,208,320,diag,bwar_barycenter,bures_transport,44,36,3,3,10,8.0,0.03,0.05,20.0,0.0,0.003125,1e-06,0.34480465261632354,0.35239814859062435,0.32464092785445764,0.5557010308397607,0.001501728239374444,0.35089642035124985,112,0.1444020097435177,0.8861319562192056,0.886269014304823,0.8552283765444042
Baseline,72,320,8,0.7,0.15,144,208,320,diag,persistence,bures_transport,44,36,3,3,10,8.0,0.03,0.05,20.0,0.0,0.0,,0.35641882403995184,0.346943725950212,,,0.001733139975975712,0.3452105859742363,112,0.09357447702574846,1.0,1.0,1.0
Baseline,72,320,8,0.7,0.15,144,208,320,diag,euclidean_gaussian_ar,bures_transport,44,36,3,3,10,8.0,0.03,0.05,20.0,0.0,0.0,1e-06,0.3101635172128625,0.3246623639833649,0.3139664496265314,0.4856861828916555,0.00148587713229241,0.3231764868510725,112,0.22697783474768657,0.9357781671773348,0.9361720062524146,0.8573324445164334
Baseline,72,320,8,0.7,0.15,144,208,320,diag,cholesky_gaussian_ar,bures_transport,44,36,3,3,10,8.0,0.03,0.05,20.0,0.0,0.0,1e-06,0.32282485668548455,0.32339051905545635,0.3239374500536266,0.4606845497339517,0.00148587713229241,0.321904641923164,112,0.1701389212258179,0.9321123135164127,0.9324877480645634,0.8573324445164334
Baseline,72,320,8,0.7,0.15,144,208,320,diag,log_euclidean_gaussian_ar,bures_transport,44,36,3,3,10,8.0,0.03,0.05,20.0,0.0,0.0,1e-06,0.3162874988791907,0.31545044768258673,0.31805371414494404,0.4454016923525972,0.00148587713229241,0.31396457055029436,112,0.1616909541582031,0.9092265519966639,0.9094870879009663,0.8573324445164334
Baseline,72,320,8,0.7,0.15,144,208,320,diag,bwar_barycenter,bures_transport,44,36,3,3,10,8.0,0.03,0.05,20.0,0.0,0.0,1e-06,0.3082110475062386,0.31251360211900675,0.3180382682237983,0.4562438918335593,0.0014858771322924097,0.31102772498671427,112,0.18359278216114988,0.9007616473337059,0.9009796849333201,0.8573324445164333
Baseline,73,320,8,0.7,0.15,144,208,320,diag,persistence,bures_transport,44,36,3,3,10,8.0,0.03,0.05,20.0,0.0,0.0,,0.3830554220736484,0.39359925896508624,,,0.0016866606092668403,0.3919125983558193,112,0.09844006918578117,1.0,1.0,1.0
Baseline,73,320,8,0.7,0.15,144,208,320,diag,euclidean_gaussian_ar,bures_transport,44,36,3,3,10,8.0,0.03,0.05,20.0,0.0,0.0,0.0001,0.3377152142428881,0.35048093600486546,0.31385319255779187,0.5338112240596455,0.0015077064957070012,0.3489732295091586,112,0.22734167781563144,0.8904512089946655,0.8904363650803696,0.8939003421455208
Baseline,73,320,8,0.7,0.15,144,208,320,diag,cholesky_gaussian_ar,bures_transport,44,36,3,3,10,8.0,0.03,0.05,20.0,0.0,0.0,1e-06,0.35801562046988156,0.3575929720413957,0.3184069485534622,0.5424507919372077,0.0014655394834356633,0.35612743255796003,112,0.17226888347733793,0.9085204402610817,0.9086909531666298,0.868900047456913
Baseline,73,320,8,0.7,0.15,144,208,320,diag,log_euclidean_gaussian_ar,bures_transport,44,36,3,3,10,8.0,0.03,0.05,20.0,0.0,0.0,1e-06,0.3432691991269931,0.345617814215959,0.3229234163978669,0.5174618725807608,0.0014655394834356633,0.34415227473252336,112,0.167235003757415,0.8780956933829406,0.8781352683642639,0.868900047456913
Baseline,73,320,8,0.7,0.15,144,208,320,diag,bwar_barycenter,bures_transport,44,36,3,3,10,8.0,0.03,0.05,20.0,0.0,0.0,1e-06,0.33247593660715347,0.3422144592936947,0.30777686805116855,0.5167971825493402,0.0014655394834356638,0.34074891981025895,112,0.20042716626017743,0.8694489420368813,0.8694513042953811,0.8689000474569133
Baseline,74,320,8,0.7,0.15,144,208,320,diag,persistence,bures_transport,44,36,3,3,10,8.0,0.03,0.05,20.0,0.0,0.0,,0.38734492073613846,0.3875352780306784,,,0.0017246768650513358,0.3858106011656271,112,0.107140394174839,1.0,1.0,1.0
Baseline,74,320,8,0.7,0.15,144,208,320,diag,euclidean_gaussian_ar,bures_transport,44,36,3,3,10,8.0,0.03,0.05,20.0,0.0,0.0,1e-06,0.3439675999598869,0.33928018844941643,0.31885946545295785,0.5322793456750896,0.0014198130511946692,0.3378603753982218,112,0.24239422551021972,0.875482072686446,0.8757156345042462,0.8232342417096248
Baseline,74,320,8,0.7,0.15,144,208,320,diag,cholesky_gaussian_ar,bures_transport,44,36,3,3,10,8.0,0.03,0.05,20.0,0.0,0.0,1e-06,0.34606489426458203,0.33971564947677413,0.3208355640471761,0.5332015499803123,0.0014198130511946692,0.33829583642557953,112,0.17586775664235976,0.8766057407807949,0.8768443256963547,0.8232342417096248
Baseline,74,320,8,0.7,0.15,144,208,320,diag,log_euclidean_gaussian_ar,bures_transport,44,36,3,3,10,8.0,0.03,0.05,20.0,0.0,0.0,0.0001,0.34851229535908096,0.34000184401211087,0.31242644237414396,0.5179606049751995,0.0014317453125473746,0.3385700986995635,112,0.1795125719685048,0.8773442400905638,0.8775551985265864,0.8301527906821885
Baseline,74,320,8,0.7,0.15,144,208,320,diag,bwar_barycenter,bures_transport,44,36,3,3,10,8.0,0.03,0.05,20.0,0.0,0.0,1e-06,0.3394318431658704,0.3340618071380561,0.3120368731405926,0.5194005463948647,0.0014198130511946688,0.33264199408686146,112,0.19331078318384487,0.8620165081115811,0.8621898752441471,0.8232342417096244
Baseline,75,320,8,0.7,0.15,144,208,320,diag,persistence,bures_transport,44,36,3,3,10,8.0,0.03,0.05,20.0,0.0,0.00625,,0.38428997843556845,0.4122114730944434,,,0.001539256532541974,0.41067221656190134,112,0.08591726948525996,1.0,1.0,1.0
Baseline,75,320,8,0.7,0.15,144,208,320,diag,euclidean_gaussian_ar,bures_transport,44,36,3,3,10,8.0,0.03,0.05,20.0,0.0,0.00625,1e-06,0.345869786349452,0.3543968317218235,0.33239592023935316,0.5354390394405653,0.0013221748072415735,0.353074656914582,112,0.20481529688780806,0.8597451911306366,0.8597480975715397,0.858969755390997
Baseline,75,320,8,0.7,0.15,144,208,320,diag,cholesky_gaussian_ar,bures_transport,44,36,3,3,10,8.0,0.03,0.05,20.0,0.0,0.00625,1e-06,0.35876915195479425,0.36471275306038126,0.33397876782241603,0.5513445200345577,0.0013221748072415735,0.36339057825313964,112,0.17638822634615278,0.8847709898089626,0.8848676964207661,0.858969755390997
Baseline,75,320,8,0.7,0.15,144,208,320,diag,log_euclidean_gaussian_ar,bures_transport,44,36,3,3,10,8.0,0.03,0.05,20.0,0.0,0.00625,1e-06,0.34457473923623416,0.35459652659248214,0.32422811116165495,0.5488707591516959,0.0013221748072415735,0.3532743517852407,112,0.1603293162562534,0.8602296387593247,0.8602343609772565,0.858969755390997
Baseline,75,320,8,0.7,0.15,144,208,320,diag,bwar_barycenter,bures_transport,44,36,3,3,10,8.0,0.03,0.05,20.0,0.0,0.00625,1e-06,0.3371992897251998,0.34816585896288305,0.31249021875404426,0.5364651326673134,0.0013221748072415735,0.34684368415564154,112,0.18072960535759872,0.8446292296263025,0.8445754793430521,0.858969755390997
Baseline,76,320,8,0.7,0.15,144,208,320,diag,persistence,bures_transport,44,36,3,3,10,8.0,0.03,0.05,20.0,0.0,0.0,,0.38793904987812977,0.3795204401692233,,,0.0014320322275361047,0.37808840794168724,112,0.10304422460347142,1.0,1.0,1.0
Baseline,76,320,8,0.7,0.15,144,208,320,diag,euclidean_gaussian_ar,bures_transport,44,36,3,3,10,8.0,0.03,0.05,20.0,0.0,0.0,1e-06,0.3571302093572646,0.3331292146492423,0.31274805977065545,0.5209620895052749,0.001194965610714045,0.33193424903852825,112,0.26270139963088024,0.8777635652527812,0.8779276012337375,0.8344544122237062
Baseline,76,320,8,0.7,0.15,144,208,320,diag,cholesky_gaussian_ar,bures_transport,44,36,3,3,10,8.0,0.03,0.05,20.0,0.0,0.0,1e-06,0.36836029109445967,0.338614815954025,0.32258643324734204,0.5434232255959517,0.001194965610714045,0.33741985034331096,112,0.20165796691486812,0.8922175991444387,0.892436380634424,0.8344544122237062
Baseline,76,320,8,0.7,0.15,144,208,320,diag,log_euclidean_gaussian_ar,bures_transport,44,36,3,3,10,8.0,0.03,0.05,20.0,0.0,0.0,1e-06,0.35712035711329665,0.33008792932624714,0.3095983697048881,0.5215617319121069,0.001194965610714045,0.328892963715533,112,0.19267677258468338,0.8697500697961489,0.869883754188672,0.8344544122237062
Baseline,76,320,8,0.7,0.15,144,208,320,diag,bwar_barycenter,bures_transport,44,36,3,3,10,8.0,0.03,0.05,20.0,0.0,0.0,1e-06,0.34881678366769187,0.32484385750219263,0.2960407582369772,0.5081921292019372,0.001194965610714045,0.32364889189147866,112,0.214694092989134,0.8559324429465484,0.8560137922593892,0.8344544122237062
Baseline,77,320,8,0.7,0.15,144,208,320,diag,persistence,bures_transport,44,36,3,3,10,8.0,0.03,0.05,20.0,0.0,0.0,,0.3630880088640454,0.3746140085181011,,,0.001627474380928858,0.3729865341371723,112,0.05361401263980114,1.0,1.0,1.0
Baseline,77,320,8,0.7,0.15,144,208,320,diag,euclidean_gaussian_ar,bures_transport,44,36,3,3,10,8.0,0.03,0.05,20.0,0.0,0.0,1e-06,0.3269418190745572,0.33591719324795044,0.31905324873506175,0.5037709184807199,0.001365346691277845,0.33455184655667264,112,0.2203310509640616,0.8967021670566255,0.89695422203536,0.8389359041698664
Baseline,77,320,8,0.7,0.15,144,208,320,diag,cholesky_gaussian_ar,bures_transport,44,36,3,3,10,8.0,0.03,0.05,20.0,0.0,0.0,1e-06,0.3336026623641555,0.3432113317324282,0.3296369799940065,0.5104729743731187,0.001365346691277845,0.34184598504115044,112,0.12830337189904006,0.9161732448023081,0.9165102590953876,0.8389359041698664
Baseline,77,320,8,0.7,0.15,144,208,320,diag,log_euclidean_gaussian_ar,bures_transport,44,36,3,3,10,8.0,0.03,0.05,20.0,0.0,0.0,1e-06,0.3239727706063392,0.33431077428524364,0.32433714996891283,0.5097538940864378,0.001365346691277845,0.3329454275939657,112,0.11691061701709879,0.892413969268557,0.8926473132982309,0.8389359041698664
Baseline,77,320,8,0.7,0.15,144,208,320,diag,bwar_barycenter,bures_transport,44,36,3,3,10,8.0,0.03,0.05,20.0,0.0,0.0,1e-06,0.31878001877058093,0.32871237663082126,0.31806124863656104,0.49745199958262964,0.0013653466912778454,0.3273470299395434,112,0.16323821144006168,0.8774695263830159,0.8776376624340969,0.8389359041698666
Baseline,78,320,8,0.7,0.15,144,208,320,diag,persistence,bures_transport,44,36,3,3,10,8.0,0.03,0.05,20.0,0.0,0.0,,0.3840607922719766,0.36326112315498094,,,0.0016706909411526233,0.3615904322138283,112,0.05514626919675476,1.0,1.0,1.0
Baseline,78,320,8,0.7,0.15,144,208,320,diag,euclidean_gaussian_ar,bures_transport,44,36,3,3,10,8.0,0.03,0.05,20.0,0.0,0.0,1e-06,0.35636251199629293,0.3225151634839216,0.314459971843804,0.5002101407672805,0.0013903181712375443,0.32112484531268404,112,0.20428401865474677,0.8878328643671689,0.8880899954863443,0.8321815465632156
Baseline,78,320,8,0.7,0.15,144,208,320,diag,cholesky_gaussian_ar,bures_transport,44,36,3,3,10,8.0,0.03,0.05,20.0,0.0,0.0,1e-06,0.35577302442655745,0.32333950894045566,0.31211008124080375,0.5107953683922667,0.0013903181712375443,0.32194919076921813,112,0.18662680832765632,0.8901021560804534,0.8903697722256984,0.8321815465632156
Baseline,78,320,8,0.7,0.15,144,208,320,diag,log_euclidean_gaussian_ar,bures_transport,44,36,3,3,10,8.0,0.03,0.05,20.0,0.0,0.0,1e-06,0.35030417533738545,0.3191906847988824,0.31146720190039656,0.5021417636817115,0.0013903181712375443,0.3178003666276449,112,0.1605295510611139,0.8786811041783394,0.8788959505424968,0.8321815465632156
Baseline,78,320,8,0.7,0.15,144,208,320,diag,bwar_barycenter,bures_transport,44,36,3,3,10,8.0,0.03,0.05,20.0,0.0,0.0,1e-06,0.3453775415108349,0.313725997132856,0.3077491507774962,0.4918929893581347,0.0013903181712375445,0.31233567896161846,112,0.18301040208074873,0.8636376896269425,0.8637830294605726,0.8321815465632157
Baseline,79,320,8,0.7,0.15,144,208,320,diag,persistence,bures_transport,44,36,3,3,10,8.0,0.03,0.05,20.0,0.0,0.003125,,0.41845308965094796,0.40346721296606847,,,0.001694426584263453,0.40177278638180497,112,0.04999999999999906,1.0,1.0,1.0
Baseline,79,320,8,0.7,0.15,144,208,320,diag,euclidean_gaussian_ar,bures_transport,44,36,3,3,10,8.0,0.03,0.05,20.0,0.0,0.003125,1e-06,0.3694196824713629,0.3571288175310305,0.3453016532131906,0.527754334641901,0.0014454209157450655,0.3556833966152855,112,0.23272257943679223,0.8851495389318412,0.8852849388292797,0.8530442859956502
Baseline,79,320,8,0.7,0.15,144,208,320,diag,cholesky_gaussian_ar,bures_transport,44,36,3,3,10,8.0,0.03,0.05,20.0,0.0,0.003125,1e-06,0.37168556158913313,0.36034735017546765,0.35262206344297786,0.5383545045568858,0.0014454209157450655,0.3589019292597226,112,0.130053060431821,0.8931267240438018,0.8932957667238761,0.8530442859956502
Baseline,79,320,8,0.7,0.15,144,208,320,diag,log_euclidean_gaussian_ar,bures_transport,44,36,3,3,10,8.0,0.03,0.05,20.0,0.0,0.003125,1e-06,0.37080184907824976,0.3595135129478772,0.3450370212420325,0.5534347092126015,0.0014454209157450655,0.35806809203213213,112,0.1063166977616052,0.8910600450156336,0.8912203717348336,0.8530442859956502
Baseline,79,320,8,0.7,0.15,144,208,320,diag,bwar_barycenter,bures_transport,44,36,3,3,10,8.0,0.03,0.05,20.0,0.0,0.003125,1e-06,0.36236528476734814,0.35069288288264117,0.3380107484499374,0.5415173590574602,0.0014454209157450655,0.34924746196689604,112,0.15039687146990002,0.8691979710186126,0.8692660971691745,0.8530442859956502
Shorter series,0,200,8,0.7,0.15,90,130,200,diag,persistence,bures_transport,44,36,3,3,10,8.0,0.03,0.05,20.0,0.0,0.0,,0.4012977511968131,0.42082826069509605,,,0.001687616482399698,0.4191406442126963,70,0.06663262929736224,1.0,1.0,1.0
Shorter series,0,200,8,0.7,0.15,90,130,200,diag,euclidean_gaussian_ar,bures_transport,44,36,3,3,10,8.0,0.03,0.05,20.0,0.0,0.0,1e-06,0.38003251853729336,0.3672417435183444,0.3487139571022415,0.5192674216277817,0.0014635114118656458,0.3657782321064787,70,0.19320345885160653,0.872664166878334,0.8726861428424526,0.8672061615472094
Shorter series,0,200,8,0.7,0.15,90,130,200,diag,cholesky_gaussian_ar,bures_transport,44,36,3,3,10,8.0,0.03,0.05,20.0,0.0,0.0,1e-06,0.3768023238346881,0.36766373392540574,0.34127577297866635,0.5257576305921332,0.0014635114118656458,0.36620022251354,70,0.1408492658490442,0.8736669284475413,0.8736929419035505,0.8672061615472094
Shorter series,0,200,8,0.7,0.15,90,130,200,diag,log_euclidean_gaussian_ar,bures_transport,44,36,3,3,10,8.0,0.03,0.05,20.0,0.0,0.0,1e-06,0.3754586101504606,0.36532721936858653,0.3410606476923629,0.508073794713115,0.0014635114118656458,0.36386370795672096,70,0.13287725617815446,0.8681147477243173,0.8681184060309727,0.8672061615472094
Shorter series,0,200,8,0.7,0.15,90,130,200,diag,bwar_barycenter,bures_transport,44,36,3,3,10,8.0,0.03,0.05,20.0,0.0,0.0,1e-06,0.36863681997371933,0.3576906154502487,0.34050870137645595,0.5078538401210543,0.0014635114118656456,0.35622710403838315,70,0.17209018020077838,0.849968143440365,0.849898736753415,0.8672061615472093
Shorter series,1,200,8,0.7,0.15,90,130,200,diag,persistence,bures_transport,44,36,3,3,10,8.0,0.03,0.05,20.0,0.0,0.0,,0.39810609584717643,0.4030850611386148,,,0.0017308175743610404,0.40135424356425375,70,0.13684131856904727,1.0,1.0,1.0
Shorter series,1,200,8,0.7,0.15,90,130,200,diag,euclidean_gaussian_ar,bures_transport,44,36,3,3,10,8.0,0.03,0.05,20.0,0.0,0.0,1e-06,0.369137833052327,0.3424310572742209,0.3451109661184527,0.5146578099659515,0.0014559682614090701,0.34097508901281187,70,0.2548197827275168,0.8495255475530116,0.8495614397514757,0.8412026102442163
Shorter series,1,200,8,0.7,0.15,90,130,200,diag,cholesky_gaussian_ar,bures_transport,44,36,3,3,10,8.0,0.03,0.05,20.0,0.0,0.0,1e-06,0.3913736958683235,0.34833854139863357,0.3648488382345313,0.48590484143146573,0.0014559682614090701,0.3468825731372245,70,0.22539406802792336,0.8641812237215243,0.8642803176981764,0.8412026102442163
Shorter series,1,200,8,0.7,0.15,90,130,200,diag,log_euclidean_gaussian_ar,bures_transport,44,36,3,3,10,8.0,0.03,0.05,20.0,0.0,0.0,1e-06,0.37959618557246744,0.34236818086382836,0.35828074374647045,0.5127915947570916,0.0014559682614090701,0.34091221260241933,70,0.21670934177523232,0.8493695596078992,0.849404779117134,0.8412026102442163
Shorter series,1,200,8,0.7,0.15,90,130,200,diag,bwar_barycenter,bures_transport,44,36,3,3,10,8.0,0.03,0.05,20.0,0.0,0.0,1e-06,0.36525928099431193,0.3366308876126916,0.34979292143754415,0.5037100164865219,0.0014559682614090706,0.3351749193512826,70,0.22751149875713156,0.8351361041805748,0.8351099427147919,0.8412026102442165
Shorter series,2,200,8,0.7,0.15,90,130,200,diag,persistence,bures_transport,44,36,3,3,10,8.0,0.03,0.05,20.0,0.0,0.0,,0.3327536405798048,0.3569791035230248,,,0.0017855922641523022,0.35519351125887255,70,0.08211318697108355,1.0,1.0,1.0
Shorter series,2,200,8,0.7,0.15,90,130,200,diag,euclidean_gaussian_ar,bures_transport,44,36,3,3,10,8.0,0.03,0.05,20.0,0.0,0.0,1e-06,0.31114700290030617,0.30272595765574656,0.2643827134515979,0.491904059172426,0.0014599677173053258,0.3012659899384412,70,0.21476301238682768,0.848021507892607,0.8481742497792202,0.8176377925777112
Shorter series,2,200,8,0.7,0.15,90,130,200,diag,cholesky_gaussian_ar,bures_transport,44,36,3,3,10,8.0,0.03,0.05,20.0,0.0,0.0,1e-06,0.3096077771614734,0.3075580287382777,0.2683769486533425,0.49427262499856855,0.0014599677173053258,0.3060980610209724,70,0.1486777011658203,0.861557513319377,0.8617783020193792,0.8176377925777112
Shorter series,2,200,8,0.7,0.15,90,130,200,diag,log_euclidean_gaussian_ar,bures_transport,44,36,3,3,10,8.0,0.03,0.05,20.0,0.0,0.0,1e-06,0.3024292316033875,0.30348616169743736,0.26286994964105925,0.5061767842117463,0.0014599677173053258,0.3020261939801319,70,0.13280786675928816,0.8501510556285623,0.8503145029583855,0.8176377925777112
Shorter series,2,200,8,0.7,0.15,90,130,200,diag,bwar_barycenter,bures_transport,44,36,3,3,10,8.0,0.03,0.05,20.0,0.0,0.0,1e-06,0.29858942295864527,0.29747204430357177,0.2604073086693295,0.48975153510619834,0.0014599677173053262,0.2960120765862664,70,0.15733531107665388,0.8333038022893268,0.8333825568410412,0.8176377925777114
Shorter series,3,200,8,0.7,0.15,90,130,200,diag,persistence,bures_transport,44,36,3,3,10,8.0,0.03,0.05,20.0,0.0,0.005,,0.3590439412960415,0.36465836776284466,,,0.0013876564501419896,0.36327071131270267,70,0.06100572805489069,1.0,1.0,1.0
Shorter series,3,200,8,0.7,0.15,90,130,200,diag,euclidean_gaussian_ar,bures_transport,44,36,3,3,10,8.0,0.03,0.05,20.0,0.0,0.005,1e-06,0.34131806784158414,0.344402465017136,0.3241166895611257,0.5734426599185909,0.0011751820423958248,0.3432272829747402,70,0.22759859434218963,0.9444523846525796,0.944825091278253,0.8468825567564481
Shorter series,3,200,8,0.7,0.15,90,130,200,diag,cholesky_gaussian_ar,bures_transport,44,36,3,3,10,8.0,0.03,0.05,20.0,0.0,0.005,1e-06,0.38086625362329596,0.33948349226885755,0.3190922217225889,0.5901480571828247,0.0011751820423958248,0.33830831022646174,70,0.1635440733393182,0.9309631213224768,0.9312843003609137,0.8468825567564481
Shorter series,3,200,8,0.7,0.15,90,130,200,diag,log_euclidean_gaussian_ar,bures_transport,44,36,3,3,10,8.0,0.03,0.05,20.0,0.0,0.005,1e-06,0.33947385657141177,0.3233634932067416,0.28535525678774115,0.5532927286200466,0.0011751820423958248,0.3221883111643459,70,0.14063947021941184,0.8867573646823343,0.8869096823140439,0.8468825567564481
Shorter series,3,200,8,0.7,0.15,90,130,200,diag,bwar_barycenter,bures_transport,44,36,3,3,10,8.0,0.03,0.05,20.0,0.0,0.005,1e-06,0.33001074328224916,0.3257729600803057,0.2792134301051116,0.5371054005299507,0.0011751820423958248,0.3245977780379099,70,0.164524124741628,0.8933648282333451,0.8935423856907,0.8468825567564481
Shorter series,4,200,8,0.7,0.15,90,130,200,diag,persistence,bures_transport,44,36,3,3,10,8.0,0.03,0.05,20.0,0.0,0.005,,0.4018492173842894,0.36833346065600164,,,0.0015910553489766302,0.36674240530702507,70,0.04999999999999929,1.0,1.0,1.0
Shorter series,4,200,8,0.7,0.15,90,130,200,diag,euclidean_gaussian_ar,bures_transport,44,36,3,3,10,8.0,0.03,0.05,20.0,0.0,0.005,1e-06,0.36851833912760484,0.33052694050325265,0.3211975228031264,0.486742593169061,0.001372978217459972,0.32915396228579263,70,0.20326511509848755,0.897357899319232,0.8975072353856528,0.8629355467382541
Shorter series,4,200,8,0.7,0.15,90,130,200,diag,cholesky_gaussian_ar,bures_transport,44,36,3,3,10,8.0,0.03,0.05,20.0,0.0,0.005,1e-06,0.3697193185304471,0.3239851306013939,0.31074740558904923,0.4615899253757564,0.001372978217459972,0.3226121523839339,70,0.13058949968478042,0.879597335589269,0.8796696201898259,0.8629355467382541
Shorter series,4,200,8,0.7,0.15,90,130,200,diag,log_euclidean_gaussian_ar,bures_transport,44,36,3,3,10,8.0,0.03,0.05,20.0,0.0,0.005,1e-06,0.3610352464359584,0.3180262976055257,0.30870332600527534,0.45654342192537406,0.001372978217459972,0.3166533193880658,70,0.13367656837992434,0.8634195140433918,0.8634216136608847,0.8629355467382541
Shorter series,4,200,8,0.7,0.15,90,130,200,diag,bwar_barycenter,bures_transport,44,36,3,3,10,8.0,0.03,0.05,20.0,0.0,0.005,1e-06,0.3531414800212798,0.31779222752363334,0.30542797293854074,0.45059357578899095,0.0013729782174599714,0.31641924930617343,70,0.16786808879620163,0.862784029877833,0.8627833725453082,0.8629355467382537
Shorter series,5,200,8,0.7,0.15,90,130,200,diag,persistence,bures_transport,44,36,3,3,10,8.0,0.03,0.05,20.0,0.0,0.005,,0.36694345249480365,0.3438796321588344,,,0.0014705340695265524,0.34240909808930775,70,0.04999999999999983,1.0,1.0,1.0
Shorter series,5,200,8,0.7,0.15,90,130,200,diag,euclidean_gaussian_ar,bures_transport,44,36,3,3,10,8.0,0.03,0.05,20.0,0.0,0.005,1e-06,0.316659837900054,0.30876961637365796,0.2870027448790165,0.4744058753944658,0.001257832599470464,0.3075117837741876,70,0.22938209054021508,0.8979002752656212,0.8980829817027286,0.8553576727912403
Shorter series,5,200,8,0.7,0.15,90,130,200,diag,cholesky_gaussian_ar,bures_transport,44,36,3,3,10,8.0,0.03,0.05,20.0,0.0,0.005,1e-06,0.31232116740175764,0.3239924369936715,0.29698558837945976,0.501697109586107,0.001257832599470464,0.32273460439420115,70,0.18180870208362243,0.9421681504068341,0.9425409727577535,0.8553576727912403
Shorter series,5,200,8,0.7,0.15,90,130,200,diag,log_euclidean_gaussian_ar,bures_transport,44,36,3,3,10,8.0,0.03,0.05,20.0,0.0,0.005,1e-06,0.30574888904348724,0.3106805855129592,0.2802352406537414,0.4711371090590753,0.001257832599470464,0.3094227529134887,70,0.1250548722655599,0.9034573625734806,0.9036639348665453,0.8553576727912403
Shorter series,5,200,8,0.7,0.15,90,130,200,diag,bwar_barycenter,bures_transport,44,36,3,3,10,8.0,0.03,0.05,20.0,0.0,0.005,1e-06,0.30389199341908474,0.3008027077195517,0.2668916109572256,0.46255277903015407,0.0012578325994704641,0.29954487512008116,70,0.17822186934142428,0.8747325505472627,0.8748157592528494,0.8553576727912405
Shorter series,6,200,8,0.7,0.15,90,130,200,diag,persistence,bures_transport,44,36,3,3,10,8.0,0.03,0.05,20.0,0.0,0.01,,0.3509820607469254,0.3662372046568756,,,0.0016207730229754799,0.3646164316339001,70,0.050000000000001925,1.0,1.0,1.0
Shorter series,6,200,8,0.7,0.15,90,130,200,diag,euclidean_gaussian_ar,bures_transport,44,36,3,3,10,8.0,0.03,0.05,20.0,0.0,0.01,1e-06,0.3038782962122004,0.33042105615824713,0.31129037321749997,0.5156265797351997,0.001358113122595327,0.3290629430356518,70,0.20888912330400689,0.9022050516899716,0.902490712119232,0.8379415891943024
Shorter series,6,200,8,0.7,0.15,90,130,200,diag,cholesky_gaussian_ar,bures_transport,44,36,3,3,10,8.0,0.03,0.05,20.0,0.0,0.01,1e-06,0.33220307502283164,0.35262934704038473,0.3221490824855471,0.5251575278767973,0.001358113122595327,0.35127123391778936,70,0.1388592724508918,0.9628441418745538,0.9633993518714751,0.8379415891943024
Shorter series,6,200,8,0.7,0.15,90,130,200,diag,log_euclidean_gaussian_ar,bures_transport,44,36,3,3,10,8.0,0.03,0.05,20.0,0.0,0.01,1e-06,0.3090305095998131,0.3313833020172194,0.3141668929966759,0.4949500678400295,0.001358113122595327,0.33002518889462396,70,0.12595922723205086,0.9048324359282107,0.9051297754622092,0.8379415891943024
Shorter series,6,200,8,0.7,0.15,90,130,200,diag,bwar_barycenter,bures_transport,44,36,3,3,10,8.0,0.03,0.05,20.0,0.0,0.01,1e-06,0.3027022569037824,0.3235871309753329,0.3022970322260641,0.49200439443480676,0.001358113122595327,0.3222290178527376,70,0.15309415319479233,0.8835452184015516,0.8837479331602851,0.8379415891943024
Shorter series,7,200,8,0.7,0.15,90,130,200,diag,persistence,bures_transport,44,36,3,3,10,8.0,0.03,0.05,20.0,0.0,0.005,,0.46123751326852236,0.3932468642155234,,,0.0015468560172798673,0.3917000081982435,70,0.11713343251019197,1.0,1.0,1.0
Shorter series,7,200,8,0.7,0.15,90,130,200,diag,euclidean_gaussian_ar,bures_transport,44,36,3,3,10,8.0,0.03,0.05,20.0,0.0,0.005,1e-06,0.3935204331037476,0.3505220020896998,0.3139342150240786,0.544968875655335,0.0013419839863936616,0.3491800181033061,70,0.24774864180192668,0.8913535846978611,0.8914475639392441,0.8675558496734096
Shorter series,7,200,8,0.7,0.15,90,130,200,diag,cholesky_gaussian_ar,bures_transport,44,36,3,3,10,8.0,0.03,0.05,20.0,0.0,0.005,1e-06,0.3983074101988723,0.34519542881049176,0.30965649349904506,0.5008641575147407,0.0013419839863936616,0.3438534448240981,70,0.20990871152198556,0.8778084715287227,0.8778489599879462,0.8675558496734096
Shorter series,7,200,8,0.7,0.15,90,130,200,diag,log_euclidean_gaussian_ar,bures_transport,44,36,3,3,10,8.0,0.03,0.05,20.0,0.0,0.005,1e-06,0.38695699796464433,0.33588219943626035,0.3036532633797504,0.4941044786679212,0.0013419839863936616,0.3345402154498667,70,0.20302229580068676,0.8541255633564984,0.8540725260351598,0.8675558496734096
Shorter series,7,200,8,0.7,0.15,90,130,200,diag,bwar_barycenter,bures_transport,44,36,3,3,10,8.0,0.03,0.05,20.0,0.0,0.005,0.0001,0.3849265789080722,0.3372889836690728,0.3035832784102739,0.5150010915206606,0.0013774115315009301,0.3359115721375717,70,0.2233626692370738,0.8577029198743152,0.857573564225108,0.8904587861532816
Shorter series,8,200,8,0.7,0.15,90,130,200,diag,persistence,bures_transport,44,36,3,3,10,8.0,0.03,0.05,20.0,0.0,0.005,,0.3821062955582104,0.38696088826504316,,,0.0017541961462915851,0.3852066921187515,70,0.04999999999999982,1.0,1.0,1.0
Shorter series,8,200,8,0.7,0.15,90,130,200,diag,euclidean_gaussian_ar,bures_transport,44,36,3,3,10,8.0,0.03,0.05,20.0,0.0,0.005,1e-06,0.35122463814709615,0.3627942849931954,0.35687625076505625,0.4830655314043124,0.0013851716379147127,0.36140911335528075,70,0.23822710017207177,0.9375476850381447,0.9382212737982899,0.789633269257261
Shorter series,8,200,8,0.7,0.15,90,130,200,diag,cholesky_gaussian_ar,bures_transport,44,36,3,3,10,8.0,0.03,0.05,20.0,0.0,0.005,1e-06,0.3460319223408835,0.36159659554790863,0.3449882602798111,0.5067540746339114,0.0013851716379147127,0.3602114239099939,70,0.13025388329400994,0.9344525674652637,0.9351120613422467,0.789633269257261
Shorter series,8,200,8,0.7,0.15,90,130,200,diag,log_euclidean_gaussian_ar,bures_transport,44,36,3,3,10,8.0,0.03,0.05,20.0,0.0,0.005,1e-06,0.3394855819816085,0.3539084363213272,0.3393679809700272,0.4867034194357822,0.0013851716379147127,0.35252326468341244,70,0.12377481563981632,0.9145845150089763,0.9151535315869761,0.789633269257261
Shorter series,8,200,8,0.7,0.15,90,130,200,diag,bwar_barycenter,bures_transport,44,36,3,3,10,8.0,0.03,0.05,20.0,0.0,0.005,1e-06,0.3383667588618401,0.34882500857167753,0.3237676449161334,0.4800050861210543,0.001385171637914712,0.3474398369337629,70,0.1733555645534818,0.9014477151312382,0.9019569079206291,0.7896332692572605
Shorter series,9,200,8,0.7,0.15,90,130,200,diag,persistence,bures_transport,44,36,3,3,10,8.0,0.03,0.05,20.0,0.0,0.0,,0.3216093220290964,0.3716576030371781,,,0.0015814452075121972,0.3700761578296659,70,0.05157413360530161,1.0,1.0,1.0
Shorter series,9,200,8,0.7,0.15,90,130,200,diag,euclidean_gaussian_ar,bures_transport,44,36,3,3,10,8.0,0.03,0.05,20.0,0.0,0.0,1e-06,0.29598354858745796,0.33127505214699493,0.3131465078471066,0.529601767404883,0.0013496328683500832,0.32992541927864477,70,0.24476597841712142,0.8913447469924527,0.8915068217674773,0.8534174070268405
Shorter series,9,200,8,0.7,0.15,90,130,200,diag,cholesky_gaussian_ar,bures_transport,44,36,3,3,10,8.0,0.03,0.05,20.0,0.0,0.0,1e-06,0.29648697514335975,0.32423670540360444,0.3017725698417008,0.5063448350644719,0.0013496328683500832,0.3228870725352543,70,0.10366727517543327,0.8724070293569913,0.8724881776465826,0.8534174070268405
Shorter series,9,200,8,0.7,0.15,90,130,200,diag,log_euclidean_gaussian_ar,bures_transport,44,36,3,3,10,8.0,0.03,0.05,20.0,0.0,0.0,1e-06,0.2938875096017578,0.3247842583631689,0.2978428175515228,0.5168348632793693,0.0013496328683500832,0.3234346254948187,70,0.11666261090061938,0.8738803019473805,0.8739677459678049,0.8534174070268405
Shorter series,9,200,8,0.7,0.15,90,130,200,diag,bwar_barycenter,bures_transport,44,36,3,3,10,8.0,0.03,0.05,20.0,0.0,0.0,1e-06,0.2864712757993274,0.31936286924352203,0.2940909753246091,0.4902995050444619,0.0013496328683500832,0.31801323637517187,70,0.1688964946012221,0.8592932490380807,0.8593183582540951,0.8534174070268405
Shorter series,10,200,8,0.7,0.15,90,130,200,diag,persistence,bures_transport,44,36,3,3,10,8.0,0.03,0.05,20.0,0.0,0.0,,0.4125953927282568,0.3499939150837322,,,0.0016486153476972343,0.34834529973603495,70,0.10665804060240575,1.0,1.0,1.0
Shorter series,10,200,8,0.7,0.15,90,130,200,diag,euclidean_gaussian_ar,bures_transport,44,36,3,3,10,8.0,0.03,0.05,20.0,0.0,0.0,0.0001,0.3990126917078106,0.3117751935971862,0.30208439612229077,0.47389958992777803,0.0015017416172869362,0.3102734519798993,70,0.21561352055717736,0.890801754432209,0.8907065839987355,0.9109108558188242
Shorter series,10,200,8,0.7,0.15,90,130,200,diag,cholesky_gaussian_ar,bures_transport,44,36,3,3,10,8.0,0.03,0.05,20.0,0.0,0.0,1e-06,0.40049878179070797,0.31216140544667187,0.3065334025374895,0.4777126669789835,0.0014565439757342757,0.3107048614709376,70,0.1603418870410239,0.891905236043863,0.8919450376002774,0.883495339145519
Shorter series,10,200,8,0.7,0.15,90,130,200,diag,log_euclidean_gaussian_ar,bures_transport,44,36,3,3,10,8.0,0.03,0.05,20.0,0.0,0.0,0.0001,0.39398722939961944,0.3086866362166183,0.30391566280714283,0.48791075123953626,0.0015017416172869362,0.3071848945993314,70,0.1627493862758622,0.881977151353527,0.8818402166818567,0.9109108558188242
Shorter series,10,200,8,0.7,0.15,90,130,200,diag,bwar_barycenter,bures_transport,44,36,3,3,10,8.0,0.03,0.05,20.0,0.0,0.0,1e-06,0.3857314548456235,0.3050186480674868,0.2956435359733004,0.4779507222965939,0.0014565439757342755,0.30356210409175244,70,0.1794973446961885,0.8714970030107937,0.8714402184320621,0.8834953391455189
Shorter series,11,200,8,0.7,0.15,90,130,200,diag,persistence,bures_transport,44,36,3,3,10,8.0,0.03,0.05,20.0,0.0,0.005,,0.38056724657907376,0.35176389609023306,,,0.001469097746523801,0.3502947983437092,70,0.06547884419361162,1.0,1.0,1.0
Shorter series,11,200,8,0.7,0.15,90,130,200,diag,euclidean_gaussian_ar,bures_transport,44,36,3,3,10,8.0,0.03,0.05,20.0,0.0,0.005,1e-06,0.3675224869302872,0.324384936271598,0.30108832178142353,0.45627094776806304,0.001334294353422748,0.3230506419181752,70,0.2568370875466167,0.9221666574570463,0.9222250614215457,0.9082406916626027
Shorter series,11,200,8,0.7,0.15,90,130,200,diag,cholesky_gaussian_ar,bures_transport,44,36,3,3,10,8.0,0.03,0.05,20.0,0.0,0.005,1e-06,0.35278894717517484,0.31845886282383856,0.30325022186925055,0.4349857273244957,0.001334294353422748,0.3171245684704158,70,0.13352439783777528,0.905319921582142,0.9053076721945875,0.9082406916626027
Shorter series,11,200,8,0.7,0.15,90,130,200,diag,log_euclidean_gaussian_ar,bures_transport,44,36,3,3,10,8.0,0.03,0.05,20.0,0.0,0.005,1e-06,0.35000423541559794,0.31401558131508744,0.30079142074424864,0.4198796714368325,0.001334294353422748,0.3126812869616647,70,0.13029792189189363,0.8926884902211153,0.8926232660036872,0.9082406916626027
Shorter series,11,200,8,0.7,0.15,90,130,200,diag,bwar_barycenter,bures_transport,44,36,3,3,10,8.0,0.03,0.05,20.0,0.0,0.005,1e-06,0.3502049057267854,0.31139991076832096,0.2964110378429815,0.42259562331486883,0.0013342943534227476,0.3100656164148981,70,0.1615593371223052,0.8852526203781923,0.8851562109428236,0.9082406916626025
Shorter series,12,200,8,0.7,0.15,90,130,200,diag,persistence,bures_transport,44,36,3,3,10,8.0,0.03,0.05,20.0,0.0,0.0,,0.3386421489228987,0.3861554847518876,,,0.0015169286647545013,0.3846385560871331,70,0.09131492546415146,1.0,1.0,1.0
Shorter series,12,200,8,0.7,0.15,90,130,200,diag,euclidean_gaussian_ar,bures_transport,44,36,3,3,10,8.0,0.03,0.05,20.0,0.0,0.0,1e-06,0.32451678029961667,0.338595714010398,0.3286433751769886,0.547245207550059,0.0012719950328598031,0.33732371897753816,70,0.22782191381711822,0.8768377697081069,0.8769888344243977,0.8385331903960441
Shorter series,12,200,8,0.7,0.15,90,130,200,diag,cholesky_gaussian_ar,bures_transport,44,36,3,3,10,8.0,0.03,0.05,20.0,0.0,0.0,1e-06,0.3306118468664024,0.34544012019019704,0.32943314360556797,0.5211198821067993,0.0012719950328598031,0.3441681251573372,70,0.16543927927187793,0.8945622523325003,0.8947832184545014,0.8385331903960441
Shorter series,12,200,8,0.7,0.15,90,130,200,diag,log_euclidean_gaussian_ar,bures_transport,44,36,3,3,10,8.0,0.03,0.05,20.0,0.0,0.0,0.0001,0.31749519598912257,0.3347031244111697,0.3226469972230809,0.4956277211602841,0.0012891211126802938,0.3334140032984893,70,0.16932186281308576,0.8667574011702124,0.8668241860365143,0.8498231608596599
Shorter series,12,200,8,0.7,0.15,90,130,200,diag,bwar_barycenter,bures_transport,44,36,3,3,10,8.0,0.03,0.05,20.0,0.0,0.0,0.0001,0.3130335784332117,0.3312319788370915,0.31814392666810093,0.5065458857675945,0.001289121112680294,0.3299428577244112,70,0.19461188477811975,0.8577684169109095,0.8577997512284453,0.8498231608596601
Shorter series,13,200,8,0.7,0.15,90,130,200,diag,persistence,bures_transport,44,36,3,3,10,8.0,0.03,0.05,20.0,0.0,0.015,,0.36895241848853255,0.3671229638177332,,,0.001325196075429106,0.36579776774230405,70,0.04999999999999934,1.0,1.0,1.0
Shorter series,13,200,8,0.7,0.15,90,130,200,diag,euclidean_gaussian_ar,bures_transport,44,36,3,3,10,8.0,0.03,0.05,20.0,0.0,0.015,1e-06,0.3311821083723692,0.327185534298503,0.2896824021718085,0.4734315548033682,0.0010612066676233634,0.3261243276308796,70,0.18906471224956162,0.8912151146746079,0.8915426948712999,0.8007921901517394
Shorter series,13,200,8,0.7,0.15,90,130,200,diag,cholesky_gaussian_ar,bures_transport,44,36,3,3,10,8.0,0.03,0.05,20.0,0.0,0.015,1e-06,0.33969740963389566,0.33609190512619735,0.3109547733197652,0.5294402966610869,0.0010612066676233634,0.335030698458574,70,0.09633784133009135,0.9154750267625811,0.9158904947025136,0.8007921901517394
Shorter series,13,200,8,0.7,0.15,90,130,200,diag,log_euclidean_gaussian_ar,bures_transport,44,36,3,3,10,8.0,0.03,0.05,20.0,0.0,0.015,1e-06,0.3355580824988228,0.3255981396588755,0.29998837085765223,0.5130367809398303,0.0010612066676233634,0.32453693299125214,70,0.1015643588340186,0.8868912374016635,0.8872031532458142,0.8007921901517394
Shorter series,13,200,8,0.7,0.15,90,130,200,diag,bwar_barycenter,bures_transport,44,36,3,3,10,8.0,0.03,0.05,20.0,0.0,0.015,1e-06,0.3235629647049801,0.31991814104915295,0.2885345456741718,0.4836597794749786,0.0010612066676233634,0.3188569343815294,70,0.13470882625038547,0.8714195857494325,0.8716754515739873,0.8007921901517394
Shorter series,14,200,8,0.7,0.15,90,130,200,diag,persistence,bures_transport,44,36,3,3,10,8.0,0.03,0.05,20.0,0.0,0.0,,0.3859385984328437,0.36958966439814483,,,0.0015705027390902702,0.3680191616590545,70,0.11945977020360603,1.0,1.0,1.0
Shorter series,14,200,8,0.7,0.15,90,130,200,diag,euclidean_gaussian_ar,bures_transport,44,36,3,3,10,8.0,0.03,0.05,20.0,0.0,0.0,1e-06,0.338998813429696,0.3222273345801628,0.3204223442686643,0.48694899365442507,0.0014445086352749424,0.32078282594488783,70,0.24763797966688636,0.871851584661847,0.8716470753826453,0.9197746678950008
Shorter series,14,200,8,0.7,0.15,90,130,200,diag,cholesky_gaussian_ar,bures_transport,44,36,3,3,10,8.0,0.03,0.05,20.0,0.0,0.0,1e-06,0.3345669581122767,0.32011004431238493,0.3208823143629984,0.47440797075561947,0.0014445086352749424,0.31866553567711,70,0.18844119108351262,0.8661228252517976,0.8658938687880947,0.9197746678950008
Shorter series,14,200,8,0.7,0.15,90,130,200,diag,log_euclidean_gaussian_ar,bures_transport,44,36,3,3,10,8.0,0.03,0.05,20.0,0.0,0.0,1e-06,0.33025734510476645,0.3230986452298324,0.33295320718471133,0.4787632756223944,0.0014445086352749424,0.3216541365945575,70,0.19137111698777062,0.8742090928218451,0.8740146440867903,0.9197746678950008
Shorter series,14,200,8,0.7,0.15,90,130,200,diag,bwar_barycenter,bures_transport,44,36,3,3,10,8.0,0.03,0.05,20.0,0.0,0.0,1e-06,0.32922846485709145,0.31716163538322445,0.3172467591477268,0.482774527931796,0.0014445086352749424,0.3157171267479494,70,0.2085548683078277,0.8581453052798531,0.8578823051622526,0.9197746678950008
Shorter series,15,200,8,0.7,0.15,90,130,200,diag,persistence,bures_transport,44,36,3,3,10,8.0,0.03,0.05,20.0,0.0,0.0,,0.38981296052316844,0.4336849822943127,,,0.001713675369228173,0.4319713069250845,70,0.08389858724737512,1.0,1.0,1.0
Shorter series,15,200,8,0.7,0.15,90,130,200,diag,euclidean_gaussian_ar,bures_transport,44,36,3,3,10,8.0,0.03,0.05,20.0,0.0,0.0,1e-06,0.37257923555978834,0.3804757278866644,0.35800226698681725,0.5938602924402867,0.0015270565160521786,0.3789486713706123,70,0.24493784754996337,0.877308976376916,0.877254265029997,0.8911002302261914
Shorter series,15,200,8,0.7,0.15,90,130,200,diag,cholesky_gaussian_ar,bures_transport,44,36,3,3,10,8.0,0.03,0.05,20.0,0.0,0.0,1e-06,0.38930755002895395,0.4005017643821518,0.3537023342245035,0.6149103597046149,0.0015270565160521786,0.3989747078660996,70,0.14249499837525267,0.9234854346659352,0.9236139101602242,0.8911002302261914
Shorter series,15,200,8,0.7,0.15,90,130,200,diag,log_euclidean_gaussian_ar,bures_transport,44,36,3,3,10,8.0,0.03,0.05,20.0,0.0,0.0,1e-06,0.3697846834331223,0.3786652302210661,0.3523299798515266,0.5767431124345315,0.0015270565160521786,0.37713817370501385,70,0.14932889153051065,0.8731342925868057,0.8730630198325182,0.8911002302261914
Shorter series,15,200,8,0.7,0.15,90,130,200,diag,bwar_barycenter,bures_transport,44,36,3,3,10,8.0,0.03,0.05,20.0,0.0,0.0,1e-06,0.36235158358621594,0.3730162692666871,0.35426177378976,0.5574161912276282,0.0015270565160521784,0.37148921275063485,70,0.1791660085977112,0.8601087990027428,0.8599858527526253,0.8911002302261913
Shorter series,16,200,8,0.7,0.15,90,130,200,diag,persistence,bures_transport,44,36,3,3,10,8.0,0.03,0.05,20.0,0.0,0.0,,0.422417804339978,0.4160900943628996,,,0.0013582831605636117,0.4147318112023361,70,0.09175298595523597,1.0,1.0,1.0
Shorter series,16,200,8,0.7,0.15,90,130,200,diag,euclidean_gaussian_ar,bures_transport,44,36,3,3,10,8.0,0.03,0.05,20.0,0.0,0.0,0.0001,0.39755899144883694,0.3606912552043609,0.3439270409203199,0.530165188339147,0.0011388461570531955,0.35955240904730773,70,0.24723911633729478,0.8668585484031693,0.8669516042305521,0.8384453184125745
Shorter series,16,200,8,0.7,0.15,90,130,200,diag,cholesky_gaussian_ar,bures_transport,44,36,3,3,10,8.0,0.03,0.05,20.0,0.0,0.0,1e-06,0.39876736803782153,0.36204219173555646,0.3549530338659001,0.5461329427153202,0.00113114731723991,0.36091104441831656,70,0.16783849383819147,0.8701052888314991,0.8702275414369844,0.832777251519887
Shorter series,16,200,8,0.7,0.15,90,130,200,diag,log_euclidean_gaussian_ar,bures_transport,44,36,3,3,10,8.0,0.03,0.05,20.0,0.0,0.0,0.0001,0.39937877170786784,0.35913739970914477,0.34103107411778544,0.5453448060733253,0.0011388461570531955,0.35799855355209165,70,0.17564972088750624,0.8631241276220273,0.8632049528928808,0.8384453184125745
Shorter series,16,200,8,0.7,0.15,90,130,200,diag,bwar_barycenter,bures_transport,44,36,3,3,10,8.0,0.03,0.05,20.0,0.0,0.0,1e-06,0.3871989140558996,0.3521060801216988,0.33051676819009446,0.5203425253727291,0.0011311473172399094,0.3509749328044588,70,0.19265326733431526,0.8462255768449125,0.8462696212932359,0.8327772515198866
Shorter series,17,200,8,0.7,0.15,90,130,200,diag,persistence,bures_transport,44,36,3,3,10,8.0,0.03,0.05,20.0,0.0,0.015,,0.37015433262286146,0.4075474794068046,,,0.0016454842144240772,0.40590199519238046,70,0.049999999999999746,1.0,1.0,1.0
Shorter series,17,200,8,0.7,0.15,90,130,200,diag,euclidean_gaussian_ar,bures_transport,44,36,3,3,10,8.0,0.03,0.05,20.0,0.0,0.015,1e-06,0.35989832944282835,0.35821441903382567,0.3401805673894266,0.5688305920606921,0.0015446974875414667,0.3566697215462842,70,0.1755465967321192,0.8789513790030443,0.8787089636680345,0.9387495024266239
Shorter series,17,200,8,0.7,0.15,90,130,200,diag,cholesky_gaussian_ar,bures_transport,44,36,3,3,10,8.0,0.03,0.05,20.0,0.0,0.015,1e-06,0.34583735109291674,0.3560902201056838,0.32700991557364656,0.5682247330781723,0.0015446974875414667,0.3545455226181424,70,0.11455038486706783,0.8737392281850986,0.873475683336079,0.9387495024266239
Shorter series,17,200,8,0.7,0.15,90,130,200,diag,log_euclidean_gaussian_ar,bures_transport,44,36,3,3,10,8.0,0.03,0.05,20.0,0.0,0.015,1e-06,0.33604707694906544,0.3526636275432734,0.3218301229775141,0.5633396768712303,0.0015446974875414667,0.3511189300557319,70,0.08554437136394487,0.8653313917106886,0.8650337623724079,0.9387495024266239
Shorter series,17,200,8,0.7,0.15,90,130,200,diag,bwar_barycenter,bures_transport,44,36,3,3,10,8.0,0.03,0.05,20.0,0.0,0.015,1e-06,0.3409587116014603,0.3479579459763022,0.3229919457763214,0.5645324494045451,0.0015446974875414662,0.34641324848876065,70,0.14198846084502684,0.8537850521926024,0.8534406152021385,0.9387495024266237
Shorter series,18,200,8,0.7,0.15,90,130,200,diag,persistence,bures_transport,44,36,3,3,10,8.0,0.03,0.05,20.0,0.0,0.005,,0.373239656318426,0.3656377922581023,,,0.0016352146029826886,0.36400257765511956,70,0.09485849757847829,1.0,1.0,1.0
Shorter series,18,200,8,0.7,0.15,90,130,200,diag,euclidean_gaussian_ar,bures_transport,44,36,3,3,10,8.0,0.03,0.05,20.0,0.0,0.005,1e-06,0.3428140334747869,0.3241098879874173,0.31676984136324277,0.48020486794847805,0.001381894683208592,0.32272799330420887,70,0.19399589014737148,0.8864233808704036,0.8866090877246012,0.8450846027719956
Shorter series,18,200,8,0.7,0.15,90,130,200,diag,cholesky_gaussian_ar,bures_transport,44,36,3,3,10,8.0,0.03,0.05,20.0,0.0,0.005,1e-06,0.35385537630115493,0.33559240575083055,0.31796299688158475,0.494683834640207,0.001381894683208592,0.334210511067622,70,0.17488357564256846,0.9178274589130468,0.9181542428094436,0.8450846027719956
Shorter series,18,200,8,0.7,0.15,90,130,200,diag,log_euclidean_gaussian_ar,bures_transport,44,36,3,3,10,8.0,0.03,0.05,20.0,0.0,0.005,1e-06,0.3376519487959876,0.3225868950552038,0.310224055864526,0.48271138197729874,0.001381894683208592,0.32120500037199523,70,0.14941249680968025,0.8822580758487104,0.8824250708365213,0.8450846027719956
Shorter series,18,200,8,0.7,0.15,90,130,200,diag,bwar_barycenter,bures_transport,44,36,3,3,10,8.0,0.03,0.05,20.0,0.0,0.005,1e-06,0.32962300247753584,0.3169996487364627,0.3052605013858832,0.46929882082682545,0.0013818946832085913,0.3156177540532541,70,0.17086114139122402,0.8669772530315846,0.8670756017345885,0.8450846027719953
Shorter series,19,200,8,0.7,0.15,90,130,200,diag,persistence,bures_transport,44,36,3,3,10,8.0,0.03,0.05,20.0,0.0,0.01,,0.37089174681897824,0.3913187024735913,,,0.0018709241902983703,0.38944777828329286,70,0.05000000000000106,1.0,1.0,1.0
Shorter series,19,200,8,0.7,0.15,90,130,200,diag,euclidean_gaussian_ar,bures_transport,44,36,3,3,10,8.0,0.03,0.05,20.0,0.0,0.01,1e-06,0.3497868041999207,0.3486212388436706,0.3492552005732221,0.5000546250300288,0.0015186575285357719,0.34710258131513483,70,0.22462618157074565,0.8908882622782329,0.8912686133303469,0.8117151600319947
Shorter series,19,200,8,0.7,0.15,90,130,200,diag,cholesky_gaussian_ar,bures_transport,44,36,3,3,10,8.0,0.03,0.05,20.0,0.0,0.01,1e-06,0.36025046185942794,0.36348407506254504,0.36237630656726383,0.5351876275487111,0.0015186575285357719,0.3619654175340092,70,0.12242594279845724,0.9288696726348654,0.9294324880464656,0.8117151600319947
Shorter series,19,200,8,0.7,0.15,90,130,200,diag,log_euclidean_gaussian_ar,bures_transport,44,36,3,3,10,8.0,0.03,0.05,20.0,0.0,0.01,1e-06,0.3390090247819284,0.3489144748835139,0.337084025864963,0.5240859259106563,0.0015186575285357719,0.34739581735497804,70,0.11071442991771087,0.8916376157795854,0.8920215667587522,0.8117151600319947
Shorter series,19,200,8,0.7,0.15,90,130,200,diag,bwar_barycenter,bures_transport,44,36,3,3,10,8.0,0.03,0.05,20.0,0.0,0.01,1e-06,0.33563763936114804,0.34254650459668423,0.3448976595075126,0.4985085800168102,0.0015186575285357725,0.3410278470681485,70,0.14698991567194644,0.8753645108996585,0.8756702851699859,0.8117151600319951
Shorter series,20,200,8,0.7,0.15,90,130,200,diag,persistence,bures_transport,44,36,3,3,10,8.0,0.03,0.05,20.0,0.0,0.0,,0.40616698412089125,0.4387335256022412,,,0.0015579228983761287,0.43717560270386513,70,0.09511538450577572,1.0,1.0,1.0
Shorter series,20,200,8,0.7,0.15,90,130,200,diag,euclidean_gaussian_ar,bures_transport,44,36,3,3,10,8.0,0.03,0.05,20.0,0.0,0.0,1e-06,0.3683832405250559,0.37918931765821784,0.3442782813530785,0.6044327099248964,0.0014053849569856424,0.3777839327012323,70,0.15572030340289625,0.8642816095207492,0.8641468791137833,0.9020889021212274
Shorter series,20,200,8,0.7,0.15,90,130,200,diag,cholesky_gaussian_ar,bures_transport,44,36,3,3,10,8.0,0.03,0.05,20.0,0.0,0.0,1e-06,0.3924818380060838,0.4114243273550726,0.38849314562016923,0.6528928878256921,0.0014053849569856424,0.4100189423980869,70,0.1474982851532466,0.9377544758867429,0.9378815740452615,0.9020889021212274
Shorter series,20,200,8,0.7,0.15,90,130,200,diag,log_euclidean_gaussian_ar,bures_transport,44,36,3,3,10,8.0,0.03,0.05,20.0,0.0,0.0,1e-06,0.3749345806196593,0.3966132797024182,0.37409327772259515,0.6088401445902625,0.0014053849569856424,0.39520789474543255,70,0.15030818259117398,0.9039958347336112,0.9040026302957699,0.9020889021212274
Shorter series,20,200,8,0.7,0.15,90,130,200,diag,bwar_barycenter,bures_transport,44,36,3,3,10,8.0,0.03,0.05,20.0,0.0,0.0,1e-06,0.3627608119082198,0.37794661988535916,0.3449992853679217,0.6019896234498697,0.0014053849569856426,0.3765412349283735,70,0.1584119050054469,0.8614491435696849,0.8613043193616542,0.9020889021212275
Shorter series,21,200,8,0.7,0.15,90,130,200,diag,persistence,bures_transport,44,36,3,3,10,8.0,0.03,0.05,20.0,0.0,0.0,,0.329596933648587,0.38085497038550187,,,0.0015134168368669066,0.3793415535486349,70,0.06521201625382629,1.0,1.0,1.0
Shorter series,21,200,8,0.7,0.15,90,130,200,diag,euclidean_gaussian_ar,bures_transport,44,36,3,3,10,8.0,0.03,0.05,20.0,0.0,0.0,1e-06,0.2933830605763908,0.3624238168397672,0.33797955077199593,0.5823679667666167,0.0014336047290531481,0.3609902121107141,70,0.2505370664090314,0.9516058474251271,0.9516231710809187,0.9472636316251203
Shorter series,21,200,8,0.7,0.15,90,130,200,diag,cholesky_gaussian_ar,bures_transport,44,36,3,3,10,8.0,0.03,0.05,20.0,0.0,0.0,1e-06,0.3024453612979136,0.3563260981128797,0.3318541662068185,0.5505537339350195,0.0014336047290531481,0.3548924933838266,70,0.15797065864859752,0.935595241811354,0.9355486897333178,0.9472636316251203
Shorter series,21,200,8,0.7,0.15,90,130,200,diag,log_euclidean_gaussian_ar,bures_transport,44,36,3,3,10,8.0,0.03,0.05,20.0,0.0,0.0,1e-06,0.3014698195247996,0.34905469727796135,0.323361876997652,0.5287298540488765,0.0014336047290531481,0.3476210925489083,70,0.1499570989682577,0.9165029326639685,0.9163802101220113,0.9472636316251203
Shorter series,21,200,8,0.7,0.15,90,130,200,diag,bwar_barycenter,bures_transport,44,36,3,3,10,8.0,0.03,0.05,20.0,0.0,0.0,1e-06,0.2889235359011838,0.34630291265084817,0.31891042576682455,0.5718805271081523,0.0014336047290531481,0.34486930792179493,70,0.20939980506913203,0.9092776504933622,0.9091261020461331,0.9472636316251203
Shorter series,22,200,8,0.7,0.15,90,130,200,diag,persistence,bures_transport,44,36,3,3,10,8.0,0.03,0.05,20.0,0.0,0.0,,0.39296342116689803,0.3650439131880316,,,0.0016450926810150064,0.3633988205070166,70,0.10882105840150681,1.0,1.0,1.0
Shorter series,22,200,8,0.7,0.15,90,130,200,diag,euclidean_gaussian_ar,bures_transport,44,36,3,3,10,8.0,0.03,0.05,20.0,0.0,0.0,1e-06,0.35297810722821493,0.33445171345532826,0.33947579712541953,0.5098473508344432,0.0013999966665022346,0.3330517167888259,70,0.2597510382397986,0.9161958366446026,0.9164909129978732,0.8510138563369269
Shorter series,22,200,8,0.7,0.15,90,130,200,diag,cholesky_gaussian_ar,bures_transport,44,36,3,3,10,8.0,0.03,0.05,20.0,0.0,0.0,1e-06,0.35397227494901895,0.34369671797361734,0.33259867414464567,0.5213736639756118,0.0013999966665022346,0.3422967213071152,70,0.2071696499892089,0.9415215692052412,0.9419312941895088,0.8510138563369269
Shorter series,22,200,8,0.7,0.15,90,130,200,diag,log_euclidean_gaussian_ar,bures_transport,44,36,3,3,10,8.0,0.03,0.05,20.0,0.0,0.0,1e-06,0.34760628242881253,0.3397567901526122,0.3445981199514848,0.521015601124602,0.0013999966665022346,0.33835679348610986,70,0.18335623873985343,0.9307285449178434,0.9310894102904134,0.8510138563369269
Shorter series,22,200,8,0.7,0.15,90,130,200,diag,bwar_barycenter,bures_transport,44,36,3,3,10,8.0,0.03,0.05,20.0,0.0,0.0,1e-06,0.3394533250398128,0.3258029216075969,0.32514189653089587,0.4961872217683872,0.0013999966665022357,0.3244029249410947,70,0.20603350227137598,0.8925033669573283,0.8926911883987004,0.8510138563369276
Shorter series,23,200,8,0.7,0.15,90,130,200,diag,persistence,bures_transport,44,36,3,3,10,8.0,0.03,0.05,20.0,0.0,0.0,,0.34039886644191153,0.34283368438848777,,,0.0017545444576904127,0.3410791399307973,70,0.08949964159837069,1.0,1.0,1.0
Shorter series,23,200,8,0.7,0.15,90,130,200,diag,euclidean_gaussian_ar,bures_transport,44,36,3,3,10,8.0,0.03,0.05,20.0,0.0,0.0,1e-06,0.31470893765530733,0.32248699581449153,0.2982669068013698,0.48013176933388413,0.0015040772807066486,0.3209829185337848,70,0.20962649745981882,0.9406514309984195,0.9410804735783903,0.8572466055870334
Shorter series,23,200,8,0.7,0.15,90,130,200,diag,cholesky_gaussian_ar,bures_transport,44,36,3,3,10,8.0,0.03,0.05,20.0,0.0,0.0,1e-06,0.3141331339868644,0.31127237997673746,0.298177231599253,0.46781881716036405,0.0015040772807066486,0.30976830269603084,70,0.16956522458006282,0.9079398966643368,0.9082006679120886,0.8572466055870334
Shorter series,23,200,8,0.7,0.15,90,130,200,diag,log_euclidean_gaussian_ar,bures_transport,44,36,3,3,10,8.0,0.03,0.05,20.0,0.0,0.0,0.0001,0.306440397411754,0.30719671730551207,0.2860014189771568,0.451435947403494,0.0015404842638840621,0.30565623304162803,70,0.15119246475323453,0.8960517338121505,0.8961446106133716,0.8779967114152651
Shorter series,23,200,8,0.7,0.15,90,130,200,diag,bwar_barycenter,bures_transport,44,36,3,3,10,8.0,0.03,0.05,20.0,0.0,0.0,1e-06,0.30063725545828246,0.3065415767288295,0.28279187460203925,0.45948851098826493,0.0015040772807066484,0.3050374994481228,70,0.178287650500119,0.8941407763814326,0.8943305636047191,0.8572466055870333
Shorter series,24,200,8,0.7,0.15,90,130,200,diag,persistence,bures_transport,44,36,3,3,10,8.0,0.03,0.05,20.0,0.0,0.015,,0.3885805749952171,0.42494810069035543,,,0.0017222962075181363,0.42322580448283736,70,0.11748348065336031,1.0,1.0,1.0
Shorter series,24,200,8,0.7,0.15,90,130,200,diag,euclidean_gaussian_ar,bures_transport,44,36,3,3,10,8.0,0.03,0.05,20.0,0.0,0.015,1e-06,0.3486225099432681,0.3749053935558197,0.3640452307540847,0.5511579512560769,0.0014659859416377079,0.3734394076141821,70,0.22826179056804569,0.8822380731829648,0.882364458071048,0.851181077469957
Shorter series,24,200,8,0.7,0.15,90,130,200,diag,cholesky_gaussian_ar,bures_transport,44,36,3,3,10,8.0,0.03,0.05,20.0,0.0,0.015,1e-06,0.3496741540276199,0.3752844143322305,0.36019955979957907,0.5409502630416229,0.0014659859416377079,0.3738184283905927,70,0.18110441126086285,0.883129995692549,0.8832600102145988,0.851181077469957
Shorter series,24,200,8,0.7,0.15,90,130,200,diag,log_euclidean_gaussian_ar,bures_transport,44,36,3,3,10,8.0,0.03,0.05,20.0,0.0,0.015,1e-06,0.34638885563054594,0.3710433851338488,0.35668601759846147,0.5366896562156044,0.0014659859416377079,0.36957739919221105,70,0.19303199361527706,0.873149884729606,0.8732392856901006,0.851181077469957
Shorter series,24,200,8,0.7,0.15,90,130,200,diag,bwar_barycenter,bures_transport,44,36,3,3,10,8.0,0.03,0.05,20.0,0.0,0.015,0.0001,0.34062210255205594,0.36416287862260144,0.3484809808966654,0.5349418822369921,0.0014856783164957147,0.3626772003061057,70,0.20417406738267363,0.8569584804144211,0.8569354620266614,0.8626148684590134
Shorter series,25,200,8,0.7,0.15,90,130,200,diag,persistence,bures_transport,44,36,3,3,10,8.0,0.03,0.05,20.0,0.0,0.005,,0.3709331689296062,0.3947757708666773,,,0.0014721816598672584,0.39330358920681013,70,0.06697478277609537,1.0,1.0,1.0
Shorter series,25,200,8,0.7,0.15,90,130,200,diag,euclidean_gaussian_ar,bures_transport,44,36,3,3,10,8.0,0.03,0.05,20.0,0.0,0.005,1e-06,0.34274439615223506,0.3454051071534398,0.31517727043686583,0.5237267676773907,0.0012213317517768987,0.344183775401663,70,0.2250145379180778,0.8749399852862023,0.8751096731555161,0.8296066885434655
Shorter series,25,200,8,0.7,0.15,90,130,200,diag,cholesky_gaussian_ar,bures_transport,44,36,3,3,10,8.0,0.03,0.05,20.0,0.0,0.005,1e-06,0.34682262012786574,0.34151867967098753,0.31627836869934445,0.5336818797154456,0.0012213317517768987,0.3402973479192106,70,0.138791266238075,0.8650953398716164,0.8652281780735864,0.8296066885434655
Shorter series,25,200,8,0.7,0.15,90,130,200,diag,log_euclidean_gaussian_ar,bures_transport,44,36,3,3,10,8.0,0.03,0.05,20.0,0.0,0.005,1e-06,0.35185895147745916,0.33730330705440553,0.32006319629120566,0.5268303615642571,0.0012213317517768987,0.33608197530262857,70,0.13708543781822374,0.8544174489581803,0.8545103185567604,0.8296066885434655
Shorter series,25,200,8,0.7,0.15,90,130,200,diag,bwar_barycenter,bures_transport,44,36,3,3,10,8.0,0.03,0.05,20.0,0.0,0.005,1e-06,0.3430475370615921,0.3342158407175349,0.3148991702637355,0.5239738942450483,0.001221331751776898,0.33299450896575805,70,0.1700365623839267,0.8465966388560494,0.8466602342412394,0.8296066885434651
Shorter series,26,200,8,0.7,0.15,90,130,200,diag,persistence,bures_transport,44,36,3,3,10,8.0,0.03,0.05,20.0,0.0,0.01,,0.4328402755858221,0.35598539448639044,,,0.0016309815573649195,0.35435441292902553,70,0.12466690308138005,1.0,1.0,1.0
Shorter series,26,200,8,0.7,0.15,90,130,200,diag,euclidean_gaussian_ar,bures_transport,44,36,3,3,10,8.0,0.03,0.05,20.0,0.0,0.01,0.0001,0.37458950907434624,0.3094945696617788,0.26362464961706955,0.49892396604083195,0.001363781205426348,0.3081307884563525,70,0.27225479894809573,0.8694024374463795,0.8695553863980487,0.8361720580272708
Shorter series,26,200,8,0.7,0.15,90,130,200,diag,cholesky_gaussian_ar,bures_transport,44,36,3,3,10,8.0,0.03,0.05,20.0,0.0,0.01,1e-06,0.37920795942995383,0.3259380849650156,0.28561973374521066,0.5007005523394884,0.0013511911768460062,0.3245868937881695,70,0.2092224929682912,0.9155939822623156,0.9159950658020499,0.8284527625370859
Shorter series,26,200,8,0.7,0.15,90,130,200,diag,log_euclidean_gaussian_ar,bures_transport,44,36,3,3,10,8.0,0.03,0.05,20.0,0.0,0.01,1e-06,0.3649298428554121,0.30958916835742545,0.26476687015403966,0.488188679093038,0.0013511911768460062,0.3082379771805794,70,0.19301675783415465,0.8696681750218863,0.8698578765613315,0.8284527625370859
Shorter series,26,200,8,0.7,0.15,90,130,200,diag,bwar_barycenter,bures_transport,44,36,3,3,10,8.0,0.03,0.05,20.0,0.0,0.01,1e-06,0.364907229326425,0.30275307351078873,0.2581738877077422,0.4868458676144874,0.001351191176846006,0.3014018823339427,70,0.21409946818617953,0.8504648735591965,0.8505661883610045,0.8284527625370858
Shorter series,27,200,8,0.7,0.15,90,130,200,diag,persistence,bures_transport,44,36,3,3,10,8.0,0.03,0.05,20.0,0.0,0.0,,0.34634784240724653,0.3663214952232607,,,0.0020289660295733625,0.3642925291936873,70,0.11452021424451933,1.0,1.0,1.0
Shorter series,27,200,8,0.7,0.15,90,130,200,diag,euclidean_gaussian_ar,bures_transport,44,36,3,3,10,8.0,0.03,0.05,20.0,0.0,0.0,1e-06,0.31204223300978684,0.32102541424503495,0.29949715068855853,0.502861082118219,0.0016807644124395447,0.31934464983259536,70,0.20047092948864492,0.8763488313711449,0.8766159727168217,0.8283846983840162
Shorter series,27,200,8,0.7,0.15,90,130,200,diag,cholesky_gaussian_ar,bures_transport,44,36,3,3,10,8.0,0.03,0.05,20.0,0.0,0.0,1e-06,0.30241296382979793,0.3400477269838546,0.316608843556202,0.5476784218594194,0.0016807644124395447,0.33836696257141513,70,0.18427877563430564,0.9282767498440322,0.9288331092606951,0.8283846983840162
Shorter series,27,200,8,0.7,0.15,90,130,200,diag,log_euclidean_gaussian_ar,bures_transport,44,36,3,3,10,8.0,0.03,0.05,20.0,0.0,0.0,1e-06,0.3009816392390598,0.3272563527473613,0.3023348588896839,0.5170420004635078,0.0016807644124395447,0.3255755883349218,70,0.18498656770157001,0.8933583123423033,0.8937201898033421,0.8283846983840162
Shorter series,27,200,8,0.7,0.15,90,130,200,diag,bwar_barycenter,bures_transport,44,36,3,3,10,8.0,0.03,0.05,20.0,0.0,0.0,1e-06,0.30108258357669343,0.3185154687229104,0.3018457698385635,0.48629910874085147,0.0016807644124395443,0.3168347043104709,70,0.19425649906575584,0.8694970753184601,0.8697260550792574,0.828384698384016
Shorter series,28,200,8,0.7,0.15,90,130,200,diag,persistence,bures_transport,44,36,3,3,10,8.0,0.03,0.05,20.0,0.0,0.005,,0.37938408251904904,0.3684991138425882,,,0.0017914482430567524,0.3667076655995315,70,0.08863073606346712,1.0,1.0,1.0
Shorter series,28,200,8,0.7,0.15,90,130,200,diag,euclidean_gaussian_ar,bures_transport,44,36,3,3,10,8.0,0.03,0.05,20.0,0.0,0.005,1e-06,0.33591504006081435,0.34261610630715333,0.3374856086031578,0.5099510981957376,0.0015889050938347085,0.34102720121331864,70,0.22549373986051008,0.9297610046723441,0.929970200256851,0.8869388775215498
Shorter series,28,200,8,0.7,0.15,90,130,200,diag,cholesky_gaussian_ar,bures_transport,44,36,3,3,10,8.0,0.03,0.05,20.0,0.0,0.005,1e-06,0.339353440412825,0.34596031907893404,0.33502742456946677,0.5281347641380543,0.0015889050938347085,0.3443714139850992,70,0.1666631175340842,0.9388362307615153,0.9390897608373834,0.8869388775215498
Shorter series,28,200,8,0.7,0.15,90,130,200,diag,log_euclidean_gaussian_ar,bures_transport,44,36,3,3,10,8.0,0.03,0.05,20.0,0.0,0.005,1e-06,0.33550047989371123,0.34528262106255536,0.32853409448791004,0.5192561978458283,0.0015889050938347085,0.34369371596872067,70,0.174195166092966,0.9369971543813529,0.9372417001613935,0.8869388775215498
Shorter series,28,200,8,0.7,0.15,90,130,200,diag,bwar_barycenter,bures_transport,44,36,3,3,10,8.0,0.03,0.05,20.0,0.0,0.005,1e-06,0.328805074251345,0.33517970052994006,0.32103634046169616,0.5044153675546739,0.001588905093834709,0.3335907954361053,70,0.19724394776864274,0.9095807505065502,0.9096913610756314,0.88693887752155
Shorter series,29,200,8,0.7,0.15,90,130,200,diag,persistence,bures_transport,44,36,3,3,10,8.0,0.03,0.05,20.0,0.0,0.0,,0.38797592588744456,0.3908308960715881,,,0.0016420942405403428,0.3891888018310478,70,0.10189670748026837,1.0,1.0,1.0
Shorter series,29,200,8,0.7,0.15,90,130,200,diag,euclidean_gaussian_ar,bures_transport,44,36,3,3,10,8.0,0.03,0.05,20.0,0.0,0.0,1e-06,0.33860809667394853,0.3553631436912501,0.3111637050026156,0.546618126004575,0.0014263314322590045,0.35393681225899115,70,0.28107316767909846,0.909250387477449,0.9094218810864964,0.8686051001492217
Shorter series,29,200,8,0.7,0.15,90,130,200,diag,cholesky_gaussian_ar,bures_transport,44,36,3,3,10,8.0,0.03,0.05,20.0,0.0,0.0,1e-06,0.3355588598313225,0.35615741408649676,0.31960705251965116,0.5355961553147213,0.0014263314322590045,0.35473108265423786,70,0.2297901407831849,0.9112826484968061,0.9114627167721837,0.8686051001492217
Shorter series,29,200,8,0.7,0.15,90,130,200,diag,log_euclidean_gaussian_ar,bures_transport,44,36,3,3,10,8.0,0.03,0.05,20.0,0.0,0.0,1e-06,0.33161757007137005,0.34688542502119946,0.3170024091050517,0.49562053191033123,0.0014263314322590045,0.3454590935889405,70,0.19836570416418786,0.8875588611542645,0.8876388322676073,0.8686051001492217
Shorter series,29,200,8,0.7,0.15,90,130,200,diag,bwar_barycenter,bures_transport,44,36,3,3,10,8.0,0.03,0.05,20.0,0.0,0.0,0.0001,0.3304301092989085,0.3453569739869656,0.3121162237344543,0.5247715184836742,0.0014718552439467998,0.34388511874301875,70,0.2541779200611167,0.8836480878515471,0.8835945873188407,0.896328120280402
Shorter series,30,200,8,0.7,0.15,90,130,200,diag,persistence,bures_transport,44,36,3,3,10,8.0,0.03,0.05,20.0,0.0,0.005,,0.39213137589612673,0.36013652240719596,,,0.001534319549221535,0.3586022028579744,70,0.08018807440902026,1.0,1.0,1.0
Shorter series,30,200,8,0.7,0.15,90,130,200,diag,euclidean_gaussian_ar,bures_transport,44,36,3,3,10,8.0,0.03,0.05,20.0,0.0,0.005,1e-06,0.3494163500994545,0.32406334840615747,0.29539877692396665,0.5121013163287418,0.001329947651383,0.32273340075477447,70,0.18606789074798852,0.8998347244541569,0.8999760686985911,0.8667996520397419
Shorter series,30,200,8,0.7,0.15,90,130,200,diag,cholesky_gaussian_ar,bures_transport,44,36,3,3,10,8.0,0.03,0.05,20.0,0.0,0.005,1e-06,0.3515144631152639,0.33090382871347973,0.3054952595815056,0.5280868084928644,0.001329947651383,0.32957388106209673,70,0.153782823185465,0.9188288555175649,0.919051468271726,0.8667996520397419
Shorter series,30,200,8,0.7,0.15,90,130,200,diag,log_euclidean_gaussian_ar,bures_transport,44,36,3,3,10,8.0,0.03,0.05,20.0,0.0,0.005,1e-06,0.3513756444333954,0.32737439974488186,0.3051770308795565,0.5063112421795825,0.001329947651383,0.3260444520934989,70,0.14727139113881907,0.9090286026995316,0.9092092839781855,0.8667996520397419
Shorter series,30,200,8,0.7,0.15,90,130,200,diag,bwar_barycenter,bures_transport,44,36,3,3,10,8.0,0.03,0.05,20.0,0.0,0.005,1e-06,0.340883215185582,0.3174780704840653,0.2915589127134325,0.4922341762306701,0.0013299476513829996,0.31614812283268234,70,0.17762444270637429,0.8815492201735152,0.8816123278470039,0.8667996520397415
Shorter series,31,200,8,0.7,0.15,90,130,200,diag,persistence,bures_transport,44,36,3,3,10,8.0,0.03,0.05,20.0,0.0,0.0,,0.34944621134398546,0.4112461775813416,,,0.001614633545418804,0.40963154403592283,70,0.08598878025482826,1.0,1.0,1.0
Shorter series,31,200,8,0.7,0.15,90,130,200,diag,euclidean_gaussian_ar,bures_transport,44,36,3,3,10,8.0,0.03,0.05,20.0,0.0,0.0,1e-06,0.31151410708399363,0.36339693847102844,0.3202592011025414,0.5508972611979873,0.001379651421496581,0.3620172870495319,70,0.256690512706325,0.8836481851534076,0.8837632070097234,0.854467210476992
Shorter series,31,200,8,0.7,0.15,90,130,200,diag,cholesky_gaussian_ar,bures_transport,44,36,3,3,10,8.0,0.03,0.05,20.0,0.0,0.0,1e-06,0.3270119646399928,0.37483300988442075,0.32200102430097755,0.5646615556147244,0.001379651421496581,0.3734533584629242,70,0.20047360344529183,0.9114565200068795,0.9116811532223554,0.854467210476992
Shorter series,31,200,8,0.7,0.15,90,130,200,diag,log_euclidean_gaussian_ar,bures_transport,44,36,3,3,10,8.0,0.03,0.05,20.0,0.0,0.0,1e-06,0.3142259094302461,0.36246933131530895,0.31992209496359697,0.549705834084119,0.001379651421496581,0.3610896798938124,70,0.193620391387783,0.8813925844784662,0.8814987154947874,0.854467210476992
Shorter series,31,200,8,0.7,0.15,90,130,200,diag,bwar_barycenter,bures_transport,44,36,3,3,10,8.0,0.03,0.05,20.0,0.0,0.0,1e-06,0.3043348919249838,0.3556436779262896,0.30699844176009905,0.5466687248925742,0.001379651421496581,0.3542640265047931,70,0.2192120992211711,0.8647950967421352,0.8648358058912713,0.854467210476992
Shorter series,32,200,8,0.7,0.15,90,130,200,diag,persistence,bures_transport,44,36,3,3,10,8.0,0.03,0.05,20.0,0.0,0.0,,0.4017984416256228,0.394570967747047,,,0.0021432553573454624,0.3924277123897015,70,0.09499183398951727,1.0,1.0,1.0
Shorter series,32,200,8,0.7,0.15,90,130,200,diag,euclidean_gaussian_ar,bures_transport,44,36,3,3,10,8.0,0.03,0.05,20.0,0.0,0.0,1e-06,0.35626814601779216,0.3703440693076328,0.36056870447563727,0.5487515834919325,0.0017666912176070595,0.36857737809002566,70,0.2296514400614549,0.9385993891599606,0.939223623748592,0.8243027185501601
Shorter series,32,200,8,0.7,0.15,90,130,200,diag,cholesky_gaussian_ar,bures_transport,44,36,3,3,10,8.0,0.03,0.05,20.0,0.0,0.0,1e-06,0.3686626248955213,0.39293664481524626,0.3925471915078794,0.5706913872316719,0.0017666912176070595,0.3911699535976392,70,0.19266622920840284,0.9958579746981069,0.9967949287159076,0.8243027185501601
Shorter series,32,200,8,0.7,0.15,90,130,200,diag,log_euclidean_gaussian_ar,bures_transport,44,36,3,3,10,8.0,0.03,0.05,20.0,0.0,0.0,1e-06,0.35487356891986443,0.3700838285926767,0.3676790332409544,0.5684084212305135,0.0017666912176070595,0.3683171373750696,70,0.1671638566337862,0.9379398355277153,0.938560467945014,0.8243027185501601
Shorter series,32,200,8,0.7,0.15,90,130,200,diag,bwar_barycenter,bures_transport,44,36,3,3,10,8.0,0.03,0.05,20.0,0.0,0.0,1e-06,0.34831400130896223,0.3610408048184538,0.3492953887044166,0.5485593236662089,0.0017666912176070592,0.35927411360084677,70,0.18506341606202925,0.9150212112156999,0.9155166729001762,0.82430271855016
Shorter series,33,200,8,0.7,0.15,90,130,200,diag,persistence,bures_transport,44,36,3,3,10,8.0,0.03,0.05,20.0,0.0,0.01,,0.3575810396864214,0.4107239394998227,,,0.001686598372853787,0.409037341126969,70,0.04999999999999934,1.0,1.0,1.0
Shorter series,33,200,8,0.7,0.15,90,130,200,diag,euclidean_gaussian_ar,bures_transport,44,36,3,3,10,8.0,0.03,0.05,20.0,0.0,0.01,1e-06,0.32758024060579305,0.37268849979849616,0.3692995166878558,0.5682583146683008,0.0013976235968631001,0.37129087620163304,70,0.2383863016919871,0.9073941495895128,0.9077187798518886,0.8286641439706058
Shorter series,33,200,8,0.7,0.15,90,130,200,diag,cholesky_gaussian_ar,bures_transport,44,36,3,3,10,8.0,0.03,0.05,20.0,0.0,0.01,1e-06,0.34166214137799117,0.37240565068681786,0.3578820682893811,0.5702502116989046,0.0013976235968631001,0.37100802708995484,70,0.17699588950188122,0.9067054896783746,0.9070272803645829,0.8286641439706058
Shorter series,33,200,8,0.7,0.15,90,130,200,diag,log_euclidean_gaussian_ar,bures_transport,44,36,3,3,10,8.0,0.03,0.05,20.0,0.0,0.01,0.0001,0.3319460532418902,0.36788663824286183,0.3549375445855413,0.579977418551799,0.0014290286216331798,0.3664576096212286,70,0.1408235228982313,0.89570293538495,0.8959025809515927,0.8472844778186346
Shorter series,33,200,8,0.7,0.15,90,130,200,diag,bwar_barycenter,bures_transport,44,36,3,3,10,8.0,0.03,0.05,20.0,0.0,0.01,1e-06,0.3157629974556061,0.3613348356723632,0.3470012269613092,0.5655172375545052,0.001397623596863101,0.3599372120755001,70,0.1980044457177268,0.8797510953766042,0.8799617440398241,0.8286641439706064
Shorter series,34,200,8,0.7,0.15,90,130,200,diag,persistence,bures_transport,44,36,3,3,10,8.0,0.03,0.05,20.0,0.0,0.0,,0.3625030313207628,0.34550961675812236,,,0.0016691068336686463,0.3438405099244537,70,0.06523156785924142,1.0,1.0,1.0
Shorter series,34,200,8,0.7,0.15,90,130,200,diag,euclidean_gaussian_ar,bures_transport,44,36,3,3,10,8.0,0.03,0.05,20.0,0.0,0.0,1e-06,0.30628062600634365,0.30954398113384807,0.2887109086237926,0.44451150755723207,0.0014000491776794241,0.3081439319561687,70,0.16118729982458418,0.8959055439274433,0.8961827447960451,0.8388014172838526
Shorter series,34,200,8,0.7,0.15,90,130,200,diag,cholesky_gaussian_ar,bures_transport,44,36,3,3,10,8.0,0.03,0.05,20.0,0.0,0.0,1e-06,0.3233112303845367,0.32520215575776196,0.30400809608155555,0.4719586450696951,0.0014000491776794241,0.3238021065800825,70,0.11938045468758775,0.9412246142642772,0.9417218077393676,0.8388014172838526
Shorter series,34,200,8,0.7,0.15,90,130,200,diag,log_euclidean_gaussian_ar,bures_transport,44,36,3,3,10,8.0,0.03,0.05,20.0,0.0,0.0,0.0001,0.30128753502279504,0.3075604872844178,0.29318673859057487,0.44947685786101904,0.0014135278471264976,0.3061469594372914,70,0.11505235634973494,0.8901647663825484,0.8903748994106482,0.8468767957888029
Shorter series,34,200,8,0.7,0.15,90,130,200,diag,bwar_barycenter,bures_transport,44,36,3,3,10,8.0,0.03,0.05,20.0,0.0,0.0,0.0001,0.29886803272630014,0.30192662808981463,0.2963538173728879,0.4465325710192986,0.0014135278471264976,0.3005131002426882,70,0.14278358975873778,0.8738588260516683,0.8739898050660606,0.8468767957888029
Shorter series,35,200,8,0.7,0.15,90,130,200,diag,persistence,bures_transport,44,36,3,3,10,8.0,0.03,0.05,20.0,0.0,0.0,,0.4108774475042833,0.36755157539397787,,,0.0017443819889526454,0.36580719340502527,70,0.1052883997886451,1.0,1.0,1.0
Shorter series,35,200,8,0.7,0.15,90,130,200,diag,euclidean_gaussian_ar,bures_transport,44,36,3,3,10,8.0,0.03,0.05,20.0,0.0,0.0,1e-06,0.3729113139946958,0.32902338225864114,0.31221332656639234,0.501733201931218,0.001474287846919661,0.3275490944117214,70,0.26300874829535525,0.8951760903376936,0.8954145799124729,0.8451634196273987
Shorter series,35,200,8,0.7,0.15,90,130,200,diag,cholesky_gaussian_ar,bures_transport,44,36,3,3,10,8.0,0.03,0.05,20.0,0.0,0.0,1e-06,0.3907889327937078,0.334175346665131,0.32038838868455766,0.4681160689841571,0.001474287846919661,0.33270105881821127,70,0.18619823096624494,0.9091930739432392,0.9094984046687169,0.8451634196273987
Shorter series,35,200,8,0.7,0.15,90,130,200,diag,log_euclidean_gaussian_ar,bures_transport,44,36,3,3,10,8.0,0.03,0.05,20.0,0.0,0.0,1e-06,0.3810711205660768,0.33047830946178347,0.3171685314441305,0.4859304622657683,0.001474287846919661,0.32900402161486386,70,0.18319824699820422,0.8991345203936192,0.8993918860709429,0.8451634196273987
Shorter series,35,200,8,0.7,0.15,90,130,200,diag,bwar_barycenter,bures_transport,44,36,3,3,10,8.0,0.03,0.05,20.0,0.0,0.0,1e-06,0.3715482599417192,0.3220759247657517,0.3037898408862515,0.48885004714290803,0.0014742878469196606,0.32060163691883203,70,0.19514502395686195,0.8762740968271435,0.8764224506757001,0.8451634196273985
Shorter series,36,200,8,0.7,0.15,90,130,200,diag,persistence,bures_transport,44,36,3,3,10,8.0,0.03,0.05,20.0,0.0,0.0,,0.3246245412578408,0.35516055924425416,,,0.001396097102279895,0.35376446214197427,70,0.12340105478635151,1.0,1.0,1.0
Shorter series,36,200,8,0.7,0.15,90,130,200,diag,euclidean_gaussian_ar,bures_transport,44,36,3,3,10,8.0,0.03,0.05,20.0,0.0,0.0,1e-06,0.2915859643546863,0.3146264317709637,0.3004429900642487,0.4876083700064466,0.0011861545437637196,0.31344027722720014,70,0.25644479982286245,0.8858709774544139,0.8860140312833598,0.8496218076999594
Shorter series,36,200,8,0.7,0.15,90,130,200,diag,cholesky_gaussian_ar,bures_transport,44,36,3,3,10,8.0,0.03,0.05,20.0,0.0,0.0,1e-06,0.29930323033202694,0.31754058552326425,0.3074580250216543,0.48728916737168976,0.0011861545437637196,0.3163544309795005,70,0.20900808000469975,0.8940761502317672,0.8942515849784249,0.8496218076999594
Shorter series,36,200,8,0.7,0.15,90,130,200,diag,log_euclidean_gaussian_ar,bures_transport,44,36,3,3,10,8.0,0.03,0.05,20.0,0.0,0.0,1e-06,0.295048347379823,0.3155763992131608,0.3036405495553369,0.4762407283448131,0.0011861545437637196,0.31439024466939713,70,0.20102180924281896,0.8885457323433534,0.888699341832772,0.8496218076999594
Shorter series,36,200,8,0.7,0.15,90,130,200,diag,bwar_barycenter,bures_transport,44,36,3,3,10,8.0,0.03,0.05,20.0,0.0,0.0,1e-06,0.2879732939104472,0.30935400196868224,0.29601984433421236,0.4782627612797107,0.0011861545437637196,0.3081678474249185,70,0.21876487414501875,0.8710257766992944,0.8711102453848042,0.8496218076999594
Shorter series,37,200,8,0.7,0.15,90,130,200,diag,persistence,bures_transport,44,36,3,3,10,8.0,0.03,0.05,20.0,0.0,0.0,,0.4040990382580317,0.4472131260381499,,,0.0013528913841763686,0.4458602346539734,70,0.09578086920775282,1.0,1.0,1.0
Shorter series,37,200,8,0.7,0.15,90,130,200,diag,euclidean_gaussian_ar,bures_transport,44,36,3,3,10,8.0,0.03,0.05,20.0,0.0,0.0,1e-06,0.35873078399044456,0.40423804924221907,0.3863555577642731,0.6396975555147822,0.001227564361510501,0.4030104848807087,70,0.24206228133817426,0.9039047060701326,0.903894210690218,0.9073635739485725
Shorter series,37,200,8,0.7,0.15,90,130,200,diag,cholesky_gaussian_ar,bures_transport,44,36,3,3,10,8.0,0.03,0.05,20.0,0.0,0.0,1e-06,0.35596599314845934,0.40625190086593654,0.3997153720907195,0.6155958585884028,0.001227564361510501,0.40502433650442604,70,0.1849255103458188,0.9084078199245004,0.9084109885214599,0.9073635739485725
Shorter series,37,200,8,0.7,0.15,90,130,200,diag,log_euclidean_gaussian_ar,bures_transport,44,36,3,3,10,8.0,0.03,0.05,20.0,0.0,0.0,0.0001,0.34522045745977276,0.4032354070821124,0.3890708198777901,0.6110688433502715,0.0012762786808041477,0.40195912840130826,70,0.16582179834146824,0.9016627276895135,0.9015361702154572,0.9433711351345014
Shorter series,37,200,8,0.7,0.15,90,130,200,diag,bwar_barycenter,bures_transport,44,36,3,3,10,8.0,0.03,0.05,20.0,0.0,0.0,1e-06,0.34834658588072076,0.393716713826467,0.3738018043390115,0.6098356864088466,0.0012275643615105012,0.3924891494649566,70,0.1841264263720765,0.8803782601695833,0.8802963775622703,0.9073635739485726
Shorter series,38,200,8,0.7,0.15,90,130,200,diag,persistence,bures_transport,44,36,3,3,10,8.0,0.03,0.05,20.0,0.0,0.0,,0.415641093752547,0.3605129985452522,,,0.0013626417617225077,0.35915035678352963,70,0.053882652623498575,1.0,1.0,1.0
Shorter series,38,200,8,0.7,0.15,90,130,200,diag,euclidean_gaussian_ar,bures_transport,44,36,3,3,10,8.0,0.03,0.05,20.0,0.0,0.0,1e-06,0.38734778013350213,0.33123271200347637,0.3400058571818728,0.5118627209078677,0.0011832448096698416,0.3300494671938064,70,0.2192191054289689,0.918781606599684,0.9189729620475828,0.8683462102131
Shorter series,38,200,8,0.7,0.15,90,130,200,diag,cholesky_gaussian_ar,bures_transport,44,36,3,3,10,8.0,0.03,0.05,20.0,0.0,0.0,1e-06,0.4007601529372932,0.3272975833175407,0.31688849213282266,0.4813289481496463,0.0011832448096698416,0.32611433850787097,70,0.1326726399195297,0.9078662479251987,0.9080161897331194,0.8683462102131
Shorter series,38,200,8,0.7,0.15,90,130,200,diag,log_euclidean_gaussian_ar,bures_transport,44,36,3,3,10,8.0,0.03,0.05,20.0,0.0,0.0,1e-06,0.379766331851493,0.3211853942718179,0.307790951831986,0.4749975438816524,0.0011832448096698416,0.32000214946214817,70,0.12078087311509937,0.8909121046061317,0.8909977211995999,0.8683462102131
Shorter series,38,200,8,0.7,0.15,90,130,200,diag,bwar_barycenter,bures_transport,44,36,3,3,10,8.0,0.03,0.05,20.0,0.0,0.0,0.0001,0.37236619014826633,0.31918758032534705,0.3191828464243136,0.47965945652552694,0.0011892870261841586,0.3179982932991629,70,0.151739634393041,0.8853705181597831,0.8854182859432038,0.8727804031785931
Shorter series,39,200,8,0.7,0.15,90,130,200,diag,persistence,bures_transport,44,36,3,3,10,8.0,0.03,0.05,20.0,0.0,0.0,,0.39660086096188324,0.34985020403664036,,,0.0018031299098377601,0.34804707412680275,70,0.08869733134981919,1.0,1.0,1.0
Shorter series,39,200,8,0.7,0.15,90,130,200,diag,euclidean_gaussian_ar,bures_transport,44,36,3,3,10,8.0,0.03,0.05,20.0,0.0,0.0,1e-06,0.3601075457206476,0.32354407148479414,0.30899372315512214,0.5499242254306199,0.0014994678564799375,0.32204460362831433,70,0.2338118633279916,0.9248074397318599,0.9252903631966317,0.8315916941419128
Shorter series,39,200,8,0.7,0.15,90,130,200,diag,cholesky_gaussian_ar,bures_transport,44,36,3,3,10,8.0,0.03,0.05,20.0,0.0,0.0,1e-06,0.36830206556013606,0.3269977144467677,0.3102636578753556,0.5556398751925075,0.0014994678564799375,0.32549824659028775,70,0.13774503840759347,0.9346792160581981,0.935213282303589,0.8315916941419128
Shorter series,39,200,8,0.7,0.15,90,130,200,diag,log_euclidean_gaussian_ar,bures_transport,44,36,3,3,10,8.0,0.03,0.05,20.0,0.0,0.0,1e-06,0.34836394532798515,0.3211547304233095,0.31075404849354954,0.5287774054596559,0.0014994678564799375,0.31965526256682963,70,0.14641921013244652,0.9179778279897028,0.9184253692371819,0.8315916941419128
Shorter series,39,200,8,0.7,0.15,90,130,200,diag,bwar_barycenter,bures_transport,44,36,3,3,10,8.0,0.03,0.05,20.0,0.0,0.0,1e-06,0.34630408512400945,0.31305942895785266,0.29730908175399695,0.5291053373831952,0.0014994678564799375,0.31155996110137263,70,0.1605074387557812,0.8948384918622642,0.8951661549893194,0.8315916941419128
Shorter series,40,200,8,0.7,0.15,90,130,200,diag,persistence,bures_transport,44,36,3,3,10,8.0,0.03,0.05,20.0,0.0,0.0,,0.3597215721405103,0.37920615627135884,,,0.0016765264630576758,0.3775296298083013,70,0.09817307900838507,1.0,1.0,1.0
Shorter series,40,200,8,0.7,0.15,90,130,200,diag,euclidean_gaussian_ar,bures_transport,44,36,3,3,10,8.0,0.03,0.05,20.0,0.0,0.0,1e-06,0.33029136834772316,0.34236439396349494,0.31168864447383005,0.5389420389825618,0.0014159826368635435,0.34094841132663134,70,0.24305393401751152,0.9028450311299797,0.9031037153289271,0.844593072680196
Shorter series,40,200,8,0.7,0.15,90,130,200,diag,cholesky_gaussian_ar,bures_transport,44,36,3,3,10,8.0,0.03,0.05,20.0,0.0,0.0,1e-06,0.3399219610716227,0.3534813175880484,0.31561062391292427,0.5711172517594458,0.0014159826368635435,0.35206533495118486,70,0.18419510407305054,0.932161336893218,0.9325502083901429,0.844593072680196
Shorter series,40,200,8,0.7,0.15,90,130,200,diag,log_euclidean_gaussian_ar,bures_transport,44,36,3,3,10,8.0,0.03,0.05,20.0,0.0,0.0,1e-06,0.33016904548435094,0.343564806594155,0.305868295173753,0.5554840609361198,0.0014159826368635435,0.34214882395729146,70,0.1625597273992868,0.9060106248599535,0.9062833667678609,0.844593072680196
Shorter series,40,200,8,0.7,0.15,90,130,200,diag,bwar_barycenter,bures_transport,44,36,3,3,10,8.0,0.03,0.05,20.0,0.0,0.0,1e-06,0.32033762203401184,0.33544528717316435,0.3088221378377686,0.5420438739113163,0.0014159826368635438,0.3340293045363008,70,0.17935220469333685,0.8845987377196499,0.8847763941227905,0.8445930726801961
Shorter series,41,200,8,0.7,0.15,90,130,200,diag,persistence,bures_transport,44,36,3,3,10,8.0,0.03,0.05,20.0,0.0,0.0,,0.386826887825797,0.4345193110064564,,,0.0017580971234122127,0.43276121388304417,70,0.07502134841624825,1.0,1.0,1.0
Shorter series,41,200,8,0.7,0.15,90,130,200,diag,euclidean_gaussian_ar,bures_transport,44,36,3,3,10,8.0,0.03,0.05,20.0,0.0,0.0,1e-06,0.35484019213961643,0.3750434367107349,0.3431729903216107,0.6021233584039595,0.0015433073047888635,0.37350012940594607,70,0.2502141212630846,0.8631225982616046,0.8630628564298424,0.8778282406796314
Shorter series,41,200,8,0.7,0.15,90,130,200,diag,cholesky_gaussian_ar,bures_transport,44,36,3,3,10,8.0,0.03,0.05,20.0,0.0,0.0,1e-06,0.37807958527491736,0.3788143215892679,0.34665337984845496,0.6172205416508943,0.0015433073047888635,0.3772710142844792,70,0.1681315917993555,0.8718008889221478,0.8717764027402847,0.8778282406796314
Shorter series,41,200,8,0.7,0.15,90,130,200,diag,log_euclidean_gaussian_ar,bures_transport,44,36,3,3,10,8.0,0.03,0.05,20.0,0.0,0.0,0.0001,0.3639100183532643,0.3709284856235603,0.32816726552888986,0.6061211512348296,0.0015942530541149806,0.3693342325694452,70,0.16443370414919747,0.8536524757999737,0.8534365389530023,0.9068060193516304
Shorter series,41,200,8,0.7,0.15,90,130,200,diag,bwar_barycenter,bures_transport,44,36,3,3,10,8.0,0.03,0.05,20.0,0.0,0.0,1e-06,0.3511161608927327,0.3669675036674059,0.32731920263192193,0.6090106980570207,0.001543307304788863,0.36542419636261697,70,0.210770052764002,0.8445366969247385,0.8444014496672861,0.8778282406796312
Shorter series,42,200,8,0.7,0.15,90,130,200,diag,persistence,bures_transport,44,36,3,3,10,8.0,0.03,0.05,20.0,0.0,0.0,,0.4461757553400104,0.4473838160450658,,,0.0015699851732998143,0.445813830871766,70,0.07096012322303356,1.0,1.0,1.0
Shorter series,42,200,8,0.7,0.15,90,130,200,diag,euclidean_gaussian_ar,bures_transport,44,36,3,3,10,8.0,0.03,0.05,20.0,0.0,0.0,1e-06,0.41609596024755086,0.3972077189516853,0.36505360070422954,0.6279803608080005,0.0013834329290965245,0.3958242860225887,70,0.2752005665956605,0.887845524818166,0.8878690130554601,0.8811757923731267
Shorter series,42,200,8,0.7,0.15,90,130,200,diag,cholesky_gaussian_ar,bures_transport,44,36,3,3,10,8.0,0.03,0.05,20.0,0.0,0.0,1e-06,0.42738497555268057,0.4061702614775945,0.3662604703493893,0.6383849761828819,0.0013834329290965245,0.4047868285484979,70,0.19506775486684294,0.9078787540152776,0.9079727915954471,0.8811757923731267
Shorter series,42,200,8,0.7,0.15,90,130,200,diag,log_euclidean_gaussian_ar,bures_transport,44,36,3,3,10,8.0,0.03,0.05,20.0,0.0,0.0,1e-06,0.41649717894939614,0.3941336696528945,0.35157681848070443,0.6036890196679174,0.0013834329290965245,0.39275023672379794,70,0.16636488039425748,0.8809743569561593,0.8809736475779476,0.8811757923731267
Shorter series,42,200,8,0.7,0.15,90,130,200,diag,bwar_barycenter,bures_transport,44,36,3,3,10,8.0,0.03,0.05,20.0,0.0,0.0,1e-06,0.40541112476358626,0.3855474106795276,0.348649608919129,0.5965867358573668,0.0013834329290965243,0.38416397775043115,70,0.2001304606044024,0.8617822032272412,0.8617139064510813,0.8811757923731266
Shorter series,43,200,8,0.7,0.15,90,130,200,diag,persistence,bures_transport,44,36,3,3,10,8.0,0.03,0.05,20.0,0.0,0.0,,0.3415850210886952,0.38723816934121164,,,0.001586990372718651,0.38565117896849305,70,0.06606170113740303,1.0,1.0,1.0
Shorter series,43,200,8,0.7,0.15,90,130,200,diag,euclidean_gaussian_ar,bures_transport,44,36,3,3,10,8.0,0.03,0.05,20.0,0.0,0.0,0.0001,0.32819713823271196,0.3469525427331404,0.3411575553984222,0.517875162945614,0.001347714433210888,0.3456048282999295,70,0.2131132650496872,0.8959667982197956,0.8961591384844819,0.8492265966945579
Shorter series,43,200,8,0.7,0.15,90,130,200,diag,cholesky_gaussian_ar,bures_transport,44,36,3,3,10,8.0,0.03,0.05,20.0,0.0,0.0,1e-06,0.3286184148405559,0.34619141930267877,0.3414713967958414,0.5274067519602702,0.0013250362338321944,0.3448663830688466,70,0.1599723972898513,0.8940012806372791,0.8942443375676067,0.8349365293012416
Shorter series,43,200,8,0.7,0.15,90,130,200,diag,log_euclidean_gaussian_ar,bures_transport,44,36,3,3,10,8.0,0.03,0.05,20.0,0.0,0.0,1e-06,0.33177537014632963,0.343067008655441,0.33650960278986997,0.5042168492080563,0.0013250362338321944,0.3417419724216087,70,0.14100843823095832,0.885932833633325,0.8861426881558382,0.8349365293012416
Shorter series,43,200,8,0.7,0.15,90,130,200,diag,bwar_barycenter,bures_transport,44,36,3,3,10,8.0,0.03,0.05,20.0,0.0,0.0,1e-06,0.3168419344771392,0.3353843940557514,0.32850540583387244,0.49711769859271626,0.0013250362338321948,0.3340593578219191,70,0.17120611123460122,0.8660933260435654,0.8662215391521235,0.834936529301242
Shorter series,44,200,8,0.7,0.15,90,130,200,diag,persistence,bures_transport,44,36,3,3,10,8.0,0.03,0.05,20.0,0.0,0.005,,0.3850115195345299,0.3913763848631427,,,0.0017898296006392486,0.3895865552625035,70,0.06834088715851645,1.0,1.0,1.0
Shorter series,44,200,8,0.7,0.15,90,130,200,diag,euclidean_gaussian_ar,bures_transport,44,36,3,3,10,8.0,0.03,0.05,20.0,0.0,0.005,1e-06,0.34633076963131787,0.35124329590238534,0.32492848226855664,0.533507415813555,0.0015244102244849835,0.3497188856779004,70,0.20975528324038176,0.8974565392472743,0.8976667211789681,0.851706902121035
Shorter series,44,200,8,0.7,0.15,90,130,200,diag,cholesky_gaussian_ar,bures_transport,44,36,3,3,10,8.0,0.03,0.05,20.0,0.0,0.005,1e-06,0.3490522765129769,0.3594073434293701,0.3331728186074856,0.5625351451176204,0.0015244102244849835,0.35788293320488507,70,0.15709770596407704,0.9183163760763143,0.9186223917910705,0.851706902121035
Shorter series,44,200,8,0.7,0.15,90,130,200,diag,log_euclidean_gaussian_ar,bures_transport,44,36,3,3,10,8.0,0.03,0.05,20.0,0.0,0.005,1e-06,0.3525201656013347,0.362548216995202,0.32160146334056494,0.5744078491764324,0.0015244102244849835,0.3610238067707171,70,0.13136107412932424,0.9263415755704796,0.9266844604723569,0.851706902121035
Shorter series,44,200,8,0.7,0.15,90,130,200,diag,bwar_barycenter,bures_transport,44,36,3,3,10,8.0,0.03,0.05,20.0,0.0,0.005,1e-06,0.34033558788766116,0.345642007684772,0.315536608739423,0.5287052311060577,0.001524410224484984,0.344117597460287,70,0.15389427957807889,0.8831447707445016,0.8832892018781819,0.8517069021210352
Shorter series,45,200,8,0.7,0.15,90,130,200,diag,persistence,bures_transport,44,36,3,3,10,8.0,0.03,0.05,20.0,0.0,0.005,,0.3448339141200318,0.3393415962946123,,,0.0013691669411870504,0.3379724293534252,70,0.06557523882521515,1.0,1.0,1.0
Shorter series,45,200,8,0.7,0.15,90,130,200,diag,euclidean_gaussian_ar,bures_transport,44,36,3,3,10,8.0,0.03,0.05,20.0,0.0,0.005,1e-06,0.30491160843031756,0.2988036402234844,0.27874005137525987,0.4480897194653173,0.0011912010777923962,0.2976124391456919,70,0.15122265297957288,0.8805393841669403,0.8805820040263463,0.8700188720300536
Shorter series,45,200,8,0.7,0.15,90,130,200,diag,cholesky_gaussian_ar,bures_transport,44,36,3,3,10,8.0,0.03,0.05,20.0,0.0,0.005,1e-06,0.31273682812788983,0.30846272017928117,0.28528355655660237,0.47393121810241096,0.0011912010777923962,0.3072715191014887,70,0.15659430548459452,0.9090035632162157,0.9091614948868155,0.8700188720300536
Shorter series,45,200,8,0.7,0.15,90,130,200,diag,log_euclidean_gaussian_ar,bures_transport,44,36,3,3,10,8.0,0.03,0.05,20.0,0.0,0.005,1e-06,0.30136694528299174,0.29986901933601784,0.27528293358379613,0.45690311609056966,0.0011912010777923962,0.2986778182582254,70,0.12394407669968421,0.8836789318208875,0.8837342703652654,0.8700188720300536
Shorter series,45,200,8,0.7,0.15,90,130,200,diag,bwar_barycenter,bures_transport,44,36,3,3,10,8.0,0.03,0.05,20.0,0.0,0.005,1e-06,0.2981163196455652,0.2927874121608172,0.26588240719910194,0.4428151674977368,0.0011912010777923967,0.2915962110830248,70,0.150255263332596,0.8628102636336475,0.8627810606944398,0.8700188720300539
Shorter series,46,200,8,0.7,0.15,90,130,200,diag,persistence,bures_transport,44,36,3,3,10,8.0,0.03,0.05,20.0,0.0,0.0,,0.445265470871895,0.3906444448535964,,,0.0015401623922972028,0.38910428246129924,70,0.1105396593546433,1.0,1.0,1.0
Shorter series,46,200,8,0.7,0.15,90,130,200,diag,euclidean_gaussian_ar,bures_transport,44,36,3,3,10,8.0,0.03,0.05,20.0,0.0,0.0,1e-06,0.3879640608852451,0.3691459133126225,0.34228756739824107,0.5557510227960724,0.0013123563575606991,0.3678335569550618,70,0.2626048637887674,0.9449664987581456,0.9453341264411474,0.8520896005019811
Shorter series,46,200,8,0.7,0.15,90,130,200,diag,cholesky_gaussian_ar,bures_transport,44,36,3,3,10,8.0,0.03,0.05,20.0,0.0,0.0,1e-06,0.3969844679960404,0.37320298707972305,0.34590806985354794,0.5778444786661147,0.0013123563575606991,0.3718906307221624,70,0.21684623409182893,0.9553520906193611,0.9557608268142128,0.8520896005019811
Shorter series,46,200,8,0.7,0.15,90,130,200,diag,log_euclidean_gaussian_ar,bures_transport,44,36,3,3,10,8.0,0.03,0.05,20.0,0.0,0.0,0.0001,0.38426699507032736,0.3677412168816381,0.3437987902468562,0.5532941432781169,0.0013290821508741616,0.366412134730764,70,0.1978222105457604,0.9413706548917088,0.9416810640402237,0.8629493600942897
Shorter series,46,200,8,0.7,0.15,90,130,200,diag,bwar_barycenter,bures_transport,44,36,3,3,10,8.0,0.03,0.05,20.0,0.0,0.0,1e-06,0.3812482875044109,0.3560236130597659,0.33761375379347214,0.5384866740719217,0.0013123563575606991,0.3547112567022052,70,0.21848622124697972,0.9113750822520834,0.9116097475423833,0.8520896005019811
Shorter series,47,200,8,0.7,0.15,90,130,200,diag,persistence,bures_transport,44,36,3,3,10,8.0,0.03,0.05,20.0,0.0,0.02,,0.4068389140384072,0.35293725346845456,,,0.0017725178621796703,0.3511647356062749,70,0.05000000000000004,1.0,1.0,1.0
Shorter series,47,200,8,0.7,0.15,90,130,200,diag,euclidean_gaussian_ar,bures_transport,44,36,3,3,10,8.0,0.03,0.05,20.0,0.0,0.02,1e-06,0.34631372955502276,0.3249762134739174,0.3047102573888467,0.5731706414638912,0.0014889474392582485,0.32348726603465905,70,0.21281732570522535,0.9207761727622887,0.9211838013181147,0.8400182988437056
Shorter series,47,200,8,0.7,0.15,90,130,200,diag,cholesky_gaussian_ar,bures_transport,44,36,3,3,10,8.0,0.03,0.05,20.0,0.0,0.02,1e-06,0.3543618299547271,0.32418488231621617,0.29452141065762394,0.5498495067133591,0.0014889474392582485,0.3226959348769579,70,0.1531041514267203,0.9185340428938078,0.9189303542106342,0.8400182988437056
Shorter series,47,200,8,0.7,0.15,90,130,200,diag,log_euclidean_gaussian_ar,bures_transport,44,36,3,3,10,8.0,0.03,0.05,20.0,0.0,0.02,1e-06,0.34935814218191996,0.31147974298962755,0.2829439429690124,0.5326860448529861,0.0014889474392582485,0.3099907955503693,70,0.13006304028350735,0.882535748007875,0.8827503565105417,0.8400182988437056
Shorter series,47,200,8,0.7,0.15,90,130,200,diag,bwar_barycenter,bures_transport,44,36,3,3,10,8.0,0.03,0.05,20.0,0.0,0.02,1e-06,0.3379891311513167,0.30770881629381797,0.2853757253036836,0.5496354852021788,0.0014889474392582485,0.3062198688545597,70,0.1805944464004208,0.871851336944007,0.8720120154601535,0.8400182988437056
Shorter series,48,200,8,0.7,0.15,90,130,200,diag,persistence,bures_transport,44,36,3,3,10,8.0,0.03,0.05,20.0,0.0,0.0,,0.4042477705633852,0.39201019877191823,,,0.001576576805306338,0.3904336219666119,70,0.1255157451848155,1.0,1.0,1.0
Shorter series,48,200,8,0.7,0.15,90,130,200,diag,euclidean_gaussian_ar,bures_transport,44,36,3,3,10,8.0,0.03,0.05,20.0,0.0,0.0,1e-06,0.3468201082333541,0.361693885145573,0.3510164423223666,0.5252822513375537,0.0014138942416592596,0.36027999090391377,70,0.19895546842505268,0.9226644772984999,0.9227688668029805,0.8968127888856844
Shorter series,48,200,8,0.7,0.15,90,130,200,diag,cholesky_gaussian_ar,bures_transport,44,36,3,3,10,8.0,0.03,0.05,20.0,0.0,0.0,1e-06,0.35764056898578706,0.3707887439602437,0.36638425793831836,0.5468720812306029,0.0014138942416592596,0.3693748497185845,70,0.19645401482167188,0.9458650441285541,0.9460631178689106,0.8968127888856844
Shorter series,48,200,8,0.7,0.15,90,130,200,diag,log_euclidean_gaussian_ar,bures_transport,44,36,3,3,10,8.0,0.03,0.05,20.0,0.0,0.0,1e-06,0.3596010179916796,0.36776604087394044,0.36155024117680423,0.574476552588353,0.0014138942416592596,0.3663521466322813,70,0.19766779676531773,0.9381542674809752,0.9383212049898971,0.8968127888856844
Shorter series,48,200,8,0.7,0.15,90,130,200,diag,bwar_barycenter,bures_transport,44,36,3,3,10,8.0,0.03,0.05,20.0,0.0,0.0,1e-06,0.3406887645770353,0.35336552346520556,0.34094328493212284,0.5320742466706708,0.0014138942416592598,0.3519516292235463,70,0.20788500477858543,0.9014192094293008,0.901437810224355,0.8968127888856845
Shorter series,49,200,8,0.7,0.15,90,130,200,diag,persistence,bures_transport,44,36,3,3,10,8.0,0.03,0.05,20.0,0.0,0.0,,0.411747525667038,0.3861784410000378,,,0.0014824921701040085,0.38469594882993374,70,0.08857329934308233,1.0,1.0,1.0
Shorter series,49,200,8,0.7,0.15,90,130,200,diag,euclidean_gaussian_ar,bures_transport,44,36,3,3,10,8.0,0.03,0.05,20.0,0.0,0.0,0.0001,0.353861705893188,0.3509645850517566,0.3316762964317884,0.5056845364832817,0.0011877010407400552,0.3497768840110165,70,0.24168453788870242,0.9088145473447655,0.9092294449028516,0.8011516449741037
Shorter series,49,200,8,0.7,0.15,90,130,200,diag,cholesky_gaussian_ar,bures_transport,44,36,3,3,10,8.0,0.03,0.05,20.0,0.0,0.0,1e-06,0.35648564296862595,0.35507824158495094,0.34914344181589096,0.5058003315789963,0.001193834794802971,0.3538844067901479,70,0.16672570093651307,0.9194667642902318,0.9199067675822938,0.8052891063291174
Shorter series,49,200,8,0.7,0.15,90,130,200,diag,log_euclidean_gaussian_ar,bures_transport,44,36,3,3,10,8.0,0.03,0.05,20.0,0.0,0.0,1e-06,0.3502402296869715,0.34511100565465797,0.3356603797120692,0.5017294716021804,0.001193834794802971,0.34391717085985496,70,0.16117603757598542,0.8936568410213873,0.893997381323851,0.8052891063291174
Shorter series,49,200,8,0.7,0.15,90,130,200,diag,bwar_barycenter,bures_transport,44,36,3,3,10,8.0,0.03,0.05,20.0,0.0,0.0,1e-06,0.3463621475855186,0.3413587009644288,0.3302034605727277,0.4899472111364473,0.0011938347948029704,0.34016486616962577,70,0.20372046785965828,0.8839403361835918,0.8842434322592925,0.805289106329117
Shorter series,50,200,8,0.7,0.15,90,130,200,diag,persistence,bures_transport,44,36,3,3,10,8.0,0.03,0.05,20.0,0.0,0.0,,0.44503699339295244,0.3904498022790199,,,0.0014792828575265734,0.38897051942149324,70,0.08464432371690861,1.0,1.0,1.0
Shorter series,50,200,8,0.7,0.15,90,130,200,diag,euclidean_gaussian_ar,bures_transport,44,36,3,3,10,8.0,0.03,0.05,20.0,0.0,0.0,1e-06,0.4433309777514718,0.35840120793590263,0.3320564051253245,0.5983103235643715,0.0013112184598432386,0.35708998947605947,70,0.18572920093571263,0.9179187845504018,0.9180386986837744,0.8863879231559907
Shorter series,50,200,8,0.7,0.15,90,130,200,diag,cholesky_gaussian_ar,bures_transport,44,36,3,3,10,8.0,0.03,0.05,20.0,0.0,0.0,1e-06,0.4489852310949317,0.3719088631746863,0.344833510559151,0.6098405635289423,0.0013112184598432386,0.3705976447148431,70,0.14962484179258395,0.9525138980834109,0.9527653799213994,0.8863879231559907
Shorter series,50,200,8,0.7,0.15,90,130,200,diag,log_euclidean_gaussian_ar,bures_transport,44,36,3,3,10,8.0,0.03,0.05,20.0,0.0,0.0,1e-06,0.44820639706265225,0.35998270192764104,0.3322247584586888,0.597987884247603,0.0013112184598432386,0.35867148346779787,70,0.13507953692927804,0.9219692258171341,0.9221045440699248,0.8863879231559907
Shorter series,50,200,8,0.7,0.15,90,130,200,diag,bwar_barycenter,bures_transport,44,36,3,3,10,8.0,0.03,0.05,20.0,0.0,0.0,1e-06,0.44251645896575525,0.3502894355330295,0.3283488758209251,0.5639311641063429,0.0013112184598432389,0.3489782170731862,70,0.15597896016560447,0.8971433292792621,0.8971842328622059,0.8863879231559908
Shorter series,51,200,8,0.7,0.15,90,130,200,diag,persistence,bures_transport,44,36,3,3,10,8.0,0.03,0.05,20.0,0.0,0.0,,0.4033808810940454,0.39574209927274523,,,0.0016297066127922543,0.394112392659953,70,0.06497332080177423,1.0,1.0,1.0
Shorter series,51,200,8,0.7,0.15,90,130,200,diag,euclidean_gaussian_ar,bures_transport,44,36,3,3,10,8.0,0.03,0.05,20.0,0.0,0.0,0.0001,0.3493337862329665,0.3512151812895225,0.3193494269287389,0.609899123460704,0.001377765474815925,0.34983741581470656,70,0.1970025107727369,0.8874850109072303,0.8876590087755812,0.8454070591609943
Shorter series,51,200,8,0.7,0.15,90,130,200,diag,cholesky_gaussian_ar,bures_transport,44,36,3,3,10,8.0,0.03,0.05,20.0,0.0,0.0,0.0001,0.33756782582846256,0.3669463411465271,0.32665573769777956,0.6033434340424045,0.001377765474815925,0.36556857567171114,70,0.1593825154923165,0.9272360505007274,0.927574424149433,0.8454070591609943
Shorter series,51,200,8,0.7,0.15,90,130,200,diag,log_euclidean_gaussian_ar,bures_transport,44,36,3,3,10,8.0,0.03,0.05,20.0,0.0,0.0,1e-06,0.3420233779007,0.3570161224337337,0.3121452448782521,0.5750363965448123,0.0013585766984506719,0.355657545735283,70,0.14624382571791897,0.9021433986675206,0.9024266994876015,0.833632684427142
Shorter series,51,200,8,0.7,0.15,90,130,200,diag,bwar_barycenter,bures_transport,44,36,3,3,10,8.0,0.03,0.05,20.0,0.0,0.0,1e-06,0.33787331852708735,0.34548692223365973,0.3105997443830646,0.6045187594918635,0.0013585766984506719,0.344128345535209,70,0.18303563285304314,0.873010283385469,0.8731731149396483,0.833632684427142
Shorter series,52,200,8,0.7,0.15,90,130,200,diag,persistence,bures_transport,44,36,3,3,10,8.0,0.03,0.05,20.0,0.0,0.0,,0.34857753251281764,0.3611691668792582,,,0.0016686152166162634,0.35950055166264194,70,0.08345698477489805,1.0,1.0,1.0
Shorter series,52,200,8,0.7,0.15,90,130,200,diag,euclidean_gaussian_ar,bures_transport,44,36,3,3,10,8.0,0.03,0.05,20.0,0.0,0.0,1e-06,0.3176366330031416,0.33497653304159414,0.3129348915767882,0.5039132910783353,0.0014362182310738824,0.3335403148105203,70,0.22200649531895555,0.927478211764349,0.9277880472448262,0.8607246396723793
Shorter series,52,200,8,0.7,0.15,90,130,200,diag,cholesky_gaussian_ar,bures_transport,44,36,3,3,10,8.0,0.03,0.05,20.0,0.0,0.0,1e-06,0.32949200392991823,0.32179883209269605,0.28014271521637035,0.47521528788464007,0.0014362182310738824,0.32036261386162224,70,0.16809481219517788,0.8909919827133971,0.8911324680309614,0.8607246396723793
Shorter series,52,200,8,0.7,0.15,90,130,200,diag,log_euclidean_gaussian_ar,bures_transport,44,36,3,3,10,8.0,0.03,0.05,20.0,0.0,0.0,1e-06,0.31404723378072685,0.3166078744357255,0.2835359479390215,0.48491944924402564,0.0014362182310738824,0.3151716562046517,70,0.14328341888071056,0.8766193337361218,0.8766931086670798,0.8607246396723793
Shorter series,52,200,8,0.7,0.15,90,130,200,diag,bwar_barycenter,bures_transport,44,36,3,3,10,8.0,0.03,0.05,20.0,0.0,0.0,1e-06,0.30875914561162476,0.31708188150142447,0.287278087081424,0.4837287944321993,0.0014362182310738822,0.31564566327035054,70,0.16726242748961934,0.8779317576891261,0.8780116242117894,0.8607246396723792
Shorter series,53,200,8,0.7,0.15,90,130,200,diag,persistence,bures_transport,44,36,3,3,10,8.0,0.03,0.05,20.0,0.0,0.005,,0.40208762085619376,0.3914467587359591,,,0.0014136673648454132,0.3900330913711137,70,0.053720024386529217,1.0,1.0,1.0
Shorter series,53,200,8,0.7,0.15,90,130,200,diag,euclidean_gaussian_ar,bures_transport,44,36,3,3,10,8.0,0.03,0.05,20.0,0.0,0.005,1e-06,0.3520931595502317,0.35578290402659163,0.36017689011249243,0.49614519669756935,0.0011707286518891139,0.3546121753747026,70,0.25473909673749096,0.9088921956474197,0.9091848441067059,0.8281500167595189
Shorter series,53,200,8,0.7,0.15,90,130,200,diag,cholesky_gaussian_ar,bures_transport,44,36,3,3,10,8.0,0.03,0.05,20.0,0.0,0.005,1e-06,0.36158896578941524,0.3646736654440811,0.36013813281342966,0.5181036348983202,0.0011707286518891139,0.363502936792192,70,0.14424076685503415,0.9316047643916318,0.9319797341152306,0.8281500167595189
Shorter series,53,200,8,0.7,0.15,90,130,200,diag,log_euclidean_gaussian_ar,bures_transport,44,36,3,3,10,8.0,0.03,0.05,20.0,0.0,0.005,1e-06,0.35832548311051704,0.35441805118724523,0.3621182382075534,0.49501870367945106,0.0011707286518891139,0.3532473225353561,70,0.1315155933433068,0.9054055073331424,0.9056855183583483,0.8281500167595189
Shorter series,53,200,8,0.7,0.15,90,130,200,diag,bwar_barycenter,bures_transport,44,36,3,3,10,8.0,0.03,0.05,20.0,0.0,0.005,1e-06,0.3466634618650421,0.34707180184823205,0.3501393096019403,0.48507305682289253,0.001170728651889114,0.345901073196343,70,0.1687317173057013,0.8866385890356572,0.8868505797299661,0.828150016759519
Shorter series,54,200,8,0.7,0.15,90,130,200,diag,persistence,bures_transport,44,36,3,3,10,8.0,0.03,0.05,20.0,0.0,0.02,,0.3513103819142006,0.3499963453338926,,,0.00142005658824315,0.34857628874564944,70,0.05000000000000001,1.0,1.0,1.0
Shorter series,54,200,8,0.7,0.15,90,130,200,diag,euclidean_gaussian_ar,bures_transport,44,36,3,3,10,8.0,0.03,0.05,20.0,0.0,0.02,1e-06,0.31935095757149723,0.3148561753657233,0.3035925089957373,0.4711821317959124,0.0012662901945970323,0.31358988517112635,70,0.18095307837071406,0.8995984659935635,0.8996305695363803,0.8917181224190842
Shorter series,54,200,8,0.7,0.15,90,130,200,diag,cholesky_gaussian_ar,bures_transport,44,36,3,3,10,8.0,0.03,0.05,20.0,0.0,0.02,1e-06,0.31678750550707147,0.31362241594898943,0.30918798889545285,0.49721358776452806,0.0012662901945970323,0.3123561257543923,70,0.10205209415553974,0.8960734022802356,0.8960911451504769,0.8917181224190842
Shorter series,54,200,8,0.7,0.15,90,130,200,diag,log_euclidean_gaussian_ar,bures_transport,44,36,3,3,10,8.0,0.03,0.05,20.0,0.0,0.02,1e-06,0.3052061772281648,0.30692453975251827,0.29842656277796276,0.4750662598839177,0.0012662901945970323,0.3056582495579212,70,0.09226360899993534,0.8769364133208754,0.8768761944704596,0.8917181224190842
Shorter series,54,200,8,0.7,0.15,90,130,200,diag,bwar_barycenter,bures_transport,44,36,3,3,10,8.0,0.03,0.05,20.0,0.0,0.02,1e-06,0.3030376214347421,0.30282365206697887,0.30321592971770833,0.4439048385003646,0.0012662901945970325,0.30155736187238186,70,0.12707135162794295,0.8652194690149935,0.8651115167859953,0.8917181224190843
Shorter series,55,200,8,0.7,0.15,90,130,200,diag,persistence,bures_transport,44,36,3,3,10,8.0,0.03,0.05,20.0,0.0,0.01,,0.35457088980328155,0.3339806083889513,,,0.0013888245156359936,0.33259178387331534,70,0.05000000000000008,1.0,1.0,1.0
Shorter series,55,200,8,0.7,0.15,90,130,200,diag,euclidean_gaussian_ar,bures_transport,44,36,3,3,10,8.0,0.03,0.05,20.0,0.0,0.01,1e-06,0.3115122326480738,0.31550727509857274,0.29009225572442954,0.4683071509371373,0.0011568745655538603,0.3143504005330188,70,0.22881183543560582,0.9446874075129994,0.9451538365504403,0.8329882951584312
Shorter series,55,200,8,0.7,0.15,90,130,200,diag,cholesky_gaussian_ar,bures_transport,44,36,3,3,10,8.0,0.03,0.05,20.0,0.0,0.01,1e-06,0.31665862937061506,0.32126730629599665,0.30002342652961744,0.48360791978095696,0.0011568745655538603,0.32011043173044296,70,0.175235140218757,0.9619340112161576,0.9624724579858336,0.8329882951584312
Shorter series,55,200,8,0.7,0.15,90,130,200,diag,log_euclidean_gaussian_ar,bures_transport,44,36,3,3,10,8.0,0.03,0.05,20.0,0.0,0.01,1e-06,0.3065763661569866,0.3061319946083231,0.2856028681793405,0.44783217470970754,0.0011568745655538603,0.30497512004276917,70,0.12065006776496125,0.916616075660908,0.9169652854651834,0.8329882951584312
Shorter series,55,200,8,0.7,0.15,90,130,200,diag,bwar_barycenter,bures_transport,44,36,3,3,10,8.0,0.03,0.05,20.0,0.0,0.01,1e-06,0.301697100713478,0.3004624392621894,0.2800830571874468,0.45758417034636295,0.0011568745655538605,0.29930556469663555,70,0.15260114124608887,0.8996403734682497,0.8999186967608359,0.8329882951584313
Shorter series,56,200,8,0.7,0.15,90,130,200,diag,persistence,bures_transport,44,36,3,3,10,8.0,0.03,0.05,20.0,0.0,0.005,,0.3673799708701809,0.42000512628692216,,,0.0016030215519538178,0.4184021047349684,70,0.05127293515947823,1.0,1.0,1.0
Shorter series,56,200,8,0.7,0.15,90,130,200,diag,euclidean_gaussian_ar,bures_transport,44,36,3,3,10,8.0,0.03,0.05,20.0,0.0,0.005,0.0001,0.3279339651971692,0.39183840317592533,0.3844386073588627,0.5826425169459805,0.0016909956862206136,0.3901474074897046,70,0.23585031218702132,0.9329371920766628,0.9324699925609566,1.0548801943177681
Shorter series,56,200,8,0.7,0.15,90,130,200,diag,cholesky_gaussian_ar,bures_transport,44,36,3,3,10,8.0,0.03,0.05,20.0,0.0,0.005,1e-06,0.33592708199093935,0.38845181253098193,0.3856323883082625,0.5932961596396009,0.0016040057119343972,0.38684780681904757,70,0.15469650141400434,0.9248739794323727,0.92458379735946,1.0006139405795136
Shorter series,56,200,8,0.7,0.15,90,130,200,diag,log_euclidean_gaussian_ar,bures_transport,44,36,3,3,10,8.0,0.03,0.05,20.0,0.0,0.005,1e-06,0.3369236621028902,0.3846519355868506,0.3735900183165888,0.5875334363579546,0.0016040057119343972,0.38304792987491626,70,0.16088369816863138,0.9158267638002104,0.9155019191826321,1.0006139405795136
Shorter series,56,200,8,0.7,0.15,90,130,200,diag,bwar_barycenter,bures_transport,44,36,3,3,10,8.0,0.03,0.05,20.0,0.0,0.005,1e-06,0.32120067047609246,0.3784084245972567,0.3677412844706151,0.5819179430826116,0.0016040057119344015,0.3768044188853223,70,0.19141455302013857,0.9009614428818922,0.9005796448466824,1.0006139405795165
Shorter series,57,200,8,0.7,0.15,90,130,200,diag,persistence,bures_transport,44,36,3,3,10,8.0,0.03,0.05,20.0,0.0,0.0,,0.35748022325322004,0.37809119545883646,,,0.0016304750416493681,0.37646072041718703,70,0.09486961068435486,1.0,1.0,1.0
Shorter series,57,200,8,0.7,0.15,90,130,200,diag,euclidean_gaussian_ar,bures_transport,44,36,3,3,10,8.0,0.03,0.05,20.0,0.0,0.0,1e-06,0.3339590133424405,0.3281228617707977,0.31835678317199,0.5214665192848953,0.0013634066305019893,0.32675945514029564,70,0.253339646178736,0.8678405255446396,0.8679775536161825,0.8362020856957026
Shorter series,57,200,8,0.7,0.15,90,130,200,diag,cholesky_gaussian_ar,bures_transport,44,36,3,3,10,8.0,0.03,0.05,20.0,0.0,0.0,1e-06,0.33030241093062895,0.33741038214436736,0.331246451366665,0.4805095470400268,0.0013634066305019893,0.33604697551386536,70,0.18415742234405916,0.8924047589494898,0.8926481762598343,0.8362020856957026
Shorter series,57,200,8,0.7,0.15,90,130,200,diag,log_euclidean_gaussian_ar,bures_transport,44,36,3,3,10,8.0,0.03,0.05,20.0,0.0,0.0,1e-06,0.32410577843751565,0.3256848319936343,0.320370240258384,0.4758650104918948,0.0013634066305019893,0.3243214253631323,70,0.16555411890091046,0.8613922670121851,0.8615013672707343,0.8362020856957026
Shorter series,57,200,8,0.7,0.15,90,130,200,diag,bwar_barycenter,bures_transport,44,36,3,3,10,8.0,0.03,0.05,20.0,0.0,0.0,1e-06,0.3204784981799552,0.322102048843128,0.3153596980479304,0.5061687101635957,0.0013634066305019895,0.320738642212626,70,0.1916136586215931,0.8519162908626786,0.851984350072935,0.8362020856957028
Shorter series,58,200,8,0.7,0.15,90,130,200,diag,persistence,bures_transport,44,36,3,3,10,8.0,0.03,0.05,20.0,0.0,0.01,,0.36496874543941493,0.33865005429815737,,,0.001375893133342164,0.3372741611648151,70,0.04999999999999884,1.0,1.0,1.0
Shorter series,58,200,8,0.7,0.15,90,130,200,diag,euclidean_gaussian_ar,bures_transport,44,36,3,3,10,8.0,0.03,0.05,20.0,0.0,0.01,1e-06,0.32931837016714555,0.3150807848106419,0.29323927145117623,0.46258078845343426,0.0012473757294359895,0.31383340908120594,70,0.29592026818017464,0.930402286406355,0.9304994132884243,0.9065934695131486
Shorter series,58,200,8,0.7,0.15,90,130,200,diag,cholesky_gaussian_ar,bures_transport,44,36,3,3,10,8.0,0.03,0.05,20.0,0.0,0.01,1e-06,0.33122632390101125,0.3298437857870817,0.2992775855980468,0.5015013373397877,0.0012473757294359895,0.32859641005764567,70,0.13627913605805383,0.9739959630913793,0.9742709282051141,0.9065934695131486
Shorter series,58,200,8,0.7,0.15,90,130,200,diag,log_euclidean_gaussian_ar,bures_transport,44,36,3,3,10,8.0,0.03,0.05,20.0,0.0,0.01,1e-06,0.31710906034431785,0.3110460334986129,0.3115375023374254,0.45706448597754884,0.0012473757294359895,0.309798657769177,70,0.14154769383237906,0.9184880662229539,0.9185365896374975,0.9065934695131486
Shorter series,58,200,8,0.7,0.15,90,130,200,diag,bwar_barycenter,bures_transport,44,36,3,3,10,8.0,0.03,0.05,20.0,0.0,0.01,0.0001,0.3158734751209378,0.306008808170955,0.2986980004469275,0.46168188774474095,0.0013040551859005726,0.3047047529850545,70,0.18810795205094402,0.9036136397649472,0.9034334321156462,0.9477881343392632
Shorter series,59,200,8,0.7,0.15,90,130,200,diag,persistence,bures_transport,44,36,3,3,10,8.0,0.03,0.05,20.0,0.0,0.005,,0.37052426729481003,0.3678862349499324,,,0.0016383783955976488,0.36624785655433467,70,0.050000000000000065,1.0,1.0,1.0
Shorter series,59,200,8,0.7,0.15,90,130,200,diag,euclidean_gaussian_ar,bures_transport,44,36,3,3,10,8.0,0.03,0.05,20.0,0.0,0.005,1e-06,0.3358447849546301,0.3271542495733886,0.29177266588701994,0.5307798066548575,0.0014521514182735205,0.325702098155115,70,0.27521058623698913,0.8892810290059175,0.8892942097172261,0.8863345745863571
Shorter series,59,200,8,0.7,0.15,90,130,200,diag,cholesky_gaussian_ar,bures_transport,44,36,3,3,10,8.0,0.03,0.05,20.0,0.0,0.005,1e-06,0.33456970144143605,0.3272639067035752,0.2848266279218627,0.5204455896588083,0.0014521514182735205,0.3258117552853017,70,0.15436720359145265,0.8895791024856211,0.8895936166030939,0.8863345745863571
Shorter series,59,200,8,0.7,0.15,90,130,200,diag,log_euclidean_gaussian_ar,bures_transport,44,36,3,3,10,8.0,0.03,0.05,20.0,0.0,0.005,1e-06,0.33224731077782377,0.3170777235882255,0.27448859139620363,0.4945926953956578,0.0014521514182735205,0.315625572169952,70,0.1150385871761466,0.8618906973547904,0.8617813497650529,0.8863345745863571
Shorter series,59,200,8,0.7,0.15,90,130,200,diag,bwar_barycenter,bures_transport,44,36,3,3,10,8.0,0.03,0.05,20.0,0.0,0.005,1e-06,0.3283669407251709,0.31611268519335467,0.2797136478249317,0.497535932402082,0.0014521514182735216,0.31466053377508124,70,0.17212496500944682,0.8592674994659045,0.8591464172252427,0.8863345745863578
Shorter series,60,200,8,0.7,0.15,90,130,200,diag,persistence,bures_transport,44,36,3,3,10,8.0,0.03,0.05,20.0,0.0,0.01,,0.4040697329911712,0.4343642469498444,,,0.0015165644472846566,0.4328476825025597,70,0.05493491501001308,1.0,1.0,1.0
Shorter series,60,200,8,0.7,0.15,90,130,200,diag,euclidean_gaussian_ar,bures_transport,44,36,3,3,10,8.0,0.03,0.05,20.0,0.0,0.01,1e-06,0.35648190220385134,0.3809588204243005,0.362920040724107,0.5609069846706168,0.001369448096955168,0.37958937232734535,70,0.25912603537199985,0.8770492118065358,0.8769583104446922,0.9029936706000895
Shorter series,60,200,8,0.7,0.15,90,130,200,diag,cholesky_gaussian_ar,bures_transport,44,36,3,3,10,8.0,0.03,0.05,20.0,0.0,0.01,1e-06,0.3754710887374437,0.411049833162495,0.40655400177645223,0.5730312454306249,0.001369448096955168,0.4096803850655397,70,0.13845884541555273,0.9463252006787716,0.9464770209624883,0.9029936706000895
Shorter series,60,200,8,0.7,0.15,90,130,200,diag,log_euclidean_gaussian_ar,bures_transport,44,36,3,3,10,8.0,0.03,0.05,20.0,0.0,0.01,1e-06,0.3629858051104076,0.383339793350842,0.36533363678569664,0.5494154751984432,0.001369448096955168,0.38197034525388684,70,0.14167153364411314,0.8825307240241297,0.8824590281862673,0.9029936706000895
Shorter series,60,200,8,0.7,0.15,90,130,200,diag,bwar_barycenter,bures_transport,44,36,3,3,10,8.0,0.03,0.05,20.0,0.0,0.01,1e-06,0.3510269845309317,0.3734370520460595,0.35937872355220635,0.5606242811121871,0.0013694480969551677,0.37206760394910443,70,0.18367337474539333,0.8597324818245916,0.8595809079950524,0.9029936706000894
Shorter series,61,200,8,0.7,0.15,90,130,200,diag,persistence,bures_transport,44,36,3,3,10,8.0,0.03,0.05,20.0,0.0,0.0,,0.3698938620723833,0.3863086715319366,,,0.0017042364328409782,0.38460443509909564,70,0.09258266157940316,1.0,1.0,1.0
Shorter series,61,200,8,0.7,0.15,90,130,200,diag,euclidean_gaussian_ar,bures_transport,44,36,3,3,10,8.0,0.03,0.05,20.0,0.0,0.0,0.0001,0.332342730141563,0.3259928917739446,0.3042085071744668,0.5373459059156138,0.0016439432997083106,0.32434894847423623,70,0.23496715578818075,0.8438663581668898,0.843331274613788,0.9646216147180011
Shorter series,61,200,8,0.7,0.15,90,130,200,diag,cholesky_gaussian_ar,bures_transport,44,36,3,3,10,8.0,0.03,0.05,20.0,0.0,0.0,1e-06,0.34872499559237913,0.32744333134904485,0.30919116980695704,0.5144520286173403,0.0015601277177128478,0.32588320363133205,70,0.1490118182295147,0.8476209712055991,0.8473204515890886,0.9154408905060786
Shorter series,61,200,8,0.7,0.15,90,130,200,diag,log_euclidean_gaussian_ar,bures_transport,44,36,3,3,10,8.0,0.03,0.05,20.0,0.0,0.0,1e-06,0.34786074001772194,0.3301952572159825,0.3187945453683565,0.5339682320015986,0.0015601277177128478,0.3286351294982695,70,0.1497360013118377,0.8547446162846097,0.8544756625429831,0.9154408905060786
Shorter series,61,200,8,0.7,0.15,90,130,200,diag,bwar_barycenter,bures_transport,44,36,3,3,10,8.0,0.03,0.05,20.0,0.0,0.0,1e-06,0.33237470124732427,0.3209786097180613,0.30296743035074203,0.5226756542861332,0.0015601277177128478,0.31941848200034845,70,0.1708844267755435,0.8308863698171621,0.8305116968244226,0.9154408905060786
Shorter series,62,200,8,0.7,0.15,90,130,200,diag,persistence,bures_transport,44,36,3,3,10,8.0,0.03,0.05,20.0,0.0,0.0,,0.40582830831223093,0.36914634622363496,,,0.0015588857463268606,0.3675874604773081,70,0.09543570716882507,1.0,1.0,1.0
Shorter series,62,200,8,0.7,0.15,90,130,200,diag,euclidean_gaussian_ar,bures_transport,44,36,3,3,10,8.0,0.03,0.05,20.0,0.0,0.0,1e-06,0.3495820046891739,0.3338378490825888,0.3184438161757673,0.5068338650861104,0.0013207965499631286,0.33251705253262576,70,0.22116994785543795,0.9043509505044492,0.9045930242039708,0.8472696302954005
Shorter series,62,200,8,0.7,0.15,90,130,200,diag,cholesky_gaussian_ar,bures_transport,44,36,3,3,10,8.0,0.03,0.05,20.0,0.0,0.0,1e-06,0.35456627067327423,0.3363127138684689,0.3312413798148761,0.49690931637905195,0.0013207965499631286,0.33499191731850586,70,0.17420826563671568,0.9110552422066371,0.9113257478465742,0.8472696302954005
Shorter series,62,200,8,0.7,0.15,90,130,200,diag,log_euclidean_gaussian_ar,bures_transport,44,36,3,3,10,8.0,0.03,0.05,20.0,0.0,0.0,1e-06,0.3531528613430531,0.3274428197017778,0.3194520933924948,0.49086534382111285,0.0013207965499631286,0.3261220231518147,70,0.16441444833626342,0.8870271182459639,0.887195724055301,0.8472696302954005
Shorter series,62,200,8,0.7,0.15,90,130,200,diag,bwar_barycenter,bures_transport,44,36,3,3,10,8.0,0.03,0.05,20.0,0.0,0.0,1e-06,0.34350383667934775,0.32359073243710035,0.30028507367668156,0.49591758888262655,0.0013207965499631277,0.3222699358871372,70,0.1794269718481924,0.8765919959588703,0.8767163479098916,0.8472696302953999
Shorter series,63,200,8,0.7,0.15,90,130,200,diag,persistence,bures_transport,44,36,3,3,10,8.0,0.03,0.05,20.0,0.0,0.005,,0.37314086175022193,0.3990680461017807,,,0.00191232881789574,0.3971557172838849,70,0.05654845072433898,1.0,1.0,1.0
Shorter series,63,200,8,0.7,0.15,90,130,200,diag,euclidean_gaussian_ar,bures_transport,44,36,3,3,10,8.0,0.03,0.05,20.0,0.0,0.005,1e-06,0.3666872428884784,0.341390659685677,0.3083052297611206,0.4951176469109997,0.0016269248831199726,0.339763734802557,70,0.2016901418890123,0.8554697952404003,0.8554924932874518,0.8507558260352861
Shorter series,63,200,8,0.7,0.15,90,130,200,diag,cholesky_gaussian_ar,bures_transport,44,36,3,3,10,8.0,0.03,0.05,20.0,0.0,0.005,1e-06,0.38278319592265647,0.3588867612882658,0.3292112343487252,0.5153655338272521,0.0016269248831199726,0.3572598364051458,70,0.14648876116183063,0.8993121969899168,0.8995459988550997,0.8507558260352861
Shorter series,63,200,8,0.7,0.15,90,130,200,diag,log_euclidean_gaussian_ar,bures_transport,44,36,3,3,10,8.0,0.03,0.05,20.0,0.0,0.005,1e-06,0.3591718675154212,0.342554661725252,0.3187757055339524,0.49488649724848444,0.0016269248831199726,0.34092773684213207,70,0.10426947115294322,0.8583865961492813,0.8584233387692582,0.8507558260352861
Shorter series,63,200,8,0.7,0.15,90,130,200,diag,bwar_barycenter,bures_transport,44,36,3,3,10,8.0,0.03,0.05,20.0,0.0,0.005,1e-06,0.3445303132887424,0.33563057985870254,0.3189851988132081,0.4993128123971156,0.0016269248831199726,0.3340036549755826,70,0.13303004931834803,0.8410359665155984,0.8409891648036846,0.8507558260352861
Shorter series,64,200,8,0.7,0.15,90,130,200,diag,persistence,bures_transport,44,36,3,3,10,8.0,0.03,0.05,20.0,0.0,0.0,,0.4200559684974555,0.4007774496816533,,,0.0018797420245407076,0.39889770765711263,70,0.08648602319410537,1.0,1.0,1.0
Shorter series,64,200,8,0.7,0.15,90,130,200,diag,euclidean_gaussian_ar,bures_transport,44,36,3,3,10,8.0,0.03,0.05,20.0,0.0,0.0,1e-06,0.37861346636422766,0.35875812437518917,0.3360953360645139,0.532850529412642,0.0015082428998837662,0.35724988147530545,70,0.2833592368448657,0.8951554651095239,0.8955927161717181,0.8023669632285245
Shorter series,64,200,8,0.7,0.15,90,130,200,diag,cholesky_gaussian_ar,bures_transport,44,36,3,3,10,8.0,0.03,0.05,20.0,0.0,0.0,1e-06,0.38010317633299173,0.36103240822107147,0.3402674257901438,0.5442829540540814,0.0015082428998837662,0.35952416532118764,70,0.17013852411214625,0.9008301452785025,0.9012941373687462,0.8023669632285245
Shorter series,64,200,8,0.7,0.15,90,130,200,diag,log_euclidean_gaussian_ar,bures_transport,44,36,3,3,10,8.0,0.03,0.05,20.0,0.0,0.0,1e-06,0.3780293533999378,0.3554504547402302,0.325551676430753,0.5252983582534959,0.0015082428998837662,0.3539422118403464,70,0.18403622328947208,0.8869023320113759,0.887300691496053,0.8023669632285245
Shorter series,64,200,8,0.7,0.15,90,130,200,diag,bwar_barycenter,bures_transport,44,36,3,3,10,8.0,0.03,0.05,20.0,0.0,0.0,1e-06,0.3694118416539939,0.34821843396074165,0.327694329726902,0.5181634090199158,0.0015082428998837668,0.34671019106085793,70,0.2132650683754306,0.8688573527211662,0.869170678110002,0.8023669632285249
Shorter series,65,200,8,0.7,0.15,90,130,200,diag,persistence,bures_transport,44,36,3,3,10,8.0,0.03,0.05,20.0,0.0,0.005,,0.36596229350441345,0.3723212310590443,,,0.0014016821011641459,0.37091954895788026,70,0.04999999999999961,1.0,1.0,1.0
Shorter series,65,200,8,0.7,0.15,90,130,200,diag,euclidean_gaussian_ar,bures_transport,44,36,3,3,10,8.0,0.03,0.05,20.0,0.0,0.005,1e-06,0.33772037283973183,0.33208139674888704,0.30185546707608907,0.5535036392945812,0.0011756039929879526,0.3309057927558991,70,0.2190081317458812,0.8919217306096201,0.8921228166204718,0.8387094277736532
Shorter series,65,200,8,0.7,0.15,90,130,200,diag,cholesky_gaussian_ar,bures_transport,44,36,3,3,10,8.0,0.03,0.05,20.0,0.0,0.005,1e-06,0.32530636689022363,0.33658959722905724,0.3040711906087269,0.5716379255911004,0.0011756039929879526,0.3354139932360693,70,0.11960106843956923,0.904030093238705,0.9042769360052176,0.8387094277736532
Shorter series,65,200,8,0.7,0.15,90,130,200,diag,log_euclidean_gaussian_ar,bures_transport,44,36,3,3,10,8.0,0.03,0.05,20.0,0.0,0.005,1e-06,0.32136952117178463,0.32423085044158884,0.2910445399547726,0.5477896720702914,0.0011756039929879526,0.3230552464486009,70,0.10878906065734892,0.870836319270149,0.8709577248118713,0.8387094277736532
Shorter series,65,200,8,0.7,0.15,90,130,200,diag,bwar_barycenter,bures_transport,44,36,3,3,10,8.0,0.03,0.05,20.0,0.0,0.005,1e-06,0.3198716288488296,0.319753901790586,0.28995822097389035,0.5225668571272725,0.0011756039929879524,0.318578297797598,70,0.14937920422308734,0.8588118944521809,0.8588878604340536,0.838709427773653
Shorter series,66,200,8,0.7,0.15,90,130,200,diag,persistence,bures_transport,44,36,3,3,10,8.0,0.03,0.05,20.0,0.0,0.0,,0.3821559149374274,0.3765637137434662,,,0.0016471842811839224,0.3749165294622822,70,0.08530760179483453,1.0,1.0,1.0
Shorter series,66,200,8,0.7,0.15,90,130,200,diag,euclidean_gaussian_ar,bures_transport,44,36,3,3,10,8.0,0.03,0.05,20.0,0.0,0.0,1e-06,0.3499088279788781,0.3361725056519749,0.3251337998157674,0.5210266190918686,0.0013724432048437126,0.3348000624471312,70,0.19936948060290857,0.8927373864837975,0.8929989374629936,0.8332056227839072
Shorter series,66,200,8,0.7,0.15,90,130,200,diag,cholesky_gaussian_ar,bures_transport,44,36,3,3,10,8.0,0.03,0.05,20.0,0.0,0.0,1e-06,0.35015091820326827,0.33953679660463926,0.3187916369649137,0.5222652275252967,0.0013724432048437126,0.33816435339979545,70,0.13054801909643182,0.901671574324733,0.9019723773843795,0.8332056227839072
Shorter series,66,200,8,0.7,0.15,90,130,200,diag,log_euclidean_gaussian_ar,bures_transport,44,36,3,3,10,8.0,0.03,0.05,20.0,0.0,0.0,1e-06,0.34473883639144853,0.3382392321300712,0.3125116958967325,0.5349519031250328,0.0013724432048437126,0.33686678892522753,70,0.12757342661628704,0.8982257710590151,0.8985114350876263,0.8332056227839072
Shorter series,66,200,8,0.7,0.15,90,130,200,diag,bwar_barycenter,bures_transport,44,36,3,3,10,8.0,0.03,0.05,20.0,0.0,0.0,1e-06,0.33873382317591594,0.3317302648163163,0.3128735216657146,0.5124043897175398,0.0013724432048437124,0.3303578216114726,70,0.14394036668241017,0.8809406023712294,0.8811503245409926,0.8332056227839071
Shorter series,67,200,8,0.7,0.15,90,130,200,diag,persistence,bures_transport,44,36,3,3,10,8.0,0.03,0.05,20.0,0.0,0.0,,0.40165859645114,0.4628000653460677,,,0.0014640847310859134,0.4613359806149818,70,0.12270528905636152,1.0,1.0,1.0
Shorter series,67,200,8,0.7,0.15,90,130,200,diag,euclidean_gaussian_ar,bures_transport,44,36,3,3,10,8.0,0.03,0.05,20.0,0.0,0.0,1e-06,0.3480886756922872,0.4015473329213443,0.4057918275653266,0.5952597767496314,0.0012471237100881978,0.4003002092112562,70,0.26064886458732056,0.8676475285738767,0.867697786497463,0.8518111579260885
Shorter series,67,200,8,0.7,0.15,90,130,200,diag,cholesky_gaussian_ar,bures_transport,44,36,3,3,10,8.0,0.03,0.05,20.0,0.0,0.0,1e-06,0.3698830499901454,0.4076794500172219,0.39848459504852524,0.5851499963002796,0.0012471237100881978,0.40643232630713366,70,0.18133529137497492,0.8808975636431072,0.8809898715581232,0.8518111579260885
Shorter series,67,200,8,0.7,0.15,90,130,200,diag,log_euclidean_gaussian_ar,bures_transport,44,36,3,3,10,8.0,0.03,0.05,20.0,0.0,0.0,1e-06,0.35776716351113036,0.39991325248084797,0.3696204624043684,0.575214657962372,0.0012471237100881978,0.3986661287707598,70,0.18707875990429781,0.8641166724594239,0.8641557249432826,0.8518111579260885
Shorter series,67,200,8,0.7,0.15,90,130,200,diag,bwar_barycenter,bures_transport,44,36,3,3,10,8.0,0.03,0.05,20.0,0.0,0.0,1e-06,0.34194903404204374,0.39346105855693186,0.38969635454905915,0.5835764001700771,0.0012471237100881978,0.39221393484684364,70,0.20460293493963175,0.8501750280927763,0.8501698357106346,0.8518111579260885
Shorter series,68,200,8,0.7,0.15,90,130,200,diag,persistence,bures_transport,44,36,3,3,10,8.0,0.03,0.05,20.0,0.0,0.0,,0.3328758719733197,0.3968866637671444,,,0.0018398943132924735,0.395046769453852,70,0.10970398913096138,1.0,1.0,1.0
Shorter series,68,200,8,0.7,0.15,90,130,200,diag,euclidean_gaussian_ar,bures_transport,44,36,3,3,10,8.0,0.03,0.05,20.0,0.0,0.0,1e-06,0.308731819626729,0.3514255967388054,0.3254763533332885,0.5538175369610718,0.001463504609523398,0.3499620921292819,70,0.23361024908828928,0.8854557958767513,0.8858750892029844,0.7954286281283571
Shorter series,68,200,8,0.7,0.15,90,130,200,diag,cholesky_gaussian_ar,bures_transport,44,36,3,3,10,8.0,0.03,0.05,20.0,0.0,0.0,1e-06,0.3086683278704938,0.3520519960311394,0.3275498184178669,0.5321842026340221,0.001463504609523398,0.3505884914216161,70,0.19509856571688222,0.8870340784181407,0.8874607224514226,0.7954286281283571
Shorter series,68,200,8,0.7,0.15,90,130,200,diag,log_euclidean_gaussian_ar,bures_transport,44,36,3,3,10,8.0,0.03,0.05,20.0,0.0,0.0,1e-06,0.31339668554586,0.35116306867016517,0.32462042674137814,0.5094824847252583,0.001463504609523398,0.34969956406064173,70,0.17697262975428635,0.8847943272696975,0.8852105398661979,0.7954286281283571
Shorter series,68,200,8,0.7,0.15,90,130,200,diag,bwar_barycenter,bures_transport,44,36,3,3,10,8.0,0.03,0.05,20.0,0.0,0.0,1e-06,0.30106441525370425,0.3437550254590915,0.3227020546591476,0.5333925708421436,0.001463504609523398,0.34229152084956815,70,0.19541744933773234,0.8661289401771748,0.8664582204349692,0.7954286281283571
Shorter series,69,200,8,0.7,0.15,90,130,200,diag,persistence,bures_transport,44,36,3,3,10,8.0,0.03,0.05,20.0,0.0,0.0,,0.36474074403549556,0.3532241376301622,,,0.0015512345725592995,0.35167290305760296,70,0.06512025489994298,1.0,1.0,1.0
Shorter series,69,200,8,0.7,0.15,90,130,200,diag,euclidean_gaussian_ar,bures_transport,44,36,3,3,10,8.0,0.03,0.05,20.0,0.0,0.0,1e-06,0.3354314011322285,0.337944553157796,0.3119627116841269,0.5268425919797911,0.001347878704320931,0.3365966744534749,70,0.17863873435482436,0.9567425245203246,0.9571299680099078,0.868907080956259
Shorter series,69,200,8,0.7,0.15,90,130,200,diag,cholesky_gaussian_ar,bures_transport,44,36,3,3,10,8.0,0.03,0.05,20.0,0.0,0.0,1e-06,0.34072604511477106,0.33329931795138756,0.29646502138019576,0.5000128546865921,0.001347878704320931,0.33195143924706655,70,0.17249776364573402,0.9435915681967448,0.9439210026161552,0.868907080956259
Shorter series,69,200,8,0.7,0.15,90,130,200,diag,log_euclidean_gaussian_ar,bures_transport,44,36,3,3,10,8.0,0.03,0.05,20.0,0.0,0.0,1e-06,0.3333743153714259,0.32929375025281293,0.29963620180919515,0.5197035193150259,0.001347878704320931,0.32794587154849203,70,0.1547105418888396,0.9322515512730752,0.9325309647037989,0.868907080956259
Shorter series,69,200,8,0.7,0.15,90,130,200,diag,bwar_barycenter,bures_transport,44,36,3,3,10,8.0,0.03,0.05,20.0,0.0,0.0,1e-06,0.32731367416682877,0.3241715506800267,0.30255837478186787,0.5125095742408071,0.001347878704320931,0.3228236719757058,70,0.17633256735964292,0.9177502784915719,0.9179657265855033,0.868907080956259
Shorter series,70,200,8,0.7,0.15,90,130,200,diag,persistence,bures_transport,44,36,3,3,10,8.0,0.03,0.05,20.0,0.0,0.005,,0.3842099125778615,0.38798279439549743,,,0.0018103778087873714,0.38617241658671,70,0.04999999999999947,1.0,1.0,1.0
Shorter series,70,200,8,0.7,0.15,90,130,200,diag,euclidean_gaussian_ar,bures_transport,44,36,3,3,10,8.0,0.03,0.05,20.0,0.0,0.005,1e-06,0.34672669492581426,0.3388463835527841,0.33978897659158724,0.5425663453205437,0.0015015389284751756,0.337344844624309,70,0.22243264654499423,0.8733541498424665,0.8735601770991912,0.8294063930671672
Shorter series,70,200,8,0.7,0.15,90,130,200,diag,cholesky_gaussian_ar,bures_transport,44,36,3,3,10,8.0,0.03,0.05,20.0,0.0,0.005,1e-06,0.34528876198919467,0.35238406452431614,0.330471667783167,0.5107265394418645,0.0015015389284751756,0.35088252559584077,70,0.14454580696144959,0.9082466274654101,0.9086162307945541,0.8294063930671672
Shorter series,70,200,8,0.7,0.15,90,130,200,diag,log_euclidean_gaussian_ar,bures_transport,44,36,3,3,10,8.0,0.03,0.05,20.0,0.0,0.005,1e-06,0.34326453760150544,0.3456440610441406,0.3291606090417327,0.5196505620523475,0.0015015389284751756,0.34414252211566543,70,0.11544671744369356,0.8908747141292094,0.8911628778602646,0.8294063930671672
Shorter series,70,200,8,0.7,0.15,90,130,200,diag,bwar_barycenter,bures_transport,44,36,3,3,10,8.0,0.03,0.05,20.0,0.0,0.005,1e-06,0.3333825733701995,0.3314376307644557,0.32060530040092367,0.515404310915248,0.001501538928475176,0.32993609183598055,70,0.15530854677104006,0.8542585793807099,0.8543750865279569,0.8294063930671676
Shorter series,71,200,8,0.7,0.15,90,130,200,diag,persistence,bures_transport,44,36,3,3,10,8.0,0.03,0.05,20.0,0.0,0.0,,0.39298776881913167,0.3772161230434949,,,0.0019811285240068535,0.37523499451948805,70,0.07537442820533734,1.0,1.0,1.0
Shorter series,71,200,8,0.7,0.15,90,130,200,diag,euclidean_gaussian_ar,bures_transport,44,36,3,3,10,8.0,0.03,0.05,20.0,0.0,0.0,1e-06,0.357860238956451,0.3488219536999134,0.34022889806409906,0.5682632696557582,0.0016574683252004625,0.34716448537471295,70,0.27009077248657254,0.9247270527185089,0.9251921874165251,0.8366283686876685
Shorter series,71,200,8,0.7,0.15,90,130,200,diag,cholesky_gaussian_ar,bures_transport,44,36,3,3,10,8.0,0.03,0.05,20.0,0.0,0.0,1e-06,0.36183804810609405,0.351615797710538,0.3376279420244057,0.5528356335036971,0.0016574683252004625,0.34995832938533766,70,0.1953203341943976,0.9321335336188559,0.9326377723204662,0.8366283686876685
Shorter series,71,200,8,0.7,0.15,90,130,200,diag,log_euclidean_gaussian_ar,bures_transport,44,36,3,3,10,8.0,0.03,0.05,20.0,0.0,0.0,1e-06,0.3544737605720421,0.3430846305534384,0.33778843146503523,0.53461248038321,0.0016574683252004625,0.341427162228238,70,0.18174404683018505,0.9095174081779083,0.9099022405025333,0.8366283686876685
Shorter series,71,200,8,0.7,0.15,90,130,200,diag,bwar_barycenter,bures_transport,44,36,3,3,10,8.0,0.03,0.05,20.0,0.0,0.0,1e-06,0.3498567239591453,0.33833765193914245,0.33363993301848255,0.5346382425531623,0.0016574683252004625,0.3366801836139418,70,0.21033066785851715,0.8969331671438934,0.8972515584402833,0.8366283686876685
Shorter series,72,200,8,0.7,0.15,90,130,200,diag,persistence,bures_transport,44,36,3,3,10,8.0,0.03,0.05,20.0,0.0,0.0,,0.42109985698608837,0.34639180524354085,,,0.0017601606520232366,0.3446316445915177,70,0.0895435677492174,1.0,1.0,1.0
Shorter series,72,200,8,0.7,0.15,90,130,200,diag,euclidean_gaussian_ar,bures_transport,44,36,3,3,10,8.0,0.03,0.05,20.0,0.0,0.0,1e-06,0.35537649828683726,0.30730056679675694,0.2730088442059162,0.4995869412112724,0.0014784943798295783,0.3058220724169274,70,0.24196761431173866,0.8871473347376111,0.8873882512425979,0.8399769521776925
Shorter series,72,200,8,0.7,0.15,90,130,200,diag,cholesky_gaussian_ar,bures_transport,44,36,3,3,10,8.0,0.03,0.05,20.0,0.0,0.0,1e-06,0.36598341269637624,0.3198454558585286,0.28274340602360737,0.5027440612598519,0.0014784943798295783,0.318366961478699,70,0.16413792270956917,0.9233632292012565,0.9237891136086778,0.8399769521776925
Shorter series,72,200,8,0.7,0.15,90,130,200,diag,log_euclidean_gaussian_ar,bures_transport,44,36,3,3,10,8.0,0.03,0.05,20.0,0.0,0.0,1e-06,0.3609935018026927,0.3138534625667185,0.2838388669226512,0.4922355463451276,0.0014784943798295783,0.31237496818688887,70,0.18391586070706972,0.9060649178639046,0.9064024534286114,0.8399769521776925
Shorter series,72,200,8,0.7,0.15,90,130,200,diag,bwar_barycenter,bures_transport,44,36,3,3,10,8.0,0.03,0.05,20.0,0.0,0.0,1e-06,0.3526039682290361,0.3044282412775878,0.2638338808423195,0.49956147325254846,0.0014784943798295778,0.302949746897758,70,0.21818155662417732,0.878855205779336,0.87905377132978,0.8399769521776923
Shorter series,73,200,8,0.7,0.15,90,130,200,diag,persistence,bures_transport,44,36,3,3,10,8.0,0.03,0.05,20.0,0.0,0.0,,0.3489672455489911,0.3747640953793122,,,0.0018273672284179695,0.3729367281508943,70,0.11269359608376564,1.0,1.0,1.0
Shorter series,73,200,8,0.7,0.15,90,130,200,diag,euclidean_gaussian_ar,bures_transport,44,36,3,3,10,8.0,0.03,0.05,20.0,0.0,0.0,0.0001,0.3378795436409524,0.3290223531849163,0.3185081136701084,0.4641923222972607,0.0016470872489989733,0.32737526593591737,70,0.24091392788270405,0.8779452387291823,0.8778305841827886,0.9013444169210191
Shorter series,73,200,8,0.7,0.15,90,130,200,diag,cholesky_gaussian_ar,bures_transport,44,36,3,3,10,8.0,0.03,0.05,20.0,0.0,0.0,1e-06,0.31974406374551156,0.34145770168994277,0.32838921472774496,0.48569908101352893,0.001592594122833005,0.33986510756710975,70,0.21319292488053637,0.91112704205119,0.9113210952759703,0.8715238503055471
Shorter series,73,200,8,0.7,0.15,90,130,200,diag,log_euclidean_gaussian_ar,bures_transport,44,36,3,3,10,8.0,0.03,0.05,20.0,0.0,0.0,1e-06,0.31756860631629075,0.32870127285347944,0.3097879283956281,0.4852198667457379,0.001592594122833005,0.32710867873064653,70,0.1908401109076573,0.8770884855465918,0.8771157519199738,0.8715238503055471
Shorter series,73,200,8,0.7,0.15,90,130,200,diag,bwar_barycenter,bures_transport,44,36,3,3,10,8.0,0.03,0.05,20.0,0.0,0.0,1e-06,0.321475177930192,0.32107851441649576,0.3087916128137358,0.4658606379973176,0.0015925941228330043,0.3194859202936628,70,0.20402629431493974,0.8567483341527706,0.8566759350245473,0.8715238503055467
Shorter series,74,200,8,0.7,0.15,90,130,200,diag,persistence,bures_transport,44,36,3,3,10,8.0,0.03,0.05,20.0,0.0,0.0,,0.4092305240444908,0.3889388987709957,,,0.001435608567126721,0.3875032902038689,70,0.07991034618972909,1.0,1.0,1.0
Shorter series,74,200,8,0.7,0.15,90,130,200,diag,euclidean_gaussian_ar,bures_transport,44,36,3,3,10,8.0,0.03,0.05,20.0,0.0,0.0,0.0001,0.3615246886311244,0.3495869621668819,0.31852943265447975,0.5396761023071626,0.0011773849913482512,0.3484095771755336,70,0.2544153505924161,0.8988223170054176,0.8991138552455444,0.8201295383077243
Shorter series,74,200,8,0.7,0.15,90,130,200,diag,cholesky_gaussian_ar,bures_transport,44,36,3,3,10,8.0,0.03,0.05,20.0,0.0,0.0,1e-06,0.3637602933381003,0.3510501157014919,0.3273186744265415,0.5421146640690995,0.0011740587763233903,0.3498760569251685,70,0.165103458680191,0.9025842280388303,0.9028982869825327,0.8178126010164415
Shorter series,74,200,8,0.7,0.15,90,130,200,diag,log_euclidean_gaussian_ar,bures_transport,44,36,3,3,10,8.0,0.03,0.05,20.0,0.0,0.0,1e-06,0.3561714435589963,0.35639197481067997,0.34270713378766426,0.5470419852583959,0.0011740587763233903,0.3552179160343565,70,0.1642456713476436,0.9163186709707863,0.9166836127958377,0.8178126010164415
Shorter series,74,200,8,0.7,0.15,90,130,200,diag,bwar_barycenter,bures_transport,44,36,3,3,10,8.0,0.03,0.05,20.0,0.0,0.0,1e-06,0.3539699695017779,0.34534190849972857,0.32092209027134466,0.5415399844625876,0.001174058776323391,0.3441678497234053,70,0.19465721396168711,0.8879078682820648,0.8881675547640784,0.8178126010164419
Shorter series,75,200,8,0.7,0.15,90,130,200,diag,persistence,bures_transport,44,36,3,3,10,8.0,0.03,0.05,20.0,0.0,0.01,,0.4729025568687577,0.38415701263457713,,,0.001763535828021939,0.3823934768065552,70,0.04999999999999997,1.0,1.0,1.0
Shorter series,75,200,8,0.7,0.15,90,130,200,diag,euclidean_gaussian_ar,bures_transport,44,36,3,3,10,8.0,0.03,0.05,20.0,0.0,0.01,0.0001,0.4086033733138937,0.35959491403464344,0.34649696185995754,0.5327759921041706,0.0015473993448528705,0.35804751468979057,70,0.24904483690579757,0.936062344843102,0.9363326950028471,0.8774413994120568
Shorter series,75,200,8,0.7,0.15,90,130,200,diag,cholesky_gaussian_ar,bures_transport,44,36,3,3,10,8.0,0.03,0.05,20.0,0.0,0.01,1e-06,0.4193954809844319,0.36619748834478105,0.371488721609206,0.5165539722808596,0.0015174009268223633,0.36468008741795865,70,0.17764308329998532,0.9532495211615991,0.9536775848361101,0.8604310174544899
Shorter series,75,200,8,0.7,0.15,90,130,200,diag,log_euclidean_gaussian_ar,bures_transport,44,36,3,3,10,8.0,0.03,0.05,20.0,0.0,0.01,1e-06,0.39932953781699754,0.34887285333179285,0.33823758284416106,0.5085079024474595,0.0015174009268223633,0.3473554524049704,70,0.13631661888126093,0.908151724054696,0.9083718041055658,0.8604310174544899
Shorter series,75,200,8,0.7,0.15,90,130,200,diag,bwar_barycenter,bures_transport,44,36,3,3,10,8.0,0.03,0.05,20.0,0.0,0.01,1e-06,0.39894544051450476,0.34616797550567757,0.338391398619289,0.5201026655615366,0.0015174009268223636,0.34465057457885523,70,0.21209992025843002,0.9011106503864971,0.9012982581635582,0.86043101745449
Shorter series,76,200,8,0.7,0.15,90,130,200,diag,persistence,bures_transport,44,36,3,3,10,8.0,0.03,0.05,20.0,0.0,0.0,,0.39120647037449424,0.38659313056409633,,,0.001716194366230405,0.38487693619786595,70,0.12487651054359838,1.0,1.0,1.0
Shorter series,76,200,8,0.7,0.15,90,130,200,diag,euclidean_gaussian_ar,bures_transport,44,36,3,3,10,8.0,0.03,0.05,20.0,0.0,0.0,1e-06,0.33827284837565463,0.354147085737206,0.35537820428609856,0.537860371398594,0.0014481224416812001,0.3526989632955247,70,0.23955986501201662,0.9160718536836214,0.9163941253008767,0.8437986222166544
Shorter series,76,200,8,0.7,0.15,90,130,200,diag,cholesky_gaussian_ar,bures_transport,44,36,3,3,10,8.0,0.03,0.05,20.0,0.0,0.0,1e-06,0.3456741810467067,0.3638829746155938,0.3566539643516573,0.5513711873757182,0.0014481224416812001,0.36243485217391264,70,0.21993225953019568,0.9412556660917253,0.941690234167693,0.8437986222166544
Shorter series,76,200,8,0.7,0.15,90,130,200,diag,log_euclidean_gaussian_ar,bures_transport,44,36,3,3,10,8.0,0.03,0.05,20.0,0.0,0.0,1e-06,0.3396458283583398,0.35606833135229726,0.3444411694633378,0.5317912044096015,0.0014481224416812001,0.3546202089106161,70,0.22032610585739018,0.9210415374756947,0.9213859692759172,0.8437986222166544
Shorter series,76,200,8,0.7,0.15,90,130,200,diag,bwar_barycenter,bures_transport,44,36,3,3,10,8.0,0.03,0.05,20.0,0.0,0.0,1e-06,0.3337997323166532,0.34677851107555036,0.339020333220155,0.5255731380292692,0.0014481224416812001,0.34533038863386917,70,0.2325395231861448,0.8970115701992671,0.8972488506204855,0.8437986222166544
Shorter series,77,200,8,0.7,0.15,90,130,200,diag,persistence,bures_transport,44,36,3,3,10,8.0,0.03,0.05,20.0,0.0,0.0,,0.38522113703312594,0.38103185331756423,,,0.001684103784015227,0.37934774953354894,70,0.09366461341546539,1.0,1.0,1.0
Shorter series,77,200,8,0.7,0.15,90,130,200,diag,euclidean_gaussian_ar,bures_transport,44,36,3,3,10,8.0,0.03,0.05,20.0,0.0,0.0,1e-06,0.34941162169068535,0.34488303761177797,0.3205744443486794,0.5725708160916407,0.0014355650538295907,0.34344747255794855,70,0.21153563473673115,0.9051291502507044,0.905363147613914,0.8524207756406365
Shorter series,77,200,8,0.7,0.15,90,130,200,diag,cholesky_gaussian_ar,bures_transport,44,36,3,3,10,8.0,0.03,0.05,20.0,0.0,0.0,1e-06,0.3613089072351502,0.3507371979026607,0.3197396640145181,0.5533727760652162,0.0014355650538295907,0.34930163284883115,70,0.18858069102227287,0.9204931158612218,0.9207953211224716,0.8524207756406365
Shorter series,77,200,8,0.7,0.15,90,130,200,diag,log_euclidean_gaussian_ar,bures_transport,44,36,3,3,10,8.0,0.03,0.05,20.0,0.0,0.0,1e-06,0.34902957545002344,0.33961049455058373,0.31580602636258337,0.5559250061740795,0.0014355650538295907,0.33817492949675415,70,0.17225295762928963,0.8912916114326573,0.8914641774271195,0.8524207756406365
Shorter series,77,200,8,0.7,0.15,90,130,200,diag,bwar_barycenter,bures_transport,44,36,3,3,10,8.0,0.03,0.05,20.0,0.0,0.0,1e-06,0.3396176783399454,0.33484585421093055,0.31235078898866064,0.5669950649787246,0.0014355650538295903,0.3334102891571009,70,0.18608961044750766,0.8787870391818902,0.8789040914756096,0.8524207756406362
Shorter series,78,200,8,0.7,0.15,90,130,200,diag,persistence,bures_transport,44,36,3,3,10,8.0,0.03,0.05,20.0,0.0,0.0,,0.37080134035413126,0.3882306487734022,,,0.0018245480253834445,0.3864061007480187,70,0.05144892538381527,1.0,1.0,1.0
Shorter series,78,200,8,0.7,0.15,90,130,200,diag,euclidean_gaussian_ar,bures_transport,44,36,3,3,10,8.0,0.03,0.05,20.0,0.0,0.0,1e-06,0.317232557228288,0.3605522171927672,0.3464429699401802,0.5095988486028871,0.0015489815934776109,0.3590032355992896,70,0.22602031518443083,0.9287062171209723,0.929082731624367,0.8489672904894235
Shorter series,78,200,8,0.7,0.15,90,130,200,diag,cholesky_gaussian_ar,bures_transport,44,36,3,3,10,8.0,0.03,0.05,20.0,0.0,0.0,1e-06,0.3148469393447578,0.35589664382948305,0.33688120220119216,0.5090377529900332,0.0015489815934776109,0.35434766223600545,70,0.1780150366346116,0.9167144452760826,0.9170343365439796,0.8489672904894235
Shorter series,78,200,8,0.7,0.15,90,130,200,diag,log_euclidean_gaussian_ar,bures_transport,44,36,3,3,10,8.0,0.03,0.05,20.0,0.0,0.0,1e-06,0.3118537972351971,0.35086654597616185,0.3325851053037816,0.5293404766406563,0.0015489815934776109,0.34931756438268413,70,0.12411715178675017,0.9037579775958169,0.9040166904882266,0.8489672904894235
Shorter series,78,200,8,0.7,0.15,90,130,200,diag,bwar_barycenter,bures_transport,44,36,3,3,10,8.0,0.03,0.05,20.0,0.0,0.0,1e-06,0.30844637233608607,0.3482754781383098,0.3275930645242471,0.5153997337099286,0.0015489815934776102,0.346726496544832,70,0.16246046443069076,0.8970839351263765,0.8973111342539016,0.8489672904894232
Shorter series,79,200,8,0.7,0.15,90,130,200,diag,persistence,bures_transport,44,36,3,3,10,8.0,0.03,0.05,20.0,0.0,0.0,,0.4087272927912597,0.4129186515487019,,,0.0013028355683342215,0.41161581598036767,70,0.05152963482076178,1.0,1.0,1.0
Shorter series,79,200,8,0.7,0.15,90,130,200,diag,euclidean_gaussian_ar,bures_transport,44,36,3,3,10,8.0,0.03,0.05,20.0,0.0,0.0,1e-06,0.3822304804871912,0.3677767657876738,0.3591410011611295,0.509702778804964,0.001175807385264782,0.366600958402409,70,0.1386742608895642,0.8906760796788474,0.8906386590837275,0.9024986835200891
Shorter series,79,200,8,0.7,0.15,90,130,200,diag,cholesky_gaussian_ar,bures_transport,44,36,3,3,10,8.0,0.03,0.05,20.0,0.0,0.0,1e-06,0.3744606100535912,0.3685349374137851,0.3568505039870924,0.5268615284915186,0.001175807385264782,0.3673591300285203,70,0.1466648754980658,0.8925122079895151,0.8924805990594923,0.9024986835200891
Shorter series,79,200,8,0.7,0.15,90,130,200,diag,log_euclidean_gaussian_ar,bures_transport,44,36,3,3,10,8.0,0.03,0.05,20.0,0.0,0.0,0.0001,0.3682182152886816,0.36846992870192274,0.3610946592246192,0.5265908104476696,0.0012271876052026129,0.3672427410967201,70,0.11717035767010471,0.8923547708972003,0.8921978379816096,0.9419359088972904
Shorter series,79,200,8,0.7,0.15,90,130,200,diag,bwar_barycenter,bures_transport,44,36,3,3,10,8.0,0.03,0.05,20.0,0.0,0.0,1e-06,0.3659014248398188,0.3605913242039881,0.36226471696987117,0.5052953314551298,0.0011758073852647822,0.3594155168187233,70,0.14860717782410263,0.873274488453225,0.8731819887986664,0.9024986835200892
Higher dimension,0,320,10,0.7,0.12,144,208,320,diag,persistence,bures_transport,65,55,4,4,16,8.0,0.03,0.05,20.0,0.0,0.0,,0.3731280128838796,0.4092142486391054,,,0.002299839924337734,0.40691440871476764,112,0.1439722456287547,1.0,1.0,1.0
Higher dimension,0,320,10,0.7,0.12,144,208,320,diag,euclidean_gaussian_ar,bures_transport,65,55,4,4,16,8.0,0.03,0.05,20.0,0.0,0.0,1e-06,0.3296582573639337,0.3539287842796455,0.34791077526368863,0.45130130410766717,0.0019020531504908699,0.35202673112915467,112,0.27054930288485685,0.864898486444891,0.8651124747364568,0.8270371908769208
Higher dimension,0,320,10,0.7,0.12,144,208,320,diag,cholesky_gaussian_ar,bures_transport,65,55,4,4,16,8.0,0.03,0.05,20.0,0.0,0.0,1e-06,0.33160271828914667,0.35836072700399296,0.35041864939008766,0.4725193861047237,0.0019020531504908699,0.3564586738535021,112,0.2130846808831547,0.8757288588942532,0.876004059377919,0.8270371908769208
Higher dimension,0,320,10,0.7,0.12,144,208,320,diag,log_euclidean_gaussian_ar,bures_transport,65,55,4,4,16,8.0,0.03,0.05,20.0,0.0,0.0,1e-06,0.32659249502727894,0.35128497943635884,0.34092876047159837,0.46895755996880817,0.0019020531504908699,0.349382926285868,112,0.2072857785546158,0.8584378002589163,0.8586152733922303,0.8270371908769208
Higher dimension,0,320,10,0.7,0.12,144,208,320,diag,bwar_barycenter,bures_transport,65,55,4,4,16,8.0,0.03,0.05,20.0,0.0,0.0,1e-06,0.3232999298927032,0.34763251803832457,0.33871031419255215,0.4521544011630279,0.0019020531504908695,0.3457304648878337,112,0.22359496038778703,0.8495122523089585,0.849639279129529,0.8270371908769207
Higher dimension,1,320,10,0.7,0.12,144,208,320,diag,persistence,bures_transport,65,55,4,4,16,8.0,0.03,0.05,20.0,0.0,0.0,,0.3961533362097538,0.38624217745394074,,,0.0020584130517540752,0.3841837644021867,112,0.10886045833679803,1.0,1.0,1.0
Higher dimension,1,320,10,0.7,0.12,144,208,320,diag,euclidean_gaussian_ar,bures_transport,65,55,4,4,16,8.0,0.03,0.05,20.0,0.0,0.0,1e-06,0.35305263751587546,0.33955097098118137,0.3175897918993933,0.5101906884453608,0.0017785276847641174,0.33777244329641726,112,0.21677673470338601,0.8791141693003549,0.8791949962331482,0.8640285696053793
Higher dimension,1,320,10,0.7,0.12,144,208,320,diag,cholesky_gaussian_ar,bures_transport,65,55,4,4,16,8.0,0.03,0.05,20.0,0.0,0.0,1e-06,0.3641330892080032,0.345768596703184,0.33064391231355666,0.534770204423526,0.0017785276847641174,0.34399006901841983,112,0.1839087786780983,0.895211908193058,0.8953789849857119,0.8640285696053793
Higher dimension,1,320,10,0.7,0.12,144,208,320,diag,log_euclidean_gaussian_ar,bures_transport,65,55,4,4,16,8.0,0.03,0.05,20.0,0.0,0.0,1e-06,0.3523027061417233,0.3387976529540487,0.31542299292003684,0.5104376220742374,0.0017785276847641174,0.3370191252692845,112,0.1646642439269645,0.8771637918659212,0.8772341688975502,0.8640285696053793
Higher dimension,1,320,10,0.7,0.12,144,208,320,diag,bwar_barycenter,bures_transport,65,55,4,4,16,8.0,0.03,0.05,20.0,0.0,0.0,1e-06,0.34550792062167,0.334604259899561,0.3098151993418141,0.5064004511311267,0.0017785276847641174,0.33282573221479683,112,0.18234753851369684,0.8663068909388137,0.866319097926207,0.8640285696053793
Higher dimension,2,320,10,0.7,0.12,144,208,320,diag,persistence,bures_transport,65,55,4,4,16,8.0,0.03,0.05,20.0,0.0,0.0,,0.42248957697014405,0.3770844542847502,,,0.0022417296533672744,0.37484272463138285,112,0.0979201112778006,1.0,1.0,1.0
Higher dimension,2,320,10,0.7,0.12,144,208,320,diag,euclidean_gaussian_ar,bures_transport,65,55,4,4,16,8.0,0.03,0.05,20.0,0.0,0.0,1e-06,0.37237666450351736,0.3430048240643255,0.33911157552226867,0.4806925568062861,0.001924266514395818,0.3410805575499297,112,0.20920355604559768,0.9096233487400943,0.9099297789101961,0.8583847349770304
Higher dimension,2,320,10,0.7,0.12,144,208,320,diag,cholesky_gaussian_ar,bures_transport,65,55,4,4,16,8.0,0.03,0.05,20.0,0.0,0.0,1e-06,0.37882075160608797,0.34979597873637464,0.34795391509641127,0.47808680376626517,0.001924266514395818,0.3478717122219788,112,0.16491955117885,0.9276329871510189,0.9280471231343036,0.8583847349770304
Higher dimension,2,320,10,0.7,0.12,144,208,320,diag,log_euclidean_gaussian_ar,bures_transport,65,55,4,4,16,8.0,0.03,0.05,20.0,0.0,0.0,1e-06,0.3707598196783821,0.34211998434966223,0.34318789086989165,0.4714486943593473,0.001924266514395818,0.3401957178352664,112,0.15172019437791626,0.9072768194557154,0.907569216315488,0.8583847349770304
Higher dimension,2,320,10,0.7,0.12,144,208,320,diag,bwar_barycenter,bures_transport,65,55,4,4,16,8.0,0.03,0.05,20.0,0.0,0.0,1e-06,0.36530745376992524,0.33607609449309706,0.34278241882316185,0.4762933844347564,0.0019242665143958174,0.3341518279787012,112,0.170319259416673,0.8912488719020853,0.8914454143595911,0.8583847349770302
Higher dimension,3,320,10,0.7,0.12,144,208,320,diag,persistence,bures_transport,65,55,4,4,16,8.0,0.03,0.05,20.0,0.0,0.0,,0.3381540996922839,0.4052585885797108,,,0.0021543515053063576,0.40310423707440446,112,0.09062093736864568,1.0,1.0,1.0
Higher dimension,3,320,10,0.7,0.12,144,208,320,diag,euclidean_gaussian_ar,bures_transport,65,55,4,4,16,8.0,0.03,0.05,20.0,0.0,0.0,1e-06,0.31345656193821636,0.35315913474514915,0.35406077688696924,0.5132929592075798,0.0018478285802595118,0.35131130616488965,112,0.2437897867761628,0.8714414566335239,0.8715147940755708,0.8577191677904683
Higher dimension,3,320,10,0.7,0.12,144,208,320,diag,cholesky_gaussian_ar,bures_transport,65,55,4,4,16,8.0,0.03,0.05,20.0,0.0,0.0,1e-06,0.31228071865028917,0.3542039280659414,0.35208055787511316,0.5150690148565725,0.0018478285802595118,0.35235609948568186,112,0.1895637391727058,0.8740195471422381,0.8741066629390066,0.8577191677904683
Higher dimension,3,320,10,0.7,0.12,144,208,320,diag,log_euclidean_gaussian_ar,bures_transport,65,55,4,4,16,8.0,0.03,0.05,20.0,0.0,0.0,1e-06,0.31321303851081184,0.35093775720831494,0.3428055077359832,0.5149413603226736,0.0018478285802595118,0.34908992862805543,112,0.1626150136819882,0.8659600736365112,0.8660041163586699,0.8577191677904683
Higher dimension,3,320,10,0.7,0.12,144,208,320,diag,bwar_barycenter,bures_transport,65,55,4,4,16,8.0,0.03,0.05,20.0,0.0,0.0,1e-06,0.30301201947954526,0.3461224731342377,0.3422179663490327,0.4982253199193704,0.0018478285802595116,0.34427464455397816,112,0.19360613715696987,0.854078069874535,0.854058610379807,0.8577191677904682
Higher dimension,4,320,10,0.7,0.12,144,208,320,diag,persistence,bures_transport,65,55,4,4,16,8.0,0.03,0.05,20.0,0.0,0.0,,0.37929275063262635,0.36204057507563253,,,0.0020988852511314624,0.35994168982450114,112,0.10878941494822464,1.0,1.0,1.0
Higher dimension,4,320,10,0.7,0.12,144,208,320,diag,euclidean_gaussian_ar,bures_transport,65,55,4,4,16,8.0,0.03,0.05,20.0,0.0,0.0,1e-06,0.3393253706771402,0.31451072608310376,0.2928396969682162,0.44372631931874346,0.0017471012378395302,0.31276362484526427,112,0.23927589657728182,0.8687167895957533,0.8689285895105961,0.8323948328750734
Higher dimension,4,320,10,0.7,0.12,144,208,320,diag,cholesky_gaussian_ar,bures_transport,65,55,4,4,16,8.0,0.03,0.05,20.0,0.0,0.0,1e-06,0.3434215816434134,0.32109114350527224,0.3068559431127781,0.46062686381948786,0.0017471012378395302,0.3193440422674328,112,0.1832190934524331,0.8868927010133997,0.8872104879630287,0.8323948328750734
Higher dimension,4,320,10,0.7,0.12,144,208,320,diag,log_euclidean_gaussian_ar,bures_transport,65,55,4,4,16,8.0,0.03,0.05,20.0,0.0,0.0,1e-06,0.33781827589470453,0.3164832945249868,0.3058239188890144,0.45877023399384037,0.0017471012378395302,0.3147361932871472,112,0.16436905828268683,0.874165262992612,0.874408833943645,0.8323948328750734
Higher dimension,4,320,10,0.7,0.12,144,208,320,diag,bwar_barycenter,bures_transport,65,55,4,4,16,8.0,0.03,0.05,20.0,0.0,0.0,1e-06,0.3322763712522108,0.3104360335002942,0.286591219339144,0.44042604220591064,0.0017471012378395302,0.3086889322624546,112,0.1812047547984021,0.8574619942404029,0.8576081654030235,0.8323948328750734
Higher dimension,5,320,10,0.7,0.12,144,208,320,diag,persistence,bures_transport,65,55,4,4,16,8.0,0.03,0.05,20.0,0.0,0.0,,0.38823199221357296,0.3829303944569113,,,0.0023462715989028037,0.3805841228580085,112,0.1006119398069356,1.0,1.0,1.0
Higher dimension,5,320,10,0.7,0.12,144,208,320,diag,euclidean_gaussian_ar,bures_transport,65,55,4,4,16,8.0,0.03,0.05,20.0,0.0,0.0,1e-06,0.3528214383731568,0.34679691360223386,0.3370854624416044,0.5042343493621585,0.0020286570520093084,0.34476825655022453,112,0.2568482914869115,0.9056395591007511,0.9058923792226969,0.8646301020555239
Higher dimension,5,320,10,0.7,0.12,144,208,320,diag,cholesky_gaussian_ar,bures_transport,65,55,4,4,16,8.0,0.03,0.05,20.0,0.0,0.0,1e-06,0.34724470229280174,0.34484051369848945,0.3391496533300424,0.5065489717784422,0.0020286570520093084,0.3428118566464801,112,0.19349205613036155,0.9005305368552878,0.9007518602513516,0.8646301020555239
Higher dimension,5,320,10,0.7,0.12,144,208,320,diag,log_euclidean_gaussian_ar,bures_transport,65,55,4,4,16,8.0,0.03,0.05,20.0,0.0,0.0,1e-06,0.34124033855991676,0.33684992134511443,0.3292077088763249,0.4866232082635526,0.0020286570520093084,0.33482126429310516,112,0.17349157963882866,0.8796635791286554,0.8797562593487985,0.8646301020555239
Higher dimension,5,320,10,0.7,0.12,144,208,320,diag,bwar_barycenter,bures_transport,65,55,4,4,16,8.0,0.03,0.05,20.0,0.0,0.0,1e-06,0.3408354301230798,0.33556260843059565,0.3319278678895778,0.4915555782000488,0.0020286570520093084,0.3335339513785863,112,0.20163773121627204,0.8763018378483779,0.8763737931942682,0.8646301020555239
Higher dimension,6,320,10,0.7,0.12,144,208,320,diag,persistence,bures_transport,65,55,4,4,16,8.0,0.03,0.05,20.0,0.0,0.0,,0.3599092586240171,0.3733505984589727,,,0.0020360335118730258,0.3713145649470996,112,0.15158579583601836,1.0,1.0,1.0
Higher dimension,6,320,10,0.7,0.12,144,208,320,diag,euclidean_gaussian_ar,bures_transport,65,55,4,4,16,8.0,0.03,0.05,20.0,0.0,0.0,1e-06,0.3316371876449789,0.33279582263471935,0.3131779386945004,0.4801046364593768,0.0017519873135325875,0.33104383532118675,112,0.22740293608464687,0.8913761595892824,0.8915455157767643,0.8604904110447901
Higher dimension,6,320,10,0.7,0.12,144,208,320,diag,cholesky_gaussian_ar,bures_transport,65,55,4,4,16,8.0,0.03,0.05,20.0,0.0,0.0,1e-06,0.3407015793631307,0.33831621203833817,0.3302725310613127,0.48658158938057594,0.0017519873135325875,0.33656422472480557,112,0.21233554437281985,0.9061622331255363,0.9064126659635751,0.8604904110447901
Higher dimension,6,320,10,0.7,0.12,144,208,320,diag,log_euclidean_gaussian_ar,bures_transport,65,55,4,4,16,8.0,0.03,0.05,20.0,0.0,0.0,1e-06,0.3310187133189279,0.3322166316702339,0.3162023668518061,0.4745875949332927,0.0017519873135325875,0.3304646443567013,112,0.2105178922118009,0.8898248269628554,0.8899856767099398,0.8604904110447901
Higher dimension,6,320,10,0.7,0.12,144,208,320,diag,bwar_barycenter,bures_transport,65,55,4,4,16,8.0,0.03,0.05,20.0,0.0,0.0,1e-06,0.3261799763664015,0.32765300921174034,0.30857505000999874,0.4750179948321849,0.0017519873135325883,0.3259010218982078,112,0.21998507027475325,0.8776014035176267,0.877695228423475,0.8604904110447905
Higher dimension,7,320,10,0.7,0.12,144,208,320,diag,persistence,bures_transport,65,55,4,4,16,8.0,0.03,0.05,20.0,0.0,0.0,,0.36468962735866556,0.3522427199303801,,,0.0021046296737355736,0.3501380902566445,112,0.10037996761385425,1.0,1.0,1.0
Higher dimension,7,320,10,0.7,0.12,144,208,320,diag,euclidean_gaussian_ar,bures_transport,65,55,4,4,16,8.0,0.03,0.05,20.0,0.0,0.0,1e-06,0.3235746778902443,0.3162048735607215,0.29792201766895815,0.4716198476652494,0.0017341997092866436,0.31447067385143485,112,0.21092619972935525,0.8976903017987672,0.8981332868438675,0.8239928054461751
Higher dimension,7,320,10,0.7,0.12,144,208,320,diag,cholesky_gaussian_ar,bures_transport,65,55,4,4,16,8.0,0.03,0.05,20.0,0.0,0.0,1e-06,0.3202491214916554,0.31300694981839955,0.28452962818089056,0.4813123174300243,0.0017341997092866436,0.3112727501091129,112,0.16968084421226787,0.8886115513764616,0.8889999653592556,0.8239928054461751
Higher dimension,7,320,10,0.7,0.12,144,208,320,diag,log_euclidean_gaussian_ar,bures_transport,65,55,4,4,16,8.0,0.03,0.05,20.0,0.0,0.0,1e-06,0.313773127017537,0.3113208915445686,0.28511031256468417,0.46745089517364613,0.0017341997092866436,0.309586691835282,112,0.16961014717256062,0.8838249137018372,0.8841845558943926,0.8239928054461751
Higher dimension,7,320,10,0.7,0.12,144,208,320,diag,bwar_barycenter,bures_transport,65,55,4,4,16,8.0,0.03,0.05,20.0,0.0,0.0,1e-06,0.3120036382407904,0.3091984346734319,0.2862148681349217,0.4706818896469885,0.0017341997092866442,0.3074642349641453,112,0.19227545187066578,0.8777993615724526,0.8781227850382686,0.8239928054461755
Higher dimension,8,320,10,0.7,0.12,144,208,320,diag,persistence,bures_transport,65,55,4,4,16,8.0,0.03,0.05,20.0,0.0,0.0,,0.3773038560556723,0.37155572273876347,,,0.0022373201591963108,0.3693184025795672,112,0.12233677811922528,1.0,1.0,1.0
Higher dimension,8,320,10,0.7,0.12,144,208,320,diag,euclidean_gaussian_ar,bures_transport,65,55,4,4,16,8.0,0.03,0.05,20.0,0.0,0.0,1e-06,0.3346371869357374,0.3310923328374783,0.3213044877776824,0.45731669984595064,0.0018910583624058084,0.3292012744750724,112,0.20200894522531773,0.8910973847932507,0.8913752257556355,0.8452336848764254
Higher dimension,8,320,10,0.7,0.12,144,208,320,diag,cholesky_gaussian_ar,bures_transport,65,55,4,4,16,8.0,0.03,0.05,20.0,0.0,0.0,1e-06,0.3435709975739869,0.3404215211253722,0.3278739991459432,0.47088902336114274,0.0018910583624058084,0.33853046276296644,112,0.18639328990077128,0.9162058347967329,0.9166357820201833,0.8452336848764254
Higher dimension,8,320,10,0.7,0.12,144,208,320,diag,log_euclidean_gaussian_ar,bures_transport,65,55,4,4,16,8.0,0.03,0.05,20.0,0.0,0.0,1e-06,0.3365410127295739,0.3326426296870281,0.3223008288123648,0.4619182592779387,0.0018910583624058084,0.33075157132462224,112,0.181266408518011,0.8952698325707267,0.8955729501005951,0.8452336848764254
Higher dimension,8,320,10,0.7,0.12,144,208,320,diag,bwar_barycenter,bures_transport,65,55,4,4,16,8.0,0.03,0.05,20.0,0.0,0.0,1e-06,0.32963661044182024,0.32630622788754854,0.3161070896129526,0.452788587635727,0.0018910583624058089,0.32441516952514277,112,0.19067527279882868,0.8782161272670551,0.8784159339453702,0.8452336848764256
Higher dimension,9,320,10,0.7,0.12,144,208,320,diag,persistence,bures_transport,65,55,4,4,16,8.0,0.03,0.05,20.0,0.0,0.0,,0.3606668526765555,0.3912145422089246,,,0.002222080412091937,0.38899246179683267,112,0.09965255046460668,1.0,1.0,1.0
Higher dimension,9,320,10,0.7,0.12,144,208,320,diag,euclidean_gaussian_ar,bures_transport,65,55,4,4,16,8.0,0.03,0.05,20.0,0.0,0.0,0.0001,0.32489602828758457,0.34175098335435783,0.3275716914661344,0.4973325232618549,0.002014194673014723,0.33973678868134316,112,0.23501660315765605,0.8735641099247502,0.8733762785839914,0.9064454472727638
Higher dimension,9,320,10,0.7,0.12,144,208,320,diag,cholesky_gaussian_ar,bures_transport,65,55,4,4,16,8.0,0.03,0.05,20.0,0.0,0.0,1e-06,0.3333017774121829,0.3507815285832,0.3269007216932053,0.5004692529327797,0.0019488548900756038,0.3488326736931245,112,0.18800353068472853,0.8966474676594928,0.8967594695326428,0.877040668497181
Higher dimension,9,320,10,0.7,0.12,144,208,320,diag,log_euclidean_gaussian_ar,bures_transport,65,55,4,4,16,8.0,0.03,0.05,20.0,0.0,0.0,1e-06,0.3254581922926687,0.338483180080613,0.31527596134044367,0.4887535967600914,0.0019488548900756038,0.33653432519053744,112,0.17846879539124197,0.8652111400803938,0.8651435650861182,0.877040668497181
Higher dimension,9,320,10,0.7,0.12,144,208,320,diag,bwar_barycenter,bures_transport,65,55,4,4,16,8.0,0.03,0.05,20.0,0.0,0.0,1e-06,0.3183371881815989,0.33465698387323667,0.31715933383997297,0.49758712174954783,0.0019488548900756038,0.3327081289831611,112,0.1997259222173561,0.8554308384950479,0.855307394509181,0.877040668497181
Higher dimension,10,320,10,0.7,0.12,144,208,320,diag,persistence,bures_transport,65,55,4,4,16,8.0,0.03,0.05,20.0,0.0,0.0,,0.39477962426610463,0.4171218605744603,,,0.001987628773563604,0.4151342318008967,112,0.1104408946714705,1.0,1.0,1.0
Higher dimension,10,320,10,0.7,0.12,144,208,320,diag,euclidean_gaussian_ar,bures_transport,65,55,4,4,16,8.0,0.03,0.05,20.0,0.0,0.0,1e-06,0.35262898425940054,0.3702786140570901,0.3367846241282947,0.5359659858909283,0.0016992219808181417,0.36857939207627194,112,0.18963627558751586,0.8876988934292303,0.8878559363253065,0.8548990653680364
Higher dimension,10,320,10,0.7,0.12,144,208,320,diag,cholesky_gaussian_ar,bures_transport,65,55,4,4,16,8.0,0.03,0.05,20.0,0.0,0.0,1e-06,0.36413100438000223,0.38302259170279174,0.3639108391432804,0.5451658057389333,0.0016992219808181417,0.3813233697219736,112,0.2225905727160789,0.9182510625918597,0.9185543867769036,0.8548990653680364
Higher dimension,10,320,10,0.7,0.12,144,208,320,diag,log_euclidean_gaussian_ar,bures_transport,65,55,4,4,16,8.0,0.03,0.05,20.0,0.0,0.0,1e-06,0.3576148800195864,0.3739538881068586,0.34471288374725173,0.5460764231651644,0.0016992219808181417,0.37225466612604047,112,0.20820339216011932,0.8965099254012945,0.8967091547983406,0.8548990653680364
Higher dimension,10,320,10,0.7,0.12,144,208,320,diag,bwar_barycenter,bures_transport,65,55,4,4,16,8.0,0.03,0.05,20.0,0.0,0.0,1e-06,0.3500031529763103,0.3650937135197397,0.33194583348525253,0.5335753368372845,0.0016992219808181423,0.3633944915389215,112,0.228055625098968,0.8752687116827983,0.8753662398845726,0.8548990653680367
Higher dimension,11,320,10,0.7,0.12,144,208,320,diag,persistence,bures_transport,65,55,4,4,16,8.0,0.03,0.05,20.0,0.0,0.0,,0.3465267188328135,0.3619172455994922,,,0.0020873218545251677,0.35982992374496703,112,0.10794137190049503,1.0,1.0,1.0
Higher dimension,11,320,10,0.7,0.12,144,208,320,diag,euclidean_gaussian_ar,bures_transport,65,55,4,4,16,8.0,0.03,0.05,20.0,0.0,0.0,1e-06,0.30255758272170696,0.32289202362572983,0.3027746212442153,0.4747048301784868,0.0017642743519420937,0.32112774927378773,112,0.19232724640017354,0.8921708693126252,0.8924431462831595,0.8452334977077303
Higher dimension,11,320,10,0.7,0.12,144,208,320,diag,cholesky_gaussian_ar,bures_transport,65,55,4,4,16,8.0,0.03,0.05,20.0,0.0,0.0,1e-06,0.3071775582782217,0.32714117212585087,0.3035974285857764,0.4772732095843602,0.0017642743519420937,0.3253768977739089,112,0.1869457321450279,0.9039115325492793,0.9042519154258081,0.8452334977077303
Higher dimension,11,320,10,0.7,0.12,144,208,320,diag,log_euclidean_gaussian_ar,bures_transport,65,55,4,4,16,8.0,0.03,0.05,20.0,0.0,0.0,1e-06,0.3064080982158651,0.32307502803361265,0.3013139821312496,0.4764386025892797,0.0017642743519420937,0.32131075368167056,112,0.17348492116098366,0.8926765219448443,0.8929517321338808,0.8452334977077303
Higher dimension,11,320,10,0.7,0.12,144,208,320,diag,bwar_barycenter,bures_transport,65,55,4,4,16,8.0,0.03,0.05,20.0,0.0,0.0,1e-06,0.3002675252564606,0.3180227919911497,0.2966079972242851,0.4715258573250357,0.0017642743519420937,0.31625851763920754,112,0.18360991964915518,0.87871687756787,0.878911109859109,0.8452334977077303
Higher dimension,12,320,10,0.7,0.12,144,208,320,diag,persistence,bures_transport,65,55,4,4,16,8.0,0.03,0.05,20.0,0.0,0.0,,0.3884621246603641,0.38558806428162107,,,0.0023065765744379753,0.3832814877071832,112,0.11997580750018194,1.0,1.0,1.0
Higher dimension,12,320,10,0.7,0.12,144,208,320,diag,euclidean_gaussian_ar,bures_transport,65,55,4,4,16,8.0,0.03,0.05,20.0,0.0,0.0,1e-06,0.3476272554684591,0.3468908187301797,0.3289710507731513,0.4890918280779509,0.001988681546308557,0.3449021371838711,112,0.22922958805536622,0.8996409662639916,0.8998664121429395,0.8621788534348237
Higher dimension,12,320,10,0.7,0.12,144,208,320,diag,cholesky_gaussian_ar,bures_transport,65,55,4,4,16,8.0,0.03,0.05,20.0,0.0,0.0,1e-06,0.34555169592003493,0.3569779895852242,0.33315413810473593,0.4949952505803225,0.001988681546308557,0.3549893080389156,112,0.21914079031682668,0.9258014514798337,0.9261843303794467,0.8621788534348237
Higher dimension,12,320,10,0.7,0.12,144,208,320,diag,log_euclidean_gaussian_ar,bures_transport,65,55,4,4,16,8.0,0.03,0.05,20.0,0.0,0.0,1e-06,0.3376520984776392,0.34830188756590574,0.3349840791532174,0.4894686354859604,0.001988681546308557,0.34631320601959714,112,0.18706418852043674,0.9033004904205678,0.9035479592068667,0.8621788534348237
Higher dimension,12,320,10,0.7,0.12,144,208,320,diag,bwar_barycenter,bures_transport,65,55,4,4,16,8.0,0.03,0.05,20.0,0.0,0.0,1e-06,0.3370295176346688,0.3416731219747088,0.3257651205452108,0.4884262944182481,0.0019886815463085565,0.3396844404284002,112,0.21100522034595925,0.8861091761522,0.8862531881213893,0.8621788534348236
Higher dimension,13,320,10,0.7,0.12,144,208,320,diag,persistence,bures_transport,65,55,4,4,16,8.0,0.03,0.05,20.0,0.0,0.0,,0.38979044225658566,0.3760494008696851,,,0.002196762163729209,0.3738526387059559,112,0.08184222587590391,1.0,1.0,1.0
Higher dimension,13,320,10,0.7,0.12,144,208,320,diag,euclidean_gaussian_ar,bures_transport,65,55,4,4,16,8.0,0.03,0.05,20.0,0.0,0.0,1e-06,0.3523965121714301,0.3364754580121852,0.32400393887492784,0.492137380732901,0.0018388734902048973,0.33463658452198025,112,0.21758678617764338,0.894763978440126,0.8951029092111877,0.8370835589608105
Higher dimension,13,320,10,0.7,0.12,144,208,320,diag,cholesky_gaussian_ar,bures_transport,65,55,4,4,16,8.0,0.03,0.05,20.0,0.0,0.0,1e-06,0.35944235604659136,0.340356379159667,0.31753512871766154,0.5052944027418854,0.0018388734902048973,0.3385175056694621,112,0.1674042780291264,0.9050842213085003,0.9054837939386975,0.8370835589608105
Higher dimension,13,320,10,0.7,0.12,144,208,320,diag,log_euclidean_gaussian_ar,bures_transport,65,55,4,4,16,8.0,0.03,0.05,20.0,0.0,0.0,1e-06,0.3517290611168771,0.33289197953150246,0.3133650432433967,0.4963578860121798,0.0018388734902048973,0.3310531060412976,112,0.14755766785837618,0.8852347025726595,0.8855176392152707,0.8370835589608105
Higher dimension,13,320,10,0.7,0.12,144,208,320,diag,bwar_barycenter,bures_transport,65,55,4,4,16,8.0,0.03,0.05,20.0,0.0,0.0,1e-06,0.3431154560927794,0.32783381802424955,0.3116034839043331,0.4972100776778186,0.0018388734902048975,0.3259949445340447,112,0.16755304616096647,0.871783912608482,0.8719878122632366,0.8370835589608107
Higher dimension,14,320,10,0.7,0.12,144,208,320,diag,persistence,bures_transport,65,55,4,4,16,8.0,0.03,0.05,20.0,0.0,0.0,,0.3836597573645192,0.3913807377696436,,,0.002187480320253947,0.38919325744938976,112,0.09846463525128468,1.0,1.0,1.0
Higher dimension,14,320,10,0.7,0.12,144,208,320,diag,euclidean_gaussian_ar,bures_transport,65,55,4,4,16,8.0,0.03,0.05,20.0,0.0,0.0,0.0001,0.3322437654403443,0.3475607979442504,0.32983253176526633,0.5193419658070054,0.0019260053996317122,0.3456347925446187,112,0.26454447015346116,0.8880375665008213,0.8880801142593397,0.8804675323470431
Higher dimension,14,320,10,0.7,0.12,144,208,320,diag,cholesky_gaussian_ar,bures_transport,65,55,4,4,16,8.0,0.03,0.05,20.0,0.0,0.0,1e-06,0.33682012704365677,0.3560838484816761,0.33562619250643255,0.5234637958633802,0.0018857963256178033,0.3541980521560583,112,0.20417135744928486,0.9098144443972552,0.9100827040975082,0.862086076001305
Higher dimension,14,320,10,0.7,0.12,144,208,320,diag,log_euclidean_gaussian_ar,bures_transport,65,55,4,4,16,8.0,0.03,0.05,20.0,0.0,0.0,1e-06,0.33097207040435417,0.35168244067518156,0.3265819265157279,0.5232401372309106,0.0018857963256178033,0.34979664434956376,112,0.19998101454490164,0.8985685976251917,0.8987736494768307,0.862086076001305
Higher dimension,14,320,10,0.7,0.12,144,208,320,diag,bwar_barycenter,bures_transport,65,55,4,4,16,8.0,0.03,0.05,20.0,0.0,0.0,1e-06,0.32724103457778186,0.3435241269507171,0.325225625073013,0.5200536601019641,0.0018857963256178037,0.3416383306250993,112,0.21980753067507716,0.8777236429885478,0.8778115347219897,0.8620860760013053
Higher dimension,15,320,10,0.7,0.12,144,208,320,diag,persistence,bures_transport,65,55,4,4,16,8.0,0.03,0.05,20.0,0.0,0.0,,0.40439311000020733,0.3685510755298906,,,0.0019224132664133026,0.36662866226347735,112,0.1334089590689947,1.0,1.0,1.0
Higher dimension,15,320,10,0.7,0.12,144,208,320,diag,euclidean_gaussian_ar,bures_transport,65,55,4,4,16,8.0,0.03,0.05,20.0,0.0,0.0,1e-06,0.3434420902041675,0.32660083019331837,0.316989899190353,0.4756391940816134,0.0016228465283408301,0.32497798366497754,112,0.2170439742327069,0.8861752193335549,0.886395465260794,0.8441715195654147
Higher dimension,15,320,10,0.7,0.12,144,208,320,diag,cholesky_gaussian_ar,bures_transport,65,55,4,4,16,8.0,0.03,0.05,20.0,0.0,0.0,1e-06,0.3497387765416562,0.3332429635653443,0.3223318726585379,0.4849846475618005,0.0016228465283408301,0.3316201170370035,112,0.19729861532835152,0.9041975066446857,0.9045122522327101,0.8441715195654147
Higher dimension,15,320,10,0.7,0.12,144,208,320,diag,log_euclidean_gaussian_ar,bures_transport,65,55,4,4,16,8.0,0.03,0.05,20.0,0.0,0.0,1e-06,0.34302525671711215,0.3245130472075547,0.31486062853808106,0.46452441604576106,0.0016228465283408301,0.3228902006792138,112,0.19131742870468613,0.8805103790322156,0.8807009214330577,0.8441715195654147
Higher dimension,15,320,10,0.7,0.12,144,208,320,diag,bwar_barycenter,bures_transport,65,55,4,4,16,8.0,0.03,0.05,20.0,0.0,0.0,1e-06,0.33834994558528486,0.3206714585367899,0.3106423827419901,0.47307652925504523,0.0016228465283408301,0.3190486120084492,112,0.2011948481862319,0.8700868884339547,0.8702227753790979,0.8441715195654147
Higher dimension,16,320,10,0.7,0.12,144,208,320,diag,persistence,bures_transport,65,55,4,4,16,8.0,0.03,0.05,20.0,0.0,0.0,,0.3681313699218853,0.361016001014766,,,0.002405769253996828,0.3586102317607692,112,0.10032307300599358,1.0,1.0,1.0
Higher dimension,16,320,10,0.7,0.12,144,208,320,diag,euclidean_gaussian_ar,bures_transport,65,55,4,4,16,8.0,0.03,0.05,20.0,0.0,0.0,1e-06,0.3304029058179082,0.3153614492189915,0.2952897864547105,0.4160072439277144,0.0019736091003871746,0.31338784011860427,112,0.25160269298615,0.8735387028069508,0.8738954228379824,0.8203650857655266
Higher dimension,16,320,10,0.7,0.12,144,208,320,diag,cholesky_gaussian_ar,bures_transport,65,55,4,4,16,8.0,0.03,0.05,20.0,0.0,0.0,1e-06,0.34161772142163993,0.3231482469899706,0.3116202811794071,0.4383609423153466,0.0019736091003871746,0.3211746378895834,112,0.17457347447161703,0.8951078237021228,0.8956092421362943,0.8203650857655266
Higher dimension,16,320,10,0.7,0.12,144,208,320,diag,log_euclidean_gaussian_ar,bures_transport,65,55,4,4,16,8.0,0.03,0.05,20.0,0.0,0.0,1e-06,0.33370317162738616,0.31361336478771434,0.2967549319907204,0.4232947371415032,0.0019736091003871746,0.3116397556873271,112,0.1772716051320727,0.8686965782851469,0.8690208144848015,0.8203650857655266
Higher dimension,16,320,10,0.7,0.12,144,208,320,diag,bwar_barycenter,bures_transport,65,55,4,4,16,8.0,0.03,0.05,20.0,0.0,0.0,1e-06,0.32690879477720913,0.30980103663351294,0.29400960650613006,0.4146073073558576,0.001973609100387175,0.30782742753312575,112,0.20121345447577887,0.8581365805468597,0.8583899740442404,0.8203650857655268
Higher dimension,17,320,10,0.7,0.12,144,208,320,diag,persistence,bures_transport,65,55,4,4,16,8.0,0.03,0.05,20.0,0.0,0.0,,0.3809072281915291,0.40339060087848144,,,0.0022421622386872564,0.40114843863979416,112,0.06400594257282832,1.0,1.0,1.0
Higher dimension,17,320,10,0.7,0.12,144,208,320,diag,euclidean_gaussian_ar,bures_transport,65,55,4,4,16,8.0,0.03,0.05,20.0,0.0,0.0,1e-06,0.3419938693861868,0.3628656047067187,0.33678146763802486,0.5304392710568622,0.002008335246596727,0.360857269460122,112,0.24031201803693997,0.8995390668907265,0.8995604487049965,0.8957136160550849
Higher dimension,17,320,10,0.7,0.12,144,208,320,diag,cholesky_gaussian_ar,bures_transport,65,55,4,4,16,8.0,0.03,0.05,20.0,0.0,0.0,1e-06,0.34753414355432066,0.35964551116043986,0.33388765508280094,0.5263733405343769,0.002008335246596727,0.35763717591384314,112,0.15677966384578734,0.8915564972937495,0.8915332616687027,0.8957136160550849
Higher dimension,17,320,10,0.7,0.12,144,208,320,diag,log_euclidean_gaussian_ar,bures_transport,65,55,4,4,16,8.0,0.03,0.05,20.0,0.0,0.0,0.0001,0.33871101741413223,0.3541927658765155,0.332882904277055,0.5201400406819477,0.0020929150932214617,0.352099850783294,112,0.13657292016980338,0.8780392133707983,0.8777295805442665,0.9334360632381463
Higher dimension,17,320,10,0.7,0.12,144,208,320,diag,bwar_barycenter,bures_transport,65,55,4,4,16,8.0,0.03,0.05,20.0,0.0,0.0,1e-06,0.33283760598647233,0.3524670569080252,0.32566849888208416,0.5209810780438758,0.002008335246596728,0.3504587216614285,112,0.17394718206743076,0.8737612035095568,0.873638503616658,0.8957136160550854
Higher dimension,18,320,10,0.7,0.12,144,208,320,diag,persistence,bures_transport,65,55,4,4,16,8.0,0.03,0.05,20.0,0.0,0.0,,0.3646223555925272,0.385597683422379,,,0.0020219188226930007,0.38357576459968606,112,0.10698271989581344,1.0,1.0,1.0
Higher dimension,18,320,10,0.7,0.12,144,208,320,diag,euclidean_gaussian_ar,bures_transport,65,55,4,4,16,8.0,0.03,0.05,20.0,0.0,0.0,1e-06,0.31785986160589536,0.3417360411617977,0.3404406931023797,0.46755521937521377,0.001744153857679135,0.33999188730411856,112,0.2705886126827026,0.8862502443705405,0.886374788717287,0.8626230875857274
Higher dimension,18,320,10,0.7,0.12,144,208,320,diag,cholesky_gaussian_ar,bures_transport,65,55,4,4,16,8.0,0.03,0.05,20.0,0.0,0.0,1e-06,0.3276814680230421,0.346771376111454,0.3425341915973076,0.47814292948947806,0.001744153857679135,0.3450272222537749,112,0.2006895359440087,0.8993087640819794,0.8995021429830379,0.8626230875857274
Higher dimension,18,320,10,0.7,0.12,144,208,320,diag,log_euclidean_gaussian_ar,bures_transport,65,55,4,4,16,8.0,0.03,0.05,20.0,0.0,0.0,1e-06,0.31854087653396956,0.3382711866859617,0.3261707941885678,0.47480425189526654,0.001744153857679135,0.33652703282828256,112,0.20446719770394653,0.8772645719331865,0.8773417506695051,0.8626230875857274
Higher dimension,18,320,10,0.7,0.12,144,208,320,diag,bwar_barycenter,bures_transport,65,55,4,4,16,8.0,0.03,0.05,20.0,0.0,0.0,1e-06,0.3135445955671893,0.33374728494647243,0.3319460009611047,0.4708471942238544,0.0017441538576791363,0.33200313108879337,112,0.23426131219432983,0.8655323911292531,0.8655477267581912,0.8626230875857279
Higher dimension,19,320,10,0.7,0.12,144,208,320,diag,persistence,bures_transport,65,55,4,4,16,8.0,0.03,0.05,20.0,0.0,0.0,,0.38889652108526707,0.3746401532505845,,,0.002413298207972815,0.3722268550426117,112,0.1146651469525881,1.0,1.0,1.0
Higher dimension,19,320,10,0.7,0.12,144,208,320,diag,euclidean_gaussian_ar,bures_transport,65,55,4,4,16,8.0,0.03,0.05,20.0,0.0,0.0,0.0001,0.3551539860498509,0.3288090360751041,0.32281757321228677,0.4471842021259675,0.001981439061696687,0.32682759701340736,112,0.23524236434765017,0.8776662971712339,0.8780333621441495,0.821050235379368
Higher dimension,19,320,10,0.7,0.12,144,208,320,diag,cholesky_gaussian_ar,bures_transport,65,55,4,4,16,8.0,0.03,0.05,20.0,0.0,0.0,1e-06,0.36770002036494936,0.3344975381549987,0.332021841577286,0.4549045927804974,0.0019764768457273553,0.33252106130927134,112,0.16778745842779946,0.89285020639863,0.8933290459959023,0.818994038613905
Higher dimension,19,320,10,0.7,0.12,144,208,320,diag,log_euclidean_gaussian_ar,bures_transport,65,55,4,4,16,8.0,0.03,0.05,20.0,0.0,0.0,1e-06,0.3519248831908337,0.32521043363345853,0.32130093589331743,0.4477791661099043,0.0019764768457273553,0.3232339567877312,112,0.16974306945842704,0.868060806648069,0.86837892647678,0.818994038613905
Higher dimension,19,320,10,0.7,0.12,144,208,320,diag,bwar_barycenter,bures_transport,65,55,4,4,16,8.0,0.03,0.05,20.0,0.0,0.0,1e-06,0.3447130850955766,0.3221902306835542,0.3234039399837698,0.43833533022588544,0.001976476845727355,0.3202137538378268,112,0.1901708804559015,0.8599991962635456,0.860265049390833,0.8189940386139047
Higher dimension,20,320,10,0.7,0.12,144,208,320,diag,persistence,bures_transport,65,55,4,4,16,8.0,0.03,0.05,20.0,0.0,0.0,,0.38296666006457386,0.37676320674118063,,,0.0024600212290769373,0.3743031855121036,112,0.11658380879179418,1.0,1.0,1.0
Higher dimension,20,320,10,0.7,0.12,144,208,320,diag,euclidean_gaussian_ar,bures_transport,65,55,4,4,16,8.0,0.03,0.05,20.0,0.0,0.0,1e-06,0.3418352216811212,0.3329058674640688,0.32668392782168987,0.4732039931614358,0.00213869010518923,0.33076717735887956,112,0.22560923960033913,0.8835944208659423,0.8836878502819574,0.8693787191388268
Higher dimension,20,320,10,0.7,0.12,144,208,320,diag,cholesky_gaussian_ar,bures_transport,65,55,4,4,16,8.0,0.03,0.05,20.0,0.0,0.0,1e-06,0.33687715385469585,0.33546838433898124,0.33010508171372743,0.46272196772091306,0.00213869010518923,0.33332969423379194,112,0.19890643691470664,0.8903958198058148,0.8905339498453541,0.8693787191388268
Higher dimension,20,320,10,0.7,0.12,144,208,320,diag,log_euclidean_gaussian_ar,bures_transport,65,55,4,4,16,8.0,0.03,0.05,20.0,0.0,0.0,1e-06,0.3357468975941469,0.3298191890551981,0.33557190728679964,0.4543315742830084,0.00213869010518923,0.32768049895000884,112,0.18895215625966386,0.8754017992042652,0.8754413845067659,0.8693787191388268
Higher dimension,20,320,10,0.7,0.12,144,208,320,diag,bwar_barycenter,bures_transport,65,55,4,4,16,8.0,0.03,0.05,20.0,0.0,0.0,1e-06,0.33415854451896587,0.32590804229198256,0.32291446811640934,0.46727130208731155,0.00213869010518923,0.32376935218679337,112,0.2017892401336598,0.8650208843664151,0.8649922435039598,0.8693787191388268
Higher dimension,21,320,10,0.7,0.12,144,208,320,diag,persistence,bures_transport,65,55,4,4,16,8.0,0.03,0.05,20.0,0.0,0.0,,0.3631147798665295,0.3537831097698296,,,0.002121781607738201,0.3516613281620914,112,0.08259250626315488,1.0,1.0,1.0
Higher dimension,21,320,10,0.7,0.12,144,208,320,diag,euclidean_gaussian_ar,bures_transport,65,55,4,4,16,8.0,0.03,0.05,20.0,0.0,0.0,1e-06,0.3234798607357947,0.31268528779844107,0.30261020237364605,0.45584939323380363,0.0018211634765846938,0.3108641243218564,112,0.2359624375667576,0.8838332841889296,0.8839872326779409,0.8583180615492453
Higher dimension,21,320,10,0.7,0.12,144,208,320,diag,cholesky_gaussian_ar,bures_transport,65,55,4,4,16,8.0,0.03,0.05,20.0,0.0,0.0,1e-06,0.3264000009329121,0.31441501046199827,0.3022981965247259,0.4565268448343847,0.0018211634765846938,0.31259384698541354,112,0.1460498139481336,0.8887225019491629,0.8889059499921173,0.8583180615492453
Higher dimension,21,320,10,0.7,0.12,144,208,320,diag,log_euclidean_gaussian_ar,bures_transport,65,55,4,4,16,8.0,0.03,0.05,20.0,0.0,0.0,1e-06,0.3182821910768326,0.30939095476038464,0.2909536188765565,0.431844023317522,0.0018211634765846938,0.30756979128379996,112,0.13534007016771332,0.8745215535068185,0.8746193187953601,0.8583180615492453
Higher dimension,21,320,10,0.7,0.12,144,208,320,diag,bwar_barycenter,bures_transport,65,55,4,4,16,8.0,0.03,0.05,20.0,0.0,0.0,1e-06,0.31502824633969106,0.30643003714444994,0.29806958473242035,0.44159938181616687,0.0018211634765846936,0.3046088736678652,112,0.1616058199947514,0.8661522517109779,0.8661995200321309,0.8583180615492452
Higher dimension,22,320,10,0.7,0.12,144,208,320,diag,persistence,bures_transport,65,55,4,4,16,8.0,0.03,0.05,20.0,0.0,0.0,,0.3715876048513097,0.3626022978026523,,,0.0020198473890507772,0.3605824504136015,112,0.11222759270944821,1.0,1.0,1.0
Higher dimension,22,320,10,0.7,0.12,144,208,320,diag,euclidean_gaussian_ar,bures_transport,65,55,4,4,16,8.0,0.03,0.05,20.0,0.0,0.0,1e-06,0.33336644643986724,0.3267458657899143,0.3182010920281726,0.43111018824461,0.0017791796388342469,0.3249666861510801,112,0.23675313387548477,0.9011136106140922,0.901227127882489,0.8808485475085167
Higher dimension,22,320,10,0.7,0.12,144,208,320,diag,cholesky_gaussian_ar,bures_transport,65,55,4,4,16,8.0,0.03,0.05,20.0,0.0,0.0,1e-06,0.3399475507898697,0.33368883128503474,0.3295676076452658,0.4421011749431706,0.0017791796388342469,0.33190965164620057,112,0.17964033958421982,0.9202612154064346,0.9204819903616713,0.8808485475085167
Higher dimension,22,320,10,0.7,0.12,144,208,320,diag,log_euclidean_gaussian_ar,bures_transport,65,55,4,4,16,8.0,0.03,0.05,20.0,0.0,0.0,1e-06,0.32635317119755985,0.32625946070515593,0.32156637270124966,0.44335678535551326,0.0017791796388342469,0.3244802810663217,112,0.17085176586254605,0.899772182035989,0.8998781851255677,0.8808485475085167
Higher dimension,22,320,10,0.7,0.12,144,208,320,diag,bwar_barycenter,bures_transport,65,55,4,4,16,8.0,0.03,0.05,20.0,0.0,0.0,1e-06,0.32128009021103987,0.31942445639450934,0.3091911321268467,0.4319410631880788,0.0017791796388342477,0.31764527675567505,112,0.18676138365146866,0.8809223171783576,0.8809227304083271,0.880848547508517
Higher dimension,23,320,10,0.7,0.12,144,208,320,diag,persistence,bures_transport,65,55,4,4,16,8.0,0.03,0.05,20.0,0.0,0.0,,0.3912943997984164,0.39966333588361813,,,0.002269939931384327,0.3973933959522338,112,0.11854969486982754,1.0,1.0,1.0
Higher dimension,23,320,10,0.7,0.12,144,208,320,diag,euclidean_gaussian_ar,bures_transport,65,55,4,4,16,8.0,0.03,0.05,20.0,0.0,0.0,1e-06,0.3463679173760379,0.3566277399649251,0.3306659688703988,0.5137976643862245,0.0018911116851285867,0.3547366282797965,112,0.2075187204231308,0.8923203805434257,0.8926585894306996,0.83311089380911
Higher dimension,23,320,10,0.7,0.12,144,208,320,diag,cholesky_gaussian_ar,bures_transport,65,55,4,4,16,8.0,0.03,0.05,20.0,0.0,0.0,1e-06,0.3516271382790704,0.35471979616677773,0.33563469491982545,0.49902637239528913,0.0018911116851285867,0.35282868448164917,112,0.19402762639669188,0.8875465030649498,0.8878574432174479,0.83311089380911
Higher dimension,23,320,10,0.7,0.12,144,208,320,diag,log_euclidean_gaussian_ar,bures_transport,65,55,4,4,16,8.0,0.03,0.05,20.0,0.0,0.0,1e-06,0.34734914200676686,0.3475989724344067,0.326476587326342,0.47455244517594053,0.0018911116851285867,0.34570786074927806,112,0.19180867814326294,0.8697294478261259,0.8699386156654494,0.83311089380911
Higher dimension,23,320,10,0.7,0.12,144,208,320,diag,bwar_barycenter,bures_transport,65,55,4,4,16,8.0,0.03,0.05,20.0,0.0,0.0,1e-06,0.3415864183147287,0.34775106586520976,0.3210538612315338,0.4951527251926545,0.001891111685128586,0.34585995418008114,112,0.20554183622601568,0.870110001700218,0.8703213432909014,0.8331108938091097
Higher dimension,24,320,10,0.7,0.12,144,208,320,diag,persistence,bures_transport,65,55,4,4,16,8.0,0.03,0.05,20.0,0.0,0.0,,0.3840414072109255,0.3859689271452766,,,0.00245262840901329,0.3835162987362633,112,0.1275337257432578,1.0,1.0,1.0
Higher dimension,24,320,10,0.7,0.12,144,208,320,diag,euclidean_gaussian_ar,bures_transport,65,55,4,4,16,8.0,0.03,0.05,20.0,0.0,0.0,1e-06,0.3382744964781845,0.33116086593381294,0.31676555940345175,0.4625636963503597,0.0020087489684957015,0.32915211696531727,112,0.26123723724403264,0.8579987730700555,0.8582480537330925,0.8190188783240245
Higher dimension,24,320,10,0.7,0.12,144,208,320,diag,cholesky_gaussian_ar,bures_transport,65,55,4,4,16,8.0,0.03,0.05,20.0,0.0,0.0,1e-06,0.3455061461526226,0.34082743150134975,0.3185317545478109,0.46175675664597754,0.0020087489684957015,0.338818682532854,112,0.22167553936040288,0.883043705155737,0.8834531508812172,0.8190188783240245
Higher dimension,24,320,10,0.7,0.12,144,208,320,diag,log_euclidean_gaussian_ar,bures_transport,65,55,4,4,16,8.0,0.03,0.05,20.0,0.0,0.0,1e-06,0.33693341099535146,0.3336411672776998,0.3179348980014951,0.44977393472162086,0.0020087489684957015,0.33163241830920415,112,0.19855361761689944,0.8644249415241635,0.8647153182328278,0.8190188783240245
Higher dimension,24,320,10,0.7,0.12,144,208,320,diag,bwar_barycenter,bures_transport,65,55,4,4,16,8.0,0.03,0.05,20.0,0.0,0.0,1e-06,0.33276718379045817,0.32778845223842684,0.31456016982123647,0.4546786311191853,0.002008748968495702,0.3257797032699311,112,0.2243719313379414,0.8492612466574261,0.8494546498895044,0.8190188783240246
Higher dimension,25,320,10,0.7,0.12,144,208,320,diag,persistence,bures_transport,65,55,4,4,16,8.0,0.03,0.05,20.0,0.0,0.0,,0.4195504452325633,0.4384194932541322,,,0.0021308182104549404,0.4362886750436773,112,0.09761697678358609,1.0,1.0,1.0
Higher dimension,25,320,10,0.7,0.12,144,208,320,diag,euclidean_gaussian_ar,bures_transport,65,55,4,4,16,8.0,0.03,0.05,20.0,0.0,0.0,1e-06,0.37920509513209755,0.38975288320940027,0.3742008903483739,0.5424715826910209,0.0018019326624447282,0.3879509505469555,112,0.19149519236930276,0.8889953325671993,0.8892070153049866,0.8456529297541561
Higher dimension,25,320,10,0.7,0.12,144,208,320,diag,cholesky_gaussian_ar,bures_transport,65,55,4,4,16,8.0,0.03,0.05,20.0,0.0,0.0,1e-06,0.3900888179055728,0.41399468068727263,0.3923347819532388,0.5936151501961958,0.0018019326624447282,0.4121927480248279,112,0.15624663752979412,0.9442889448514973,0.9447706796046514,0.8456529297541561
Higher dimension,25,320,10,0.7,0.12,144,208,320,diag,log_euclidean_gaussian_ar,bures_transport,65,55,4,4,16,8.0,0.03,0.05,20.0,0.0,0.0,1e-06,0.3795227115060176,0.38995232543852687,0.3707915803020071,0.5479089798279824,0.0018019326624447282,0.3881503927760822,112,0.1542049363464206,0.8894502444317386,0.8896641489427248,0.8456529297541561
Higher dimension,25,320,10,0.7,0.12,144,208,320,diag,bwar_barycenter,bures_transport,65,55,4,4,16,8.0,0.03,0.05,20.0,0.0,0.0,1e-06,0.3698098802556897,0.38198197305629716,0.3646114756724339,0.5326276339158218,0.0018019326624447284,0.3801800403938525,112,0.1619496965443451,0.8712705044683752,0.871395619782687,0.8456529297541562
Higher dimension,26,320,10,0.7,0.12,144,208,320,diag,persistence,bures_transport,65,55,4,4,16,8.0,0.03,0.05,20.0,0.0,0.0,,0.37539873961328096,0.38582570730768984,,,0.0023888213696675003,0.3834368859380223,112,0.10468620936752461,1.0,1.0,1.0
Higher dimension,26,320,10,0.7,0.12,144,208,320,diag,euclidean_gaussian_ar,bures_transport,65,55,4,4,16,8.0,0.03,0.05,20.0,0.0,0.0,1e-06,0.34029443523394426,0.33975310497422206,0.3265278429573597,0.4908632158591473,0.001977055179630196,0.3377760497945918,112,0.26752694082523987,0.8805870073952184,0.8809169440448382,0.8276278857574779
Higher dimension,26,320,10,0.7,0.12,144,208,320,diag,cholesky_gaussian_ar,bures_transport,65,55,4,4,16,8.0,0.03,0.05,20.0,0.0,0.0,1e-06,0.34808688936830506,0.34040124988534526,0.3361602591578122,0.48173437883079195,0.001977055179630196,0.3384241947057151,112,0.1859507119148586,0.8822668978194361,0.8826073002283278,0.8276278857574779
Higher dimension,26,320,10,0.7,0.12,144,208,320,diag,log_euclidean_gaussian_ar,bures_transport,65,55,4,4,16,8.0,0.03,0.05,20.0,0.0,0.0,1e-06,0.33864890954700844,0.3340805686707915,0.32051010645523403,0.470058492584924,0.001977055179630196,0.3321035134911613,112,0.17536328300229218,0.865884678867102,0.8661230196430336,0.8276278857574779
Higher dimension,26,320,10,0.7,0.12,144,208,320,diag,bwar_barycenter,bures_transport,65,55,4,4,16,8.0,0.03,0.05,20.0,0.0,0.0,1e-06,0.3326239340522082,0.33083439507549023,0.31686102892356416,0.4646535276498091,0.001977055179630196,0.3288573398958601,112,0.208756803801272,0.8574711036858285,0.8576570276783849,0.8276278857574779
Higher dimension,27,320,10,0.7,0.12,144,208,320,diag,persistence,bures_transport,65,55,4,4,16,8.0,0.03,0.05,20.0,0.0,0.0,,0.4104752058690282,0.37935108987797633,,,0.0023096169731847437,0.37704147290479156,112,0.1419671706354875,1.0,1.0,1.0
Higher dimension,27,320,10,0.7,0.12,144,208,320,diag,euclidean_gaussian_ar,bures_transport,65,55,4,4,16,8.0,0.03,0.05,20.0,0.0,0.0,1e-06,0.3843683342120897,0.3365566956611833,0.33159169757782336,0.47795353226302245,0.001978142466548208,0.3345785531946351,112,0.19303617566118783,0.8871905331007262,0.8873786499320222,0.856480745298878
Higher dimension,27,320,10,0.7,0.12,144,208,320,diag,cholesky_gaussian_ar,bures_transport,65,55,4,4,16,8.0,0.03,0.05,20.0,0.0,0.0,1e-06,0.3817618833487646,0.3432527019115528,0.3417098225031826,0.4821207728316074,0.001978142466548208,0.34127455944500457,112,0.1902080873244669,0.9048417444166693,0.905137986056991,0.856480745298878
Higher dimension,27,320,10,0.7,0.12,144,208,320,diag,log_euclidean_gaussian_ar,bures_transport,65,55,4,4,16,8.0,0.03,0.05,20.0,0.0,0.0,0.0001,0.3728862361500267,0.3371348398075223,0.33779663554897305,0.4817123987819882,0.002029059143782394,0.3351057806637399,112,0.18624437049978496,0.8887145675948012,0.8887769774556312,0.8785262523354741
Higher dimension,27,320,10,0.7,0.12,144,208,320,diag,bwar_barycenter,bures_transport,65,55,4,4,16,8.0,0.03,0.05,20.0,0.0,0.0,1e-06,0.3705426174666895,0.33091660311644,0.33110123412250553,0.4792094423291436,0.001978142466548209,0.3289384606498918,112,0.19824566121151904,0.8723227952841365,0.8724198378382463,0.8564807452988784
Higher dimension,28,320,10,0.7,0.12,144,208,320,diag,persistence,bures_transport,65,55,4,4,16,8.0,0.03,0.05,20.0,0.0,0.0,,0.4124644028164497,0.38736627724373474,,,0.0019812366002097868,0.3853850406435249,112,0.1326536202781722,1.0,1.0,1.0
Higher dimension,28,320,10,0.7,0.12,144,208,320,diag,euclidean_gaussian_ar,bures_transport,65,55,4,4,16,8.0,0.03,0.05,20.0,0.0,0.0,1e-06,0.3645617163165503,0.3525552928441541,0.35470163413999867,0.4899774177497471,0.0017548026872701438,0.35080049015688397,112,0.262270437025766,0.9101341896685622,0.9102597484611991,0.8857108167113071
Higher dimension,28,320,10,0.7,0.12,144,208,320,diag,cholesky_gaussian_ar,bures_transport,65,55,4,4,16,8.0,0.03,0.05,20.0,0.0,0.0,1e-06,0.3668028327418389,0.3586468504026382,0.3620183120857774,0.5019887959883909,0.0017548026872701438,0.35689204771536814,112,0.22312167521160955,0.9258597649608359,0.9260661677978509,0.8857108167113071
Higher dimension,28,320,10,0.7,0.12,144,208,320,diag,log_euclidean_gaussian_ar,bures_transport,65,55,4,4,16,8.0,0.03,0.05,20.0,0.0,0.0,1e-06,0.3617859252816722,0.3511509249253386,0.35395147862898546,0.4795493103691473,0.0017548026872701438,0.3493961222380685,112,0.20275495818924266,0.9065087632922443,0.9066156840302849,0.8857108167113071
Higher dimension,28,320,10,0.7,0.12,144,208,320,diag,bwar_barycenter,bures_transport,65,55,4,4,16,8.0,0.03,0.05,20.0,0.0,0.0,1e-06,0.35731576543591315,0.34606022314572094,0.35121666319259215,0.47453759223096653,0.0017548026872701438,0.34430542045845075,112,0.22310978719460484,0.8933669332500422,0.8934062927910267,0.8857108167113071
Higher dimension,29,320,10,0.7,0.12,144,208,320,diag,persistence,bures_transport,65,55,4,4,16,8.0,0.03,0.05,20.0,0.0,0.0,,0.40801572137635606,0.40894250426241613,,,0.0022059904098752714,0.4067365138525409,112,0.09494578251220592,1.0,1.0,1.0
Higher dimension,29,320,10,0.7,0.12,144,208,320,diag,euclidean_gaussian_ar,bures_transport,65,55,4,4,16,8.0,0.03,0.05,20.0,0.0,0.0,1e-06,0.36269625945631173,0.36466279530043133,0.3540404428008818,0.5011596332464956,0.0019028490737850107,0.36275994622664637,112,0.21438217570916948,0.8917214314959768,0.8918794695628486,0.8625826591388489
Higher dimension,29,320,10,0.7,0.12,144,208,320,diag,cholesky_gaussian_ar,bures_transport,65,55,4,4,16,8.0,0.03,0.05,20.0,0.0,0.0,1e-06,0.36252518915579496,0.3653901173667315,0.3577563659264169,0.5047937361987213,0.0019028490737850107,0.3634872682929465,112,0.19117021816246554,0.8934999750778234,0.8936676593159912,0.8625826591388489
Higher dimension,29,320,10,0.7,0.12,144,208,320,diag,log_euclidean_gaussian_ar,bures_transport,65,55,4,4,16,8.0,0.03,0.05,20.0,0.0,0.0,1e-06,0.36266096190016833,0.36535072878680375,0.35454860937519517,0.5139318082901367,0.0019028490737850107,0.36344787971301884,112,0.1587027387295543,0.8934036569413685,0.8935708187851165,0.8625826591388489
Higher dimension,29,320,10,0.7,0.12,144,208,320,diag,bwar_barycenter,bures_transport,65,55,4,4,16,8.0,0.03,0.05,20.0,0.0,0.0,1e-06,0.35608511592886083,0.3570659699130549,0.3470305446754125,0.4957230051448037,0.0019028490737850105,0.3551631208392699,112,0.1766856285454294,0.8731446748414482,0.8732019593599395,0.8625826591388488
Higher dimension,30,320,10,0.7,0.12,144,208,320,diag,persistence,bures_transport,65,55,4,4,16,8.0,0.03,0.05,20.0,0.0,0.0,,0.3722163588263072,0.41668974842199014,,,0.002308806408457474,0.41438094201353265,112,0.10795891588633598,1.0,1.0,1.0
Higher dimension,30,320,10,0.7,0.12,144,208,320,diag,euclidean_gaussian_ar,bures_transport,65,55,4,4,16,8.0,0.03,0.05,20.0,0.0,0.0,1e-06,0.34246209363407165,0.3687119885673975,0.3589814887733509,0.503613800839662,0.0019059790520646591,0.3668060095153329,112,0.27918098200570995,0.8848597546825064,0.8851903461896032,0.8255257110699263
Higher dimension,30,320,10,0.7,0.12,144,208,320,diag,cholesky_gaussian_ar,bures_transport,65,55,4,4,16,8.0,0.03,0.05,20.0,0.0,0.0,1e-06,0.33659895274452334,0.3729033987117778,0.36096210022001307,0.5101249214587936,0.0019059790520646591,0.37099741965971317,112,0.19112605342497552,0.8949185818080914,0.8953052180850473,0.8255257110699263
Higher dimension,30,320,10,0.7,0.12,144,208,320,diag,log_euclidean_gaussian_ar,bures_transport,65,55,4,4,16,8.0,0.03,0.05,20.0,0.0,0.0,1e-06,0.33063273329740905,0.366100287860161,0.35848821761393246,0.4891839438985114,0.0019059790520646591,0.3641943088080964,112,0.1938287676699301,0.8785920201938923,0.8788876897630169,0.8255257110699263
Higher dimension,30,320,10,0.7,0.12,144,208,320,diag,bwar_barycenter,bures_transport,65,55,4,4,16,8.0,0.03,0.05,20.0,0.0,0.0,1e-06,0.33334026297997604,0.36232358499592004,0.3541353506004913,0.48292865222096854,0.0019059790520646587,0.3604176059438554,112,0.22343695085526008,0.8695284354079852,0.8697736053992683,0.8255257110699262
Higher dimension,31,320,10,0.7,0.12,144,208,320,diag,persistence,bures_transport,65,55,4,4,16,8.0,0.03,0.05,20.0,0.0,0.0,,0.36570226233946823,0.36870623366123645,,,0.0022724920908969355,0.36643374157033953,112,0.1388787088961747,1.0,1.0,1.0
Higher dimension,31,320,10,0.7,0.12,144,208,320,diag,euclidean_gaussian_ar,bures_transport,65,55,4,4,16,8.0,0.03,0.05,20.0,0.0,0.0,1e-06,0.3219896734559139,0.33042274076157435,0.321133967502374,0.4878925781957121,0.001968242023526072,0.3284544987380483,112,0.2762908352014448,0.8961680345908212,0.8963544059301622,0.8661161160517931
Higher dimension,31,320,10,0.7,0.12,144,208,320,diag,cholesky_gaussian_ar,bures_transport,65,55,4,4,16,8.0,0.03,0.05,20.0,0.0,0.0,1e-06,0.32208213347302783,0.3307168315015945,0.32280398970279833,0.4884548268480872,0.001968242023526072,0.32874858947806845,112,0.23918337105489415,0.8969656634703219,0.8971569814210542,0.8661161160517931
Higher dimension,31,320,10,0.7,0.12,144,208,320,diag,log_euclidean_gaussian_ar,bures_transport,65,55,4,4,16,8.0,0.03,0.05,20.0,0.0,0.0,1e-06,0.31862936889400656,0.32847860792018374,0.3188020319395962,0.4910999673198973,0.001968242023526072,0.32651036589665766,112,0.22197787166034538,0.8908951841101406,0.8910488551010843,0.8661161160517931
Higher dimension,31,320,10,0.7,0.12,144,208,320,diag,bwar_barycenter,bures_transport,65,55,4,4,16,8.0,0.03,0.05,20.0,0.0,0.0,1e-06,0.31553938048628505,0.32309089861390067,0.31450831237699717,0.48387705946341136,0.001968242023526072,0.3211226565903746,112,0.23402470021179697,0.8762827126778477,0.8763457623040231,0.8661161160517931
Higher dimension,32,320,10,0.7,0.12,144,208,320,diag,persistence,bures_transport,65,55,4,4,16,8.0,0.03,0.05,20.0,0.0,0.0,,0.41492264688420516,0.3557567048498559,,,0.0022468085127967828,0.3535098963370591,112,0.09559422265138885,1.0,1.0,1.0
Higher dimension,32,320,10,0.7,0.12,144,208,320,diag,euclidean_gaussian_ar,bures_transport,65,55,4,4,16,8.0,0.03,0.05,20.0,0.0,0.0,1e-06,0.359056118108287,0.3219333365583374,0.30651980655821554,0.47482585956028944,0.0018252120566226208,0.3201081245017147,112,0.30138932121607787,0.9049255633683886,0.9055138988145979,0.8123576380572962
Higher dimension,32,320,10,0.7,0.12,144,208,320,diag,cholesky_gaussian_ar,bures_transport,65,55,4,4,16,8.0,0.03,0.05,20.0,0.0,0.0,1e-06,0.35949274799048336,0.32463943341994356,0.31549802829468054,0.4674616820884075,0.0018252120566226208,0.322814221363321,112,0.19118358126119003,0.9125321574949793,0.9131688382933675,0.8123576380572962
Higher dimension,32,320,10,0.7,0.12,144,208,320,diag,log_euclidean_gaussian_ar,bures_transport,65,55,4,4,16,8.0,0.03,0.05,20.0,0.0,0.0,1e-06,0.35535638431878325,0.3177098987426784,0.3035874050446987,0.46688183585938464,0.0018252120566226208,0.3158846866860558,112,0.18117558235818296,0.8930538607185639,0.8935667429940094,0.8123576380572962
Higher dimension,32,320,10,0.7,0.12,144,208,320,diag,bwar_barycenter,bures_transport,65,55,4,4,16,8.0,0.03,0.05,20.0,0.0,0.0,1e-06,0.3518243305524846,0.31444562696257744,0.3014427564277322,0.4654685778473217,0.0018252120566226212,0.31262041490595477,112,0.21456253283579785,0.8838782872561364,0.8843328521922972,0.8123576380572963
Higher dimension,33,320,10,0.7,0.12,144,208,320,diag,persistence,bures_transport,65,55,4,4,16,8.0,0.03,0.05,20.0,0.0,0.0,,0.3757181245603391,0.3596214461693658,,,0.002308845360338033,0.3573126008090278,112,0.07852637519926889,1.0,1.0,1.0
Higher dimension,33,320,10,0.7,0.12,144,208,320,diag,euclidean_gaussian_ar,bures_transport,65,55,4,4,16,8.0,0.03,0.05,20.0,0.0,0.0,1e-06,0.3346103446257472,0.3161025872671716,0.29512606601356817,0.46514846390496195,0.0019145191081116274,0.3141880681590599,112,0.20219453681078317,0.8789870310412501,0.8793086710283229,0.8292106266620328
Higher dimension,33,320,10,0.7,0.12,144,208,320,diag,cholesky_gaussian_ar,bures_transport,65,55,4,4,16,8.0,0.03,0.05,20.0,0.0,0.0,1e-06,0.3372612784857915,0.3218620540886957,0.3051489467215128,0.45319847111312694,0.0019145191081116274,0.31994753498058415,112,0.16056373908731267,0.8950023907559532,0.8954275171269034,0.8292106266620328
Higher dimension,33,320,10,0.7,0.12,144,208,320,diag,log_euclidean_gaussian_ar,bures_transport,65,55,4,4,16,8.0,0.03,0.05,20.0,0.0,0.0,1e-06,0.3292756127151365,0.31374007700072576,0.29815547054988234,0.45454953869379927,0.0019145191081116274,0.3118255578926141,112,0.14669779990769405,0.8724175945084434,0.8726967847945416,0.8292106266620328
Higher dimension,33,320,10,0.7,0.12,144,208,320,diag,bwar_barycenter,bures_transport,65,55,4,4,16,8.0,0.03,0.05,20.0,0.0,0.0,1e-06,0.32776556802175927,0.30996015885404077,0.29143914255587644,0.4573459050616133,0.0019145191081116272,0.30804563974592913,112,0.17219801302401896,0.8619067693422912,0.8621180418727233,0.8292106266620327
Higher dimension,34,320,10,0.7,0.12,144,208,320,diag,persistence,bures_transport,65,55,4,4,16,8.0,0.03,0.05,20.0,0.0,0.0,,0.4059902915899649,0.3833875732653291,,,0.0022480528991387565,0.3811395203661903,112,0.07074997048120747,1.0,1.0,1.0
Higher dimension,34,320,10,0.7,0.12,144,208,320,diag,euclidean_gaussian_ar,bures_transport,65,55,4,4,16,8.0,0.03,0.05,20.0,0.0,0.0,0.0001,0.3513361716986535,0.34937113021158867,0.3445696848429539,0.5253199506393078,0.0018388754992573367,0.3475322547123313,112,0.24025649043660602,0.9112740072297575,0.9118242432021484,0.817985866774675
Higher dimension,34,320,10,0.7,0.12,144,208,320,diag,cholesky_gaussian_ar,bures_transport,65,55,4,4,16,8.0,0.03,0.05,20.0,0.0,0.0,1e-06,0.359291495416178,0.3514997692690776,0.33785217975702525,0.5364056199025322,0.0018424300683050003,0.3496573392007725,112,0.14452907839186174,0.9168261930749043,0.9173998510173639,0.819567043556158
Higher dimension,34,320,10,0.7,0.12,144,208,320,diag,log_euclidean_gaussian_ar,bures_transport,65,55,4,4,16,8.0,0.03,0.05,20.0,0.0,0.0,1e-06,0.35158001001947914,0.34078931343974656,0.32478049599152037,0.5129547580661827,0.0018424300683050003,0.33894688337144163,112,0.14717719151375153,0.8888898263895951,0.8892987088974376,0.819567043556158
Higher dimension,34,320,10,0.7,0.12,144,208,320,diag,bwar_barycenter,bures_transport,65,55,4,4,16,8.0,0.03,0.05,20.0,0.0,0.0,1e-06,0.3470989644800033,0.33952689633819116,0.3312564099222308,0.5085425712277086,0.0018424300683050007,0.3376844662698862,112,0.18007395074820198,0.8855970303012834,0.8859864911029077,0.8195670435561581
Higher dimension,35,320,10,0.7,0.12,144,208,320,diag,persistence,bures_transport,65,55,4,4,16,8.0,0.03,0.05,20.0,0.0,0.0,,0.39790548222804545,0.39938216999086557,,,0.0019834003459267982,0.39739876964493875,112,0.127490547670445,1.0,1.0,1.0
Higher dimension,35,320,10,0.7,0.12,144,208,320,diag,euclidean_gaussian_ar,bures_transport,65,55,4,4,16,8.0,0.03,0.05,20.0,0.0,0.0,1e-06,0.3542181767068219,0.35510476773139915,0.3333056174585885,0.5178091251684152,0.0016981822190822533,0.3534065855123169,112,0.23731106670219407,0.8891352554359673,0.8892996468712592,0.8561973998692287
Higher dimension,35,320,10,0.7,0.12,144,208,320,diag,cholesky_gaussian_ar,bures_transport,65,55,4,4,16,8.0,0.03,0.05,20.0,0.0,0.0,1e-06,0.35166231276402504,0.3544670419626277,0.32775091691328756,0.5452134463491697,0.0016981822190822533,0.3527688597435455,112,0.2066142957337792,0.8875384746663448,0.887694896636775,0.8561973998692287
Higher dimension,35,320,10,0.7,0.12,144,208,320,diag,log_euclidean_gaussian_ar,bures_transport,65,55,4,4,16,8.0,0.03,0.05,20.0,0.0,0.0,1e-06,0.3478385699405885,0.34799995857456,0.32377499221420053,0.5263532910713643,0.0016981822190822533,0.3463017763554777,112,0.19192896278598565,0.8713457553263313,0.8714213601237006,0.8561973998692287
Higher dimension,35,320,10,0.7,0.12,144,208,320,diag,bwar_barycenter,bures_transport,65,55,4,4,16,8.0,0.03,0.05,20.0,0.0,0.0,1e-06,0.34577592498735016,0.34517514535691635,0.3251230578332772,0.5020847065266655,0.0016981822190822522,0.343476963137834,112,0.20787975220925262,0.8642727975683315,0.864313101534557,0.8561973998692282
Higher dimension,36,320,10,0.7,0.12,144,208,320,diag,persistence,bures_transport,65,55,4,4,16,8.0,0.03,0.05,20.0,0.0,0.0,,0.37768458929059234,0.3846262477712145,,,0.0023650827498981728,0.38226116502131635,112,0.0998827770134015,1.0,1.0,1.0
Higher dimension,36,320,10,0.7,0.12,144,208,320,diag,euclidean_gaussian_ar,bures_transport,65,55,4,4,16,8.0,0.03,0.05,20.0,0.0,0.0,1e-06,0.3339367916926999,0.3460305928189528,0.3346020651384475,0.49744603903984536,0.0019875978756445185,0.34404299494330826,112,0.27905197434110873,0.8996541313134215,0.9000207879451293,0.8403925299146905
Higher dimension,36,320,10,0.7,0.12,144,208,320,diag,cholesky_gaussian_ar,bures_transport,65,55,4,4,16,8.0,0.03,0.05,20.0,0.0,0.0,1e-06,0.33579489786542693,0.3503557258454762,0.32658082854490156,0.5129777818710751,0.0019875978756445185,0.34836812796983174,112,0.209502502176216,0.910899159575497,0.9113353901655309,0.8403925299146905
Higher dimension,36,320,10,0.7,0.12,144,208,320,diag,log_euclidean_gaussian_ar,bures_transport,65,55,4,4,16,8.0,0.03,0.05,20.0,0.0,0.0,1e-06,0.3305334732806728,0.3423803596884908,0.3180704881224352,0.5086052889331943,0.0019875978756445185,0.34039276181284617,112,0.1913058760783412,0.8901637932212764,0.8904717323138608,0.8403925299146905
Higher dimension,36,320,10,0.7,0.12,144,208,320,diag,bwar_barycenter,bures_transport,65,55,4,4,16,8.0,0.03,0.05,20.0,0.0,0.0,1e-06,0.32494255293786045,0.3365194663422334,0.3199946706107796,0.49065385278566187,0.0019875978756445185,0.33453186846658883,112,0.22005719155451148,0.8749259009031639,0.8751395618436261,0.8403925299146905
Higher dimension,37,320,10,0.7,0.12,144,208,320,diag,persistence,bures_transport,65,55,4,4,16,8.0,0.03,0.05,20.0,0.0,0.0,,0.3880132388847728,0.3569550292722533,,,0.0021789520129611704,0.35477607725929217,112,0.1513115096712756,1.0,1.0,1.0
Higher dimension,37,320,10,0.7,0.12,144,208,320,diag,euclidean_gaussian_ar,bures_transport,65,55,4,4,16,8.0,0.03,0.05,20.0,0.0,0.0,1e-06,0.3325907319505035,0.3075155956400561,0.29014424729240695,0.44510092174792937,0.0018352576017301783,0.30568033803832595,112,0.237655364896952,0.8614967444694854,0.8616148540785515,0.8422661861360061
Higher dimension,37,320,10,0.7,0.12,144,208,320,diag,cholesky_gaussian_ar,bures_transport,65,55,4,4,16,8.0,0.03,0.05,20.0,0.0,0.0,1e-06,0.33278732504786074,0.3103799310159241,0.29191306755249924,0.4612476784156172,0.0018352576017301783,0.30854467341419395,112,0.22551379273424244,0.8695211036771641,0.8696884970310175,0.8422661861360061
Higher dimension,37,320,10,0.7,0.12,144,208,320,diag,log_euclidean_gaussian_ar,bures_transport,65,55,4,4,16,8.0,0.03,0.05,20.0,0.0,0.0,1e-06,0.32654870318191387,0.3081764652349057,0.29157271419578634,0.4476195526227614,0.0018352576017301783,0.30634120763317557,112,0.22343356404084816,0.8633481530242184,0.8634776335532979,0.8422661861360061
Higher dimension,37,320,10,0.7,0.12,144,208,320,diag,bwar_barycenter,bures_transport,65,55,4,4,16,8.0,0.03,0.05,20.0,0.0,0.0,1e-06,0.32570464368430435,0.3025533938531336,0.28433049021153944,0.44464975501265336,0.0018352576017301781,0.3007181362514035,112,0.2333308137157954,0.8475952684291024,0.8476279984110094,0.842266186136006
Higher dimension,38,320,10,0.7,0.12,144,208,320,diag,persistence,bures_transport,65,55,4,4,16,8.0,0.03,0.05,20.0,0.0,0.0,,0.3966747409594702,0.3926880708915887,,,0.0022336610542126978,0.39045440983737595,112,0.09590704923722583,1.0,1.0,1.0
Higher dimension,38,320,10,0.7,0.12,144,208,320,diag,euclidean_gaussian_ar,bures_transport,65,55,4,4,16,8.0,0.03,0.05,20.0,0.0,0.0,1e-06,0.3658153294452866,0.34591719912321267,0.3454106416855067,0.49716711136075825,0.0019439776160885905,0.343973221507124,112,0.23728513557703418,0.8808956135026361,0.8809561701464421,0.8703100286510513
Higher dimension,38,320,10,0.7,0.12,144,208,320,diag,cholesky_gaussian_ar,bures_transport,65,55,4,4,16,8.0,0.03,0.05,20.0,0.0,0.0,1e-06,0.36242396855808734,0.3484295406663885,0.3433982688027718,0.49629879295886525,0.0019439776160885905,0.3464855630503,112,0.13706919525138483,0.8872934180946411,0.8873905744709377,0.8703100286510513
Higher dimension,38,320,10,0.7,0.12,144,208,320,diag,log_euclidean_gaussian_ar,bures_transport,65,55,4,4,16,8.0,0.03,0.05,20.0,0.0,0.0,1e-06,0.3568931498742669,0.3446454406281742,0.34008155485325253,0.4994831601731729,0.0019439776160885905,0.34270146301208554,112,0.14360354275931486,0.8776570162818166,0.8776990459777891,0.8703100286510513
Higher dimension,38,320,10,0.7,0.12,144,208,320,diag,bwar_barycenter,bures_transport,65,55,4,4,16,8.0,0.03,0.05,20.0,0.0,0.0,1e-06,0.35497040308542493,0.3396188825825628,0.3338378603971819,0.4718728680311139,0.0019439776160885894,0.3376749049664741,112,0.16601275724182937,0.8648566324193816,0.8648254353360115,0.8703100286510508
Higher dimension,39,320,10,0.7,0.12,144,208,320,diag,persistence,bures_transport,65,55,4,4,16,8.0,0.03,0.05,20.0,0.0,0.0,,0.3955716672563526,0.3903222624971471,,,0.002340066633422378,0.3879821958637248,112,0.08474874266909631,1.0,1.0,1.0
Higher dimension,39,320,10,0.7,0.12,144,208,320,diag,euclidean_gaussian_ar,bures_transport,65,55,4,4,16,8.0,0.03,0.05,20.0,0.0,0.0,1e-06,0.35845286827850276,0.35052706141661133,0.3447609578223231,0.4883987588510678,0.002039430731964865,0.3484876306846464,112,0.1975002429252281,0.8980452695013096,0.8982052125068375,0.8715267774158085
Higher dimension,39,320,10,0.7,0.12,144,208,320,diag,cholesky_gaussian_ar,bures_transport,65,55,4,4,16,8.0,0.03,0.05,20.0,0.0,0.0,1e-06,0.3606672465247269,0.3575069407828505,0.3442516317452624,0.4969549325388228,0.002039430731964865,0.3554675100508856,112,0.155478053784658,0.9159276196434314,0.9161954178323697,0.8715267774158085
Higher dimension,39,320,10,0.7,0.12,144,208,320,diag,log_euclidean_gaussian_ar,bures_transport,65,55,4,4,16,8.0,0.03,0.05,20.0,0.0,0.0,1e-06,0.3553025949392431,0.34752501886623516,0.3390638994874662,0.5009219129953675,0.002039430731964865,0.34548558813427027,112,0.15681866569948474,0.8903540798387723,0.890467634385004,0.8715267774158085
Higher dimension,39,320,10,0.7,0.12,144,208,320,diag,bwar_barycenter,bures_transport,65,55,4,4,16,8.0,0.03,0.05,20.0,0.0,0.0,1e-06,0.3473352896954518,0.3412176574481475,0.33029368358298317,0.48340030090265146,0.002039430731964865,0.33917822671618275,112,0.1653250581723931,0.8741947109682003,0.874210802279484,0.8715267774158085
Higher dimension,40,320,10,0.7,0.12,144,208,320,diag,persistence,bures_transport,65,55,4,4,16,8.0,0.03,0.05,20.0,0.0,0.0,,0.37090740493945995,0.37401549339694984,,,0.002117119208743293,0.3718983741882065,112,0.0818078568088837,1.0,1.0,1.0
Higher dimension,40,320,10,0.7,0.12,144,208,320,diag,euclidean_gaussian_ar,bures_transport,65,55,4,4,16,8.0,0.03,0.05,20.0,0.0,0.0,1e-06,0.3267589154949652,0.3302875007983242,0.3014725398826643,0.47225944570032397,0.0019064761308435507,0.32838102466748065,112,0.21030005320318707,0.8830850770339177,0.882985910826534,0.9005048572466647
Higher dimension,40,320,10,0.7,0.12,144,208,320,diag,cholesky_gaussian_ar,bures_transport,65,55,4,4,16,8.0,0.03,0.05,20.0,0.0,0.0,1e-06,0.3331343193301517,0.3352702155925092,0.3046307348026006,0.4784394276506543,0.0019064761308435507,0.33336373946166564,112,0.15858472126495593,0.8964072919746147,0.896383965617877,0.9005048572466647
Higher dimension,40,320,10,0.7,0.12,144,208,320,diag,log_euclidean_gaussian_ar,bures_transport,65,55,4,4,16,8.0,0.03,0.05,20.0,0.0,0.0,1e-06,0.32650677888063717,0.3290181699444524,0.29658508026078734,0.47021182134257655,0.0019064761308435507,0.32711169381360883,112,0.14462651970270993,0.8796912848614511,0.8795727986916865,0.9005048572466647
Higher dimension,40,320,10,0.7,0.12,144,208,320,diag,bwar_barycenter,bures_transport,65,55,4,4,16,8.0,0.03,0.05,20.0,0.0,0.0,1e-06,0.3205710388034331,0.32373141281369733,0.2954959328142683,0.462701049515877,0.0019064761308435515,0.3218249366828537,112,0.1694216931957455,0.8655561561726935,0.8653572024490429,0.9005048572466652
Higher dimension,41,320,10,0.7,0.12,144,208,320,diag,persistence,bures_transport,65,55,4,4,16,8.0,0.03,0.05,20.0,0.0,0.0,,0.3925050320028122,0.37904673386571847,,,0.0023065247350892064,0.3767402091306292,112,0.08064881109682931,1.0,1.0,1.0
Higher dimension,41,320,10,0.7,0.12,144,208,320,diag,euclidean_gaussian_ar,bures_transport,65,55,4,4,16,8.0,0.03,0.05,20.0,0.0,0.0,1e-06,0.3477300766306257,0.3337594719345472,0.329382837977237,0.4729476251752843,0.0019157497462759672,0.3318437221882712,112,0.24999030748484255,0.8805232761952387,0.880829054467104,0.8305784529997136
Higher dimension,41,320,10,0.7,0.12,144,208,320,diag,cholesky_gaussian_ar,bures_transport,65,55,4,4,16,8.0,0.03,0.05,20.0,0.0,0.0,1e-06,0.3536262129447808,0.33378644012439246,0.3229677373020605,0.47798139029541087,0.0019157497462759672,0.3318706903781165,112,0.17253200424494605,0.8805944235959042,0.8809006374550404,0.8305784529997136
Higher dimension,41,320,10,0.7,0.12,144,208,320,diag,log_euclidean_gaussian_ar,bures_transport,65,55,4,4,16,8.0,0.03,0.05,20.0,0.0,0.0,1e-06,0.3475627320019544,0.32624471380291975,0.32002768457149944,0.4646381636903,0.0019157497462759672,0.32432896405664374,112,0.15597739811085146,0.860697862967197,0.8608822636826307,0.8305784529997136
Higher dimension,41,320,10,0.7,0.12,144,208,320,diag,bwar_barycenter,bures_transport,65,55,4,4,16,8.0,0.03,0.05,20.0,0.0,0.0,1e-06,0.3416193656797424,0.3247342465590379,0.3176200094450723,0.4658388130707328,0.001915749746275967,0.3228184968127619,112,0.18944202273199207,0.8567129526410288,0.8568729564537383,0.8305784529997134
Higher dimension,42,320,10,0.7,0.12,144,208,320,diag,persistence,bures_transport,65,55,4,4,16,8.0,0.03,0.05,20.0,0.0,0.0,,0.36598860326715543,0.36332823809754083,,,0.002408133606042833,0.360920104491498,112,0.12968861871686904,1.0,1.0,1.0
Higher dimension,42,320,10,0.7,0.12,144,208,320,diag,euclidean_gaussian_ar,bures_transport,65,55,4,4,16,8.0,0.03,0.05,20.0,0.0,0.0,1e-06,0.3298925612045502,0.3250578259844622,0.3069230794745679,0.45368377352021183,0.0019825120730914136,0.3230753139113708,112,0.23389385158346954,0.8946671133697999,0.8951435785672098,0.8232566781662825
Higher dimension,42,320,10,0.7,0.12,144,208,320,diag,cholesky_gaussian_ar,bures_transport,65,55,4,4,16,8.0,0.03,0.05,20.0,0.0,0.0,1e-06,0.334490905091965,0.32386925104779934,0.31554271000404527,0.450767481487864,0.0019825120730914136,0.32188673897470793,112,0.19382919674695584,0.8913957603285761,0.8918503983817019,0.8232566781662825
Higher dimension,42,320,10,0.7,0.12,144,208,320,diag,log_euclidean_gaussian_ar,bures_transport,65,55,4,4,16,8.0,0.03,0.05,20.0,0.0,0.0,1e-06,0.3263694985561634,0.31890430865340985,0.3088102348789456,0.43729053836789544,0.0019825120730914136,0.3169217965803185,112,0.18745489909892252,0.8777305896267696,0.8780940508338573,0.8232566781662825
Higher dimension,42,320,10,0.7,0.12,144,208,320,diag,bwar_barycenter,bures_transport,65,55,4,4,16,8.0,0.03,0.05,20.0,0.0,0.0,1e-06,0.3232828407961843,0.3182877690396865,0.3061646937637096,0.44422864927883154,0.001982512073091413,0.31630525696659506,112,0.1998564693649737,0.8760336678104206,0.8763858068040821,0.8232566781662822
Higher dimension,43,320,10,0.7,0.12,144,208,320,diag,persistence,bures_transport,65,55,4,4,16,8.0,0.03,0.05,20.0,0.0,0.0,,0.4134668862360866,0.37912478432971586,,,0.002213640359525689,0.3769111439701902,112,0.10826489746467464,1.0,1.0,1.0
Higher dimension,43,320,10,0.7,0.12,144,208,320,diag,euclidean_gaussian_ar,bures_transport,65,55,4,4,16,8.0,0.03,0.05,20.0,0.0,0.0,1e-06,0.35415326535122515,0.3384172216608035,0.3254806801697129,0.4845107884812832,0.0018998451846047415,0.3365173764761988,112,0.25181231220537525,0.8926275349133863,0.8928294688543723,0.8582447353877377
Higher dimension,43,320,10,0.7,0.12,144,208,320,diag,cholesky_gaussian_ar,bures_transport,65,55,4,4,16,8.0,0.03,0.05,20.0,0.0,0.0,1e-06,0.35567250976076653,0.34518731214213033,0.32645088041114045,0.48000099312963296,0.0018998451846047415,0.34328746695752554,112,0.20206084143319533,0.9104846910824197,0.9107915020540651,0.8582447353877377
Higher dimension,43,320,10,0.7,0.12,144,208,320,diag,log_euclidean_gaussian_ar,bures_transport,65,55,4,4,16,8.0,0.03,0.05,20.0,0.0,0.0,1e-06,0.3470394323374211,0.3359709083700036,0.3180434311991964,0.48099865482908133,0.0018998451846047415,0.3340710631853988,112,0.18798025149718453,0.886175006901732,0.8863390444401941,0.8582447353877377
Higher dimension,43,320,10,0.7,0.12,144,208,320,diag,bwar_barycenter,bures_transport,65,55,4,4,16,8.0,0.03,0.05,20.0,0.0,0.0,1e-06,0.3459378914929832,0.32926047853961027,0.31580140733907214,0.4758497998266621,0.001899845184604742,0.3273606333550054,112,0.21236754039351982,0.8684752148866643,0.8685352996113489,0.8582447353877379
Higher dimension,44,320,10,0.7,0.12,144,208,320,diag,persistence,bures_transport,65,55,4,4,16,8.0,0.03,0.05,20.0,0.0,0.0,,0.37318538273202106,0.3598335833156176,,,0.0022173783988421597,0.35761620491677537,112,0.06849720969919876,1.0,1.0,1.0
Higher dimension,44,320,10,0.7,0.12,144,208,320,diag,euclidean_gaussian_ar,bures_transport,65,55,4,4,16,8.0,0.03,0.05,20.0,0.0,0.0,1e-06,0.3289856653492013,0.31741024688800107,0.3057674258673081,0.45779658303546916,0.0018460007158215299,0.3155642461721796,112,0.209739231977028,0.8821028986880134,0.8824103657316588,0.8325149720884127
Higher dimension,44,320,10,0.7,0.12,144,208,320,diag,cholesky_gaussian_ar,bures_transport,65,55,4,4,16,8.0,0.03,0.05,20.0,0.0,0.0,1e-06,0.3343737342542706,0.3214034310264002,0.3055243249324284,0.47314492831784954,0.0018460007158215299,0.3195574303105787,112,0.13720434551606597,0.8932002067869537,0.8935764820415403,0.8325149720884127
Higher dimension,44,320,10,0.7,0.12,144,208,320,diag,log_euclidean_gaussian_ar,bures_transport,65,55,4,4,16,8.0,0.03,0.05,20.0,0.0,0.0,1e-06,0.3330444293268532,0.3173059342491663,0.3014363605440379,0.45919868440564643,0.0018460007158215299,0.31545993353334484,112,0.12866181926044065,0.8818130073502634,0.8821186769395946,0.8325149720884127
Higher dimension,44,320,10,0.7,0.12,144,208,320,diag,bwar_barycenter,bures_transport,65,55,4,4,16,8.0,0.03,0.05,20.0,0.0,0.0,1e-06,0.32447833704890083,0.3116685229932675,0.29562829985648,0.46224426217042214,0.0018460007158215299,0.30982252227744606,112,0.1519330876236098,0.8661462894081693,0.8663548184276161,0.8325149720884127
Higher dimension,45,320,10,0.7,0.12,144,208,320,diag,persistence,bures_transport,65,55,4,4,16,8.0,0.03,0.05,20.0,0.0,0.0,,0.3830129462995668,0.36706347979663206,,,0.002317038203175365,0.36474644159345665,112,0.09820429756901684,1.0,1.0,1.0
Higher dimension,45,320,10,0.7,0.12,144,208,320,diag,euclidean_gaussian_ar,bures_transport,65,55,4,4,16,8.0,0.03,0.05,20.0,0.0,0.0,1e-06,0.343833681685513,0.3243053479568788,0.3147514907372557,0.46677439666472403,0.0020174237385981023,0.3222879242182808,112,0.24609264172847242,0.8835129774734252,0.8835944301754155,0.8706907533217801
Higher dimension,45,320,10,0.7,0.12,144,208,320,diag,cholesky_gaussian_ar,bures_transport,65,55,4,4,16,8.0,0.03,0.05,20.0,0.0,0.0,1e-06,0.35404331330251626,0.3251599766312407,0.3259606314381572,0.4589541430826273,0.0020174237385981023,0.3231425528926426,112,0.1673834134804996,0.8858412632370629,0.8859375062877641,0.8706907533217801
Higher dimension,45,320,10,0.7,0.12,144,208,320,diag,log_euclidean_gaussian_ar,bures_transport,65,55,4,4,16,8.0,0.03,0.05,20.0,0.0,0.0,1e-06,0.34553474997637235,0.3186486915772651,0.31295897601370115,0.4572315052591499,0.0020174237385981023,0.316631267838667,112,0.15291214320037655,0.8681024103890949,0.8680859680368906,0.8706907533217801
Higher dimension,45,320,10,0.7,0.12,144,208,320,diag,bwar_barycenter,bures_transport,65,55,4,4,16,8.0,0.03,0.05,20.0,0.0,0.0,1e-06,0.3365192745111107,0.31542258309967247,0.30811592973809665,0.46203094154651647,0.0020174237385981028,0.3134051593610744,112,0.17317772348177296,0.8593134442969627,0.8592411703645711,0.8706907533217803
Higher dimension,46,320,10,0.7,0.12,144,208,320,diag,persistence,bures_transport,65,55,4,4,16,8.0,0.03,0.05,20.0,0.0,0.0,,0.38964798911480125,0.38790252926405017,,,0.0019789949045369852,0.3859235343595132,112,0.09246054461865763,1.0,1.0,1.0
Higher dimension,46,320,10,0.7,0.12,144,208,320,diag,euclidean_gaussian_ar,bures_transport,65,55,4,4,16,8.0,0.03,0.05,20.0,0.0,0.0,1e-06,0.35256461384384946,0.3439393742987943,0.31487782485920024,0.5111914855714313,0.0016514290072831637,0.34228794529151113,112,0.24338319815152115,0.88666442817822,0.8869320339833107,0.8344786555524455
Higher dimension,46,320,10,0.7,0.12,144,208,320,diag,cholesky_gaussian_ar,bures_transport,65,55,4,4,16,8.0,0.03,0.05,20.0,0.0,0.0,1e-06,0.35044924585013426,0.34833503474681393,0.3202849542459373,0.5165136774360849,0.0016514290072831637,0.3466836057395308,112,0.1588566564007795,0.8979962966668306,0.8983220116775054,0.8344786555524455
Higher dimension,46,320,10,0.7,0.12,144,208,320,diag,log_euclidean_gaussian_ar,bures_transport,65,55,4,4,16,8.0,0.03,0.05,20.0,0.0,0.0,1e-06,0.34501487302879635,0.3441905203440677,0.31364555814166095,0.5053364256430104,0.0016514290072831637,0.3425390913367846,112,0.1556679225645559,0.8873118744471317,0.887582800321493,0.8344786555524455
Higher dimension,46,320,10,0.7,0.12,144,208,320,diag,bwar_barycenter,bures_transport,65,55,4,4,16,8.0,0.03,0.05,20.0,0.0,0.0,1e-06,0.34230675161306723,0.33771099642906505,0.30813555241134805,0.5009076858336184,0.0016514290072831635,0.33605956742178184,112,0.1752699585369208,0.8706078742765322,0.8707931429460848,0.8344786555524454
Higher dimension,47,320,10,0.7,0.12,144,208,320,diag,persistence,bures_transport,65,55,4,4,16,8.0,0.03,0.05,20.0,0.0,0.0,,0.35631877662827166,0.4201343409550145,,,0.0023671683468859226,0.41776717260812857,112,0.10910457365529286,1.0,1.0,1.0
Higher dimension,47,320,10,0.7,0.12,144,208,320,diag,euclidean_gaussian_ar,bures_transport,65,55,4,4,16,8.0,0.03,0.05,20.0,0.0,0.0,1e-06,0.32384233640510895,0.3635853010651138,0.3531837189541905,0.516088890786703,0.0019523407465725142,0.3616329603185413,112,0.24420142113865437,0.8654024811174489,0.8656327831142397,0.8247578796585693
Higher dimension,47,320,10,0.7,0.12,144,208,320,diag,cholesky_gaussian_ar,bures_transport,65,55,4,4,16,8.0,0.03,0.05,20.0,0.0,0.0,1e-06,0.3281917158857594,0.3627625158147695,0.35006773661321744,0.5271110209421392,0.0019523407465725142,0.360810175068197,112,0.17967503868428833,0.8634440950248624,0.8636633003394022,0.8247578796585693
Higher dimension,47,320,10,0.7,0.12,144,208,320,diag,log_euclidean_gaussian_ar,bures_transport,65,55,4,4,16,8.0,0.03,0.05,20.0,0.0,0.0,1e-06,0.3236690221578133,0.3615352984573829,0.35008811069353074,0.5347708776736796,0.0019523407465725142,0.35958295771081045,112,0.17393330690357162,0.8605230832489695,0.8607257374147592,0.8247578796585693
Higher dimension,47,320,10,0.7,0.12,144,208,320,diag,bwar_barycenter,bures_transport,65,55,4,4,16,8.0,0.03,0.05,20.0,0.0,0.0,1e-06,0.3176175591563877,0.35774994248648,0.34714542573630125,0.516892318891865,0.0019523407465725144,0.35579760173990754,112,0.1979384713832633,0.851513212829193,0.8516648149222836,0.8247578796585694
Higher dimension,48,320,10,0.7,0.12,144,208,320,diag,persistence,bures_transport,65,55,4,4,16,8.0,0.03,0.05,20.0,0.0,0.0,,0.3971360449671764,0.39784837646707444,,,0.0021960395101285387,0.3956523369569459,112,0.15470872587591752,1.0,1.0,1.0
Higher dimension,48,320,10,0.7,0.12,144,208,320,diag,euclidean_gaussian_ar,bures_transport,65,55,4,4,16,8.0,0.03,0.05,20.0,0.0,0.0,1e-06,0.35257053345003764,0.34810495549512804,0.34300618343513,0.4831566173039906,0.0017691544235985796,0.34633580107152934,112,0.24858245850267824,0.874968897916156,0.8753538617647971,0.8056113815069873
Higher dimension,48,320,10,0.7,0.12,144,208,320,diag,cholesky_gaussian_ar,bures_transport,65,55,4,4,16,8.0,0.03,0.05,20.0,0.0,0.0,1e-06,0.3531543716158089,0.34793956978947804,0.33852146940956407,0.48965968012264294,0.0017691544235985796,0.34617041536587945,112,0.2244557191456178,0.8745531975754417,0.8749358541095866,0.8056113815069873
Higher dimension,48,320,10,0.7,0.12,144,208,320,diag,log_euclidean_gaussian_ar,bures_transport,65,55,4,4,16,8.0,0.03,0.05,20.0,0.0,0.0,1e-06,0.34462599739839567,0.3407048898242673,0.33329827505783527,0.4838426386952907,0.0017691544235985796,0.3389357354006687,112,0.21091593644727258,0.8563686820837478,0.856650406787692,0.8056113815069873
Higher dimension,48,320,10,0.7,0.12,144,208,320,diag,bwar_barycenter,bures_transport,65,55,4,4,16,8.0,0.03,0.05,20.0,0.0,0.0,1e-06,0.3419189132673941,0.3382524814713791,0.3346931385065295,0.4735204767568409,0.0017691544235985796,0.33648332704778044,112,0.22132263601305163,0.8502045037234746,0.850452014603912,0.8056113815069873
Higher dimension,49,320,10,0.7,0.12,144,208,320,diag,persistence,bures_transport,65,55,4,4,16,8.0,0.03,0.05,20.0,0.0,0.0,,0.3901458904084143,0.3843977876515116,,,0.0022102481762816006,0.38218753947523,112,0.11489515223924775,1.0,1.0,1.0
Higher dimension,49,320,10,0.7,0.12,144,208,320,diag,euclidean_gaussian_ar,bures_transport,65,55,4,4,16,8.0,0.03,0.05,20.0,0.0,0.0,1e-06,0.3434069479157543,0.33866875722217893,0.3145669586943972,0.49304623475431736,0.001847457588105016,0.33682129963407387,112,0.2571945950066568,0.8810372174389571,0.8812984852843525,0.8358597952620309
Higher dimension,49,320,10,0.7,0.12,144,208,320,diag,cholesky_gaussian_ar,bures_transport,65,55,4,4,16,8.0,0.03,0.05,20.0,0.0,0.0,1e-06,0.35009201916694443,0.34486723824672544,0.3246561549374021,0.4922394905058153,0.001847457588105016,0.34301978065862043,112,0.19133282125885084,0.8971623909536548,0.8975169131092301,0.8358597952620309
Higher dimension,49,320,10,0.7,0.12,144,208,320,diag,log_euclidean_gaussian_ar,bures_transport,65,55,4,4,16,8.0,0.03,0.05,20.0,0.0,0.0,1e-06,0.3407797517416561,0.33457248634688597,0.3063461198696262,0.49339890616326765,0.001847457588105016,0.33272502875878096,112,0.19469117383747733,0.8703808843202906,0.8705805249842408,0.8358597952620309
Higher dimension,49,320,10,0.7,0.12,144,208,320,diag,bwar_barycenter,bures_transport,65,55,4,4,16,8.0,0.03,0.05,20.0,0.0,0.0,1e-06,0.3370309691694704,0.3313554353680634,0.3065320092358881,0.4937145628955678,0.001847457588105016,0.3295079777799584,112,0.21661368856448535,0.8620118169578658,0.8621630580431683,0.8358597952620309
Higher dimension,50,320,10,0.7,0.12,144,208,320,diag,persistence,bures_transport,65,55,4,4,16,8.0,0.03,0.05,20.0,0.0,0.003125,,0.3477448432791678,0.35278815131428054,,,0.0019923334014058497,0.3507958179128747,112,0.10173339503987339,1.0,1.0,1.0
Higher dimension,50,320,10,0.7,0.12,144,208,320,diag,euclidean_gaussian_ar,bures_transport,65,55,4,4,16,8.0,0.03,0.05,20.0,0.0,0.003125,1e-06,0.3159162187326541,0.325003020462301,0.3154476625350446,0.43629265610626405,0.0016542312744352633,0.32334878918786575,112,0.23893480547589985,0.921241315082526,0.9217578222901568,0.8302984195657155
Higher dimension,50,320,10,0.7,0.12,144,208,320,diag,cholesky_gaussian_ar,bures_transport,65,55,4,4,16,8.0,0.03,0.05,20.0,0.0,0.003125,1e-06,0.3243890988921295,0.32535573075032465,0.31561008105141114,0.44193298465296355,0.0016542312744352633,0.32370149947588933,112,0.17185304087922595,0.9222410943741765,0.9227632797956713,0.8302984195657155
Higher dimension,50,320,10,0.7,0.12,144,208,320,diag,log_euclidean_gaussian_ar,bures_transport,65,55,4,4,16,8.0,0.03,0.05,20.0,0.0,0.003125,1e-06,0.32172148185900507,0.3242004314909514,0.3093767952364006,0.44097855429436267,0.0016542312744352633,0.3225462002165162,112,0.16770767063815192,0.9189663266273876,0.9194699131123203,0.8302984195657155
Higher dimension,50,320,10,0.7,0.12,144,208,320,diag,bwar_barycenter,bures_transport,65,55,4,4,16,8.0,0.03,0.05,20.0,0.0,0.003125,1e-06,0.3161864755137282,0.3199672178267445,0.3087368985255854,0.4307335739571053,0.0016542312744352637,0.31831298655230933,112,0.18831713443943163,0.9069670186902121,0.9074024554972518,0.8302984195657157
Higher dimension,51,320,10,0.7,0.12,144,208,320,diag,persistence,bures_transport,65,55,4,4,16,8.0,0.03,0.05,20.0,0.0,0.003125,,0.41300199385579284,0.3664047480406433,,,0.0020696957843813583,0.36433505225626195,112,0.14053560211505647,1.0,1.0,1.0
Higher dimension,51,320,10,0.7,0.12,144,208,320,diag,euclidean_gaussian_ar,bures_transport,65,55,4,4,16,8.0,0.03,0.05,20.0,0.0,0.003125,1e-06,0.37434204674445926,0.32273466243643795,0.3036334271297402,0.47341651303365306,0.0017143714964669558,0.32102029093997103,112,0.2502825800192942,0.8808146296200253,0.8811128354297773,0.8283205239167017
Higher dimension,51,320,10,0.7,0.12,144,208,320,diag,cholesky_gaussian_ar,bures_transport,65,55,4,4,16,8.0,0.03,0.05,20.0,0.0,0.003125,1e-06,0.38069219986463876,0.3272749560840313,0.29762035448642515,0.46958159406530614,0.0017143714964669558,0.3255605845875643,112,0.21158103215108265,0.8932061001778515,0.8935746988148017,0.8283205239167017
Higher dimension,51,320,10,0.7,0.12,144,208,320,diag,log_euclidean_gaussian_ar,bures_transport,65,55,4,4,16,8.0,0.03,0.05,20.0,0.0,0.003125,1e-06,0.37447347172721235,0.32370933312984435,0.2966932412414983,0.47423861270508816,0.0017143714964669558,0.3219949616333774,112,0.20692238364696403,0.8834747225872112,0.8837880397159704,0.8283205239167017
Higher dimension,51,320,10,0.7,0.12,144,208,320,diag,bwar_barycenter,bures_transport,65,55,4,4,16,8.0,0.03,0.05,20.0,0.0,0.003125,1e-06,0.3682168354701837,0.3185080953497552,0.29471311408586115,0.4677999586383873,0.0017143714964669556,0.3167937238532882,112,0.22244623346419914,0.8692793885804799,0.8695120655875442,0.8283205239167016
Higher dimension,52,320,10,0.7,0.12,144,208,320,diag,persistence,bures_transport,65,55,4,4,16,8.0,0.03,0.05,20.0,0.0,0.0,,0.3666891220090758,0.3642816155493888,,,0.0018921106808482116,0.36238950486854066,112,0.10133388427379218,1.0,1.0,1.0
Higher dimension,52,320,10,0.7,0.12,144,208,320,diag,euclidean_gaussian_ar,bures_transport,65,55,4,4,16,8.0,0.03,0.05,20.0,0.0,0.0,1e-06,0.3262856362466514,0.3211858001735354,0.3024954475295364,0.4614159848894746,0.0016508579844639324,0.31953494218907136,112,0.2335261871228345,0.8816964306286531,0.8817444707869918,0.8724954629630184
Higher dimension,52,320,10,0.7,0.12,144,208,320,diag,cholesky_gaussian_ar,bures_transport,65,55,4,4,16,8.0,0.03,0.05,20.0,0.0,0.0,1e-06,0.3257393981238237,0.32228311878719673,0.2976777833544394,0.45868858179676575,0.0016508579844639324,0.3206322608027328,112,0.20059963367572933,0.8847087116958885,0.8847724795977313,0.8724954629630184
Higher dimension,52,320,10,0.7,0.12,144,208,320,diag,log_euclidean_gaussian_ar,bures_transport,65,55,4,4,16,8.0,0.03,0.05,20.0,0.0,0.0,1e-06,0.32456429421662447,0.32084636944149786,0.2904771083591915,0.4527775253275881,0.0016508579844639324,0.319195511457034,112,0.18470910080680972,0.8807646495078145,0.8808078246438854,0.8724954629630184
Higher dimension,52,320,10,0.7,0.12,144,208,320,diag,bwar_barycenter,bures_transport,65,55,4,4,16,8.0,0.03,0.05,20.0,0.0,0.0,1e-06,0.320414414187682,0.3166316472132752,0.2918499435353792,0.4514109317177618,0.0016508579844639322,0.31498078922881134,112,0.21228606324328778,0.8691946936046975,0.8691774596040601,0.8724954629630183
Higher dimension,53,320,10,0.7,0.12,144,208,320,diag,persistence,bures_transport,65,55,4,4,16,8.0,0.03,0.05,20.0,0.0,0.0,,0.3798584620130948,0.38801757920944285,,,0.002155623139280618,0.3858619560701622,112,0.11642632643207095,1.0,1.0,1.0
Higher dimension,53,320,10,0.7,0.12,144,208,320,diag,euclidean_gaussian_ar,bures_transport,65,55,4,4,16,8.0,0.03,0.05,20.0,0.0,0.0,1e-06,0.32946530431552745,0.3483818323109809,0.33975488119446234,0.48050315754019907,0.0018961557382125714,0.34648567657276835,112,0.24271769067192833,0.8978506412538915,0.8979524182730417,0.8796322991992761
Higher dimension,53,320,10,0.7,0.12,144,208,320,diag,cholesky_gaussian_ar,bures_transport,65,55,4,4,16,8.0,0.03,0.05,20.0,0.0,0.0,1e-06,0.33387380363448366,0.35528880104967225,0.3437457454380178,0.5115441253936649,0.0018961557382125714,0.35339264531145964,112,0.18974247332845706,0.915651300576502,0.9158525212244594,0.8796322991992761
Higher dimension,53,320,10,0.7,0.12,144,208,320,diag,log_euclidean_gaussian_ar,bures_transport,65,55,4,4,16,8.0,0.03,0.05,20.0,0.0,0.0,1e-06,0.3298681416550687,0.3467337714767855,0.3343098036146429,0.48570477263702305,0.0018961557382125714,0.34483761573857297,112,0.17603234433488832,0.893603254221703,0.8936813031546191,0.8796322991992761
Higher dimension,53,320,10,0.7,0.12,144,208,320,diag,bwar_barycenter,bures_transport,65,55,4,4,16,8.0,0.03,0.05,20.0,0.0,0.0,1e-06,0.3242725568485232,0.34195011727642793,0.32833760287573716,0.48169497503165426,0.0018961557382125714,0.3400539615382153,112,0.1982740138256261,0.8812748071186002,0.8812839830117445,0.8796322991992761
Higher dimension,54,320,10,0.7,0.12,144,208,320,diag,persistence,bures_transport,65,55,4,4,16,8.0,0.03,0.05,20.0,0.0,0.0,,0.37156621368339027,0.34752036577876355,,,0.0020082345169533567,0.3455121312618102,112,0.08120214161061814,1.0,1.0,1.0
Higher dimension,54,320,10,0.7,0.12,144,208,320,diag,euclidean_gaussian_ar,bures_transport,65,55,4,4,16,8.0,0.03,0.05,20.0,0.0,0.0,1e-06,0.3223163007970852,0.3026651740964568,0.2943529012862113,0.4209295699839383,0.001765959071740235,0.3008992150247165,112,0.26240174032156716,0.8709278761784506,0.8708788716790715,0.8793589876242781
Higher dimension,54,320,10,0.7,0.12,144,208,320,diag,cholesky_gaussian_ar,bures_transport,65,55,4,4,16,8.0,0.03,0.05,20.0,0.0,0.0,1e-06,0.33207560845114076,0.31091673615576976,0.3026282419181737,0.43364759513148005,0.001765959071740235,0.3091507770840295,112,0.20294174870688894,0.8946719869468134,0.8947609913290482,0.8793589876242781
Higher dimension,54,320,10,0.7,0.12,144,208,320,diag,log_euclidean_gaussian_ar,bures_transport,65,55,4,4,16,8.0,0.03,0.05,20.0,0.0,0.0,1e-06,0.32363948004455123,0.3028359208139699,0.2970496636724256,0.4298072962404742,0.001765959071740235,0.3010699617422298,112,0.1685921015292996,0.8714192048438382,0.8713730561144767,0.8793589876242781
Higher dimension,54,320,10,0.7,0.12,144,208,320,diag,bwar_barycenter,bures_transport,65,55,4,4,16,8.0,0.03,0.05,20.0,0.0,0.0,1e-06,0.31772090484656956,0.297612931073738,0.2903389060062591,0.428308654587051,0.0017659590717402352,0.2958469720019977,112,0.19571173914444845,0.85638989935687,0.8562563951707417,0.8793589876242782
Higher dimension,55,320,10,0.7,0.12,144,208,320,diag,persistence,bures_transport,65,55,4,4,16,8.0,0.03,0.05,20.0,0.0,0.0,,0.37209822944951065,0.3605569805744291,,,0.0023757661658896367,0.3581812144085395,112,0.050782401866216756,1.0,1.0,1.0
Higher dimension,55,320,10,0.7,0.12,144,208,320,diag,euclidean_gaussian_ar,bures_transport,65,55,4,4,16,8.0,0.03,0.05,20.0,0.0,0.0,1e-06,0.323299269644746,0.3224916574285147,0.3189962469575436,0.44133150433492035,0.0018831626608647352,0.32060849476765,112,0.22605630537815574,0.8944263314906016,0.8951013673262209,0.7926548866224636
Higher dimension,55,320,10,0.7,0.12,144,208,320,diag,cholesky_gaussian_ar,bures_transport,65,55,4,4,16,8.0,0.03,0.05,20.0,0.0,0.0,1e-06,0.32737765823058246,0.3274303954825349,0.32841248020418345,0.4412289508487618,0.0018831626608647352,0.32554723282167014,112,0.10968702826977539,0.9081238559322361,0.908889745541911,0.7926548866224636
Higher dimension,55,320,10,0.7,0.12,144,208,320,diag,log_euclidean_gaussian_ar,bures_transport,65,55,4,4,16,8.0,0.03,0.05,20.0,0.0,0.0,1e-06,0.32005447608537774,0.324928096661463,0.3288675078158873,0.4453855770535752,0.0018831626608647352,0.3230449340005982,112,0.10246659350354308,0.9011837633646611,0.9019036203058236,0.7926548866224636
Higher dimension,55,320,10,0.7,0.12,144,208,320,diag,bwar_barycenter,bures_transport,65,55,4,4,16,8.0,0.03,0.05,20.0,0.0,0.0,1e-06,0.31682739288187756,0.3168046680164012,0.31784107597822964,0.4348364062931056,0.001883162660864735,0.3149215053555365,112,0.13783710405785798,0.8786535418387326,0.8792239589548623,0.7926548866224635
Higher dimension,56,320,10,0.7,0.12,144,208,320,diag,persistence,bures_transport,65,55,4,4,16,8.0,0.03,0.05,20.0,0.0,0.0,,0.38797315540346866,0.40943477683656215,,,0.0021481986208320364,0.4072865782157301,112,0.11782749655660668,1.0,1.0,1.0
Higher dimension,56,320,10,0.7,0.12,144,208,320,diag,euclidean_gaussian_ar,bures_transport,65,55,4,4,16,8.0,0.03,0.05,20.0,0.0,0.0,1e-06,0.34374434078456284,0.3522912254888771,0.3362505882366864,0.48838152726664036,0.0018689251206522356,0.35042230036822486,112,0.23376552899547984,0.8604330785254826,0.8603826374622501,0.8699964251575428
Higher dimension,56,320,10,0.7,0.12,144,208,320,diag,cholesky_gaussian_ar,bures_transport,65,55,4,4,16,8.0,0.03,0.05,20.0,0.0,0.0,1e-06,0.34933154450998444,0.3594236123837669,0.3376839028671156,0.495932849809269,0.0018689251206522356,0.35755468726311473,112,0.20524017374323844,0.877853159325646,0.8778945990057311,0.8699964251575428
Higher dimension,56,320,10,0.7,0.12,144,208,320,diag,log_euclidean_gaussian_ar,bures_transport,65,55,4,4,16,8.0,0.03,0.05,20.0,0.0,0.0,1e-06,0.34327402710945093,0.35156527161965634,0.33201704932965415,0.4778263118431205,0.0018689251206522356,0.349696346499004,112,0.19380219212483638,0.8586600149991506,0.8586002220622603,0.8699964251575428
Higher dimension,56,320,10,0.7,0.12,144,208,320,diag,bwar_barycenter,bures_transport,65,55,4,4,16,8.0,0.03,0.05,20.0,0.0,0.0,1e-06,0.33756617487329077,0.3470788240346088,0.3302043864881842,0.4826602307942884,0.0018689251206522363,0.34520989891395665,112,0.21445354141018286,0.8477023537576913,0.8475847655630505,0.8699964251575432
Higher dimension,57,320,10,0.7,0.12,144,208,320,diag,persistence,bures_transport,65,55,4,4,16,8.0,0.03,0.05,20.0,0.0,0.0,,0.35817364416732955,0.37384078263201737,,,0.0024639778466838506,0.37137680478533347,112,0.13343234757478986,1.0,1.0,1.0
Higher dimension,57,320,10,0.7,0.12,144,208,320,diag,euclidean_gaussian_ar,bures_transport,65,55,4,4,16,8.0,0.03,0.05,20.0,0.0,0.0,1e-06,0.31619392219634623,0.34128909118017947,0.32861076414053453,0.47330463537782597,0.002057258654385776,0.33923183252579375,112,0.2880949189692002,0.912926323279503,0.9134437804264043,0.8349339086609653
Higher dimension,57,320,10,0.7,0.12,144,208,320,diag,cholesky_gaussian_ar,bures_transport,65,55,4,4,16,8.0,0.03,0.05,20.0,0.0,0.0,1e-06,0.32343803302053614,0.348681305341742,0.34467133760494034,0.47584560981304336,0.002057258654385776,0.3466240466873562,112,0.19621303477380855,0.9327000197433233,0.9333486696556478,0.8349339086609653
Higher dimension,57,320,10,0.7,0.12,144,208,320,diag,log_euclidean_gaussian_ar,bures_transport,65,55,4,4,16,8.0,0.03,0.05,20.0,0.0,0.0,1e-06,0.31591275120615825,0.3374367565894167,0.3290729831394579,0.47326300703772506,0.002057258654385776,0.335379497935031,112,0.21133051478821743,0.9026215765270472,0.9030706646552417,0.8349339086609653
Higher dimension,57,320,10,0.7,0.12,144,208,320,diag,bwar_barycenter,bures_transport,65,55,4,4,16,8.0,0.03,0.05,20.0,0.0,0.0,1e-06,0.3097643759916465,0.33282845124460747,0.3285012128417204,0.46394934317817976,0.002057258654385776,0.33077119259022175,112,0.23316445786379264,0.8902946567288258,0.8906619593041549,0.8349339086609653
Higher dimension,58,320,10,0.7,0.12,144,208,320,diag,persistence,bures_transport,65,55,4,4,16,8.0,0.03,0.05,20.0,0.0,0.0,,0.3979401892933814,0.400191634590489,,,0.0023853989473101678,0.39780623564317885,112,0.12290558696238932,1.0,1.0,1.0
Higher dimension,58,320,10,0.7,0.12,144,208,320,diag,euclidean_gaussian_ar,bures_transport,65,55,4,4,16,8.0,0.03,0.05,20.0,0.0,0.0,1e-06,0.34410146265348157,0.34858716004312057,0.3466941811976263,0.5095125536183667,0.0019372485330187864,0.34664991151010177,112,0.24642704126269918,0.8710505915492845,0.8714039159030105,0.8121276884117324
Higher dimension,58,320,10,0.7,0.12,144,208,320,diag,cholesky_gaussian_ar,bures_transport,65,55,4,4,16,8.0,0.03,0.05,20.0,0.0,0.0,1e-06,0.3596395771956242,0.35597838718849284,0.3482416081154272,0.5220002776095143,0.0019372485330187864,0.35404113865547415,112,0.213431971250418,0.8895198110594215,0.8899838839455478,0.8121276884117324
Higher dimension,58,320,10,0.7,0.12,144,208,320,diag,log_euclidean_gaussian_ar,bures_transport,65,55,4,4,16,8.0,0.03,0.05,20.0,0.0,0.0,1e-06,0.34685730190585246,0.3479471568347294,0.35010678776513837,0.5013144664044029,0.0019372485330187864,0.3460099083017106,112,0.19070622861511477,0.8694513497034471,0.8697950843889533,0.8121276884117324
Higher dimension,58,320,10,0.7,0.12,144,208,320,diag,bwar_barycenter,bures_transport,65,55,4,4,16,8.0,0.03,0.05,20.0,0.0,0.0,1e-06,0.34026308579198694,0.34287598900992344,0.340114371371944,0.50529264551848,0.0019372485330187864,0.34093874047690464,112,0.20735922468802376,0.8567795010527496,0.8570472504677308,0.8121276884117324
Higher dimension,59,320,10,0.7,0.12,144,208,320,diag,persistence,bures_transport,65,55,4,4,16,8.0,0.03,0.05,20.0,0.0,0.0,,0.39715580281989116,0.37442734386810833,,,0.002427754685532863,0.3719995891825755,112,0.05983118782238397,1.0,1.0,1.0
Higher dimension,59,320,10,0.7,0.12,144,208,320,diag,euclidean_gaussian_ar,bures_transport,65,55,4,4,16,8.0,0.03,0.05,20.0,0.0,0.0,1e-06,0.34947202295673463,0.326753104565728,0.31777782163885177,0.44346878865901146,0.0020067176762085877,0.32474638688951935,112,0.18479679527157764,0.8726742582155711,0.8729751223734161,0.8265734953233701
Higher dimension,59,320,10,0.7,0.12,144,208,320,diag,cholesky_gaussian_ar,bures_transport,65,55,4,4,16,8.0,0.03,0.05,20.0,0.0,0.0,1e-06,0.3461401769261082,0.32397770904108564,0.3050774205080796,0.4476678730996407,0.0020067176762085877,0.3219709913648771,112,0.1480065445811261,0.8652618841726647,0.8655143734765132,0.8265734953233701
Higher dimension,59,320,10,0.7,0.12,144,208,320,diag,log_euclidean_gaussian_ar,bures_transport,65,55,4,4,16,8.0,0.03,0.05,20.0,0.0,0.0,1e-06,0.34051269421267427,0.3241894434623064,0.29970783690114267,0.461086757646594,0.0020067176762085877,0.3221827257860978,112,0.11607505932371692,0.8658273728440672,0.8660835526567535,0.8265734953233701
Higher dimension,59,320,10,0.7,0.12,144,208,320,diag,bwar_barycenter,bures_transport,65,55,4,4,16,8.0,0.03,0.05,20.0,0.0,0.0,1e-06,0.33931872823746595,0.32030738651961865,0.30329677056759247,0.43736891527010047,0.0020067176762085877,0.3183006688434101,112,0.14214601858013656,0.8554593882236513,0.855647904189458,0.8265734953233701
Higher dimension,60,320,10,0.7,0.12,144,208,320,diag,persistence,bures_transport,65,55,4,4,16,8.0,0.03,0.05,20.0,0.0,0.0,,0.3920798653767773,0.40744000114650814,,,0.0023111215770851867,0.40512887956942295,112,0.11777881026341473,1.0,1.0,1.0
Higher dimension,60,320,10,0.7,0.12,144,208,320,diag,euclidean_gaussian_ar,bures_transport,65,55,4,4,16,8.0,0.03,0.05,20.0,0.0,0.0,1e-06,0.3445548677536049,0.3582516212609218,0.3275774415309791,0.5205446481682209,0.0019728838913926827,0.35627873736952914,112,0.26839073670393043,0.8792745441115903,0.8794207358117435,0.853647817991863
Higher dimension,60,320,10,0.7,0.12,144,208,320,diag,cholesky_gaussian_ar,bures_transport,65,55,4,4,16,8.0,0.03,0.05,20.0,0.0,0.0,1e-06,0.35124806067274333,0.3576708274039933,0.32207430042019014,0.516527861124835,0.0019728838913926827,0.35569794351260065,112,0.1935684365872364,0.8778490732317205,0.8779871331084611,0.853647817991863
Higher dimension,60,320,10,0.7,0.12,144,208,320,diag,log_euclidean_gaussian_ar,bures_transport,65,55,4,4,16,8.0,0.03,0.05,20.0,0.0,0.0,1e-06,0.34136407915309114,0.3506393613276953,0.31873637193551635,0.5139856172512587,0.0019728838913926827,0.3486664774363026,112,0.18745447726337505,0.8605914007977131,0.8606310115607422,0.853647817991863
Higher dimension,60,320,10,0.7,0.12,144,208,320,diag,bwar_barycenter,bures_transport,65,55,4,4,16,8.0,0.03,0.05,20.0,0.0,0.0,1e-06,0.33712753525246064,0.34892387714449374,0.3170131974870666,0.512360137289862,0.0019728838913926823,0.3469509932531011,112,0.20436307296641568,0.8563810037371048,0.8563965956261765,0.8536478179918627
Higher dimension,61,320,10,0.7,0.12,144,208,320,diag,persistence,bures_transport,65,55,4,4,16,8.0,0.03,0.05,20.0,0.0,0.0,,0.37232443498318685,0.35197985478457233,,,0.0021049794162765457,0.3498748753682958,112,0.11685909768994447,1.0,1.0,1.0
Higher dimension,61,320,10,0.7,0.12,144,208,320,diag,euclidean_gaussian_ar,bures_transport,65,55,4,4,16,8.0,0.03,0.05,20.0,0.0,0.0,1e-06,0.3372623298261648,0.3099356528511271,0.29415889420153185,0.42372148492815387,0.001839217880432439,0.3080964349706946,112,0.24759168206378598,0.8805494082632139,0.8805903386071289,0.8737462543390535
Higher dimension,61,320,10,0.7,0.12,144,208,320,diag,cholesky_gaussian_ar,bures_transport,65,55,4,4,16,8.0,0.03,0.05,20.0,0.0,0.0,1e-06,0.333966225606897,0.3214968589263772,0.31210139764457906,0.43293020016879213,0.001839217880432439,0.3196576410459447,112,0.1953970631067915,0.913395623516999,0.9136341690996161,0.8737462543390535
Higher dimension,61,320,10,0.7,0.12,144,208,320,diag,log_euclidean_gaussian_ar,bures_transport,65,55,4,4,16,8.0,0.03,0.05,20.0,0.0,0.0,1e-06,0.3282882354539917,0.3097990183725602,0.30174014296708934,0.41630275591914484,0.001839217880432439,0.3079598004921277,112,0.18596653771722266,0.8801612199146206,0.8801998147707913,0.8737462543390535
Higher dimension,61,320,10,0.7,0.12,144,208,320,diag,bwar_barycenter,bures_transport,65,55,4,4,16,8.0,0.03,0.05,20.0,0.0,0.0,1e-06,0.3273866961271199,0.30454834732920155,0.29553444637392723,0.4095166351355153,0.0018392178804324392,0.30270912944876915,112,0.20237706736751218,0.8652436870729405,0.8651925324164028,0.8737462543390535
Higher dimension,62,320,10,0.7,0.12,144,208,320,diag,persistence,bures_transport,65,55,4,4,16,8.0,0.03,0.05,20.0,0.0,0.0,,0.37683646455676933,0.39303348252672893,,,0.0020260961111304224,0.39100738641559857,112,0.11113835845668033,1.0,1.0,1.0
Higher dimension,62,320,10,0.7,0.12,144,208,320,diag,euclidean_gaussian_ar,bures_transport,65,55,4,4,16,8.0,0.03,0.05,20.0,0.0,0.0,1e-06,0.3310155218111255,0.3475141544411379,0.3174704191778758,0.5168827242202284,0.0017001919265993515,0.34581396251453855,112,0.2529347326598386,0.8841846048510755,0.8844179791196469,0.8391467301374766
Higher dimension,62,320,10,0.7,0.12,144,208,320,diag,cholesky_gaussian_ar,bures_transport,65,55,4,4,16,8.0,0.03,0.05,20.0,0.0,0.0,1e-06,0.34098573369695534,0.3470639323267952,0.32295876777834664,0.521611679965747,0.0017001919265993515,0.34536374040019585,112,0.20020094064899868,0.8830390991006537,0.8832665376635918,0.8391467301374766
Higher dimension,62,320,10,0.7,0.12,144,208,320,diag,log_euclidean_gaussian_ar,bures_transport,65,55,4,4,16,8.0,0.03,0.05,20.0,0.0,0.0,1e-06,0.3357024604037895,0.34467247998399436,0.32125975533809337,0.5301279229345311,0.0017001919265993515,0.34297228805739494,112,0.1921062180616832,0.8769544970269914,0.8771504068029357,0.8391467301374766
Higher dimension,62,320,10,0.7,0.12,144,208,320,diag,bwar_barycenter,bures_transport,65,55,4,4,16,8.0,0.03,0.05,20.0,0.0,0.0,1e-06,0.32919756010951223,0.34058867979850327,0.31401740198971606,0.5106778373535532,0.001700191926599352,0.33888848787190395,112,0.21095573023898456,0.8665640331936375,0.8667061023540413,0.8391467301374769
Higher dimension,63,320,10,0.7,0.12,144,208,320,diag,persistence,bures_transport,65,55,4,4,16,8.0,0.03,0.05,20.0,0.0,0.0,,0.39888574633447316,0.42108041613855746,,,0.0022157619439641136,0.41886465419459334,112,0.08328647083132412,1.0,1.0,1.0
Higher dimension,63,320,10,0.7,0.12,144,208,320,diag,euclidean_gaussian_ar,bures_transport,65,55,4,4,16,8.0,0.03,0.05,20.0,0.0,0.0,0.0001,0.3491232475230661,0.36728876905571567,0.34387116831026593,0.5470721901221846,0.00195803665668534,0.3653307323990303,112,0.21596725835704056,0.8722532679716419,0.872192792446286,0.8836854798500197
Higher dimension,63,320,10,0.7,0.12,144,208,320,diag,cholesky_gaussian_ar,bures_transport,65,55,4,4,16,8.0,0.03,0.05,20.0,0.0,0.0,1e-06,0.3465598246146202,0.3769173945162522,0.3475370694208706,0.5604953268575673,0.0019177048207945546,0.37499968969545766,112,0.17046999841845958,0.8951197445198371,0.8952765193723957,0.8654832375014442
Higher dimension,63,320,10,0.7,0.12,144,208,320,diag,log_euclidean_gaussian_ar,bures_transport,65,55,4,4,16,8.0,0.03,0.05,20.0,0.0,0.0,1e-06,0.3446545609738697,0.3702688980418693,0.33602551676858317,0.5525919402245679,0.0019177048207945546,0.3683511932210748,112,0.1460141075659716,0.8793306072919608,0.8794038588177189,0.8654832375014442
Higher dimension,63,320,10,0.7,0.12,144,208,320,diag,bwar_barycenter,bures_transport,65,55,4,4,16,8.0,0.03,0.05,20.0,0.0,0.0,1e-06,0.3424406753596434,0.36336430570441003,0.3352304781716978,0.5291969548208482,0.0019177048207945548,0.3614466008836156,112,0.1661728383341874,0.8629332825225579,0.8629197934559958,0.8654832375014443
Higher dimension,64,320,10,0.7,0.12,144,208,320,diag,persistence,bures_transport,65,55,4,4,16,8.0,0.03,0.05,20.0,0.0,0.0,,0.38121123522527883,0.37692365827222274,,,0.001973016849189405,0.3749506414230334,112,0.1307906994724695,1.0,1.0,1.0
Higher dimension,64,320,10,0.7,0.12,144,208,320,diag,euclidean_gaussian_ar,bures_transport,65,55,4,4,16,8.0,0.03,0.05,20.0,0.0,0.0,1e-06,0.3374698653191289,0.33393479063520726,0.3119843016636741,0.48940522614718457,0.0016581694125476563,0.3322766212226596,112,0.23801486610960593,0.8859480780960479,0.8861876324883323,0.8404233411533708
Higher dimension,64,320,10,0.7,0.12,144,208,320,diag,cholesky_gaussian_ar,bures_transport,65,55,4,4,16,8.0,0.03,0.05,20.0,0.0,0.0,1e-06,0.3429696914691068,0.3411159721162934,0.32282957760467246,0.4860857662311616,0.0016581694125476563,0.3394578027037457,112,0.21226591478271223,0.9050001628444659,0.9053399706569821,0.8404233411533708
Higher dimension,64,320,10,0.7,0.12,144,208,320,diag,log_euclidean_gaussian_ar,bures_transport,65,55,4,4,16,8.0,0.03,0.05,20.0,0.0,0.0,1e-06,0.33678317824514853,0.3372178694924372,0.3161135013430495,0.47767424231175337,0.0016581694125476563,0.33555970007988956,112,0.2035724505084666,0.894658273874894,0.8949436619346878,0.8404233411533708
Higher dimension,64,320,10,0.7,0.12,144,208,320,diag,bwar_barycenter,bures_transport,65,55,4,4,16,8.0,0.03,0.05,20.0,0.0,0.0,1e-06,0.33077156354815995,0.32856756014934313,0.30495264005615613,0.47350321687786223,0.0016581694125476565,0.32690939073679554,112,0.22448277911354272,0.8717085089735711,0.8718731337439267,0.8404233411533709
Higher dimension,65,320,10,0.7,0.12,144,208,320,diag,persistence,bures_transport,65,55,4,4,16,8.0,0.03,0.05,20.0,0.0,0.0,,0.3760066473637642,0.3843539727515156,,,0.0021344366970216236,0.38221953605449394,112,0.10404881029521656,1.0,1.0,1.0
Higher dimension,65,320,10,0.7,0.12,144,208,320,diag,euclidean_gaussian_ar,bures_transport,65,55,4,4,16,8.0,0.03,0.05,20.0,0.0,0.0,1e-06,0.34325849639032513,0.3401011566579557,0.34275939658769405,0.4809564152372748,0.0019688615994033387,0.3381322950585524,112,0.22774782355856937,0.8848644238622991,0.884654663518675,0.9224267939876938
Higher dimension,65,320,10,0.7,0.12,144,208,320,diag,cholesky_gaussian_ar,bures_transport,65,55,4,4,16,8.0,0.03,0.05,20.0,0.0,0.0,1e-06,0.3410914146481929,0.3391421388221217,0.3308370003905432,0.48259851224416633,0.0019688615994033387,0.33717327722271834,112,0.20074699203284974,0.8823692816136876,0.8821455875940541,0.9224267939876938
Higher dimension,65,320,10,0.7,0.12,144,208,320,diag,log_euclidean_gaussian_ar,bures_transport,65,55,4,4,16,8.0,0.03,0.05,20.0,0.0,0.0,1e-06,0.33746071396518085,0.33354638385229535,0.3336125452527827,0.4777128633352557,0.0019688615994033387,0.33157752225289194,112,0.1851719988158444,0.8678104234607006,0.8675054280993585,0.9224267939876938
Higher dimension,65,320,10,0.7,0.12,144,208,320,diag,bwar_barycenter,bures_transport,65,55,4,4,16,8.0,0.03,0.05,20.0,0.0,0.0,1e-06,0.33272532435724106,0.33180612084713257,0.3321092777849587,0.46856754924061644,0.0019688615994033405,0.32983725924772916,112,0.20332692024372637,0.8632826622599913,0.8629523824253282,0.9224267939876946
Higher dimension,66,320,10,0.7,0.12,144,208,320,diag,persistence,bures_transport,65,55,4,4,16,8.0,0.03,0.05,20.0,0.0,0.0,,0.37067315543376533,0.3763992482037044,,,0.0022420086793484106,0.37415723952435603,112,0.11048187008560648,1.0,1.0,1.0
Higher dimension,66,320,10,0.7,0.12,144,208,320,diag,euclidean_gaussian_ar,bures_transport,65,55,4,4,16,8.0,0.03,0.05,20.0,0.0,0.0,1e-06,0.3354881374913147,0.32856209820437854,0.3138924411256848,0.4646043734114362,0.001951175184285054,0.3266109230200935,112,0.259419889933105,0.8729084868590472,0.8729242375085262,0.8702799423827918
Higher dimension,66,320,10,0.7,0.12,144,208,320,diag,cholesky_gaussian_ar,bures_transport,65,55,4,4,16,8.0,0.03,0.05,20.0,0.0,0.0,1e-06,0.3369485123008211,0.333643610657455,0.32189572773896064,0.4669457056561304,0.001951175184285054,0.33169243547316984,112,0.19862345028142653,0.8864088125832006,0.8865054592952172,0.8702799423827918
Higher dimension,66,320,10,0.7,0.12,144,208,320,diag,log_euclidean_gaussian_ar,bures_transport,65,55,4,4,16,8.0,0.03,0.05,20.0,0.0,0.0,1e-06,0.32729650051668796,0.3297900768067509,0.31499834083199446,0.4570387883396693,0.001951175184285054,0.3278389016224659,112,0.18961131937837242,0.8761709232433722,0.8762062229217537,0.8702799423827918
Higher dimension,66,320,10,0.7,0.12,144,208,320,diag,bwar_barycenter,bures_transport,65,55,4,4,16,8.0,0.03,0.05,20.0,0.0,0.0,1e-06,0.32453945341046164,0.32310721530323516,0.3111608601331991,0.45516503554292626,0.0019511751842850543,0.32115604011895016,112,0.22414934412875157,0.8584162079100965,0.8583451185582213,0.8702799423827919
Higher dimension,67,320,10,0.7,0.12,144,208,320,diag,persistence,bures_transport,65,55,4,4,16,8.0,0.03,0.05,20.0,0.0,0.0,,0.38934982682594765,0.38433663982110017,,,0.002090638914015459,0.38224600090708477,112,0.09981201486102348,1.0,1.0,1.0
Higher dimension,67,320,10,0.7,0.12,144,208,320,diag,euclidean_gaussian_ar,bures_transport,65,55,4,4,16,8.0,0.03,0.05,20.0,0.0,0.0,1e-06,0.3346173620824471,0.34655551689960734,0.3269229998037515,0.5088080931095257,0.0017238689601164804,0.3448316479394909,112,0.27718571270554393,0.901697837242166,0.9021197007194107,0.8245656141573826
Higher dimension,67,320,10,0.7,0.12,144,208,320,diag,cholesky_gaussian_ar,bures_transport,65,55,4,4,16,8.0,0.03,0.05,20.0,0.0,0.0,1e-06,0.36041771268388134,0.3554868706645976,0.32981111133817176,0.514392993602992,0.0017238689601164804,0.3537630017044811,112,0.21154600303173884,0.924936198719093,0.9254851610350079,0.8245656141573826
Higher dimension,67,320,10,0.7,0.12,144,208,320,diag,log_euclidean_gaussian_ar,bures_transport,65,55,4,4,16,8.0,0.03,0.05,20.0,0.0,0.0,1e-06,0.3429754006810978,0.34134621185608266,0.3141057375333651,0.5099972144869499,0.0017238689601164804,0.33962234289596616,112,0.18583823998281324,0.8881438210392104,0.8884915527959194,0.8245656141573826
Higher dimension,67,320,10,0.7,0.12,144,208,320,diag,bwar_barycenter,bures_transport,65,55,4,4,16,8.0,0.03,0.05,20.0,0.0,0.0,1e-06,0.3327326022162532,0.33649343216336464,0.30689225832203293,0.5129664692864331,0.0017238689601164797,0.33476956320324813,112,0.22061394848731541,0.8755174430415861,0.8757961166600221,0.8245656141573824
Higher dimension,68,320,10,0.7,0.12,144,208,320,diag,persistence,bures_transport,65,55,4,4,16,8.0,0.03,0.05,20.0,0.0,0.0,,0.3645919703060448,0.3998330123809702,,,0.00209868216905536,0.3977343302119149,112,0.09599113056468207,1.0,1.0,1.0
Higher dimension,68,320,10,0.7,0.12,144,208,320,diag,euclidean_gaussian_ar,bures_transport,65,55,4,4,16,8.0,0.03,0.05,20.0,0.0,0.0,1e-06,0.3333300297007658,0.35078195401372475,0.3456787594938652,0.48074250587676415,0.0017644673218315825,0.34901748669189303,112,0.23574990446469224,0.877321139454817,0.8775141097474154,0.8407501373234559
Higher dimension,68,320,10,0.7,0.12,144,208,320,diag,cholesky_gaussian_ar,bures_transport,65,55,4,4,16,8.0,0.03,0.05,20.0,0.0,0.0,1e-06,0.3321652092275018,0.3548428450025948,0.3517186698664412,0.5074273116517218,0.0017644673218315825,0.3530783776807632,112,0.1715047049548869,0.887477606937799,0.8877241687752758,0.8407501373234559
Higher dimension,68,320,10,0.7,0.12,144,208,320,diag,log_euclidean_gaussian_ar,bures_transport,65,55,4,4,16,8.0,0.03,0.05,20.0,0.0,0.0,1e-06,0.33091291643510556,0.35224585038497275,0.3457940503311331,0.5204274573023754,0.0017644673218315825,0.3504813830631412,112,0.16141632325378372,0.8809824088495842,0.8811946981705172,0.8407501373234559
Higher dimension,68,320,10,0.7,0.12,144,208,320,diag,bwar_barycenter,bures_transport,65,55,4,4,16,8.0,0.03,0.05,20.0,0.0,0.0,1e-06,0.3254312866449221,0.34596096808048554,0.33756516397072156,0.4868873557233223,0.001764467321831583,0.3441965007586539,112,0.18833576892066353,0.8652636409893185,0.8653929887703287,0.8407501373234562
Higher dimension,69,320,10,0.7,0.12,144,208,320,diag,persistence,bures_transport,65,55,4,4,16,8.0,0.03,0.05,20.0,0.0,0.0,,0.38761058600123804,0.3911195870648147,,,0.0022072488084079016,0.38891233825640675,112,0.08886409025673567,1.0,1.0,1.0
Higher dimension,69,320,10,0.7,0.12,144,208,320,diag,euclidean_gaussian_ar,bures_transport,65,55,4,4,16,8.0,0.03,0.05,20.0,0.0,0.0,1e-06,0.34484429677018363,0.3565936487563574,0.3511953954277957,0.5187294458087789,0.0020106815706836985,0.3545829671856738,112,0.26266702955215243,0.9117253662299051,0.9117297969392272,0.9109446850869577
Higher dimension,69,320,10,0.7,0.12,144,208,320,diag,cholesky_gaussian_ar,bures_transport,65,55,4,4,16,8.0,0.03,0.05,20.0,0.0,0.0,1e-06,0.34300816099817893,0.3621221632791539,0.34502647156110633,0.5220727553660928,0.0020106815706836985,0.3601114817084702,112,0.16622048268521666,0.9258604663518029,0.9259451199798439,0.9109446850869577
Higher dimension,69,320,10,0.7,0.12,144,208,320,diag,log_euclidean_gaussian_ar,bures_transport,65,55,4,4,16,8.0,0.03,0.05,20.0,0.0,0.0,1e-06,0.33730825857712793,0.35956393289381644,0.3461199233745747,0.5135343416897006,0.0020106815706836985,0.3575532513231327,112,0.14993904650071763,0.9193196781378045,0.9193672099119693,0.9109446850869577
Higher dimension,69,320,10,0.7,0.12,144,208,320,diag,bwar_barycenter,bures_transport,65,55,4,4,16,8.0,0.03,0.05,20.0,0.0,0.0,1e-06,0.3352034627912407,0.35130724129460816,0.34208878995741476,0.5079017098099686,0.002010681570683699,0.3492965597239244,112,0.17281706994058604,0.8982092764287742,0.8981369973755783,0.9109446850869579
Higher dimension,70,320,10,0.7,0.12,144,208,320,diag,persistence,bures_transport,65,55,4,4,16,8.0,0.03,0.05,20.0,0.0,0.0,,0.42111623391464276,0.39654820992452605,,,0.002352020512444278,0.39419618941208184,112,0.12602399366199543,1.0,1.0,1.0
Higher dimension,70,320,10,0.7,0.12,144,208,320,diag,euclidean_gaussian_ar,bures_transport,65,55,4,4,16,8.0,0.03,0.05,20.0,0.0,0.0,0.0001,0.3803532149317512,0.35251165783251015,0.3297502879173713,0.5239125692758511,0.0021574278398954426,0.3503542299926147,112,0.22119122971357277,0.8889503193056973,0.8887813718218468,0.9172657417232261
Higher dimension,70,320,10,0.7,0.12,144,208,320,diag,cholesky_gaussian_ar,bures_transport,65,55,4,4,16,8.0,0.03,0.05,20.0,0.0,0.0,1e-06,0.37832328890483524,0.3434387818098928,0.32351339404519874,0.5112660389069916,0.002091184754408458,0.3413475970554844,112,0.19575774298532203,0.8660706900562193,0.8659332744047635,0.8891014101893384
Higher dimension,70,320,10,0.7,0.12,144,208,320,diag,log_euclidean_gaussian_ar,bures_transport,65,55,4,4,16,8.0,0.03,0.05,20.0,0.0,0.0,1e-06,0.3749052159681363,0.34279323303000836,0.3221053788243233,0.5030064285275966,0.002091184754408458,0.34070204827559986,112,0.1866841878146431,0.8644427700108677,0.8642956411723182,0.8891014101893384
Higher dimension,70,320,10,0.7,0.12,144,208,320,diag,bwar_barycenter,bures_transport,65,55,4,4,16,8.0,0.03,0.05,20.0,0.0,0.0,1e-06,0.3711668012655922,0.34215258894365025,0.31724486007733443,0.5159783582123304,0.002091184754408458,0.3400614041892417,112,0.20480785108764551,0.8628272184327127,0.8626704502050649,0.8891014101893384
Higher dimension,71,320,10,0.7,0.12,144,208,320,diag,persistence,bures_transport,65,55,4,4,16,8.0,0.03,0.05,20.0,0.0,0.0,,0.4524008485033198,0.42677610556262896,,,0.0021095733457302,0.4246665322168987,112,0.11404827948111877,1.0,1.0,1.0
Higher dimension,71,320,10,0.7,0.12,144,208,320,diag,euclidean_gaussian_ar,bures_transport,65,55,4,4,16,8.0,0.03,0.05,20.0,0.0,0.0,1e-06,0.40184539205132525,0.3707926314429532,0.3450155682658777,0.5483273681150717,0.0018058569341359457,0.3689867745088174,112,0.25680821209435295,0.8688223792522981,0.8688859293492833,0.8560294610239649
Higher dimension,71,320,10,0.7,0.12,144,208,320,diag,cholesky_gaussian_ar,bures_transport,65,55,4,4,16,8.0,0.03,0.05,20.0,0.0,0.0,1e-06,0.4181935960875981,0.3748625328089789,0.34377515663812896,0.5688417195021891,0.0018058569341359457,0.373056675874843,112,0.20088442407022664,0.8783587645207757,0.8784696875625321,0.8560294610239649
Higher dimension,71,320,10,0.7,0.12,144,208,320,diag,log_euclidean_gaussian_ar,bures_transport,65,55,4,4,16,8.0,0.03,0.05,20.0,0.0,0.0,1e-06,0.40415704146054926,0.36461421490707313,0.3331638326080055,0.5508319663727732,0.0018058569341359457,0.36280835797293726,112,0.1854719123751271,0.8543454287966606,0.8543370631986432,0.8560294610239649
Higher dimension,71,320,10,0.7,0.12,144,208,320,diag,bwar_barycenter,bures_transport,65,55,4,4,16,8.0,0.03,0.05,20.0,0.0,0.0,1e-06,0.3961843733950179,0.36263026562233297,0.33332238299989636,0.5546135183453574,0.001805856934135946,0.3608244086881971,112,0.20316903311111975,0.8496967400371888,0.8496652816142003,0.856029461023965
Higher dimension,72,320,10,0.7,0.12,144,208,320,diag,persistence,bures_transport,65,55,4,4,16,8.0,0.03,0.05,20.0,0.0,0.0,,0.3507277088526398,0.34962024993532953,,,0.002238535144425826,0.34738171479090374,112,0.05301623714322742,1.0,1.0,1.0
Higher dimension,72,320,10,0.7,0.12,144,208,320,diag,euclidean_gaussian_ar,bures_transport,65,55,4,4,16,8.0,0.03,0.05,20.0,0.0,0.0,1e-06,0.32015798262685446,0.31565154885867014,0.2977438605589893,0.469695902678452,0.0019280446286669055,0.31372350423000317,112,0.21908724534940888,0.9028411509832662,0.9031088594252574,0.8612974576110307
Higher dimension,72,320,10,0.7,0.12,144,208,320,diag,cholesky_gaussian_ar,bures_transport,65,55,4,4,16,8.0,0.03,0.05,20.0,0.0,0.0,1e-06,0.3231261608611474,0.31465015281827796,0.29853908439236215,0.4684096489026418,0.0019280446286669055,0.31272210818961105,112,0.11542962611315676,0.8999769117391796,0.9002261629626792,0.8612974576110307
Higher dimension,72,320,10,0.7,0.12,144,208,320,diag,log_euclidean_gaussian_ar,bures_transport,65,55,4,4,16,8.0,0.03,0.05,20.0,0.0,0.0,1e-06,0.3162444221369351,0.31285250734549513,0.29265086747209457,0.4699765548299292,0.0019280446286669055,0.3109244627168282,112,0.1097548558821052,0.8948352030620782,0.8950513210057129,0.8612974576110307
Higher dimension,72,320,10,0.7,0.12,144,208,320,diag,bwar_barycenter,bures_transport,65,55,4,4,16,8.0,0.03,0.05,20.0,0.0,0.0,1e-06,0.31218287993914345,0.3086857878208099,0.28917313972883263,0.4660827539885471,0.0019280446286669053,0.306757743192143,112,0.1395698290933076,0.8829173592716915,0.8830566783769458,0.8612974576110306
Higher dimension,73,320,10,0.7,0.12,144,208,320,diag,persistence,bures_transport,65,55,4,4,16,8.0,0.03,0.05,20.0,0.0,0.0,,0.3883113094934971,0.37312581615488544,,,0.0021515743119832,0.37097424184290223,112,0.11049054650956071,1.0,1.0,1.0
Higher dimension,73,320,10,0.7,0.12,144,208,320,diag,euclidean_gaussian_ar,bures_transport,65,55,4,4,16,8.0,0.03,0.05,20.0,0.0,0.0,0.0001,0.34034672011949874,0.31959980945844674,0.3031655053724387,0.45795922210058354,0.0018426683510525265,0.3177571411073942,112,0.23074326793669178,0.8565470295032603,0.8565477202106014,0.8564279378080409
Higher dimension,73,320,10,0.7,0.12,144,208,320,diag,cholesky_gaussian_ar,bures_transport,65,55,4,4,16,8.0,0.03,0.05,20.0,0.0,0.0,1e-06,0.3463314429392111,0.32199770412950013,0.2992873137821318,0.46839859260257055,0.0018271546541047243,0.32017054947539536,112,0.17212517020012214,0.8629735338276301,0.8630533157366196,0.8492175445339631
Higher dimension,73,320,10,0.7,0.12,144,208,320,diag,log_euclidean_gaussian_ar,bures_transport,65,55,4,4,16,8.0,0.03,0.05,20.0,0.0,0.0,1e-06,0.34001719638755235,0.31756575558199,0.2954284187537869,0.4575450628945979,0.0018271546541047243,0.3157386009278853,112,0.1665583763717666,0.8510956407534334,0.8511065333252766,0.8492175445339631
Higher dimension,73,320,10,0.7,0.12,144,208,320,diag,bwar_barycenter,bures_transport,65,55,4,4,16,8.0,0.03,0.05,20.0,0.0,0.0,1e-06,0.3348913824088644,0.3145047139127419,0.28900501199798323,0.4525190287410982,0.0018271546541047243,0.3126775592586371,112,0.18100992760030826,0.842891861929463,0.8428551742712309,0.8492175445339631
Higher dimension,74,320,10,0.7,0.12,144,208,320,diag,persistence,bures_transport,65,55,4,4,16,8.0,0.03,0.05,20.0,0.0,0.0,,0.3935882118993883,0.3436906040879881,,,0.0022086215618024757,0.34148198252618567,112,0.14213475285630794,1.0,1.0,1.0
Higher dimension,74,320,10,0.7,0.12,144,208,320,diag,euclidean_gaussian_ar,bures_transport,65,55,4,4,16,8.0,0.03,0.05,20.0,0.0,0.0,1e-06,0.3426649751576852,0.30874565094602524,0.2818203690733002,0.4710302547217739,0.0018543818507968904,0.30689126909522846,112,0.23711836578648265,0.8983243861591962,0.8987041331578755,0.8396104986331443
Higher dimension,74,320,10,0.7,0.12,144,208,320,diag,cholesky_gaussian_ar,bures_transport,65,55,4,4,16,8.0,0.03,0.05,20.0,0.0,0.0,1e-06,0.3430312750290948,0.3085343101893748,0.29230374887685406,0.4740159232008594,0.0018543818507968904,0.3066799283385779,112,0.2029212869431796,0.8977094704351797,0.8980852403100387,0.8396104986331443
Higher dimension,74,320,10,0.7,0.12,144,208,320,diag,log_euclidean_gaussian_ar,bures_transport,65,55,4,4,16,8.0,0.03,0.05,20.0,0.0,0.0,1e-06,0.34158532860072977,0.3050313982843566,0.2863732800692983,0.46091922336130736,0.0018543818507968904,0.3031770164335597,112,0.2079955131787758,0.8875174201918701,0.8878272703899139,0.8396104986331443
Higher dimension,74,320,10,0.7,0.12,144,208,320,diag,bwar_barycenter,bures_transport,65,55,4,4,16,8.0,0.03,0.05,20.0,0.0,0.0,1e-06,0.33742782344990513,0.3018515756768106,0.283616668580131,0.4611601380285646,0.0018543818507968904,0.2999971938260137,112,0.2215189998024844,0.8782654285176026,0.8785154391066861,0.8396104986331443
Higher dimension,75,320,10,0.7,0.12,144,208,320,diag,persistence,bures_transport,65,55,4,4,16,8.0,0.03,0.05,20.0,0.0,0.0,,0.370387345121309,0.377480230703837,,,0.0022662607197815317,0.3752139699840555,112,0.09112658208004153,1.0,1.0,1.0
Higher dimension,75,320,10,0.7,0.12,144,208,320,diag,euclidean_gaussian_ar,bures_transport,65,55,4,4,16,8.0,0.03,0.05,20.0,0.0,0.0,1e-06,0.3330763862904277,0.3415308372648755,0.3364347811514362,0.478132041311506,0.0018965751712329525,0.33963426209364256,112,0.23503188367072045,0.9047648313345271,0.9051748849012076,0.8368742195804298
Higher dimension,75,320,10,0.7,0.12,144,208,320,diag,cholesky_gaussian_ar,bures_transport,65,55,4,4,16,8.0,0.03,0.05,20.0,0.0,0.0,1e-06,0.33170384795422764,0.3446941725446569,0.32441393136533353,0.47137369045070326,0.0018965751712329525,0.3427975973734239,112,0.19175292227827834,0.9131449662991666,0.913605635173954,0.8368742195804298
Higher dimension,75,320,10,0.7,0.12,144,208,320,diag,log_euclidean_gaussian_ar,bures_transport,65,55,4,4,16,8.0,0.03,0.05,20.0,0.0,0.0,1e-06,0.3281426234279361,0.3348383384309065,0.31882886576769687,0.4578289586716423,0.0018965751712329525,0.33294176325967356,112,0.16662751541505846,0.8870354291311577,0.8873383986044596,0.8368742195804298
Higher dimension,75,320,10,0.7,0.12,144,208,320,diag,bwar_barycenter,bures_transport,65,55,4,4,16,8.0,0.03,0.05,20.0,0.0,0.0,1e-06,0.3252357917988385,0.33154334427148474,0.3267714366268629,0.4533599933634146,0.001896575171232952,0.3296467691002518,112,0.20554686562356525,0.8783065106569955,0.8785567581992215,0.8368742195804296
Higher dimension,76,320,10,0.7,0.12,144,208,320,diag,persistence,bures_transport,65,55,4,4,16,8.0,0.03,0.05,20.0,0.0,0.003125,,0.383637864764891,0.3802541230251237,,,0.0021828509802012657,0.37807127204492236,112,0.0692513274964432,1.0,1.0,1.0
Higher dimension,76,320,10,0.7,0.12,144,208,320,diag,euclidean_gaussian_ar,bures_transport,65,55,4,4,16,8.0,0.03,0.05,20.0,0.0,0.003125,1e-06,0.3442942924478961,0.33859381044537024,0.33221268716101626,0.48821035571801796,0.0018412066888103035,0.33675260375656,112,0.21275428247891134,0.8904408655760955,0.8907119600363266,0.8434871209763198
Higher dimension,76,320,10,0.7,0.12,144,208,320,diag,cholesky_gaussian_ar,bures_transport,65,55,4,4,16,8.0,0.03,0.05,20.0,0.0,0.003125,1e-06,0.3535562252720385,0.3433821321290514,0.3312843845576657,0.5088567695269163,0.0018412066888103035,0.3415409254402411,112,0.13916587807260383,0.9030332909930443,0.9033770897029682,0.8434871209763198
Higher dimension,76,320,10,0.7,0.12,144,208,320,diag,log_euclidean_gaussian_ar,bures_transport,65,55,4,4,16,8.0,0.03,0.05,20.0,0.0,0.003125,1e-06,0.34590079340713914,0.33268947715546193,0.320506682068455,0.4792042438483102,0.0018412066888103035,0.3308482704666516,112,0.13196906218681145,0.8749135302169515,0.8750949752864066,0.8434871209763198
Higher dimension,76,320,10,0.7,0.12,144,208,320,diag,bwar_barycenter,bures_transport,65,55,4,4,16,8.0,0.03,0.05,20.0,0.0,0.003125,1e-06,0.3386934730589688,0.33036391427095574,0.3219314030594558,0.4794240439364775,0.0018412066888103035,0.3285227075821454,112,0.15621670422745784,0.8687977178070686,0.8689438523197562,0.8434871209763198
Higher dimension,77,320,10,0.7,0.12,144,208,320,diag,persistence,bures_transport,65,55,4,4,16,8.0,0.03,0.05,20.0,0.0,0.0,,0.3579313107859214,0.38760348996546556,,,0.0022662525542667352,0.38533723741119885,112,0.13368426063006356,1.0,1.0,1.0
Higher dimension,77,320,10,0.7,0.12,144,208,320,diag,euclidean_gaussian_ar,bures_transport,65,55,4,4,16,8.0,0.03,0.05,20.0,0.0,0.0,1e-06,0.3256780477889537,0.33078429554511773,0.3320143344621873,0.45815370285325274,0.0019491621582681852,0.3288351333868496,112,0.23724691609604479,0.8534089710456161,0.8533697277638002,0.8600816156162492
Higher dimension,77,320,10,0.7,0.12,144,208,320,diag,cholesky_gaussian_ar,bures_transport,65,55,4,4,16,8.0,0.03,0.05,20.0,0.0,0.0,1e-06,0.33359490907794265,0.3415087915839504,0.3387962632940646,0.4580572093183815,0.0019491621582681852,0.33955962942568224,112,0.19662346387563107,0.881077700343663,0.8812011829091236,0.8600816156162492
Higher dimension,77,320,10,0.7,0.12,144,208,320,diag,log_euclidean_gaussian_ar,bures_transport,65,55,4,4,16,8.0,0.03,0.05,20.0,0.0,0.0,1e-06,0.3251234893497487,0.3308851852770042,0.3326833578002898,0.45397837139745734,0.0019491621582681852,0.32893602311873604,112,0.18444761989770916,0.8536692621278648,0.8536315496748209,0.8600816156162492
Higher dimension,77,320,10,0.7,0.12,144,208,320,diag,bwar_barycenter,bures_transport,65,55,4,4,16,8.0,0.03,0.05,20.0,0.0,0.0,1e-06,0.32058001356513605,0.3267928676043658,0.3295904765090901,0.4574050878058294,0.0019491621582681847,0.32484370544609764,112,0.19974311137937623,0.8431112620618617,0.8430114557017294,0.8600816156162491
Higher dimension,78,320,10,0.7,0.12,144,208,320,diag,persistence,bures_transport,65,55,4,4,16,8.0,0.03,0.05,20.0,0.0,0.0,,0.38587262831040914,0.38684868224186786,,,0.0021436476504975975,0.3847050345913702,112,0.11773591661859142,1.0,1.0,1.0
Higher dimension,78,320,10,0.7,0.12,144,208,320,diag,euclidean_gaussian_ar,bures_transport,65,55,4,4,16,8.0,0.03,0.05,20.0,0.0,0.0,1e-06,0.343141995287108,0.3325431899803259,0.3180835869770368,0.4980177557878897,0.0018217098267405572,0.3307214801535853,112,0.22512884899521593,0.8596208420645757,0.8596754666984651,0.849817751680268
Higher dimension,78,320,10,0.7,0.12,144,208,320,diag,cholesky_gaussian_ar,bures_transport,65,55,4,4,16,8.0,0.03,0.05,20.0,0.0,0.0,1e-06,0.3483918627192851,0.33948870277248105,0.3296890991493718,0.5162118942844603,0.0018217098267405572,0.3376669929457406,112,0.19314347021149322,0.8775749236240745,0.8777295917231941,0.849817751680268
Higher dimension,78,320,10,0.7,0.12,144,208,320,diag,log_euclidean_gaussian_ar,bures_transport,65,55,4,4,16,8.0,0.03,0.05,20.0,0.0,0.0,1e-06,0.3387843081695563,0.33586552557274424,0.32644034247960857,0.5139694550278556,0.0018217098267405572,0.3340438157460038,112,0.18059587463151058,0.8682090465613952,0.868311526260169,0.849817751680268
Higher dimension,78,320,10,0.7,0.12,144,208,320,diag,bwar_barycenter,bures_transport,65,55,4,4,16,8.0,0.03,0.05,20.0,0.0,0.0,1e-06,0.3340117808662128,0.3285432606594779,0.31798786299984566,0.5010184398377112,0.0018217098267405572,0.3267215508327374,112,0.19834856717366628,0.8492810645121033,0.8492780739918773,0.849817751680268
Higher dimension,79,320,10,0.7,0.12,144,208,320,diag,persistence,bures_transport,65,55,4,4,16,8.0,0.03,0.05,20.0,0.0,0.0,,0.41098863636558336,0.39611206260667287,,,0.0023703218431947496,0.3937417407634781,112,0.10879109858261184,1.0,1.0,1.0
Higher dimension,79,320,10,0.7,0.12,144,208,320,diag,euclidean_gaussian_ar,bures_transport,65,55,4,4,16,8.0,0.03,0.05,20.0,0.0,0.0,1e-06,0.35814163920325415,0.3519228131252396,0.3324364849430571,0.5101300057321784,0.001972612341536854,0.3499502007837027,112,0.22215722103863866,0.8884425553954618,0.8887810576169491,0.8322128689824425
Higher dimension,79,320,10,0.7,0.12,144,208,320,diag,cholesky_gaussian_ar,bures_transport,65,55,4,4,16,8.0,0.03,0.05,20.0,0.0,0.0,1e-06,0.3633059970508189,0.35790814115116076,0.34181694301552334,0.5067166696771697,0.001972612341536854,0.3559355288096239,112,0.20511485538809857,0.9035527441297656,0.9039822095555663,0.8322128689824425
Higher dimension,79,320,10,0.7,0.12,144,208,320,diag,log_euclidean_gaussian_ar,bures_transport,65,55,4,4,16,8.0,0.03,0.05,20.0,0.0,0.0,1e-06,0.3613229892435474,0.35677361846804084,0.34143795644764385,0.5187461478780324,0.001972612341536854,0.354801006126504,112,0.19188955524152804,0.9006885983735015,0.901100821666845,0.8322128689824425
Higher dimension,79,320,10,0.7,0.12,144,208,320,diag,bwar_barycenter,bures_transport,65,55,4,4,16,8.0,0.03,0.05,20.0,0.0,0.0,1e-06,0.35452093578371446,0.3474975684927979,0.3281432008382623,0.5061247066524986,0.001972612341536854,0.345524956151261,112,0.20237165341590319,0.8772708566511198,0.8775421053436621,0.8322128689824425
Weaker dynamics,0,320,8,0.5,0.15,144,208,320,diag,persistence,bures_transport,44,36,3,3,10,8.0,0.03,0.05,20.0,0.0,0.0,,0.720388870924788,0.6493712938516791,,,0.002729167944706259,0.6466421259069728,112,0.055182622752057445,1.0,1.0,1.0
Weaker dynamics,0,320,8,0.5,0.15,144,208,320,diag,euclidean_gaussian_ar,bures_transport,44,36,3,3,10,8.0,0.03,0.05,20.0,0.0,0.0,1e-06,0.5456359030501351,0.5043171497030736,0.4680270723038619,0.7937993388839409,0.001993701814810885,0.5023234478882628,112,0.2220963947121206,0.7766237197085942,0.7768183169070677,0.7305163534102214
Weaker dynamics,0,320,8,0.5,0.15,144,208,320,diag,cholesky_gaussian_ar,bures_transport,44,36,3,3,10,8.0,0.03,0.05,20.0,0.0,0.0,1e-06,0.5502644113117938,0.5095170650366674,0.47504394025579927,0.7689445081987359,0.001993701814810885,0.5075233632218564,112,0.17391748394007045,0.7846313347399748,0.78485972826161,0.7305163534102214
Weaker dynamics,0,320,8,0.5,0.15,144,208,320,diag,log_euclidean_gaussian_ar,bures_transport,44,36,3,3,10,8.0,0.03,0.05,20.0,0.0,0.0,1e-06,0.5492311584265814,0.508572261712844,0.4795916750740952,0.7801450844511545,0.001993701814810885,0.5065785598980331,112,0.16584892382056315,0.7831763838778579,0.7833986367459619,0.7305163534102214
Weaker dynamics,0,320,8,0.5,0.15,144,208,320,diag,bwar_barycenter,bures_transport,44,36,3,3,10,8.0,0.03,0.05,20.0,0.0,0.0,1e-06,0.5324667444686325,0.49304633918178087,0.4609670360231829,0.7604453157220358,0.0019937018148108846,0.49105263736696997,112,0.203359717393792,0.7592672233127633,0.7593885670195476,0.7305163534102211
Weaker dynamics,1,320,8,0.5,0.15,144,208,320,diag,persistence,bures_transport,44,36,3,3,10,8.0,0.03,0.05,20.0,0.0,0.0,,0.639931245008857,0.6950576631771218,,,0.002642556801152232,0.6924151063759696,112,0.0785080689341025,1.0,1.0,1.0
Weaker dynamics,1,320,8,0.5,0.15,144,208,320,diag,euclidean_gaussian_ar,bures_transport,44,36,3,3,10,8.0,0.03,0.05,20.0,0.0,0.0,0.0001,0.4861359727102206,0.5261300794655638,0.5114636426900907,0.7888143675608353,0.002068945512889841,0.5240611339526738,112,0.29310376048432213,0.7569588932529903,0.7568597639291215,0.7829332228498248
Weaker dynamics,1,320,8,0.5,0.15,144,208,320,diag,cholesky_gaussian_ar,bures_transport,44,36,3,3,10,8.0,0.03,0.05,20.0,0.0,0.0,1e-06,0.505320710736374,0.5433432899727821,0.5293743926604992,0.8248301257731014,0.0020502763375261214,0.541293013635256,112,0.2497405887687403,0.7817240478856813,0.7817463955521258,0.775868407684611
Weaker dynamics,1,320,8,0.5,0.15,144,208,320,diag,log_euclidean_gaussian_ar,bures_transport,44,36,3,3,10,8.0,0.03,0.05,20.0,0.0,0.0,1e-06,0.4945577009243017,0.5377858028022696,0.5116096930637044,0.8183159897732695,0.0020502763375261214,0.5357355264647435,112,0.23069565817507362,0.7737283268614585,0.7737201593834787,0.775868407684611
Weaker dynamics,1,320,8,0.5,0.15,144,208,320,diag,bwar_barycenter,bures_transport,44,36,3,3,10,8.0,0.03,0.05,20.0,0.0,0.0,1e-06,0.47850569314770375,0.5194317365268227,0.4917620968408192,0.7888879439469568,0.002050276337526121,0.5173814601892965,112,0.24754447293817483,0.7473217893210333,0.7472128430259395,0.7758684076846107
Weaker dynamics,2,320,8,0.5,0.15,144,208,320,diag,persistence,bures_transport,44,36,3,3,10,8.0,0.03,0.05,20.0,0.0,0.0,,0.6262360066503452,0.6081482715807622,,,0.00271263788953644,0.6054356336912259,112,0.0900522017955473,1.0,1.0,1.0
Weaker dynamics,2,320,8,0.5,0.15,144,208,320,diag,euclidean_gaussian_ar,bures_transport,44,36,3,3,10,8.0,0.03,0.05,20.0,0.0,0.0,1e-06,0.4836133154407905,0.47799782602394814,0.44133622420153085,0.715932305714241,0.0019202573444845323,0.4760775686794636,112,0.2581973829089213,0.7859889575637311,0.7863388644254539,0.707892989289729
Weaker dynamics,2,320,8,0.5,0.15,144,208,320,diag,cholesky_gaussian_ar,bures_transport,44,36,3,3,10,8.0,0.03,0.05,20.0,0.0,0.0,1e-06,0.49141486644574167,0.48164475105032245,0.4530280127262764,0.7173687370412617,0.0019202573444845323,0.47972449370583775,112,0.23640436002809775,0.7919857270964222,0.7923625023209301,0.707892989289729
Weaker dynamics,2,320,8,0.5,0.15,144,208,320,diag,log_euclidean_gaussian_ar,bures_transport,44,36,3,3,10,8.0,0.03,0.05,20.0,0.0,0.0,1e-06,0.4832507308939495,0.4779678595941365,0.4508893692837889,0.7210938003090595,0.0019202573444845323,0.4760476022496521,112,0.22408824426076737,0.7859396826891454,0.786289368776133,0.707892989289729
Weaker dynamics,2,320,8,0.5,0.15,144,208,320,diag,bwar_barycenter,bures_transport,44,36,3,3,10,8.0,0.03,0.05,20.0,0.0,0.0,0.0001,0.4717182689201188,0.4662152986047406,0.430667592556722,0.7062213864828212,0.0019259958464285752,0.4642893027583121,112,0.24592103600423124,0.7666145254230605,0.7668681473662667,0.7100084585037285
Weaker dynamics,3,320,8,0.5,0.15,144,208,320,diag,persistence,bures_transport,44,36,3,3,10,8.0,0.03,0.05,20.0,0.0,0.0,,0.5974149679177195,0.5623739248887414,,,0.002838057525383804,0.5595358673633575,112,0.0797304894559629,1.0,1.0,1.0
Weaker dynamics,3,320,8,0.5,0.15,144,208,320,diag,euclidean_gaussian_ar,bures_transport,44,36,3,3,10,8.0,0.03,0.05,20.0,0.0,0.0,1e-06,0.5130819176558797,0.4537735842975919,0.43273570915819304,0.7317941198876048,0.0021311664971573057,0.4516424178004345,112,0.29814675940332386,0.806889445287431,0.8071733094227935,0.7509243481134505
Weaker dynamics,3,320,8,0.5,0.15,144,208,320,diag,cholesky_gaussian_ar,bures_transport,44,36,3,3,10,8.0,0.03,0.05,20.0,0.0,0.0,1e-06,0.5091618776931941,0.49383916961329666,0.45680588098667807,0.7644404001705731,0.0021311664971573057,0.4917080031161394,112,0.24708101969336815,0.8781331206118714,0.8787783443323548,0.7509243481134505
Weaker dynamics,3,320,8,0.5,0.15,144,208,320,diag,log_euclidean_gaussian_ar,bures_transport,44,36,3,3,10,8.0,0.03,0.05,20.0,0.0,0.0,0.0001,0.4818325423463773,0.446734868010991,0.4143775983219189,0.6969576635815159,0.00214466478329586,0.4445902032276951,112,0.20576999135483504,0.7943733666161209,0.7945696230747301,0.755680518845659
Weaker dynamics,3,320,8,0.5,0.15,144,208,320,diag,bwar_barycenter,bures_transport,44,36,3,3,10,8.0,0.03,0.05,20.0,0.0,0.0,1e-06,0.4863570085326582,0.4358942199367625,0.41082418718908764,0.7052362937489642,0.0021311664971573057,0.43376305343960514,112,0.24002199231600332,0.7750967828442591,0.7752193893906776,0.7509243481134505
Weaker dynamics,4,320,8,0.5,0.15,144,208,320,diag,persistence,bures_transport,44,36,3,3,10,8.0,0.03,0.05,20.0,0.0,0.009375,,0.613585744530338,0.7098414357316601,,,0.002606063667663316,0.7072353720639966,112,0.04999999999999975,1.0,1.0,1.0
Weaker dynamics,4,320,8,0.5,0.15,144,208,320,diag,euclidean_gaussian_ar,bures_transport,44,36,3,3,10,8.0,0.03,0.05,20.0,0.0,0.009375,0.0001,0.4692060804655408,0.5456475170972758,0.5314080468978842,0.8023227494618417,0.0019779646622431826,0.5436695524350325,112,0.23369944945843457,0.7686893010618019,0.7687250580360349,0.75898554850607
Weaker dynamics,4,320,8,0.5,0.15,144,208,320,diag,cholesky_gaussian_ar,bures_transport,44,36,3,3,10,8.0,0.03,0.05,20.0,0.0,0.009375,1e-06,0.4713811505367457,0.5577133389565309,0.5423072959986357,0.8328831833443089,0.0019602624288269093,0.5557530765277038,112,0.21192868023494257,0.7856872124993307,0.7858106345922622,0.7521928390124659
Weaker dynamics,4,320,8,0.5,0.15,144,208,320,diag,log_euclidean_gaussian_ar,bures_transport,44,36,3,3,10,8.0,0.03,0.05,20.0,0.0,0.009375,1e-06,0.46808285230425517,0.5525537018023127,0.5383664576995342,0.8352821999467916,0.0019602624288269093,0.5505934393734858,112,0.18504566439891168,0.778418494593479,0.7785151324751097,0.7521928390124659
Weaker dynamics,4,320,8,0.5,0.15,144,208,320,diag,bwar_barycenter,bures_transport,44,36,3,3,10,8.0,0.03,0.05,20.0,0.0,0.009375,1e-06,0.45698456974587576,0.5346686836136975,0.5255577105998277,0.7815344767842112,0.001960262428826909,0.5327084211848706,112,0.21597136131929442,0.7532227011552156,0.7532264960535185,0.7521928390124657
Weaker dynamics,5,320,8,0.5,0.15,144,208,320,diag,persistence,bures_transport,44,36,3,3,10,8.0,0.03,0.05,20.0,0.0,0.009375,,0.5886448030038466,0.5846744610370547,,,0.0027364297947450205,0.5819380312423098,112,0.049999999999998726,1.0,1.0,1.0
Weaker dynamics,5,320,8,0.5,0.15,144,208,320,diag,euclidean_gaussian_ar,bures_transport,44,36,3,3,10,8.0,0.03,0.05,20.0,0.0,0.009375,0.0001,0.4653373157407508,0.46741547532128547,0.41746612001836825,0.7345703767397468,0.002019148428930829,0.4653963268923546,112,0.2410725396223031,0.7994456855396361,0.7997351984348501,0.737876934686341
Weaker dynamics,5,320,8,0.5,0.15,144,208,320,diag,cholesky_gaussian_ar,bures_transport,44,36,3,3,10,8.0,0.03,0.05,20.0,0.0,0.009375,1e-06,0.48440723410390485,0.48420430323334973,0.44268061857635865,0.7522648949060111,0.0020302502095490512,0.4821740530238006,112,0.1796220953697385,0.8281605158099467,0.8285659763368016,0.7419339657271307
Weaker dynamics,5,320,8,0.5,0.15,144,208,320,diag,log_euclidean_gaussian_ar,bures_transport,44,36,3,3,10,8.0,0.03,0.05,20.0,0.0,0.009375,1e-06,0.46828855496419985,0.460312650190299,0.4112066861455837,0.7235887739960898,0.0020302502095490512,0.45828239998075,112,0.15569480179671125,0.787297343848111,0.7875106547039343,0.7419339657271307
Weaker dynamics,5,320,8,0.5,0.15,144,208,320,diag,bwar_barycenter,bures_transport,44,36,3,3,10,8.0,0.03,0.05,20.0,0.0,0.009375,1e-06,0.4510329750887009,0.4512980094769752,0.40943493478266113,0.7089839556782452,0.0020302502095490517,0.4492677592674261,112,0.18442690176319815,0.7718791217192801,0.7720199319304466,0.7419339657271308
Weaker dynamics,6,320,8,0.5,0.15,144,208,320,diag,persistence,bures_transport,44,36,3,3,10,8.0,0.03,0.05,20.0,0.0,0.00625,,0.6056423303840941,0.5794877588828661,,,0.002808393406214109,0.576679365476652,112,0.05000000000000042,1.0,1.0,1.0
Weaker dynamics,6,320,8,0.5,0.15,144,208,320,diag,euclidean_gaussian_ar,bures_transport,44,36,3,3,10,8.0,0.03,0.05,20.0,0.0,0.00625,0.0001,0.48676895758968286,0.47092756866907354,0.4399064141762268,0.7380900328485432,0.0020789975185970767,0.46884857115047635,112,0.31161488985994396,0.8126618059662306,0.8130143008722905,0.7402800170363938
Weaker dynamics,6,320,8,0.5,0.15,144,208,320,diag,cholesky_gaussian_ar,bures_transport,44,36,3,3,10,8.0,0.03,0.05,20.0,0.0,0.00625,1e-06,0.5223166129118817,0.4906296986025579,0.47009233906533543,0.7628832076947548,0.0020748941390537584,0.48855480446350413,112,0.22095308438383982,0.846661022742554,0.8471862072950904,0.738818904239932
Weaker dynamics,6,320,8,0.5,0.15,144,208,320,diag,log_euclidean_gaussian_ar,bures_transport,44,36,3,3,10,8.0,0.03,0.05,20.0,0.0,0.00625,0.0001,0.4851272981951491,0.47041958454730903,0.4499451977624025,0.7445933356671894,0.0020789975185970767,0.468340587028712,112,0.18722857595120393,0.8117851970750544,0.8121334229491756,0.7402800170363938
Weaker dynamics,6,320,8,0.5,0.15,144,208,320,diag,bwar_barycenter,bures_transport,44,36,3,3,10,8.0,0.03,0.05,20.0,0.0,0.00625,1e-06,0.47505982307243566,0.4593219014558774,0.42305243349744137,0.7148007650801137,0.002074894139053758,0.45724700731682366,112,0.2277440009128066,0.7926343471712951,0.7928964251025142,0.7388189042399319
Weaker dynamics,7,320,8,0.5,0.15,144,208,320,diag,persistence,bures_transport,44,36,3,3,10,8.0,0.03,0.05,20.0,0.0,0.003125,,0.6739772175395257,0.6626593678817662,,,0.002383026601039658,0.6602763412807265,112,0.08926649806913628,1.0,1.0,1.0
Weaker dynamics,7,320,8,0.5,0.15,144,208,320,diag,euclidean_gaussian_ar,bures_transport,44,36,3,3,10,8.0,0.03,0.05,20.0,0.0,0.003125,0.0001,0.5217940026397537,0.5272766289108776,0.4758534932456694,0.8489014875021075,0.001858899370140241,0.5254177295407373,112,0.32440872815238786,0.795697841858558,0.7957542875481403,0.7800581702819629
Weaker dynamics,7,320,8,0.5,0.15,144,208,320,diag,cholesky_gaussian_ar,bures_transport,44,36,3,3,10,8.0,0.03,0.05,20.0,0.0,0.003125,1e-06,0.5354674815393741,0.5814245831852125,0.5248229711712207,0.8904151410913279,0.0018392211898427256,0.5795853619953697,112,0.22809427613968147,0.8774109465075157,0.8777921087875995,0.7718005283870172
Weaker dynamics,7,320,8,0.5,0.15,144,208,320,diag,log_euclidean_gaussian_ar,bures_transport,44,36,3,3,10,8.0,0.03,0.05,20.0,0.0,0.003125,1e-06,0.5132590157730479,0.5417695705763659,0.4782544939649679,0.84507431715562,0.0018392211898427256,0.5399303493865231,112,0.22924277735415513,0.8175687190662793,0.8177339026554087,0.7718005283870172
Weaker dynamics,7,320,8,0.5,0.15,144,208,320,diag,bwar_barycenter,bures_transport,44,36,3,3,10,8.0,0.03,0.05,20.0,0.0,0.003125,1e-06,0.5049833564040284,0.515981985928024,0.4494233850424513,0.8524700341230638,0.0018392211898427256,0.5141427647381814,112,0.2621921016716508,0.7786534242734605,0.7786781573013924,0.7718005283870172
Weaker dynamics,8,320,8,0.5,0.15,144,208,320,diag,persistence,bures_transport,44,36,3,3,10,8.0,0.03,0.05,20.0,0.0,0.00625,,0.6519156651534987,0.6548492712481996,,,0.0023537533760412586,0.6524955178721583,112,0.050000000000000405,1.0,1.0,1.0
Weaker dynamics,8,320,8,0.5,0.15,144,208,320,diag,euclidean_gaussian_ar,bures_transport,44,36,3,3,10,8.0,0.03,0.05,20.0,0.0,0.00625,0.0001,0.5325803954234314,0.5289397224695092,0.4968843348605225,0.8188893856405668,0.0019270734028044181,0.5270126490667049,112,0.30992773791751005,0.8077274354467924,0.8076877689295653,0.8187235852404949
Weaker dynamics,8,320,8,0.5,0.15,144,208,320,diag,cholesky_gaussian_ar,bures_transport,44,36,3,3,10,8.0,0.03,0.05,20.0,0.0,0.00625,1e-06,0.5324279268532767,0.533130754168181,0.4788000135427335,0.8428299503853817,0.0018893194866932625,0.5312414346814878,112,0.15361537399145075,0.814127429892359,0.8141687109421225,0.8026837076154851
Weaker dynamics,8,320,8,0.5,0.15,144,208,320,diag,log_euclidean_gaussian_ar,bures_transport,44,36,3,3,10,8.0,0.03,0.05,20.0,0.0,0.00625,0.0001,0.5300579947713884,0.5249607996813983,0.47976617789796583,0.8183940887586445,0.0019270734028044181,0.5230337262785938,112,0.15897410113803845,0.8016513459361074,0.8015897610825741,0.8187235852404949
Weaker dynamics,8,320,8,0.5,0.15,144,208,320,diag,bwar_barycenter,bures_transport,44,36,3,3,10,8.0,0.03,0.05,20.0,0.0,0.00625,1e-06,0.5182278333891676,0.5125048415393848,0.46969473077845136,0.7946252360526508,0.0018893194866932627,0.5106155220526916,112,0.1869263894366621,0.7826302388067197,0.7825578997352363,0.8026837076154851
Weaker dynamics,9,320,8,0.5,0.15,144,208,320,diag,persistence,bures_transport,44,36,3,3,10,8.0,0.03,0.05,20.0,0.0,0.0,,0.6229188675012683,0.5953220900308496,,,0.00263798301573717,0.5926841070151123,112,0.05149958497788191,1.0,1.0,1.0
Weaker dynamics,9,320,8,0.5,0.15,144,208,320,diag,euclidean_gaussian_ar,bures_transport,44,36,3,3,10,8.0,0.03,0.05,20.0,0.0,0.0,1e-06,0.4836932449639385,0.46678768543288823,0.4328810904872985,0.6680095292000351,0.001989724282013064,0.4647979611508751,112,0.27813807618951253,0.7840926672294309,0.7842254510445708,0.7542597015004081
Weaker dynamics,9,320,8,0.5,0.15,144,208,320,diag,cholesky_gaussian_ar,bures_transport,44,36,3,3,10,8.0,0.03,0.05,20.0,0.0,0.0,1e-06,0.4844119934304089,0.47049348949217334,0.43345083561105435,0.6767996945311203,0.001989724282013064,0.4685037652101603,112,0.13053788200024288,0.7903175396494903,0.7904780298052,0.7542597015004081
Weaker dynamics,9,320,8,0.5,0.15,144,208,320,diag,log_euclidean_gaussian_ar,bures_transport,44,36,3,3,10,8.0,0.03,0.05,20.0,0.0,0.0,1e-06,0.48545936610822826,0.4635141970006384,0.41562575785785255,0.6789574279564146,0.001989724282013064,0.46152447271862534,112,0.1433349725997481,0.7785939825895241,0.778702292259808,0.7542597015004081
Weaker dynamics,9,320,8,0.5,0.15,144,208,320,diag,bwar_barycenter,bures_transport,44,36,3,3,10,8.0,0.03,0.05,20.0,0.0,0.0,1e-06,0.47207361160253436,0.4534980439500381,0.4102005625654074,0.648045821917242,0.0019897242820130644,0.45150831966802507,112,0.19240756629402272,0.7617692196278789,0.7618026438095673,0.7542597015004082
Weaker dynamics,10,320,8,0.5,0.15,144,208,320,diag,persistence,bures_transport,44,36,3,3,10,8.0,0.03,0.05,20.0,0.0,0.0,,0.5990117884584715,0.6301971545132481,,,0.0025049502098117315,0.6276922043034362,112,0.11839360721676,1.0,1.0,1.0
Weaker dynamics,10,320,8,0.5,0.15,144,208,320,diag,euclidean_gaussian_ar,bures_transport,44,36,3,3,10,8.0,0.03,0.05,20.0,0.0,0.0,0.0001,0.46309362402045184,0.5021563346500895,0.4758313631514465,0.7658804392214523,0.0018628260782016248,0.5002935085718879,112,0.28839937070050764,0.7968241859770775,0.7970363581734691,0.7436579261755595
Weaker dynamics,10,320,8,0.5,0.15,144,208,320,diag,cholesky_gaussian_ar,bures_transport,44,36,3,3,10,8.0,0.03,0.05,20.0,0.0,0.0,1e-06,0.46463178796759386,0.5114883968592812,0.48527523577456433,0.7751701891657576,0.0018635118681579366,0.5096248849911232,112,0.23473095453875667,0.811632349013611,0.8119025240351123,0.7439317000628111
Weaker dynamics,10,320,8,0.5,0.15,144,208,320,diag,log_euclidean_gaussian_ar,bures_transport,44,36,3,3,10,8.0,0.03,0.05,20.0,0.0,0.0,0.0001,0.4580502328944256,0.5003550632459378,0.4675061463520452,0.7905735656102361,0.0018628260782016248,0.4984922371677362,112,0.23503048005176216,0.7939659194945148,0.794166685120654,0.7436579261755595
Weaker dynamics,10,320,8,0.5,0.15,144,208,320,diag,bwar_barycenter,bures_transport,44,36,3,3,10,8.0,0.03,0.05,20.0,0.0,0.0,1e-06,0.45059000741121824,0.4909766562408567,0.46521965922836095,0.7572309430250165,0.0018635118681579372,0.48911314437269876,112,0.24462932551573247,0.7790842163038286,0.7792245005105303,0.7439317000628113
Weaker dynamics,11,320,8,0.5,0.15,144,208,320,diag,persistence,bures_transport,44,36,3,3,10,8.0,0.03,0.05,20.0,0.0,0.0,,0.5857525546670383,0.6109294197890532,,,0.0026417987335554754,0.6082876210554977,112,0.0851471514551378,1.0,1.0,1.0
Weaker dynamics,11,320,8,0.5,0.15,144,208,320,diag,euclidean_gaussian_ar,bures_transport,44,36,3,3,10,8.0,0.03,0.05,20.0,0.0,0.0,1e-06,0.4642581406547367,0.46321149236756326,0.4222263217872758,0.7488292216025502,0.00203364893362418,0.46117784343393897,112,0.30047938865666857,0.758207867166562,0.758157535137252,0.7697970734080811
Weaker dynamics,11,320,8,0.5,0.15,144,208,320,diag,cholesky_gaussian_ar,bures_transport,44,36,3,3,10,8.0,0.03,0.05,20.0,0.0,0.0,1e-06,0.4643859123781615,0.4640960799694277,0.42944058364271986,0.7643386475259469,0.00203364893362418,0.4620624310358035,112,0.20821147155561706,0.7596558046421706,0.7596117610186363,0.7697970734080811
Weaker dynamics,11,320,8,0.5,0.15,144,208,320,diag,log_euclidean_gaussian_ar,bures_transport,44,36,3,3,10,8.0,0.03,0.05,20.0,0.0,0.0,1e-06,0.4550244548545822,0.4569499957537357,0.43018607792419455,0.754179306857654,0.00203364893362418,0.45491634682011145,112,0.21331631411403032,0.7479587345973863,0.7478638904910523,0.7697970734080811
Weaker dynamics,11,320,8,0.5,0.15,144,208,320,diag,bwar_barycenter,bures_transport,44,36,3,3,10,8.0,0.03,0.05,20.0,0.0,0.0,1e-06,0.4494043456863044,0.4504257553060012,0.42472584983262907,0.7379542622522742,0.00203364893362418,0.448392106372377,112,0.2387468484091079,0.7372795297066033,0.7371383057151963,0.7697970734080811
Weaker dynamics,12,320,8,0.5,0.15,144,208,320,diag,persistence,bures_transport,44,36,3,3,10,8.0,0.03,0.05,20.0,0.0,0.0,,0.6261104510560597,0.5874813538587916,,,0.0028736642433742107,0.5846076896154175,112,0.06800700649037805,1.0,1.0,1.0
Weaker dynamics,12,320,8,0.5,0.15,144,208,320,diag,euclidean_gaussian_ar,bures_transport,44,36,3,3,10,8.0,0.03,0.05,20.0,0.0,0.0,0.0001,0.48940150689415346,0.4586630043385852,0.4459702953832534,0.6679379879457521,0.002090659281170202,0.45657234505741506,112,0.24497138635445467,0.7807277649340177,0.78098929105392,0.7275238525136059
Weaker dynamics,12,320,8,0.5,0.15,144,208,320,diag,cholesky_gaussian_ar,bures_transport,44,36,3,3,10,8.0,0.03,0.05,20.0,0.0,0.0,1e-06,0.5013362854338431,0.4774896319379632,0.4624718511799967,0.687894633038467,0.002089106930480843,0.47540052500748237,112,0.2365864629152313,0.8127741055977986,0.8131958122552634,0.7269836534653216
Weaker dynamics,12,320,8,0.5,0.15,144,208,320,diag,log_euclidean_gaussian_ar,bures_transport,44,36,3,3,10,8.0,0.03,0.05,20.0,0.0,0.0,0.0001,0.4818031699476976,0.4671525631760604,0.43377943844387196,0.6769813561275496,0.002090659281170202,0.46506190389489027,112,0.19625450745547432,0.7951785364890853,0.7955110959981212,0.7275238525136059
Weaker dynamics,12,320,8,0.5,0.15,144,208,320,diag,bwar_barycenter,bures_transport,44,36,3,3,10,8.0,0.03,0.05,20.0,0.0,0.0,1e-06,0.4763625177435306,0.4525131263953584,0.43425269281106316,0.649564661854182,0.002089106930480844,0.45042401946487753,112,0.22614137703310178,0.7702595553426288,0.7704722798996839,0.7269836534653221
Weaker dynamics,13,320,8,0.5,0.15,144,208,320,diag,persistence,bures_transport,44,36,3,3,10,8.0,0.03,0.05,20.0,0.0,0.0125,,0.6522844616426641,0.6092566546389947,,,0.002586335564895786,0.606670319074099,112,0.04999999999999976,1.0,1.0,1.0
Weaker dynamics,13,320,8,0.5,0.15,144,208,320,diag,euclidean_gaussian_ar,bures_transport,44,36,3,3,10,8.0,0.03,0.05,20.0,0.0,0.0125,0.0001,0.5060911125575069,0.503231859075399,0.47982052694187616,0.7643436939752178,0.001943958977290284,0.5012879000981088,112,0.28905040646695135,0.8259767952367808,0.8262937617636792,0.7516267431324651
Weaker dynamics,13,320,8,0.5,0.15,144,208,320,diag,cholesky_gaussian_ar,bures_transport,44,36,3,3,10,8.0,0.03,0.05,20.0,0.0,0.0125,1e-06,0.5204642419709702,0.5116108201083909,0.48297642224326065,0.7888458930772474,0.0019365358853523664,0.5096742842230385,112,0.15239498402701723,0.8397295560301063,0.8401173886352378,0.7487566237099622
Weaker dynamics,13,320,8,0.5,0.15,144,208,320,diag,log_euclidean_gaussian_ar,bures_transport,44,36,3,3,10,8.0,0.03,0.05,20.0,0.0,0.0125,1e-06,0.5024724083479862,0.49967867939332106,0.47135871673541996,0.75989167480826,0.0019365358853523664,0.49774214350796875,112,0.16656110395347318,0.8201448036532284,0.8204491432309124,0.7487566237099622
Weaker dynamics,13,320,8,0.5,0.15,144,208,320,diag,bwar_barycenter,bures_transport,44,36,3,3,10,8.0,0.03,0.05,20.0,0.0,0.0125,1e-06,0.4940113888312563,0.48719423033565284,0.4651151510893963,0.7196197428263928,0.0019365358853523664,0.48525769445030037,112,0.2146575767247638,0.7996535230695707,0.7998705049406427,0.7487566237099622
Weaker dynamics,14,320,8,0.5,0.15,144,208,320,diag,persistence,bures_transport,44,36,3,3,10,8.0,0.03,0.05,20.0,0.0,0.0,,0.6057458617246245,0.6271184028326455,,,0.0025585677464573736,0.6245598350861881,112,0.062201161370186976,1.0,1.0,1.0
Weaker dynamics,14,320,8,0.5,0.15,144,208,320,diag,euclidean_gaussian_ar,bures_transport,44,36,3,3,10,8.0,0.03,0.05,20.0,0.0,0.0,1e-06,0.48008862029957644,0.49608244999255746,0.4693147543813976,0.7518381585457605,0.0020237198759696885,0.4940587301165878,112,0.31034695252601685,0.7910506975266413,0.7910510768730568,0.7909580970727695
Weaker dynamics,14,320,8,0.5,0.15,144,208,320,diag,cholesky_gaussian_ar,bures_transport,44,36,3,3,10,8.0,0.03,0.05,20.0,0.0,0.0,1e-06,0.47042004550649413,0.49036327836150634,0.4666584505505564,0.7546885110094468,0.0020237198759696885,0.4883395584855366,112,0.22253587227080981,0.7819309338500883,0.7818939532321137,0.7909580970727695
Weaker dynamics,14,320,8,0.5,0.15,144,208,320,diag,log_euclidean_gaussian_ar,bures_transport,44,36,3,3,10,8.0,0.03,0.05,20.0,0.0,0.0,1e-06,0.4741161650737351,0.4844109054835978,0.46754757799943736,0.7646600076387896,0.0020237198759696885,0.48238718560762806,112,0.21062805495689915,0.7724393085827987,0.7723634446346674,0.7909580970727695
Weaker dynamics,14,320,8,0.5,0.15,144,208,320,diag,bwar_barycenter,bures_transport,44,36,3,3,10,8.0,0.03,0.05,20.0,0.0,0.0,1e-06,0.4665632498910747,0.4781330249193131,0.4550636275989198,0.7355046932901135,0.002023719875969689,0.4761093050433435,112,0.23285672660097728,0.7624286303186496,0.7623117566912405,0.7909580970727697
Weaker dynamics,15,320,8,0.5,0.15,144,208,320,diag,persistence,bures_transport,44,36,3,3,10,8.0,0.03,0.05,20.0,0.0,0.0,,0.7436700630614131,0.6074755812255797,,,0.002742882503702548,0.6047326987218771,112,0.06121236624404591,1.0,1.0,1.0
Weaker dynamics,15,320,8,0.5,0.15,144,208,320,diag,euclidean_gaussian_ar,bures_transport,44,36,3,3,10,8.0,0.03,0.05,20.0,0.0,0.0,0.0001,0.5620807524786819,0.5127592562065628,0.4843808129279269,0.8151403871588272,0.002076487356832952,0.5106827688497299,112,0.2875616952208814,0.8440820866775797,0.8444768571785106,0.757045682427138
Weaker dynamics,15,320,8,0.5,0.15,144,208,320,diag,cholesky_gaussian_ar,bures_transport,44,36,3,3,10,8.0,0.03,0.05,20.0,0.0,0.0,1e-06,0.6011846011308069,0.5358387752442415,0.49043822073924426,0.8406138347439203,0.0020632161303851333,0.5337755591138563,112,0.15730360679206723,0.8820745916456244,0.8826636301327991,0.7522072591881168
Weaker dynamics,15,320,8,0.5,0.15,144,208,320,diag,log_euclidean_gaussian_ar,bures_transport,44,36,3,3,10,8.0,0.03,0.05,20.0,0.0,0.0,1e-06,0.5623383828317285,0.5021908679224153,0.4863388049878057,0.7762727954641732,0.0020632161303851333,0.5001276517920301,112,0.1565426463842793,0.8266848634627373,0.827022671089337,0.7522072591881168
Weaker dynamics,15,320,8,0.5,0.15,144,208,320,diag,bwar_barycenter,bures_transport,44,36,3,3,10,8.0,0.03,0.05,20.0,0.0,0.0,1e-06,0.5494229072796734,0.49454770755366234,0.4802394419323235,0.8059136050504919,0.0020632161303851333,0.4924844914232773,112,0.20264694309678288,0.8141030237888974,0.8143837640401451,0.7522072591881168
Weaker dynamics,16,320,8,0.5,0.15,144,208,320,diag,persistence,bures_transport,44,36,3,3,10,8.0,0.03,0.05,20.0,0.0,0.0,,0.7059998315822161,0.71315052576456,,,0.002494502230250589,0.7106560235343095,112,0.059256834154869244,1.0,1.0,1.0
Weaker dynamics,16,320,8,0.5,0.15,144,208,320,diag,euclidean_gaussian_ar,bures_transport,44,36,3,3,10,8.0,0.03,0.05,20.0,0.0,0.0,0.0001,0.5294084043563501,0.5501210527742798,0.5084939627816877,0.8763946444237631,0.0020508846865295487,0.5480701680877503,112,0.2659935359087636,0.7713954248081101,0.7712172273753904,0.8221618973351345
Weaker dynamics,16,320,8,0.5,0.15,144,208,320,diag,cholesky_gaussian_ar,bures_transport,44,36,3,3,10,8.0,0.03,0.05,20.0,0.0,0.0,1e-06,0.538184538311512,0.5571401748868228,0.5325547373922928,0.8708732821093405,0.0020110766303681597,0.5551290982564546,112,0.20983697977596302,0.7812378379578696,0.7811502047018867,0.8062035808106429
Weaker dynamics,16,320,8,0.5,0.15,144,208,320,diag,log_euclidean_gaussian_ar,bures_transport,44,36,3,3,10,8.0,0.03,0.05,20.0,0.0,0.0,1e-06,0.5298031253401102,0.5544921848939112,0.5098286821382694,0.8941341043824987,0.0020110766303681597,0.552481108263543,112,0.18229150007619424,0.7775247508924528,0.7774240841805374,0.8062035808106429
Weaker dynamics,16,320,8,0.5,0.15,144,208,320,diag,bwar_barycenter,bures_transport,44,36,3,3,10,8.0,0.03,0.05,20.0,0.0,0.0,0.001,0.5162646343671463,0.5379580073713877,0.5047858510191465,0.8527413508305407,0.002397422123081607,0.5355605852483061,112,0.23147378730927942,0.7543400557612286,0.7536143612556743,0.961082373071589
Weaker dynamics,17,320,8,0.5,0.15,144,208,320,diag,persistence,bures_transport,44,36,3,3,10,8.0,0.03,0.05,20.0,0.0,0.003125,,0.6732652026545358,0.5996470698054444,,,0.0025587363088504103,0.597088333496594,112,0.08227090284402472,1.0,1.0,1.0
Weaker dynamics,17,320,8,0.5,0.15,144,208,320,diag,euclidean_gaussian_ar,bures_transport,44,36,3,3,10,8.0,0.03,0.05,20.0,0.0,0.003125,0.0001,0.5133290590504377,0.46568169443224783,0.44514916321162024,0.7090274765169364,0.0019438010830079033,0.46373789334924,112,0.2267182189979558,0.7765929625626927,0.7766654736553906,0.7596722945949889
Weaker dynamics,17,320,8,0.5,0.15,144,208,320,diag,cholesky_gaussian_ar,bures_transport,44,36,3,3,10,8.0,0.03,0.05,20.0,0.0,0.003125,1e-06,0.5257116631565554,0.47573340433212924,0.46713839475265495,0.736831351383568,0.0019291290453307991,0.4738042752867984,112,0.2012214326678534,0.7933556725066314,0.793524590427291,0.7539381993596357
Weaker dynamics,17,320,8,0.5,0.15,144,208,320,diag,log_euclidean_gaussian_ar,bures_transport,44,36,3,3,10,8.0,0.03,0.05,20.0,0.0,0.003125,1e-06,0.5190147519963701,0.46753343850653456,0.4413495209868804,0.7248830714696392,0.0019291290453307991,0.46560430946120374,112,0.16106633116148367,0.779681019133848,0.7797913362912152,0.7539381993596357
Weaker dynamics,17,320,8,0.5,0.15,144,208,320,diag,bwar_barycenter,bures_transport,44,36,3,3,10,8.0,0.03,0.05,20.0,0.0,0.003125,1e-06,0.5034938494023393,0.45538650079890414,0.4354921499456611,0.7022580520342196,0.0019291290453307994,0.4534573717535734,112,0.18873233927535144,0.7594242075537105,0.7594477170540129,0.7539381993596358
Weaker dynamics,18,320,8,0.5,0.15,144,208,320,diag,persistence,bures_transport,44,36,3,3,10,8.0,0.03,0.05,20.0,0.0,0.003125,,0.6340306636385312,0.6362369565352619,,,0.002451487901174085,0.6337854686340878,112,0.08295023254564216,1.0,1.0,1.0
Weaker dynamics,18,320,8,0.5,0.15,144,208,320,diag,euclidean_gaussian_ar,bures_transport,44,36,3,3,10,8.0,0.03,0.05,20.0,0.0,0.003125,0.0001,0.4879838114322289,0.505974675844785,0.4883518656428204,0.766979518813108,0.0018673423275030146,0.504107333517282,112,0.2793111912847619,0.7952613733728348,0.7953911196539681,0.7617179455010539
Weaker dynamics,18,320,8,0.5,0.15,144,208,320,diag,cholesky_gaussian_ar,bures_transport,44,36,3,3,10,8.0,0.03,0.05,20.0,0.0,0.003125,1e-06,0.5107893120696321,0.5322325926163344,0.4900650725612329,0.8457888885670076,0.0018592931981262263,0.5303732994182081,112,0.2182519854834619,0.836532029693306,0.8368341113298953,0.7584345805809442
Weaker dynamics,18,320,8,0.5,0.15,144,208,320,diag,log_euclidean_gaussian_ar,bures_transport,44,36,3,3,10,8.0,0.03,0.05,20.0,0.0,0.003125,1e-06,0.49013470032529355,0.5095708182512894,0.479861927496989,0.7654604450572549,0.0018592931981262263,0.5077115250531631,112,0.18141877534940987,0.8009135794724109,0.8010778886227309,0.7584345805809442
Weaker dynamics,18,320,8,0.5,0.15,144,208,320,diag,bwar_barycenter,bures_transport,44,36,3,3,10,8.0,0.03,0.05,20.0,0.0,0.003125,0.001,0.4764453789116642,0.495317694612503,0.4744961104465848,0.780360291160155,0.0020292092369936596,0.4932884853755093,112,0.2220962187797647,0.7785113541813744,0.7783209142340031,0.8277459725670339
Weaker dynamics,19,320,8,0.5,0.15,144,208,320,diag,persistence,bures_transport,44,36,3,3,10,8.0,0.03,0.05,20.0,0.0,0.00625,,0.6624388874662104,0.6005938663553191,,,0.002486096380420318,0.5981077699748988,112,0.05605610353962792,1.0,1.0,1.0
Weaker dynamics,19,320,8,0.5,0.15,144,208,320,diag,euclidean_gaussian_ar,bures_transport,44,36,3,3,10,8.0,0.03,0.05,20.0,0.0,0.00625,0.001,0.5114809482326927,0.48686333449725855,0.4614941041231864,0.7257121077302698,0.002341841755484137,0.4845214927417745,112,0.2655389108336391,0.8106365412150645,0.8100906175522661,0.9419754495150375
Weaker dynamics,19,320,8,0.5,0.15,144,208,320,diag,cholesky_gaussian_ar,bures_transport,44,36,3,3,10,8.0,0.03,0.05,20.0,0.0,0.00625,1e-06,0.5333543839772847,0.4949362509015474,0.4630265705683061,0.7512977545575782,0.0020344156459454307,0.4929018352556019,112,0.1820289651096265,0.8240780977419052,0.8241020431423051,0.8183172872813069
Weaker dynamics,19,320,8,0.5,0.15,144,208,320,diag,log_euclidean_gaussian_ar,bures_transport,44,36,3,3,10,8.0,0.03,0.05,20.0,0.0,0.00625,1e-06,0.511582806993979,0.47608604407330546,0.45910960472887613,0.7220695305057606,0.0020344156459454307,0.47405162842736004,112,0.18066020519526899,0.7926921514573824,0.7925856379482495,0.8183172872813069
Weaker dynamics,19,320,8,0.5,0.15,144,208,320,diag,bwar_barycenter,bures_transport,44,36,3,3,10,8.0,0.03,0.05,20.0,0.0,0.00625,0.001,0.4998555314071706,0.4714808165586232,0.45954244533404387,0.7173991663064478,0.0023418417554841374,0.46913897480313904,112,0.2178512776114468,0.7850243616702023,0.7843719783523757,0.9419754495150376
Weaker dynamics,20,320,8,0.5,0.15,144,208,320,diag,persistence,bures_transport,44,36,3,3,10,8.0,0.03,0.05,20.0,0.0,0.0,,0.7156693856268067,0.6476197866724664,,,0.0025111923764678528,0.6451085942959985,112,0.08753157360113081,1.0,1.0,1.0
Weaker dynamics,20,320,8,0.5,0.15,144,208,320,diag,euclidean_gaussian_ar,bures_transport,44,36,3,3,10,8.0,0.03,0.05,20.0,0.0,0.0,0.0001,0.5416205284291946,0.5242146710788326,0.47303070424884086,0.8398190968528153,0.001958700737976223,0.5222559703408564,112,0.2757586004186147,0.8094482007294722,0.809562878186098,0.7799883259964562
Weaker dynamics,20,320,8,0.5,0.15,144,208,320,diag,cholesky_gaussian_ar,bures_transport,44,36,3,3,10,8.0,0.03,0.05,20.0,0.0,0.0,1e-06,0.5620469417609242,0.5406765725890906,0.5075494813062513,0.828237970501642,0.0019492045086311857,0.5387273680804594,112,0.20779912848710594,0.8348672843477182,0.8350956301680773,0.7762067641240861
Weaker dynamics,20,320,8,0.5,0.15,144,208,320,diag,log_euclidean_gaussian_ar,bures_transport,44,36,3,3,10,8.0,0.03,0.05,20.0,0.0,0.0,1e-06,0.5482191592573347,0.5229433681697316,0.4936826137614956,0.8238095741721837,0.0019492045086311857,0.5209941636611004,112,0.20039186328403877,0.8074851617129637,0.8076069180719206,0.7762067641240861
Weaker dynamics,20,320,8,0.5,0.15,144,208,320,diag,bwar_barycenter,bures_transport,44,36,3,3,10,8.0,0.03,0.05,20.0,0.0,0.0,0.001,0.5333999977976762,0.5143139709733592,0.47003825927554055,0.8429338379558458,0.0021891563824068113,0.5121248145909523,112,0.22698725803884537,0.7941603724246205,0.793858304042329,0.8717597277377829
Weaker dynamics,21,320,8,0.5,0.15,144,208,320,diag,persistence,bures_transport,44,36,3,3,10,8.0,0.03,0.05,20.0,0.0,0.003125,,0.6018366652210324,0.5899995682043624,,,0.0026706301746023593,0.5873289380297599,112,0.07914778583855056,1.0,1.0,1.0
Weaker dynamics,21,320,8,0.5,0.15,144,208,320,diag,euclidean_gaussian_ar,bures_transport,44,36,3,3,10,8.0,0.03,0.05,20.0,0.0,0.003125,1e-06,0.5108782273538531,0.4720070314917201,0.45349587657328777,0.6710989155640829,0.002267298134975279,0.46973973335674485,112,0.30467372537424836,0.8000125032773373,0.7997898672122693,0.8489749559999882
Weaker dynamics,21,320,8,0.5,0.15,144,208,320,diag,cholesky_gaussian_ar,bures_transport,44,36,3,3,10,8.0,0.03,0.05,20.0,0.0,0.003125,1e-06,0.5036102269155178,0.4757621432153708,0.4519411158782699,0.665918614318908,0.002267298134975279,0.4734948450803956,112,0.19812355038640783,0.806377104077096,0.8061834083448542,0.8489749559999882
Weaker dynamics,21,320,8,0.5,0.15,144,208,320,diag,log_euclidean_gaussian_ar,bures_transport,44,36,3,3,10,8.0,0.03,0.05,20.0,0.0,0.003125,1e-06,0.4870785778099541,0.465591421389028,0.4507480574289414,0.6609492697311068,0.002267298134975279,0.4633241232540527,112,0.18550908083801218,0.7891385798908885,0.7888664992539088,0.8489749559999882
Weaker dynamics,21,320,8,0.5,0.15,144,208,320,diag,bwar_barycenter,bures_transport,44,36,3,3,10,8.0,0.03,0.05,20.0,0.0,0.003125,1e-06,0.48366110599561507,0.4530273947022384,0.4350521800964008,0.6611732437848215,0.002267298134975279,0.45076009656726307,112,0.22171643820929063,0.767843603819927,0.7674746932772842,0.8489749559999882
Weaker dynamics,22,320,8,0.5,0.15,144,208,320,diag,persistence,bures_transport,44,36,3,3,10,8.0,0.03,0.05,20.0,0.0,0.003125,,0.6441829347985277,0.5835299052942006,,,0.002699842297949433,0.5808300629962512,112,0.05000000000000021,1.0,1.0,1.0
Weaker dynamics,22,320,8,0.5,0.15,144,208,320,diag,euclidean_gaussian_ar,bures_transport,44,36,3,3,10,8.0,0.03,0.05,20.0,0.0,0.003125,0.0001,0.5209425602557269,0.47020469867195186,0.440646321556872,0.7324782049805066,0.0019954472615229357,0.46820925141042896,112,0.31706987048187263,0.8057936609690757,0.806103680300465,0.7390977106472126
Weaker dynamics,22,320,8,0.5,0.15,144,208,320,diag,cholesky_gaussian_ar,bures_transport,44,36,3,3,10,8.0,0.03,0.05,20.0,0.0,0.003125,1e-06,0.52878804571844,0.47847782512901216,0.440769095416796,0.7443715991856514,0.00198947427874354,0.47648835085026864,112,0.22514346054646456,0.8199713858500125,0.8203575902946058,0.7368853655839724
Weaker dynamics,22,320,8,0.5,0.15,144,208,320,diag,log_euclidean_gaussian_ar,bures_transport,44,36,3,3,10,8.0,0.03,0.05,20.0,0.0,0.003125,1e-06,0.5180768434524242,0.46669932859683544,0.42285481128459135,0.7602479875287385,0.00198947427874354,0.464709854318092,112,0.17981934929773263,0.799786479429084,0.8000788594186306,0.7368853655839724
Weaker dynamics,22,320,8,0.5,0.15,144,208,320,diag,bwar_barycenter,bures_transport,44,36,3,3,10,8.0,0.03,0.05,20.0,0.0,0.003125,1e-06,0.5034409151792656,0.4541357367587862,0.4167573724039999,0.7439989326458141,0.00198947427874354,0.45214626248004264,112,0.23267379182605535,0.7782561487226997,0.778448450391179,0.7368853655839724
Weaker dynamics,23,320,8,0.5,0.15,144,208,320,diag,persistence,bures_transport,44,36,3,3,10,8.0,0.03,0.05,20.0,0.0,0.0,,0.5793603947922329,0.6411463693529021,,,0.0025317980796676007,0.6386145712732346,112,0.10848487472734004,1.0,1.0,1.0
Weaker dynamics,23,320,8,0.5,0.15,144,208,320,diag,euclidean_gaussian_ar,bures_transport,44,36,3,3,10,8.0,0.03,0.05,20.0,0.0,0.0,1e-06,0.48322351077899917,0.5070339358222045,0.47181818348007615,0.7584811528635464,0.001953376676545692,0.5050805591456587,112,0.26235766555388906,0.7908239991032703,0.7909004615078808,0.771537308694914
Weaker dynamics,23,320,8,0.5,0.15,144,208,320,diag,cholesky_gaussian_ar,bures_transport,44,36,3,3,10,8.0,0.03,0.05,20.0,0.0,0.0,1e-06,0.4739719012108352,0.5077169085843984,0.4977787464927074,0.7806505266201693,0.001953376676545692,0.5057635319078528,112,0.23827168399023052,0.7918892359896357,0.7919699215435835,0.771537308694914
Weaker dynamics,23,320,8,0.5,0.15,144,208,320,diag,log_euclidean_gaussian_ar,bures_transport,44,36,3,3,10,8.0,0.03,0.05,20.0,0.0,0.0,1e-06,0.46629798337288103,0.503994428444382,0.4875490169373345,0.7744151392931383,0.001953376676545692,0.5020410517678363,112,0.20407178494089798,0.7860832604465261,0.7861409281139553,0.771537308694914
Weaker dynamics,23,320,8,0.5,0.15,144,208,320,diag,bwar_barycenter,bures_transport,44,36,3,3,10,8.0,0.03,0.05,20.0,0.0,0.0,1e-06,0.4616693078806421,0.49368535717351814,0.472375383073781,0.7560854051619297,0.0019533766765456916,0.4917319804969725,112,0.22830210555518005,0.7700041375447328,0.7699980592622312,0.7715373086949138
Weaker dynamics,24,320,8,0.5,0.15,144,208,320,diag,persistence,bures_transport,44,36,3,3,10,8.0,0.03,0.05,20.0,0.0,0.0125,,0.6947754940703905,0.6833360645804414,,,0.00261036908607677,0.6807256954943647,112,0.049999999999999246,1.0,1.0,1.0
Weaker dynamics,24,320,8,0.5,0.15,144,208,320,diag,euclidean_gaussian_ar,bures_transport,44,36,3,3,10,8.0,0.03,0.05,20.0,0.0,0.0125,1e-06,0.5296736966775644,0.5399961445022126,0.4787363295500699,0.8150245065223348,0.0019571252128074237,0.5380390192894051,112,0.2917777956378985,0.7902351017193312,0.7903903479046197,0.749750379456442
Weaker dynamics,24,320,8,0.5,0.15,144,208,320,diag,cholesky_gaussian_ar,bures_transport,44,36,3,3,10,8.0,0.03,0.05,20.0,0.0,0.0125,1e-06,0.5290574731405073,0.5448538878506682,0.5018821605933919,0.8577817260379546,0.0019571252128074237,0.5428967626378609,112,0.154929633185719,0.7973439660106346,0.797526472456122,0.749750379456442
Weaker dynamics,24,320,8,0.5,0.15,144,208,320,diag,log_euclidean_gaussian_ar,bures_transport,44,36,3,3,10,8.0,0.03,0.05,20.0,0.0,0.0125,0.0001,0.5288422514736428,0.5448856420756804,0.4900482344093622,0.8651259603330621,0.0019644987752878954,0.5429211433003924,112,0.1603319299246934,0.7973904354224775,0.7975622881491286,0.7525750997305981
Weaker dynamics,24,320,8,0.5,0.15,144,208,320,diag,bwar_barycenter,bures_transport,44,36,3,3,10,8.0,0.03,0.05,20.0,0.0,0.0125,0.0001,0.5155111553623754,0.527659873874147,0.4564457084467268,0.846033701205758,0.001964498775287895,0.5256953750988592,112,0.20560393813519237,0.7721820949083416,0.7722572815722528,0.752575099730598
Weaker dynamics,25,320,8,0.5,0.15,144,208,320,diag,persistence,bures_transport,44,36,3,3,10,8.0,0.03,0.05,20.0,0.0,0.003125,,0.6284381796218728,0.6658997523282976,,,0.0026693705955913214,0.6632303817327062,112,0.0649059626934437,1.0,1.0,1.0
Weaker dynamics,25,320,8,0.5,0.15,144,208,320,diag,euclidean_gaussian_ar,bures_transport,44,36,3,3,10,8.0,0.03,0.05,20.0,0.0,0.003125,1e-06,0.4965461520221822,0.533505541454227,0.5227439570022913,0.7629738414719208,0.0019941676209804552,0.5315113738332465,112,0.3115377393412456,0.8011799667875557,0.8013978075682534,0.747055363640396
Weaker dynamics,25,320,8,0.5,0.15,144,208,320,diag,cholesky_gaussian_ar,bures_transport,44,36,3,3,10,8.0,0.03,0.05,20.0,0.0,0.003125,1e-06,0.49351093388218287,0.5375119251869567,0.5291875562960602,0.777839417335848,0.0019941676209804552,0.5355177575659763,112,0.17291116540990584,0.8071964635931507,0.8074385195788567,0.747055363640396
Weaker dynamics,25,320,8,0.5,0.15,144,208,320,diag,log_euclidean_gaussian_ar,bures_transport,44,36,3,3,10,8.0,0.03,0.05,20.0,0.0,0.003125,0.0001,0.4890605869923781,0.5393328990684411,0.5296336805845199,0.7715749853338767,0.0020017415752022413,0.5373311574932388,112,0.1806779481877992,0.8099310702289354,0.8101727126695365,0.749892719470379
Weaker dynamics,25,320,8,0.5,0.15,144,208,320,diag,bwar_barycenter,bures_transport,44,36,3,3,10,8.0,0.03,0.05,20.0,0.0,0.003125,1e-06,0.4806093981649321,0.5221828247569983,0.5086444904447127,0.7418905118083856,0.0019941676209804557,0.5201886571360178,112,0.2311625463726061,0.7841763312438583,0.7843257357677309,0.7470553636403963
Weaker dynamics,26,320,8,0.5,0.15,144,208,320,diag,persistence,bures_transport,44,36,3,3,10,8.0,0.03,0.05,20.0,0.0,0.00625,,0.6000049697802458,0.6078740879060174,,,0.0026297312102253234,0.6052443566957921,112,0.05000000000000065,1.0,1.0,1.0
Weaker dynamics,26,320,8,0.5,0.15,144,208,320,diag,euclidean_gaussian_ar,bures_transport,44,36,3,3,10,8.0,0.03,0.05,20.0,0.0,0.00625,1e-06,0.45851261108664565,0.4928805790185331,0.46780164218780873,0.7250897526636104,0.0019526149323935381,0.4909279640861396,112,0.3017068712952734,0.8108267630166475,0.81112357125684,0.7425150238933477
Weaker dynamics,26,320,8,0.5,0.15,144,208,320,diag,cholesky_gaussian_ar,bures_transport,44,36,3,3,10,8.0,0.03,0.05,20.0,0.0,0.00625,1e-06,0.486578154907119,0.510651627191841,0.4790654835147026,0.7429167406378184,0.0019526149323935381,0.5086990122594475,112,0.19314519692412807,0.8400615149609604,0.8404853455166204,0.7425150238933477
Weaker dynamics,26,320,8,0.5,0.15,144,208,320,diag,log_euclidean_gaussian_ar,bures_transport,44,36,3,3,10,8.0,0.03,0.05,20.0,0.0,0.00625,1e-06,0.46060237832575346,0.4863225674710269,0.44119444326351653,0.7075342839295826,0.0019526149323935381,0.4843699525386334,112,0.16588854981532525,0.80003832561163,0.8002882590809308,0.7425150238933477
Weaker dynamics,26,320,8,0.5,0.15,144,208,320,diag,bwar_barycenter,bures_transport,44,36,3,3,10,8.0,0.03,0.05,20.0,0.0,0.00625,1e-06,0.44673371744391144,0.4743894458426912,0.43934593013932755,0.7124755307264737,0.0019526149323935381,0.4724368309102977,112,0.22721629638345467,0.7804074154186286,0.7805720543839021,0.7425150238933477
Weaker dynamics,27,320,8,0.5,0.15,144,208,320,diag,persistence,bures_transport,44,36,3,3,10,8.0,0.03,0.05,20.0,0.0,0.0,,0.5690315406951636,0.6076399890641738,,,0.002731395869684141,0.6049085931944898,112,0.08748300571666061,1.0,1.0,1.0
Weaker dynamics,27,320,8,0.5,0.15,144,208,320,diag,euclidean_gaussian_ar,bures_transport,44,36,3,3,10,8.0,0.03,0.05,20.0,0.0,0.0,1e-06,0.45248448333437746,0.4724132277121146,0.4358780295846514,0.7279857632893207,0.0020466390468054604,0.47036658866530917,112,0.27769476664096343,0.777455789964841,0.777582917414561,0.7493015089907616
Weaker dynamics,27,320,8,0.5,0.15,144,208,320,diag,cholesky_gaussian_ar,bures_transport,44,36,3,3,10,8.0,0.03,0.05,20.0,0.0,0.0,1e-06,0.47300466518608725,0.4826522812631211,0.4486725050481024,0.7502180795646857,0.0020466390468054604,0.48060564221631574,112,0.22310849078813055,0.7943063161567983,0.7945095302387145,0.7493015089907616
Weaker dynamics,27,320,8,0.5,0.15,144,208,320,diag,log_euclidean_gaussian_ar,bures_transport,44,36,3,3,10,8.0,0.03,0.05,20.0,0.0,0.0,1e-06,0.4544298280512017,0.46909568516698724,0.4396785735591337,0.7240266516901162,0.0020466390468054604,0.4670490461201817,112,0.20554811157476874,0.7719960726900831,0.7720985474081643,0.7493015089907616
Weaker dynamics,27,320,8,0.5,0.15,144,208,320,diag,bwar_barycenter,bures_transport,44,36,3,3,10,8.0,0.03,0.05,20.0,0.0,0.0,1e-06,0.4438729910649978,0.46291589919890874,0.42634585303417993,0.7042806166262922,0.0020466390468054604,0.4608692601521033,112,0.22540535859834507,0.7618259290535592,0.7618824816461567,0.7493015089907616
Weaker dynamics,28,320,8,0.5,0.15,144,208,320,diag,persistence,bures_transport,44,36,3,3,10,8.0,0.03,0.05,20.0,0.0,0.0,,0.6135202820132409,0.6927264208430984,,,0.0027547617639160312,0.6899716590791823,112,0.09197926229851935,1.0,1.0,1.0
Weaker dynamics,28,320,8,0.5,0.15,144,208,320,diag,euclidean_gaussian_ar,bures_transport,44,36,3,3,10,8.0,0.03,0.05,20.0,0.0,0.0,1e-06,0.4808908298472425,0.5387704223343321,0.5020225167921528,0.8396003126780581,0.00212822832344085,0.5366421940108913,112,0.30596253096463066,0.7777535346184853,0.7777742563036278,0.7725634758395467
Weaker dynamics,28,320,8,0.5,0.15,144,208,320,diag,cholesky_gaussian_ar,bures_transport,44,36,3,3,10,8.0,0.03,0.05,20.0,0.0,0.0,1e-06,0.4970264111778043,0.5469912276801157,0.5241690448449106,0.835330102039981,0.00212822832344085,0.5448629993566748,112,0.24031990191735553,0.7896208535173056,0.7896889563316765,0.7725634758395467
Weaker dynamics,28,320,8,0.5,0.15,144,208,320,diag,log_euclidean_gaussian_ar,bures_transport,44,36,3,3,10,8.0,0.03,0.05,20.0,0.0,0.0,1e-06,0.49470577815655026,0.5419292723390295,0.5188208944085453,0.7951433934185943,0.00212822832344085,0.5398010440155888,112,0.224546527445009,0.7823135599180152,0.7823524878340551,0.7725634758395467
Weaker dynamics,28,320,8,0.5,0.15,144,208,320,diag,bwar_barycenter,bures_transport,44,36,3,3,10,8.0,0.03,0.05,20.0,0.0,0.0,1e-06,0.4753688356228064,0.5272158422692277,0.49486322169150004,0.8119839266809297,0.00212822832344085,0.5250876139457868,112,0.25126112214735136,0.7610736741173632,0.7610278002527737,0.7725634758395467
Weaker dynamics,29,320,8,0.5,0.15,144,208,320,diag,persistence,bures_transport,44,36,3,3,10,8.0,0.03,0.05,20.0,0.0,0.0,,0.653270562044742,0.6723016685300026,,,0.002593678144154184,0.6697079903858482,112,0.0797042152313777,1.0,1.0,1.0
Weaker dynamics,29,320,8,0.5,0.15,144,208,320,diag,euclidean_gaussian_ar,bures_transport,44,36,3,3,10,8.0,0.03,0.05,20.0,0.0,0.0,1e-06,0.5194273149687793,0.5359731441840934,0.5128299948465664,0.845251187343513,0.0020142379168881517,0.5339589062672052,112,0.28188953305383907,0.7972212018393565,0.7973010833565956,0.7765951690760028
Weaker dynamics,29,320,8,0.5,0.15,144,208,320,diag,cholesky_gaussian_ar,bures_transport,44,36,3,3,10,8.0,0.03,0.05,20.0,0.0,0.0,1e-06,0.5223444247997663,0.542588813299321,0.5295349857063035,0.8280982009823326,0.0020142379168881517,0.5405745753824328,112,0.24955620467433354,0.8070615301099866,0.8071795217360093,0.7765951690760028
Weaker dynamics,29,320,8,0.5,0.15,144,208,320,diag,log_euclidean_gaussian_ar,bures_transport,44,36,3,3,10,8.0,0.03,0.05,20.0,0.0,0.0,1e-06,0.509633940038013,0.5346267363653735,0.5066526433598482,0.8341006480695584,0.0020142379168881517,0.5326124984484855,112,0.21513199604383834,0.7952185178036857,0.7952906432273923,0.7765951690760028
Weaker dynamics,29,320,8,0.5,0.15,144,208,320,diag,bwar_barycenter,bures_transport,44,36,3,3,10,8.0,0.03,0.05,20.0,0.0,0.0,1e-06,0.505774840394213,0.5236499805782868,0.49364128621667536,0.8381145152523852,0.0020142379168881517,0.5216357426613987,112,0.23779684201435533,0.7788913892230181,0.7789002821376843,0.7765951690760028
Weaker dynamics,30,320,8,0.5,0.15,144,208,320,diag,persistence,bures_transport,44,36,3,3,10,8.0,0.03,0.05,20.0,0.0,0.003125,,0.5972090972931328,0.6483420178431285,,,0.002890121733619759,0.6454518961095088,112,0.06305369385179771,1.0,1.0,1.0
Weaker dynamics,30,320,8,0.5,0.15,144,208,320,diag,euclidean_gaussian_ar,bures_transport,44,36,3,3,10,8.0,0.03,0.05,20.0,0.0,0.003125,1e-06,0.47765936929835384,0.49597288842713194,0.45119833759014294,0.7727616285023856,0.0023189381908009787,0.493653950236331,112,0.2711274583357634,0.7649864959811019,0.7648191185305258,0.8023669604728393
Weaker dynamics,30,320,8,0.5,0.15,144,208,320,diag,cholesky_gaussian_ar,bures_transport,44,36,3,3,10,8.0,0.03,0.05,20.0,0.0,0.003125,1e-06,0.484494417696809,0.502513706409924,0.48583526400260424,0.7969637493529662,0.0023189381908009787,0.5001947682191231,112,0.21082571605074418,0.7750750261130094,0.7749528217889982,0.8023669604728393
Weaker dynamics,30,320,8,0.5,0.15,144,208,320,diag,log_euclidean_gaussian_ar,bures_transport,44,36,3,3,10,8.0,0.03,0.05,20.0,0.0,0.003125,1e-06,0.48244994380618944,0.4970122335664819,0.46453623814184575,0.7644982047993671,0.0023189381908009787,0.49469329537568096,112,0.18107920214351103,0.7665895775503138,0.7664293781728239,0.8023669604728393
Weaker dynamics,30,320,8,0.5,0.15,144,208,320,diag,bwar_barycenter,bures_transport,44,36,3,3,10,8.0,0.03,0.05,20.0,0.0,0.003125,1e-06,0.46737437848621555,0.48839958746249507,0.45267929866673096,0.7548214885954923,0.0023189381908009787,0.48608064927169414,112,0.22202379368648664,0.7533054684428415,0.7530857871850215,0.8023669604728393
Weaker dynamics,31,320,8,0.5,0.15,144,208,320,diag,persistence,bures_transport,44,36,3,3,10,8.0,0.03,0.05,20.0,0.0,0.0,,0.6900959567268871,0.6016377105672428,,,0.0029124729623404635,0.5987252376049026,112,0.08554969252858338,1.0,1.0,1.0
Weaker dynamics,31,320,8,0.5,0.15,144,208,320,diag,euclidean_gaussian_ar,bures_transport,44,36,3,3,10,8.0,0.03,0.05,20.0,0.0,0.0,1e-06,0.5377861796384787,0.48408247757351436,0.4673581103306249,0.7677743577501562,0.0021094914406045635,0.48197298613290984,112,0.27957226381401074,0.8046079377522833,0.8049986134891522,0.7242956305109786
Weaker dynamics,31,320,8,0.5,0.15,144,208,320,diag,cholesky_gaussian_ar,bures_transport,44,36,3,3,10,8.0,0.03,0.05,20.0,0.0,0.0,1e-06,0.5563190960985107,0.511259289905462,0.48897429930142317,0.797361055284968,0.0021094914406045635,0.5091497984648574,112,0.22877397901596283,0.8497793288645933,0.8503897388752538,0.7242956305109786
Weaker dynamics,31,320,8,0.5,0.15,144,208,320,diag,log_euclidean_gaussian_ar,bures_transport,44,36,3,3,10,8.0,0.03,0.05,20.0,0.0,0.0,0.001,0.5326374019377405,0.49113746933135927,0.49239447403355124,0.7445440028670193,0.002257950477400164,0.48887951885395914,112,0.2125122069294424,0.8163342501724161,0.8165340095059925,0.775269163558406
Weaker dynamics,31,320,8,0.5,0.15,144,208,320,diag,bwar_barycenter,bures_transport,44,36,3,3,10,8.0,0.03,0.05,20.0,0.0,0.0,0.0001,0.5215263793351333,0.47413269124681723,0.4613599684721191,0.7644872803284708,0.002110572018028557,0.4720221192287887,112,0.23134641171467463,0.7880701008581894,0.7883785242075848,0.7246666476630572
Weaker dynamics,32,320,8,0.5,0.15,144,208,320,diag,persistence,bures_transport,44,36,3,3,10,8.0,0.03,0.05,20.0,0.0,0.0,,0.665545514673717,0.6737381681873528,,,0.002859039227317715,0.6708791289600351,112,0.08861898369421949,1.0,1.0,1.0
Weaker dynamics,32,320,8,0.5,0.15,144,208,320,diag,euclidean_gaussian_ar,bures_transport,44,36,3,3,10,8.0,0.03,0.05,20.0,0.0,0.0,1e-06,0.5511798200948007,0.5307868307378113,0.5180341581949113,0.8455065420259882,0.0022187045827317645,0.5285681261550795,112,0.2576719713238077,0.7878236024030782,0.7878738558679574,0.77603152888997
Weaker dynamics,32,320,8,0.5,0.15,144,208,320,diag,cholesky_gaussian_ar,bures_transport,44,36,3,3,10,8.0,0.03,0.05,20.0,0.0,0.0,1e-06,0.593777487609943,0.5679693709584286,0.5730252276017109,0.8461826214643968,0.0022187045827317645,0.5657506663756968,112,0.22058391870009605,0.8430120153152552,0.8432974614260196,0.77603152888997
Weaker dynamics,32,320,8,0.5,0.15,144,208,320,diag,log_euclidean_gaussian_ar,bures_transport,44,36,3,3,10,8.0,0.03,0.05,20.0,0.0,0.0,1e-06,0.5491846305064501,0.5386646363124468,0.5383902037602198,0.8194170529429552,0.0022187045827317645,0.536445931729715,112,0.22503957563446672,0.7995162835463037,0.7996163669024672,0.77603152888997
Weaker dynamics,32,320,8,0.5,0.15,144,208,320,diag,bwar_barycenter,bures_transport,44,36,3,3,10,8.0,0.03,0.05,20.0,0.0,0.0,1e-06,0.5355773357900138,0.5218082865378184,0.5032014188967276,0.8185227272754253,0.0022187045827317645,0.5195895819550866,112,0.23673295639215802,0.7744971432176813,0.774490604232285,0.77603152888997
Weaker dynamics,33,320,8,0.5,0.15,144,208,320,diag,persistence,bures_transport,44,36,3,3,10,8.0,0.03,0.05,20.0,0.0,0.009375,,0.6730679747511685,0.663393846904735,,,0.003015577412340314,0.6603782694923946,112,0.050000000000001855,1.0,1.0,1.0
Weaker dynamics,33,320,8,0.5,0.15,144,208,320,diag,euclidean_gaussian_ar,bures_transport,44,36,3,3,10,8.0,0.03,0.05,20.0,0.0,0.009375,1e-06,0.5382147128405979,0.5198836886351519,0.4872041745894806,0.787836272717488,0.0021555023541128715,0.5177281862810389,112,0.31320829203583955,0.7836727625087673,0.7839873148445587,0.7147892623456282
Weaker dynamics,33,320,8,0.5,0.15,144,208,320,diag,cholesky_gaussian_ar,bures_transport,44,36,3,3,10,8.0,0.03,0.05,20.0,0.0,0.009375,1e-06,0.5467953654693423,0.5380779457695221,0.5251882258690826,0.7584404140991082,0.0021555023541128715,0.5359224434154092,112,0.24030142064045779,0.8110987888719314,0.8115385804977358,0.7147892623456282
Weaker dynamics,33,320,8,0.5,0.15,144,208,320,diag,log_euclidean_gaussian_ar,bures_transport,44,36,3,3,10,8.0,0.03,0.05,20.0,0.0,0.009375,1e-06,0.536803066158069,0.5382113258274674,0.5280400531183206,0.8019146715130787,0.0021555023541128715,0.5360558234733546,112,0.1948401176105945,0.8112998459944352,0.8117405557354248,0.7147892623456282
Weaker dynamics,33,320,8,0.5,0.15,144,208,320,diag,bwar_barycenter,bures_transport,44,36,3,3,10,8.0,0.03,0.05,20.0,0.0,0.009375,1e-06,0.5218056502978836,0.5109802624169667,0.4843501759480606,0.7751145329419512,0.0021555023541128715,0.5088247600628538,112,0.24099684339814612,0.7702517362816974,0.7705050023132444,0.7147892623456282
Weaker dynamics,34,320,8,0.5,0.15,144,208,320,diag,persistence,bures_transport,44,36,3,3,10,8.0,0.03,0.05,20.0,0.0,0.0,,0.5838310506953959,0.613170366490953,,,0.00291934395606473,0.6102510225348884,112,0.05154780754574611,1.0,1.0,1.0
Weaker dynamics,34,320,8,0.5,0.15,144,208,320,diag,euclidean_gaussian_ar,bures_transport,44,36,3,3,10,8.0,0.03,0.05,20.0,0.0,0.0,1e-06,0.4598357546793547,0.4813586567982718,0.4332698614274402,0.758472223791393,0.0021507659571492798,0.4792078908411225,112,0.26605539941943485,0.7850324854297634,0.7852635606419257,0.7367292068073089
Weaker dynamics,34,320,8,0.5,0.15,144,208,320,diag,cholesky_gaussian_ar,bures_transport,44,36,3,3,10,8.0,0.03,0.05,20.0,0.0,0.0,1e-06,0.49583899293138384,0.5016519561214717,0.45785809893674095,0.7620831740705168,0.0021507659571492798,0.49950119016432254,112,0.2269837734025568,0.8181281802516354,0.8185175800107173,0.7367292068073089
Weaker dynamics,34,320,8,0.5,0.15,144,208,320,diag,log_euclidean_gaussian_ar,bures_transport,44,36,3,3,10,8.0,0.03,0.05,20.0,0.0,0.0,1e-06,0.461674526160562,0.46341847343777437,0.4348816754665444,0.7131995330100374,0.0021507659571492798,0.4612677074806251,112,0.20488369733748749,0.7557744124032318,0.755865521641554,0.7367292068073089
Weaker dynamics,34,320,8,0.5,0.15,144,208,320,diag,bwar_barycenter,bures_transport,44,36,3,3,10,8.0,0.03,0.05,20.0,0.0,0.0,1e-06,0.4500050657119004,0.46278650665289683,0.41761763609751174,0.7179946770185279,0.0021507659571492785,0.4606357406957476,112,0.22562058142246003,0.7547437579238021,0.7548299366748096,0.7367292068073085
Weaker dynamics,35,320,8,0.5,0.15,144,208,320,diag,persistence,bures_transport,44,36,3,3,10,8.0,0.03,0.05,20.0,0.0,0.00625,,0.639369785479301,0.6545510359936776,,,0.0030584754162332724,0.6514925605774441,112,0.049999999999999746,1.0,1.0,1.0
Weaker dynamics,35,320,8,0.5,0.15,144,208,320,diag,euclidean_gaussian_ar,bures_transport,44,36,3,3,10,8.0,0.03,0.05,20.0,0.0,0.00625,1e-06,0.5077666992648366,0.509673906451093,0.48538223690387516,0.7525762275356771,0.002223187460721782,0.5074507189903712,112,0.27155079802906573,0.7786618283742447,0.7789048558598999,0.7268940103039291
Weaker dynamics,35,320,8,0.5,0.15,144,208,320,diag,cholesky_gaussian_ar,bures_transport,44,36,3,3,10,8.0,0.03,0.05,20.0,0.0,0.00625,1e-06,0.5131768654268742,0.5179465230981116,0.5045191658296692,0.7506472309381971,0.002223187460721782,0.5157233356373899,112,0.2093924695072804,0.7913004404795023,0.7916028007753205,0.7268940103039291
Weaker dynamics,35,320,8,0.5,0.15,144,208,320,diag,log_euclidean_gaussian_ar,bures_transport,44,36,3,3,10,8.0,0.03,0.05,20.0,0.0,0.00625,1e-06,0.505529397117114,0.5058717461728384,0.48421859251622573,0.7311753791722788,0.002223187460721782,0.5036485587121167,112,0.1883937855559952,0.7728530219265052,0.7730687795816312,0.7268940103039291
Weaker dynamics,35,320,8,0.5,0.15,144,208,320,diag,bwar_barycenter,bures_transport,44,36,3,3,10,8.0,0.03,0.05,20.0,0.0,0.00625,1e-06,0.49631748564993106,0.4975152046317527,0.479206864400507,0.7324838708934125,0.0022231874607217825,0.4952920171710309,112,0.21465370202715311,0.7600861923264274,0.7602420152457822,0.7268940103039292
Weaker dynamics,36,320,8,0.5,0.15,144,208,320,diag,persistence,bures_transport,44,36,3,3,10,8.0,0.03,0.05,20.0,0.0,0.0,,0.5732772468029501,0.6042063433913019,,,0.002626998278873937,0.6015793451124279,112,0.06629896709143247,1.0,1.0,1.0
Weaker dynamics,36,320,8,0.5,0.15,144,208,320,diag,euclidean_gaussian_ar,bures_transport,44,36,3,3,10,8.0,0.03,0.05,20.0,0.0,0.0,0.0001,0.45109943584866863,0.4861807147545221,0.47306978440365277,0.7453612057429755,0.0019452193294506558,0.4842354954250715,112,0.27041467024383176,0.8046600636889658,0.8049403613326745,0.7404722511978478
Weaker dynamics,36,320,8,0.5,0.15,144,208,320,diag,cholesky_gaussian_ar,bures_transport,44,36,3,3,10,8.0,0.03,0.05,20.0,0.0,0.0,1e-06,0.4552064006504043,0.4926725092896818,0.4990204248865466,0.7334361079342964,0.0019553715446474656,0.4907171377450344,112,0.2195450870887062,0.8154043973196299,0.8157147377680084,0.7443368198496253
Weaker dynamics,36,320,8,0.5,0.15,144,208,320,diag,log_euclidean_gaussian_ar,bures_transport,44,36,3,3,10,8.0,0.03,0.05,20.0,0.0,0.0,0.0001,0.4500000355447822,0.48206419916921867,0.48238173536447226,0.7251693821172769,0.0019452193294506558,0.480118979839768,112,0.18405652398604755,0.7978469680796113,0.7980975140528462,0.7404722511978478
Weaker dynamics,36,320,8,0.5,0.15,144,208,320,diag,bwar_barycenter,bures_transport,44,36,3,3,10,8.0,0.03,0.05,20.0,0.0,0.0,1e-06,0.44084027779226087,0.4748692505445681,0.4741635819941443,0.7115342595136119,0.001955371544647465,0.4729138789999206,112,0.23099023102064978,0.7859388696239303,0.7861205389482557,0.7443368198496252
Weaker dynamics,37,320,8,0.5,0.15,144,208,320,diag,persistence,bures_transport,44,36,3,3,10,8.0,0.03,0.05,20.0,0.0,0.0,,0.7267888974868792,0.6853998156064612,,,0.003089646767309984,0.6823101688391512,112,0.07398952530180067,1.0,1.0,1.0
Weaker dynamics,37,320,8,0.5,0.15,144,208,320,diag,euclidean_gaussian_ar,bures_transport,44,36,3,3,10,8.0,0.03,0.05,20.0,0.0,0.0,1e-06,0.5738171556625731,0.5384159315282079,0.4821699301105749,0.8439622521243877,0.0022890752310056905,0.5361268562972022,112,0.2716291146583089,0.7855501552065668,0.7857524052577759,0.7408857398280144
Weaker dynamics,37,320,8,0.5,0.15,144,208,320,diag,cholesky_gaussian_ar,bures_transport,44,36,3,3,10,8.0,0.03,0.05,20.0,0.0,0.0,1e-06,0.5887744917964053,0.5513964245812318,0.4909129822319368,0.869424197043555,0.0022890752310056905,0.5491073493502261,112,0.21836730177758057,0.8044887261799751,0.8047767341419668,0.7408857398280144
Weaker dynamics,37,320,8,0.5,0.15,144,208,320,diag,log_euclidean_gaussian_ar,bures_transport,44,36,3,3,10,8.0,0.03,0.05,20.0,0.0,0.0,1e-06,0.5817046881356771,0.5459753387725602,0.4765984923587121,0.8602300112609387,0.0022890752310056905,0.5436862635415546,112,0.18652194585922807,0.7965793487841337,0.7968315413890952,0.7408857398280144
Weaker dynamics,37,320,8,0.5,0.15,144,208,320,diag,bwar_barycenter,bures_transport,44,36,3,3,10,8.0,0.03,0.05,20.0,0.0,0.0,1e-06,0.5605466854550227,0.5272361366978654,0.4590327778141635,0.8239319629294084,0.0022890752310056905,0.5249470614668597,112,0.2197295784535771,0.7692388073249653,0.7693671960949646,0.7408857398280144
Weaker dynamics,38,320,8,0.5,0.15,144,208,320,diag,persistence,bures_transport,44,36,3,3,10,8.0,0.03,0.05,20.0,0.0,0.0,,0.5915651698162147,0.6724754333988014,,,0.0026787705994712396,0.6697966627993301,112,0.08039699349534705,1.0,1.0,1.0
Weaker dynamics,38,320,8,0.5,0.15,144,208,320,diag,euclidean_gaussian_ar,bures_transport,44,36,3,3,10,8.0,0.03,0.05,20.0,0.0,0.0,0.0001,0.4706510357937437,0.5086112432318629,0.48221293734980425,0.7481279957023294,0.001994217671293832,0.5066170255605691,112,0.2774915120213135,0.7563268752603467,0.7563743650845132,0.7444525752550327
Weaker dynamics,38,320,8,0.5,0.15,144,208,320,diag,cholesky_gaussian_ar,bures_transport,44,36,3,3,10,8.0,0.03,0.05,20.0,0.0,0.0,1e-06,0.4848999283897152,0.5329919381425967,0.520019035190328,0.7541809987316168,0.002001635035979625,0.5309903031066171,112,0.1837811474697259,0.7925820210989237,0.7927634349317456,0.7472215188470137
Weaker dynamics,38,320,8,0.5,0.15,144,208,320,diag,log_euclidean_gaussian_ar,bures_transport,44,36,3,3,10,8.0,0.03,0.05,20.0,0.0,0.0,1e-06,0.47096361700700784,0.5132024584647719,0.49875316748611065,0.7498120866316371,0.002001635035979625,0.5112008234287923,112,0.18652772065329729,0.763154210512884,0.7632179313827772,0.7472215188470137
Weaker dynamics,38,320,8,0.5,0.15,144,208,320,diag,bwar_barycenter,bures_transport,44,36,3,3,10,8.0,0.03,0.05,20.0,0.0,0.0,1e-06,0.45804302053124957,0.49940120717558056,0.47110520582899307,0.7341062437336158,0.002001635035979625,0.4973995721396009,112,0.2133500867697467,0.7426311540505275,0.7426127954426982,0.7472215188470137
Weaker dynamics,39,320,8,0.5,0.15,144,208,320,diag,persistence,bures_transport,44,36,3,3,10,8.0,0.03,0.05,20.0,0.0,0.0,,0.6121633794251511,0.6211891501047309,,,0.002539979586533373,0.6186491705181976,112,0.05108432541867511,1.0,1.0,1.0
Weaker dynamics,39,320,8,0.5,0.15,144,208,320,diag,euclidean_gaussian_ar,bures_transport,44,36,3,3,10,8.0,0.03,0.05,20.0,0.0,0.0,0.0001,0.4940546417664269,0.48932566449283926,0.4638022770744217,0.7913242857132186,0.001844067021678726,0.4874815974711605,112,0.297398952961715,0.7877241004778339,0.7879774526535491,0.7260164733038482
Weaker dynamics,39,320,8,0.5,0.15,144,208,320,diag,cholesky_gaussian_ar,bures_transport,44,36,3,3,10,8.0,0.03,0.05,20.0,0.0,0.0,1e-06,0.504640125614694,0.5107245145291058,0.48324481357612004,0.8048644233207528,0.0018419356199809946,0.5088825789091248,112,0.14232222971050154,0.8221723036260357,0.8225705345775712,0.7251773320331735
Weaker dynamics,39,320,8,0.5,0.15,144,208,320,diag,log_euclidean_gaussian_ar,bures_transport,44,36,3,3,10,8.0,0.03,0.05,20.0,0.0,0.0,0.0001,0.49505233878890664,0.4999885234156723,0.4627389243043613,0.8012817183493388,0.001844067021678726,0.4981444563939935,112,0.1374632741142471,0.8048893373803705,0.805213164638585,0.7260164733038482
Weaker dynamics,39,320,8,0.5,0.15,144,208,320,diag,bwar_barycenter,bures_transport,44,36,3,3,10,8.0,0.03,0.05,20.0,0.0,0.0,1e-06,0.4800171069598005,0.48311651503869024,0.4493457483248059,0.795219973053498,0.0018419356199809946,0.48127457941870927,112,0.171410139929422,0.7777285146677756,0.7779442733521819,0.7251773320331735
Weaker dynamics,40,320,8,0.5,0.15,144,208,320,diag,persistence,bures_transport,44,36,3,3,10,8.0,0.03,0.05,20.0,0.0,0.0,,0.6562551724593759,0.6452712598734668,,,0.0027532327437628902,0.6425180271297039,112,0.08813106184170995,1.0,1.0,1.0
Weaker dynamics,40,320,8,0.5,0.15,144,208,320,diag,euclidean_gaussian_ar,bures_transport,44,36,3,3,10,8.0,0.03,0.05,20.0,0.0,0.0,0.0001,0.5098196867176175,0.5011773815726455,0.47541770782672604,0.768673169581337,0.002234416809284898,0.4989429647633605,112,0.2814755298397186,0.7766925520143619,0.7765431376178957,0.8115611781629047
Weaker dynamics,40,320,8,0.5,0.15,144,208,320,diag,cholesky_gaussian_ar,bures_transport,44,36,3,3,10,8.0,0.03,0.05,20.0,0.0,0.0,1e-06,0.5292387151575804,0.510279859231928,0.4783187134044884,0.7968387347457256,0.0021988548794636656,0.5080810043524643,112,0.20362862340196416,0.7907989879046997,0.79076536828421,0.7986447511366049
Weaker dynamics,40,320,8,0.5,0.15,144,208,320,diag,log_euclidean_gaussian_ar,bures_transport,44,36,3,3,10,8.0,0.03,0.05,20.0,0.0,0.0,1e-06,0.5141024797919904,0.49515532811541274,0.4689881215863648,0.7904300894234512,0.0021988548794636656,0.4929564732359491,112,0.19313045646116436,0.7673599599221408,0.7672259024981987,0.7986447511366049
Weaker dynamics,40,320,8,0.5,0.15,144,208,320,diag,bwar_barycenter,bures_transport,44,36,3,3,10,8.0,0.03,0.05,20.0,0.0,0.0,1e-06,0.4990967224082626,0.4861718277246815,0.4649064179179683,0.766728025136839,0.002198854879463665,0.4839729728452178,112,0.2183603124945755,0.7534379073694006,0.7532441930186017,0.7986447511366048
Weaker dynamics,41,320,8,0.5,0.15,144,208,320,diag,persistence,bures_transport,44,36,3,3,10,8.0,0.03,0.05,20.0,0.0,0.003125,,0.7611369772475107,0.6799684434493078,,,0.003266442716401949,0.6767020007329058,112,0.049999999999999885,1.0,1.0,1.0
Weaker dynamics,41,320,8,0.5,0.15,144,208,320,diag,euclidean_gaussian_ar,bures_transport,44,36,3,3,10,8.0,0.03,0.05,20.0,0.0,0.003125,0.0001,0.5710617743986065,0.527285130900984,0.4999770780407262,0.8090424909298984,0.0024521540379758362,0.5248329768630081,112,0.32055847472344584,0.7754552964637592,0.7755747379120868,0.7507108652671957
Weaker dynamics,41,320,8,0.5,0.15,144,208,320,diag,cholesky_gaussian_ar,bures_transport,44,36,3,3,10,8.0,0.03,0.05,20.0,0.0,0.003125,0.0001,0.5840673937238559,0.5441284911688976,0.5192312137248021,0.829927680358573,0.0024521540379758362,0.5416763371309218,112,0.2237095765676264,0.8002260934473245,0.8004651036117173,0.7507108652671957
Weaker dynamics,41,320,8,0.5,0.15,144,208,320,diag,log_euclidean_gaussian_ar,bures_transport,44,36,3,3,10,8.0,0.03,0.05,20.0,0.0,0.003125,0.0001,0.5668883767347845,0.5240514446913555,0.49200369282694445,0.8042952823341166,0.0024521540379758362,0.5215992906533796,112,0.19631705116987475,0.7706996548736513,0.7707961408248516,0.7507108652671957
Weaker dynamics,41,320,8,0.5,0.15,144,208,320,diag,bwar_barycenter,bures_transport,44,36,3,3,10,8.0,0.03,0.05,20.0,0.0,0.003125,0.001,0.5562425934242323,0.5132619332651976,0.4874049923750752,0.7979755915890396,0.0026702090520714997,0.5105917242131262,112,0.24896609126789332,0.7548319899399297,0.7545296506588233,0.8174669767400016
Weaker dynamics,42,320,8,0.5,0.15,144,208,320,diag,persistence,bures_transport,44,36,3,3,10,8.0,0.03,0.05,20.0,0.0,0.0,,0.6972590820529598,0.6989974361602365,,,0.002811767922825663,0.6961856682374109,112,0.12153481448150352,1.0,1.0,1.0
Weaker dynamics,42,320,8,0.5,0.15,144,208,320,diag,euclidean_gaussian_ar,bures_transport,44,36,3,3,10,8.0,0.03,0.05,20.0,0.0,0.0,1e-06,0.5544100839424184,0.545321874782183,0.5204231296045632,0.8220625650054814,0.002053562671057687,0.5432683121111254,112,0.3061038248311981,0.7801486050904123,0.780349749925995,0.7303457210629163
Weaker dynamics,42,320,8,0.5,0.15,144,208,320,diag,cholesky_gaussian_ar,bures_transport,44,36,3,3,10,8.0,0.03,0.05,20.0,0.0,0.0,1e-06,0.578197927250047,0.5687620468608029,0.5379035358648662,0.8406910905152443,0.002053562671057687,0.5667084841897452,112,0.25184030847427363,0.813682593723307,0.8140191762702133,0.7303457210629163
Weaker dynamics,42,320,8,0.5,0.15,144,208,320,diag,log_euclidean_gaussian_ar,bures_transport,44,36,3,3,10,8.0,0.03,0.05,20.0,0.0,0.0,1e-06,0.5515082939445829,0.5524528117875758,0.5202088243956241,0.8466854962014945,0.002053562671057687,0.550399249116518,112,0.24683914119660144,0.7903502691259269,0.7905926166363176,0.7303457210629163
Weaker dynamics,42,320,8,0.5,0.15,144,208,320,diag,bwar_barycenter,bures_transport,44,36,3,3,10,8.0,0.03,0.05,20.0,0.0,0.0,1e-06,0.5387373140382461,0.5340501584164663,0.5072596266150338,0.8029271739270477,0.002053562671057687,0.5319965957454087,112,0.2684124488641233,0.7640230575810609,0.7641590742485509,0.7303457210629163
Weaker dynamics,43,320,8,0.5,0.15,144,208,320,diag,persistence,bures_transport,44,36,3,3,10,8.0,0.03,0.05,20.0,0.0,0.0,,0.6419465969925642,0.6185741982076535,,,0.0026304457321513985,0.615943752475502,112,0.08876676411483862,1.0,1.0,1.0
Weaker dynamics,43,320,8,0.5,0.15,144,208,320,diag,euclidean_gaussian_ar,bures_transport,44,36,3,3,10,8.0,0.03,0.05,20.0,0.0,0.0,0.0001,0.5117948173486614,0.49569510329474004,0.44388794347258725,0.8256084466694095,0.0020356016804549274,0.4936595016142852,112,0.239066456241966,0.801351082426391,0.8014684776495391,0.7738618803551754
Weaker dynamics,43,320,8,0.5,0.15,144,208,320,diag,cholesky_gaussian_ar,bures_transport,44,36,3,3,10,8.0,0.03,0.05,20.0,0.0,0.0,1e-06,0.5189477818734307,0.4991369091822044,0.44218479621777596,0.8453651656893897,0.002013130170017486,0.49712377901218696,112,0.2058167406137859,0.8069151778856538,0.8070928181578708,0.7653190276504886
Weaker dynamics,43,320,8,0.5,0.15,144,208,320,diag,log_euclidean_gaussian_ar,bures_transport,44,36,3,3,10,8.0,0.03,0.05,20.0,0.0,0.0,1e-06,0.5117684911585728,0.49651268589817393,0.4306111524409682,0.8613432766004346,0.002013130170017486,0.4944995557281565,112,0.19218457838353417,0.8026728035809475,0.802832326394648,0.7653190276504886
Weaker dynamics,43,320,8,0.5,0.15,144,208,320,diag,bwar_barycenter,bures_transport,44,36,3,3,10,8.0,0.03,0.05,20.0,0.0,0.0,1e-06,0.4965701059348213,0.4858603711424519,0.43500460517905015,0.8239079704430347,0.002013130170017486,0.4838472409724344,112,0.2201195207288226,0.7854520485177916,0.7855380284771677,0.7653190276504886
Weaker dynamics,44,320,8,0.5,0.15,144,208,320,diag,persistence,bures_transport,44,36,3,3,10,8.0,0.03,0.05,20.0,0.0,0.00625,,0.6629923933405509,0.6015727975975099,,,0.00239335019437081,0.599179447403139,112,0.09141015106802076,1.0,1.0,1.0
Weaker dynamics,44,320,8,0.5,0.15,144,208,320,diag,euclidean_gaussian_ar,bures_transport,44,36,3,3,10,8.0,0.03,0.05,20.0,0.0,0.00625,1e-06,0.5259143845488302,0.48317608730532163,0.43668155863376945,0.7780173529870217,0.0020180375308085784,0.48115804977451304,112,0.32046026695511864,0.8031880584277963,0.8030282945449245,0.8431852286201277
Weaker dynamics,44,320,8,0.5,0.15,144,208,320,diag,cholesky_gaussian_ar,bures_transport,44,36,3,3,10,8.0,0.03,0.05,20.0,0.0,0.00625,1e-06,0.5495301617394264,0.49806611351097285,0.4648541064617363,0.800550887453317,0.0020180375308085784,0.4960480759801643,112,0.1996233270468959,0.8279398860787759,0.8278789903926962,0.8431852286201277
Weaker dynamics,44,320,8,0.5,0.15,144,208,320,diag,log_euclidean_gaussian_ar,bures_transport,44,36,3,3,10,8.0,0.03,0.05,20.0,0.0,0.00625,1e-06,0.5558753472289009,0.49889212330745325,0.46384079584427784,0.7921043160604009,0.0020180375308085784,0.49687408577664466,112,0.1917218272017662,0.8293129697683629,0.8292575586998374,0.8431852286201277
Weaker dynamics,44,320,8,0.5,0.15,144,208,320,diag,bwar_barycenter,bures_transport,44,36,3,3,10,8.0,0.03,0.05,20.0,0.0,0.00625,1e-06,0.5194177914787883,0.47200749848158186,0.4374162523328713,0.7646233501104357,0.0020180375308085784,0.46998946095077326,112,0.22243733234966107,0.7846224103992557,0.7843884882696179,0.8431852286201277
Weaker dynamics,45,320,8,0.5,0.15,144,208,320,diag,persistence,bures_transport,44,36,3,3,10,8.0,0.03,0.05,20.0,0.0,0.00625,,0.5854906830617956,0.6075156337914083,,,0.002825709393444047,0.6046899243979642,112,0.04999999999999993,1.0,1.0,1.0
Weaker dynamics,45,320,8,0.5,0.15,144,208,320,diag,euclidean_gaussian_ar,bures_transport,44,36,3,3,10,8.0,0.03,0.05,20.0,0.0,0.00625,0.0001,0.45282949743060585,0.4906328923742418,0.44093522826942627,0.8611598241098256,0.0021449917822622213,0.4884879005919795,112,0.27757951116750423,0.8076053768563618,0.8078320489270981,0.7590985071709199
Weaker dynamics,45,320,8,0.5,0.15,144,208,320,diag,cholesky_gaussian_ar,bures_transport,44,36,3,3,10,8.0,0.03,0.05,20.0,0.0,0.00625,1e-06,0.4669117405539651,0.5013084761338474,0.4474755703367572,0.8188175012930471,0.002147466457902707,0.4991610096759446,112,0.1889768632267043,0.825177902015889,0.8254825978337819,0.7599742786307263
Weaker dynamics,45,320,8,0.5,0.15,144,208,320,diag,log_euclidean_gaussian_ar,bures_transport,44,36,3,3,10,8.0,0.03,0.05,20.0,0.0,0.00625,1e-06,0.4506897043873923,0.48865815796457596,0.4413724916963909,0.8102552878204492,0.002147466457902707,0.48651069150667325,112,0.15846023157664432,0.8043548688861524,0.8045622588983081,0.7599742786307263
Weaker dynamics,45,320,8,0.5,0.15,144,208,320,diag,bwar_barycenter,bures_transport,44,36,3,3,10,8.0,0.03,0.05,20.0,0.0,0.00625,1e-06,0.4427056421808189,0.47915129332061357,0.43240250960767523,0.81887935950345,0.0021474664579027047,0.4770038268627109,112,0.19826470766626553,0.7887061116934665,0.7888403752346644,0.7599742786307255
Weaker dynamics,46,320,8,0.5,0.15,144,208,320,diag,persistence,bures_transport,44,36,3,3,10,8.0,0.03,0.05,20.0,0.0,0.0,,0.6424521381530137,0.6875085265957431,,,0.0028722578257733716,0.6846362687699699,112,0.09749336375852344,1.0,1.0,1.0
Weaker dynamics,46,320,8,0.5,0.15,144,208,320,diag,euclidean_gaussian_ar,bures_transport,44,36,3,3,10,8.0,0.03,0.05,20.0,0.0,0.0,1e-06,0.5268560035066887,0.5211033249810698,0.4881867045055047,0.7462503147206265,0.002097348317752256,0.5190059766633176,112,0.30821738280349437,0.7579590722479577,0.7580754925469744,0.7302089314309843
Weaker dynamics,46,320,8,0.5,0.15,144,208,320,diag,cholesky_gaussian_ar,bures_transport,44,36,3,3,10,8.0,0.03,0.05,20.0,0.0,0.0,1e-06,0.5421601471057464,0.5447698779496042,0.5044557667004913,0.7866803966540945,0.002097348317752256,0.542672529631852,112,0.24914890027258035,0.7923827223599371,0.7926435603635599,0.7302089314309843
Weaker dynamics,46,320,8,0.5,0.15,144,208,320,diag,log_euclidean_gaussian_ar,bures_transport,44,36,3,3,10,8.0,0.03,0.05,20.0,0.0,0.0,1e-06,0.528828780752975,0.5280061734280975,0.48954955897473684,0.8049726228701205,0.002097348317752256,0.5259088251103454,112,0.22218745679818278,0.7679994545559529,0.7681579973190771,0.7302089314309843
Weaker dynamics,46,320,8,0.5,0.15,144,208,320,diag,bwar_barycenter,bures_transport,44,36,3,3,10,8.0,0.03,0.05,20.0,0.0,0.0,1e-06,0.5118765680523474,0.5121533162163983,0.45907096723908253,0.7624171340405914,0.002097348317752256,0.5100559678986459,112,0.25038177123679894,0.7449410391349892,0.7450028448171785,0.7302089314309843
Weaker dynamics,47,320,8,0.5,0.15,144,208,320,diag,persistence,bures_transport,44,36,3,3,10,8.0,0.03,0.05,20.0,0.0,0.0125,,0.593153407176837,0.6383980193590567,,,0.002301978528044933,0.6360960408310119,112,0.080358453002623,1.0,1.0,1.0
Weaker dynamics,47,320,8,0.5,0.15,144,208,320,diag,euclidean_gaussian_ar,bures_transport,44,36,3,3,10,8.0,0.03,0.05,20.0,0.0,0.0125,1e-06,0.4792451929530883,0.48478641791627824,0.4353715581846451,0.7662392887883066,0.0017734142976538806,0.48301300361862437,112,0.29644766016570945,0.7593795770278196,0.7593397421364296,0.7703869849559538
Weaker dynamics,47,320,8,0.5,0.15,144,208,320,diag,cholesky_gaussian_ar,bures_transport,44,36,3,3,10,8.0,0.03,0.05,20.0,0.0,0.0125,1e-06,0.4839203956135576,0.5039818795673285,0.4514692683318151,0.8043350723202141,0.0017734142976538806,0.5022084652696746,112,0.25143651192556704,0.7894477493418914,0.7895167286587365,0.7703869849559538
Weaker dynamics,47,320,8,0.5,0.15,144,208,320,diag,log_euclidean_gaussian_ar,bures_transport,44,36,3,3,10,8.0,0.03,0.05,20.0,0.0,0.0125,1e-06,0.4607430334430452,0.487937269510268,0.43209153251633614,0.7412199223257152,0.0017734142976538806,0.48616385521261407,112,0.17570436491832925,0.7643151368172331,0.7642931633051471,0.7703869849559538
Weaker dynamics,47,320,8,0.5,0.15,144,208,320,diag,bwar_barycenter,bures_transport,44,36,3,3,10,8.0,0.03,0.05,20.0,0.0,0.0125,1e-06,0.4555005660809124,0.473445668389326,0.41969698451859294,0.7368498749733221,0.0017734142976538801,0.4716722540916722,112,0.20844683356752913,0.7416151899478938,0.7415110672210248,0.7703869849559537
Weaker dynamics,48,320,8,0.5,0.15,144,208,320,diag,persistence,bures_transport,44,36,3,3,10,8.0,0.03,0.05,20.0,0.0,0.003125,,0.6722624867652494,0.6639423447145612,,,0.0023208439092632102,0.6616215008052979,112,0.04999999999999971,1.0,1.0,1.0
Weaker dynamics,48,320,8,0.5,0.15,144,208,320,diag,euclidean_gaussian_ar,bures_transport,44,36,3,3,10,8.0,0.03,0.05,20.0,0.0,0.003125,1e-06,0.54625306530771,0.520561929382702,0.4920903410011928,0.7995674730113418,0.0018020755511083467,0.5187598538315936,112,0.2727421743060706,0.7840468882979582,0.7840734516641024,0.7764742574525164
Weaker dynamics,48,320,8,0.5,0.15,144,208,320,diag,cholesky_gaussian_ar,bures_transport,44,36,3,3,10,8.0,0.03,0.05,20.0,0.0,0.003125,1e-06,0.5588223508509553,0.525956145860009,0.49470387068939553,0.8029303107594911,0.0018020755511083467,0.5241540703089008,112,0.225387096432283,0.7921714137484717,0.7922264764233364,0.7764742574525164
Weaker dynamics,48,320,8,0.5,0.15,144,208,320,diag,log_euclidean_gaussian_ar,bures_transport,44,36,3,3,10,8.0,0.03,0.05,20.0,0.0,0.003125,1e-06,0.5574359374922873,0.5234538414018167,0.5010612592868744,0.7752734850527896,0.0018020755511083467,0.5216517658507084,112,0.22762741980597465,0.7884025556870566,0.7884443979159924,0.7764742574525164
Weaker dynamics,48,320,8,0.5,0.15,144,208,320,diag,bwar_barycenter,bures_transport,44,36,3,3,10,8.0,0.03,0.05,20.0,0.0,0.003125,1e-06,0.5335909973356199,0.5089040198373548,0.48161101041952625,0.7922195701302512,0.0018020755511083462,0.5071019442862463,112,0.2426755545911298,0.7664882709900667,0.7664532420258761,0.7764742574525163
Weaker dynamics,49,320,8,0.5,0.15,144,208,320,diag,persistence,bures_transport,44,36,3,3,10,8.0,0.03,0.05,20.0,0.0,0.0,,0.6175393284766605,0.6341504233852834,,,0.002949794614809875,0.6312006287704734,112,0.05096818429655895,1.0,1.0,1.0
Weaker dynamics,49,320,8,0.5,0.15,144,208,320,diag,euclidean_gaussian_ar,bures_transport,44,36,3,3,10,8.0,0.03,0.05,20.0,0.0,0.0,0.0001,0.4975626668336124,0.5030950715018501,0.4690376359155072,0.7370464921199394,0.002258989698238078,0.500836081803612,112,0.2372846414682431,0.7933371215242262,0.7934657523697327,0.7658125372175032
Weaker dynamics,49,320,8,0.5,0.15,144,208,320,diag,cholesky_gaussian_ar,bures_transport,44,36,3,3,10,8.0,0.03,0.05,20.0,0.0,0.0,1e-06,0.5011674706075507,0.5153868376498101,0.4976202953888236,0.7337310659959029,0.002231385834905622,0.5131554518149044,112,0.18337611644637383,0.8127201664528142,0.8129831125398096,0.7564546438937217
Weaker dynamics,49,320,8,0.5,0.15,144,208,320,diag,log_euclidean_gaussian_ar,bures_transport,44,36,3,3,10,8.0,0.03,0.05,20.0,0.0,0.0,1e-06,0.49130842185237217,0.49754350954068266,0.4783956775015564,0.7464156906582881,0.002231385834905622,0.495312123705777,112,0.1630736384691512,0.7845827917052355,0.7847142431885785,0.7564546438937217
Weaker dynamics,49,320,8,0.5,0.15,144,208,320,diag,bwar_barycenter,bures_transport,44,36,3,3,10,8.0,0.03,0.05,20.0,0.0,0.0,0.0001,0.4842551531188618,0.4876324570789206,0.46392114851413635,0.7298767401427351,0.002258989698238079,0.4853734673806826,112,0.1944948186176832,0.7689539249627773,0.7689686056336,0.7658125372175036
Weaker dynamics,50,320,8,0.5,0.15,144,208,320,diag,persistence,bures_transport,44,36,3,3,10,8.0,0.03,0.05,20.0,0.0,0.003125,,0.6459972242231549,0.6727611008683277,,,0.002833155671678926,0.6699279451966488,112,0.04999999999999901,1.0,1.0,1.0
Weaker dynamics,50,320,8,0.5,0.15,144,208,320,diag,euclidean_gaussian_ar,bures_transport,44,36,3,3,10,8.0,0.03,0.05,20.0,0.0,0.003125,1e-06,0.5200611666676136,0.5231144301340904,0.466081655086782,0.904584205042689,0.0020498628691414523,0.521064567264949,112,0.2525210306841795,0.7775634314452939,0.7777919565842222,0.7235263807183264
Weaker dynamics,50,320,8,0.5,0.15,144,208,320,diag,cholesky_gaussian_ar,bures_transport,44,36,3,3,10,8.0,0.03,0.05,20.0,0.0,0.003125,1e-06,0.5405252784154888,0.5357162446845375,0.4808445277776837,0.902135817065933,0.0020498628691414523,0.5336663818153962,112,0.186084500412244,0.7962949165656167,0.7966026580048773,0.7235263807183264
Weaker dynamics,50,320,8,0.5,0.15,144,208,320,diag,log_euclidean_gaussian_ar,bures_transport,44,36,3,3,10,8.0,0.03,0.05,20.0,0.0,0.003125,1e-06,0.5188985283738938,0.5257095103491435,0.4681283079271201,0.9026652909207129,0.0020498628691414523,0.5236596474800019,112,0.17426165655366446,0.7814207891487991,0.7816656272284452,0.7235263807183264
Weaker dynamics,50,320,8,0.5,0.15,144,208,320,diag,bwar_barycenter,bures_transport,44,36,3,3,10,8.0,0.03,0.05,20.0,0.0,0.003125,1e-06,0.5058694083066666,0.5116127197032481,0.45726342258867203,0.8954914901722444,0.002049862869141453,0.5095628568341066,112,0.20574557344306058,0.7604671540059516,0.760623378212012,0.7235263807183268
Weaker dynamics,51,320,8,0.5,0.15,144,208,320,diag,persistence,bures_transport,44,36,3,3,10,8.0,0.03,0.05,20.0,0.0,0.003125,,0.6850048538223872,0.6910691983447644,,,0.0029103379073088767,0.6881588604374558,112,0.0499999999999995,1.0,1.0,1.0
Weaker dynamics,51,320,8,0.5,0.15,144,208,320,diag,euclidean_gaussian_ar,bures_transport,44,36,3,3,10,8.0,0.03,0.05,20.0,0.0,0.003125,1e-06,0.5215386092937679,0.5334596619222725,0.47485150057347714,0.8764184870243987,0.0021903170357557983,0.5312693448865167,112,0.30699875216477185,0.7719337849234269,0.7720155554617054,0.7525988752904417
Weaker dynamics,51,320,8,0.5,0.15,144,208,320,diag,cholesky_gaussian_ar,bures_transport,44,36,3,3,10,8.0,0.03,0.05,20.0,0.0,0.003125,1e-06,0.5497956634849658,0.5606429336043636,0.507895653278442,0.8779529149353636,0.0021903170357557983,0.5584526165686078,112,0.20426587634222307,0.8112688786408143,0.8115170038115981,0.7525988752904417
Weaker dynamics,51,320,8,0.5,0.15,144,208,320,diag,log_euclidean_gaussian_ar,bures_transport,44,36,3,3,10,8.0,0.03,0.05,20.0,0.0,0.003125,1e-06,0.5317758816720488,0.537420358877014,0.4803600952282408,0.8675067555965434,0.0021903170357557983,0.5352300418412582,112,0.16451535585588312,0.7776650444908163,0.7777710534759631,0.7525988752904417
Weaker dynamics,51,320,8,0.5,0.15,144,208,320,diag,bwar_barycenter,bures_transport,44,36,3,3,10,8.0,0.03,0.05,20.0,0.0,0.003125,1e-06,0.5134813189284119,0.5226130832951688,0.4605291481885564,0.8784042798431474,0.002190317035755798,0.520422766259413,112,0.22390939573862254,0.7562384266972417,0.7562538189635245,0.7525988752904416
Weaker dynamics,52,320,8,0.5,0.15,144,208,320,diag,persistence,bures_transport,44,36,3,3,10,8.0,0.03,0.05,20.0,0.0,0.003125,,0.6268606160774706,0.6143654472331898,,,0.0027674800779400807,0.6115979671552498,112,0.05313565811290194,1.0,1.0,1.0
Weaker dynamics,52,320,8,0.5,0.15,144,208,320,diag,euclidean_gaussian_ar,bures_transport,44,36,3,3,10,8.0,0.03,0.05,20.0,0.0,0.003125,1e-06,0.49902795065402644,0.490494259666619,0.4297384156429791,0.7671797724856558,0.00206136793987499,0.48843289172674403,112,0.3319008211691789,0.79837539997663,0.798617585337328,0.7448537593120919
Weaker dynamics,52,320,8,0.5,0.15,144,208,320,diag,cholesky_gaussian_ar,bures_transport,44,36,3,3,10,8.0,0.03,0.05,20.0,0.0,0.003125,1e-06,0.4949661240072236,0.49929569049985617,0.4530840544059282,0.7791015352067606,0.00206136793987499,0.4972343225599812,112,0.19029262823619866,0.8127014511451561,0.813008461870446,0.7448537593120919
Weaker dynamics,52,320,8,0.5,0.15,144,208,320,diag,log_euclidean_gaussian_ar,bures_transport,44,36,3,3,10,8.0,0.03,0.05,20.0,0.0,0.003125,1e-06,0.48418616465279357,0.4824620669382453,0.4273730110914572,0.7751512144835565,0.00206136793987499,0.4804006989983703,112,0.16071401543008768,0.7853014343678104,0.7854844600495933,0.7448537593120919
Weaker dynamics,52,320,8,0.5,0.15,144,208,320,diag,bwar_barycenter,bures_transport,44,36,3,3,10,8.0,0.03,0.05,20.0,0.0,0.003125,1e-06,0.479605453657481,0.4735304480389793,0.4143180499274562,0.7480574219111641,0.00206136793987499,0.47146908009910427,112,0.20595346454537422,0.7707634766433165,0.7708807180835923,0.7448537593120919
Weaker dynamics,53,320,8,0.5,0.15,144,208,320,diag,persistence,bures_transport,44,36,3,3,10,8.0,0.03,0.05,20.0,0.0,0.003125,,0.6486923438432272,0.6372153375826751,,,0.0026453817452794853,0.6345699558373956,112,0.07346618150576681,1.0,1.0,1.0
Weaker dynamics,53,320,8,0.5,0.15,144,208,320,diag,euclidean_gaussian_ar,bures_transport,44,36,3,3,10,8.0,0.03,0.05,20.0,0.0,0.003125,0.0001,0.5183900699180708,0.4978665094076498,0.45556935970384943,0.783486081073948,0.0020175823542909655,0.49584892705335876,112,0.3155601908234318,0.7813159540326576,0.7813936390969269,0.7626809846598557
Weaker dynamics,53,320,8,0.5,0.15,144,208,320,diag,cholesky_gaussian_ar,bures_transport,44,36,3,3,10,8.0,0.03,0.05,20.0,0.0,0.003125,1e-06,0.5274608556342566,0.5168525617983492,0.48183398412467693,0.7925954651119115,0.00200796105705475,0.5148446007412943,112,0.22848266055979402,0.8111113014935715,0.8113283586864611,0.759043968091875
Weaker dynamics,53,320,8,0.5,0.15,144,208,320,diag,log_euclidean_gaussian_ar,bures_transport,44,36,3,3,10,8.0,0.03,0.05,20.0,0.0,0.003125,1e-06,0.5102021936616282,0.4988486313561777,0.4579722514198634,0.781403621480256,0.00200796105705475,0.49684067029912293,112,0.22189544224529978,0.7828572257042619,0.7829564979064895,0.759043968091875
Weaker dynamics,53,320,8,0.5,0.15,144,208,320,diag,bwar_barycenter,bures_transport,44,36,3,3,10,8.0,0.03,0.05,20.0,0.0,0.003125,1e-06,0.5006240874768176,0.4849985648126439,0.45146602559709736,0.7655551991751608,0.00200796105705475,0.48299060375558917,112,0.23574204778702557,0.7611219256782532,0.7611305882236762,0.759043968091875
Weaker dynamics,54,320,8,0.5,0.15,144,208,320,diag,persistence,bures_transport,44,36,3,3,10,8.0,0.03,0.05,20.0,0.0,0.0125,,0.5940090605913934,0.5746551276328982,,,0.002465955269379104,0.5721891723635191,112,0.05000000000000067,1.0,1.0,1.0
Weaker dynamics,54,320,8,0.5,0.15,144,208,320,diag,euclidean_gaussian_ar,bures_transport,44,36,3,3,10,8.0,0.03,0.05,20.0,0.0,0.0125,1e-06,0.4746283433289442,0.45442188586442783,0.4314055296329288,0.6757461854088052,0.0020107058007497124,0.45241118006367803,112,0.2969328826117934,0.7907732203422052,0.7906671463126804,0.8153861611836871
Weaker dynamics,54,320,8,0.5,0.15,144,208,320,diag,cholesky_gaussian_ar,bures_transport,44,36,3,3,10,8.0,0.03,0.05,20.0,0.0,0.0125,1e-06,0.47261985360751835,0.475497348956115,0.4602409155223782,0.6909666739531237,0.0020107058007497124,0.47348664315536526,112,0.17881608357680967,0.827448196477023,0.8275001800533079,0.8153861611836871
Weaker dynamics,54,320,8,0.5,0.15,144,208,320,diag,log_euclidean_gaussian_ar,bures_transport,44,36,3,3,10,8.0,0.03,0.05,20.0,0.0,0.0125,1e-06,0.47084511003680035,0.4607564180541157,0.439210491225022,0.6601571226386421,0.0020107058007497124,0.45874571225336597,112,0.16757464465426017,0.8017964095300941,0.8017378419770568,0.8153861611836871
Weaker dynamics,54,320,8,0.5,0.15,144,208,320,diag,bwar_barycenter,bures_transport,44,36,3,3,10,8.0,0.03,0.05,20.0,0.0,0.0125,1e-06,0.4614596376815532,0.4450905339823644,0.4298082397820156,0.6635207098256047,0.0020107058007497124,0.4430798281816147,112,0.20856938203007194,0.7745350429844204,0.7743589875205126,0.8153861611836871
Weaker dynamics,55,320,8,0.5,0.15,144,208,320,diag,persistence,bures_transport,44,36,3,3,10,8.0,0.03,0.05,20.0,0.0,0.0,,0.5853024423486474,0.6213327253210229,,,0.002591510858994477,0.6187412144620285,112,0.06281841085881737,1.0,1.0,1.0
Weaker dynamics,55,320,8,0.5,0.15,144,208,320,diag,euclidean_gaussian_ar,bures_transport,44,36,3,3,10,8.0,0.03,0.05,20.0,0.0,0.0,0.0001,0.46208496014939093,0.4868699487215854,0.4562579542096658,0.7075170410551564,0.002048859505917228,0.4848210892156681,112,0.3063539116596133,0.783589740054389,0.7835603607514674,0.7906042526529095
Weaker dynamics,55,320,8,0.5,0.15,144,208,320,diag,cholesky_gaussian_ar,bures_transport,44,36,3,3,10,8.0,0.03,0.05,20.0,0.0,0.0,1e-06,0.4806252066554626,0.5038407727570013,0.4713338339763687,0.7202591067497579,0.002014267595339051,0.5018265051616623,112,0.2323994958611321,0.8109033247793005,0.8110442515098675,0.7772560891836664
Weaker dynamics,55,320,8,0.5,0.15,144,208,320,diag,log_euclidean_gaussian_ar,bures_transport,44,36,3,3,10,8.0,0.03,0.05,20.0,0.0,0.0,1e-06,0.45916837134098887,0.4810574555342258,0.4582313783251647,0.6864429951020714,0.002014267595339051,0.47904318793888684,112,0.18980178371771486,0.774234859890373,0.7742222058949093,0.7772560891836664
Weaker dynamics,55,320,8,0.5,0.15,144,208,320,diag,bwar_barycenter,bures_transport,44,36,3,3,10,8.0,0.03,0.05,20.0,0.0,0.0,1e-06,0.4464391173866867,0.47184258284454744,0.4513770860891846,0.6749883795114167,0.0020142675953390525,0.4698283152492084,112,0.23440779860424105,0.7594040416924143,0.7593292708934961,0.7772560891836668
Weaker dynamics,56,320,8,0.5,0.15,144,208,320,diag,persistence,bures_transport,44,36,3,3,10,8.0,0.03,0.05,20.0,0.0,0.0,,0.7362851923867828,0.6827961719825133,,,0.0026433934113087023,0.6801527785712045,112,0.07096549645072828,1.0,1.0,1.0
Weaker dynamics,56,320,8,0.5,0.15,144,208,320,diag,euclidean_gaussian_ar,bures_transport,44,36,3,3,10,8.0,0.03,0.05,20.0,0.0,0.0,1e-06,0.5991332649711987,0.5332261009258235,0.49766319998257574,0.8550332307074278,0.001933610947418425,0.5312924899784051,112,0.28744819882129075,0.7809447721090615,0.781136983803095,0.7314881466928999
Weaker dynamics,56,320,8,0.5,0.15,144,208,320,diag,cholesky_gaussian_ar,bures_transport,44,36,3,3,10,8.0,0.03,0.05,20.0,0.0,0.0,1e-06,0.601393729039558,0.5400452074127274,0.4957792379582766,0.9216304347928983,0.001933610947418425,0.538111596465309,112,0.20340467718111796,0.7909318030367608,0.7911628290275001,0.7314881466928999
Weaker dynamics,56,320,8,0.5,0.15,144,208,320,diag,log_euclidean_gaussian_ar,bures_transport,44,36,3,3,10,8.0,0.03,0.05,20.0,0.0,0.0,1e-06,0.5906852318632171,0.5266954205632197,0.48723656967016327,0.8824144012631935,0.001933610947418425,0.5247618096158012,112,0.1944972504093319,0.7713801602518483,0.7715351993682467,0.7314881466928999
Weaker dynamics,56,320,8,0.5,0.15,144,208,320,diag,bwar_barycenter,bures_transport,44,36,3,3,10,8.0,0.03,0.05,20.0,0.0,0.0,1e-06,0.5783830122690293,0.5165947659192065,0.4828665437418884,0.8425980079726627,0.001933610947418425,0.5146611549717881,112,0.21531875166692258,0.7565870857466329,0.7566846320218462,0.7314881466928999
Weaker dynamics,57,320,8,0.5,0.15,144,208,320,diag,persistence,bures_transport,44,36,3,3,10,8.0,0.03,0.05,20.0,0.0,0.0,,0.615468103412973,0.5824615147970251,,,0.0027210510997064444,0.5797404636973188,112,0.076175276920206,1.0,1.0,1.0
Weaker dynamics,57,320,8,0.5,0.15,144,208,320,diag,euclidean_gaussian_ar,bures_transport,44,36,3,3,10,8.0,0.03,0.05,20.0,0.0,0.0,0.0001,0.469078982916629,0.44635968287680655,0.42360629839162045,0.6921114005720943,0.0021558511770775465,0.44420383169972905,112,0.23464300931668666,0.7663333482768436,0.7662115369122258,0.7922861784220541
Weaker dynamics,57,320,8,0.5,0.15,144,208,320,diag,cholesky_gaussian_ar,bures_transport,44,36,3,3,10,8.0,0.03,0.05,20.0,0.0,0.0,1e-06,0.48584070121801937,0.4686657844558186,0.4439112254503843,0.6972990465789589,0.002125943239834616,0.466539841215984,112,0.2201048808133386,0.804629615089914,0.8047391383389161,0.7812948606749684
Weaker dynamics,57,320,8,0.5,0.15,144,208,320,diag,log_euclidean_gaussian_ar,bures_transport,44,36,3,3,10,8.0,0.03,0.05,20.0,0.0,0.0,1e-06,0.4688047492100232,0.4505583334761214,0.41622114610816163,0.6714509650701651,0.002125943239834616,0.4484323902362868,112,0.1915447192045519,0.7735418083942095,0.7735054189186497,0.7812948606749684
Weaker dynamics,57,320,8,0.5,0.15,144,208,320,diag,bwar_barycenter,bures_transport,44,36,3,3,10,8.0,0.03,0.05,20.0,0.0,0.0,0.001,0.4591810277195658,0.43862135318995843,0.4118114400725629,0.6655426260721803,0.0024600584933505846,0.4361612946966079,112,0.2231365027853502,0.7530477843550027,0.7523388861197841,0.9040839011130601
Weaker dynamics,58,320,8,0.5,0.15,144,208,320,diag,persistence,bures_transport,44,36,3,3,10,8.0,0.03,0.05,20.0,0.0,0.0,,0.5422783661129276,0.6067001077082074,,,0.0028430798475312566,0.603857027860676,112,0.05150881525988841,1.0,1.0,1.0
Weaker dynamics,58,320,8,0.5,0.15,144,208,320,diag,euclidean_gaussian_ar,bures_transport,44,36,3,3,10,8.0,0.03,0.05,20.0,0.0,0.0,1e-06,0.44669268594665834,0.46455141516477644,0.4577232702564983,0.6735840422383051,0.002166286595278024,0.4623851285694984,112,0.29576375445299674,0.7657018834554132,0.7657195449188041,0.7619506702068478
Weaker dynamics,58,320,8,0.5,0.15,144,208,320,diag,cholesky_gaussian_ar,bures_transport,44,36,3,3,10,8.0,0.03,0.05,20.0,0.0,0.0,1e-06,0.45615212702135854,0.4699590688912153,0.46562961542908166,0.6782057118613483,0.002166286595278024,0.46779278229593724,112,0.2247524175454253,0.7746151070690798,0.7746747337746777,0.7619506702068478
Weaker dynamics,58,320,8,0.5,0.15,144,208,320,diag,log_euclidean_gaussian_ar,bures_transport,44,36,3,3,10,8.0,0.03,0.05,20.0,0.0,0.0,0.0001,0.44244142698709266,0.46326228846994166,0.4523894191226253,0.670240469413083,0.002180862656306972,0.4610814258136347,112,0.1913889815014249,0.7635770664684765,0.7635605856027514,0.7670775262258953
Weaker dynamics,58,320,8,0.5,0.15,144,208,320,diag,bwar_barycenter,bures_transport,44,36,3,3,10,8.0,0.03,0.05,20.0,0.0,0.0,1e-06,0.43137934932482613,0.452929061644413,0.43827575708933253,0.6640339407130692,0.002166286595278024,0.4507627750491349,112,0.22740379927311916,0.7465452138377555,0.7464726818632581,0.7619506702068478
Weaker dynamics,59,320,8,0.5,0.15,144,208,320,diag,persistence,bures_transport,44,36,3,3,10,8.0,0.03,0.05,20.0,0.0,0.003125,,0.6136584996940948,0.6516796430402364,,,0.002718389702343906,0.6489612533378922,112,0.05000000000000034,1.0,1.0,1.0
Weaker dynamics,59,320,8,0.5,0.15,144,208,320,diag,euclidean_gaussian_ar,bures_transport,44,36,3,3,10,8.0,0.03,0.05,20.0,0.0,0.003125,1e-06,0.4793848356988747,0.5167922291533983,0.4845377481704025,0.8086963606745132,0.002175814045034705,0.5146164151083636,112,0.2266420969415493,0.7930157626873887,0.792984808355608,0.8004054912210085
Weaker dynamics,59,320,8,0.5,0.15,144,208,320,diag,cholesky_gaussian_ar,bures_transport,44,36,3,3,10,8.0,0.03,0.05,20.0,0.0,0.003125,1e-06,0.48302696323117844,0.5370324160458565,0.5038272338895571,0.8250688413868726,0.002175814045034705,0.5348566020008219,112,0.20532647803951354,0.8240742545531665,0.8241733990277846,0.8004054912210085
Weaker dynamics,59,320,8,0.5,0.15,144,208,320,diag,log_euclidean_gaussian_ar,bures_transport,44,36,3,3,10,8.0,0.03,0.05,20.0,0.0,0.003125,1e-06,0.4699074124658549,0.524254698994285,0.48006380609302524,0.8233507866194065,0.002175814045034705,0.5220788849492503,112,0.1929902645558845,0.8044668950352898,0.8044839075737876,0.8004054912210085
Weaker dynamics,59,320,8,0.5,0.15,144,208,320,diag,bwar_barycenter,bures_transport,44,36,3,3,10,8.0,0.03,0.05,20.0,0.0,0.003125,0.0001,0.46560382026431135,0.5085998099870358,0.4754236761417274,0.8002588098774289,0.002216174180563169,0.5063836358064726,112,0.2412513032876552,0.7804445258015118,0.7802987207663317,0.8152525661248252
Weaker dynamics,60,320,8,0.5,0.15,144,208,320,diag,persistence,bures_transport,44,36,3,3,10,8.0,0.03,0.05,20.0,0.0,0.00625,,0.7161593615330624,0.6769686081784615,,,0.0029213742824265873,0.6740472338960348,112,0.059979294532974826,1.0,1.0,1.0
Weaker dynamics,60,320,8,0.5,0.15,144,208,320,diag,euclidean_gaussian_ar,bures_transport,44,36,3,3,10,8.0,0.03,0.05,20.0,0.0,0.00625,0.0001,0.5575012198651346,0.5338615519877933,0.49420436333465684,0.7544444429840412,0.002075943663228633,0.5317856083245646,112,0.3133590553638598,0.7886060676052167,0.7889441297026185,0.7106051681622553
Weaker dynamics,60,320,8,0.5,0.15,144,208,320,diag,cholesky_gaussian_ar,bures_transport,44,36,3,3,10,8.0,0.03,0.05,20.0,0.0,0.00625,1e-06,0.6111864184946385,0.5430827315810429,0.5010749003992954,0.7967929228378602,0.0020815672256411445,0.5410011643554017,112,0.20281748466790966,0.8022273485358958,0.8026161033676845,0.712530139723188
Weaker dynamics,60,320,8,0.5,0.15,144,208,320,diag,log_euclidean_gaussian_ar,bures_transport,44,36,3,3,10,8.0,0.03,0.05,20.0,0.0,0.00625,1e-06,0.5676869391645079,0.5205595999304922,0.46927763147069324,0.7571043130986014,0.0020815672256411445,0.518478032704851,112,0.18527885893700052,0.7689567782635838,0.7692013357995935,0.712530139723188
Weaker dynamics,60,320,8,0.5,0.15,144,208,320,diag,bwar_barycenter,bures_transport,44,36,3,3,10,8.0,0.03,0.05,20.0,0.0,0.00625,1e-06,0.5474805124609424,0.5181858281494507,0.4777597194251384,0.7623579901691347,0.0020815672256411454,0.5161042609238096,112,0.2367806372595731,0.7654503058033192,0.7656796660090049,0.7125301397231883
Weaker dynamics,61,320,8,0.5,0.15,144,208,320,diag,persistence,bures_transport,44,36,3,3,10,8.0,0.03,0.05,20.0,0.0,0.003125,,0.6658541977387076,0.6811149208751746,,,0.002814256851401824,0.6783006640237726,112,0.050000000000000114,1.0,1.0,1.0
Weaker dynamics,61,320,8,0.5,0.15,144,208,320,diag,euclidean_gaussian_ar,bures_transport,44,36,3,3,10,8.0,0.03,0.05,20.0,0.0,0.003125,1e-06,0.5087719367715359,0.5330606505258839,0.47688943776511195,0.8420757713165947,0.0020395298941150173,0.5310211206317689,112,0.29740431150732843,0.7826295301840495,0.7828698227739874,0.7247134862971362
Weaker dynamics,61,320,8,0.5,0.15,144,208,320,diag,cholesky_gaussian_ar,bures_transport,44,36,3,3,10,8.0,0.03,0.05,20.0,0.0,0.003125,1e-06,0.5116302120103016,0.5295797876785097,0.48610498204382413,0.8342534313000488,0.0020395298941150173,0.5275402577843946,112,0.1939354010689126,0.7775189934145692,0.7777380824824104,0.7247134862971362
Weaker dynamics,61,320,8,0.5,0.15,144,208,320,diag,log_euclidean_gaussian_ar,bures_transport,44,36,3,3,10,8.0,0.03,0.05,20.0,0.0,0.003125,1e-06,0.5107270668572688,0.5272382947289663,0.4834316479933908,0.8523982776205316,0.0020395298941150173,0.5251987648348514,112,0.16286448249185084,0.7740812579050685,0.7742860838721581,0.7247134862971362
Weaker dynamics,61,320,8,0.5,0.15,144,208,320,diag,bwar_barycenter,bures_transport,44,36,3,3,10,8.0,0.03,0.05,20.0,0.0,0.003125,1e-06,0.4968175090771784,0.5177976667169137,0.4615402138386186,0.837790240579805,0.0020395298941150173,0.5157581368227987,112,0.21149947606256309,0.760220707030743,0.7603680258298003,0.7247134862971362
Weaker dynamics,62,320,8,0.5,0.15,144,208,320,diag,persistence,bures_transport,44,36,3,3,10,8.0,0.03,0.05,20.0,0.0,0.0,,0.6257600882850698,0.6033378782028743,,,0.0027134040350620557,0.6006244741678122,112,0.0860656708855579,1.0,1.0,1.0
Weaker dynamics,62,320,8,0.5,0.15,144,208,320,diag,euclidean_gaussian_ar,bures_transport,44,36,3,3,10,8.0,0.03,0.05,20.0,0.0,0.0,1e-06,0.5123469443735003,0.4746234914966224,0.4687375845927827,0.655399234550756,0.0022180014811612582,0.47240549001546117,112,0.3137698927378151,0.7866628445579357,0.7865238769532273,0.8174239635899018
Weaker dynamics,62,320,8,0.5,0.15,144,208,320,diag,cholesky_gaussian_ar,bures_transport,44,36,3,3,10,8.0,0.03,0.05,20.0,0.0,0.0,1e-06,0.5119402768049407,0.487549365788548,0.4796942048164088,0.6778271625251499,0.0022180014811612582,0.4853313643073868,112,0.2121936758962659,0.8080867842091757,0.8080446022114428,0.8174239635899018
Weaker dynamics,62,320,8,0.5,0.15,144,208,320,diag,log_euclidean_gaussian_ar,bures_transport,44,36,3,3,10,8.0,0.03,0.05,20.0,0.0,0.0,0.0001,0.5021711466301187,0.4794840342603702,0.46736677219066136,0.6817441391035308,0.0022685482987535796,0.4772154859616165,112,0.21320971452622012,0.7947189320991747,0.7945322018767492,0.8360525264353776
Weaker dynamics,62,320,8,0.5,0.15,144,208,320,diag,bwar_barycenter,bures_transport,44,36,3,3,10,8.0,0.03,0.05,20.0,0.0,0.0,1e-06,0.49361283209395723,0.46566767382448376,0.45318928151343085,0.6616736788689868,0.002218001481161258,0.4634496723433225,112,0.2323619765585094,0.7718190596810193,0.7716130332275412,0.8174239635899015
Weaker dynamics,63,320,8,0.5,0.15,144,208,320,diag,persistence,bures_transport,44,36,3,3,10,8.0,0.03,0.05,20.0,0.0,0.00625,,0.6583367604015355,0.6734589839400107,,,0.002528570772683075,0.6709304131673276,112,0.05132656507351593,1.0,1.0,1.0
Weaker dynamics,63,320,8,0.5,0.15,144,208,320,diag,euclidean_gaussian_ar,bures_transport,44,36,3,3,10,8.0,0.03,0.05,20.0,0.0,0.00625,1e-06,0.5036879182612523,0.5361143641824032,0.5034249483668698,0.8201290311691476,0.0018499128731182513,0.5342644513092851,112,0.2678547696843722,0.7960608989814268,0.7963038205216098,0.7316041508916528
Weaker dynamics,63,320,8,0.5,0.15,144,208,320,diag,cholesky_gaussian_ar,bures_transport,44,36,3,3,10,8.0,0.03,0.05,20.0,0.0,0.00625,1e-06,0.5114298560475743,0.5493380040092322,0.5020189838290527,0.8465652028731968,0.0018499128731182513,0.5474880911361139,112,0.20127441917294256,0.8156963038719597,0.81601322639636,0.7316041508916528
Weaker dynamics,63,320,8,0.5,0.15,144,208,320,diag,log_euclidean_gaussian_ar,bures_transport,44,36,3,3,10,8.0,0.03,0.05,20.0,0.0,0.00625,1e-06,0.49147180386269895,0.5288673526704424,0.47659422081846914,0.8406690975170242,0.0018499128731182513,0.5270174397973243,112,0.16711408660648278,0.7853000186831749,0.7855023851272159,0.7316041508916528
Weaker dynamics,63,320,8,0.5,0.15,144,208,320,diag,bwar_barycenter,bures_transport,44,36,3,3,10,8.0,0.03,0.05,20.0,0.0,0.00625,0.0001,0.4901420713510464,0.518331115999272,0.474735728350101,0.8099361047982055,0.0018413693986726442,0.5164897466005992,112,0.19755244984762874,0.7696550619412971,0.7698112001844647,0.7282253748107517
Weaker dynamics,64,320,8,0.5,0.15,144,208,320,diag,persistence,bures_transport,44,36,3,3,10,8.0,0.03,0.05,20.0,0.0,0.00625,,0.6741191796330794,0.6896626088104999,,,0.0029442487491998233,0.6867183600613002,112,0.05000000000000033,1.0,1.0,1.0
Weaker dynamics,64,320,8,0.5,0.15,144,208,320,diag,euclidean_gaussian_ar,bures_transport,44,36,3,3,10,8.0,0.03,0.05,20.0,0.0,0.00625,1e-06,0.5390416119876555,0.5319292424668384,0.5140216947194207,0.7713225015862971,0.0022030204606307527,0.5297262220062076,112,0.31019815648712484,0.7712890849400793,0.7713878830310018,0.7482453584227492
Weaker dynamics,64,320,8,0.5,0.15,144,208,320,diag,cholesky_gaussian_ar,bures_transport,44,36,3,3,10,8.0,0.03,0.05,20.0,0.0,0.00625,1e-06,0.5340618263290827,0.5370872259250067,0.5047144613245079,0.8068046979544126,0.0022030204606307527,0.534884205464376,112,0.21519572330148204,0.7787680803100974,0.7788989439813861,0.7482453584227492
Weaker dynamics,64,320,8,0.5,0.15,144,208,320,diag,log_euclidean_gaussian_ar,bures_transport,44,36,3,3,10,8.0,0.03,0.05,20.0,0.0,0.00625,1e-06,0.5290867158513118,0.5311271907477557,0.5007754273311313,0.7911869949037674,0.0022030204606307527,0.528924170287125,112,0.18570194417586336,0.7701261224873722,0.770219934471987,0.7482453584227492
Weaker dynamics,64,320,8,0.5,0.15,144,208,320,diag,bwar_barycenter,bures_transport,44,36,3,3,10,8.0,0.03,0.05,20.0,0.0,0.00625,1e-06,0.5203193928094177,0.5197615059600826,0.506979332136776,0.745025431594327,0.002203020460630753,0.5175584854994518,112,0.24165732121497405,0.7536460572460855,0.7536692123001514,0.7482453584227493
Weaker dynamics,65,320,8,0.5,0.15,144,208,320,diag,persistence,bures_transport,44,36,3,3,10,8.0,0.03,0.05,20.0,0.0,0.003125,,0.619477831396878,0.6243542582096789,,,0.0024385009604288416,0.6219157572492502,112,0.05022952491794419,1.0,1.0,1.0
Weaker dynamics,65,320,8,0.5,0.15,144,208,320,diag,euclidean_gaussian_ar,bures_transport,44,36,3,3,10,8.0,0.03,0.05,20.0,0.0,0.003125,1e-06,0.4823462016611363,0.4779454424172214,0.461831297021131,0.7477329157682311,0.0018480077280028497,0.47609743468921856,112,0.23003078544014202,0.7655036161484966,0.7655336420402179,0.7578458069082957
Weaker dynamics,65,320,8,0.5,0.15,144,208,320,diag,cholesky_gaussian_ar,bures_transport,44,36,3,3,10,8.0,0.03,0.05,20.0,0.0,0.003125,1e-06,0.4921058506759012,0.48833923896895687,0.453453244786736,0.7731246897113467,0.0018480077280028497,0.486491231240954,112,0.17774266785300494,0.7821508903763356,0.7822461894078991,0.7578458069082957
Weaker dynamics,65,320,8,0.5,0.15,144,208,320,diag,log_euclidean_gaussian_ar,bures_transport,44,36,3,3,10,8.0,0.03,0.05,20.0,0.0,0.003125,1e-06,0.4743843711881256,0.47973017171798854,0.4460001646985233,0.7688311002438879,0.0018480077280028497,0.4778821639899856,112,0.17143739362019872,0.7683621364153157,0.768403370423787,0.7578458069082957
Weaker dynamics,65,320,8,0.5,0.15,144,208,320,diag,bwar_barycenter,bures_transport,44,36,3,3,10,8.0,0.03,0.05,20.0,0.0,0.003125,1e-06,0.46693804549398604,0.46765379298023657,0.44662394832126884,0.7325014621596553,0.0018480077280028497,0.46580578525223376,112,0.20404942570083268,0.7490199463381939,0.7489853405749117,0.7578458069082957
Weaker dynamics,66,320,8,0.5,0.15,144,208,320,diag,persistence,bures_transport,44,36,3,3,10,8.0,0.03,0.05,20.0,0.0,0.0,,0.6539111510298572,0.6024530920149009,,,0.002503895085914639,0.5999491969289864,112,0.05234945792887917,1.0,1.0,1.0
Weaker dynamics,66,320,8,0.5,0.15,144,208,320,diag,euclidean_gaussian_ar,bures_transport,44,36,3,3,10,8.0,0.03,0.05,20.0,0.0,0.0,0.0001,0.5139715719094045,0.4812885801092797,0.46402484467523464,0.7373139814022556,0.001752432376548582,0.47953614773273107,112,0.2827454966466885,0.7988814174720439,0.7992945905876291,0.6998825096173876
Weaker dynamics,66,320,8,0.5,0.15,144,208,320,diag,cholesky_gaussian_ar,bures_transport,44,36,3,3,10,8.0,0.03,0.05,20.0,0.0,0.0,1e-06,0.5230601456776025,0.4788392855959808,0.4523903364672036,0.7325706981885327,0.0017646071457452209,0.4770746784502356,112,0.1546453617543191,0.7948158818382117,0.7951917943923926,0.7047448416156916
Weaker dynamics,66,320,8,0.5,0.15,144,208,320,diag,log_euclidean_gaussian_ar,bures_transport,44,36,3,3,10,8.0,0.03,0.05,20.0,0.0,0.0,0.0001,0.5206245923688453,0.47353053677834683,0.4422432714890895,0.7333571209815107,0.001752432376548582,0.4717781044017983,112,0.14810074252601907,0.7860039944265647,0.7863634234644051,0.6998825096173876
Weaker dynamics,66,320,8,0.5,0.15,144,208,320,diag,bwar_barycenter,bures_transport,44,36,3,3,10,8.0,0.03,0.05,20.0,0.0,0.0,1e-06,0.5074919592087985,0.46745373174964877,0.44133904298410065,0.7214151476824235,0.0017646071457452213,0.46568912460390355,112,0.18762756577628936,0.7759172256652421,0.7762142644538372,0.7047448416156918
Weaker dynamics,67,320,8,0.5,0.15,144,208,320,diag,persistence,bures_transport,44,36,3,3,10,8.0,0.03,0.05,20.0,0.0,0.0,,0.77336393526182,0.6771577690551247,,,0.0028838308516400007,0.6742739382034848,112,0.0968191362602252,1.0,1.0,1.0
Weaker dynamics,67,320,8,0.5,0.15,144,208,320,diag,euclidean_gaussian_ar,bures_transport,44,36,3,3,10,8.0,0.03,0.05,20.0,0.0,0.0,0.001,0.5956759268770953,0.5376447230778276,0.5156146164952997,0.8530432489459155,0.002079569847078202,0.5355651532307494,112,0.28509449952972404,0.7939726126572139,0.7942842261673246,0.7211136693040007
Weaker dynamics,67,320,8,0.5,0.15,144,208,320,diag,cholesky_gaussian_ar,bures_transport,44,36,3,3,10,8.0,0.03,0.05,20.0,0.0,0.0,0.0001,0.6069641464333098,0.5655161422675838,0.5107404350131381,0.8822885560459603,0.0020451336990185377,0.5634710085685651,112,0.21689321062643263,0.8351320299502426,0.8356707513712607,0.709172557001911
Weaker dynamics,67,320,8,0.5,0.15,144,208,320,diag,log_euclidean_gaussian_ar,bures_transport,44,36,3,3,10,8.0,0.03,0.05,20.0,0.0,0.0,0.0001,0.5888262603933871,0.5431130786731485,0.49916210099790065,0.8482479673934626,0.0020451336990185377,0.5410679449741299,112,0.20724102895686516,0.8020480654471172,0.8024452886548382,0.709172557001911
Weaker dynamics,67,320,8,0.5,0.15,144,208,320,diag,bwar_barycenter,bures_transport,44,36,3,3,10,8.0,0.03,0.05,20.0,0.0,0.0,0.0001,0.5780529845747497,0.5222099765108954,0.48558895176754313,0.8254812160854683,0.0020451336990185373,0.5201648428118768,112,0.22306087127983973,0.7711791850805516,0.771444383862423,0.7091725570019107
Weaker dynamics,68,320,8,0.5,0.15,144,208,320,diag,persistence,bures_transport,44,36,3,3,10,8.0,0.03,0.05,20.0,0.0,0.0,,0.6600409996096397,0.6506305230694169,,,0.0027299790131376797,0.6479005440562792,112,0.059455104058458615,1.0,1.0,1.0
Weaker dynamics,68,320,8,0.5,0.15,144,208,320,diag,euclidean_gaussian_ar,bures_transport,44,36,3,3,10,8.0,0.03,0.05,20.0,0.0,0.0,0.0001,0.5010912627427537,0.5081416014616951,0.49624337453465917,0.8026007095392085,0.002168538330967616,0.5059730631307275,112,0.2686729455684806,0.7809987134702571,0.7809424884304106,0.7943424914740365
Weaker dynamics,68,320,8,0.5,0.15,144,208,320,diag,cholesky_gaussian_ar,bures_transport,44,36,3,3,10,8.0,0.03,0.05,20.0,0.0,0.0,0.0001,0.4986980542068378,0.5171281329322458,0.4874919461395356,0.8075119810456983,0.002168538330967616,0.5149595946012782,112,0.19305041300590497,0.7948107483378435,0.7948127213743268,0.7943424914740365
Weaker dynamics,68,320,8,0.5,0.15,144,208,320,diag,log_euclidean_gaussian_ar,bures_transport,44,36,3,3,10,8.0,0.03,0.05,20.0,0.0,0.0,1e-06,0.4973460825596877,0.5221739931290726,0.4737996824646049,0.8433792010097759,0.0021299376441425363,0.52004405548493,112,0.1737705449000801,0.8025660872251469,0.802660316086657,0.7802029370528052
Weaker dynamics,68,320,8,0.5,0.15,144,208,320,diag,bwar_barycenter,bures_transport,44,36,3,3,10,8.0,0.03,0.05,20.0,0.0,0.0,0.001,0.48970579558051414,0.5012418697961217,0.4811193394129173,0.7886216903405854,0.0024402118812245775,0.4988016579148971,112,0.20589279547669587,0.770394028597769,0.7698738062358677,0.8938573774675064
Weaker dynamics,69,320,8,0.5,0.15,144,208,320,diag,persistence,bures_transport,44,36,3,3,10,8.0,0.03,0.05,20.0,0.0,0.0,,0.5816179228980993,0.6288699789920924,,,0.002736632018813392,0.6261333469732789,112,0.07692762177627967,1.0,1.0,1.0
Weaker dynamics,69,320,8,0.5,0.15,144,208,320,diag,euclidean_gaussian_ar,bures_transport,44,36,3,3,10,8.0,0.03,0.05,20.0,0.0,0.0,1e-06,0.4815683781607605,0.4947865915601594,0.4905118658706606,0.7554156539473081,0.0020351642452675492,0.4927514273148918,112,0.2598102729211963,0.7867867891438669,0.7869752181333997,0.7436747912311571
Weaker dynamics,69,320,8,0.5,0.15,144,208,320,diag,cholesky_gaussian_ar,bures_transport,44,36,3,3,10,8.0,0.03,0.05,20.0,0.0,0.0,1e-06,0.4879363735031446,0.49256795040452983,0.47074043172493474,0.7466919957251185,0.0020351642452675492,0.49053278615926227,112,0.2150095176403887,0.7832588084328375,0.7834318177277921,0.7436747912311571
Weaker dynamics,69,320,8,0.5,0.15,144,208,320,diag,log_euclidean_gaussian_ar,bures_transport,44,36,3,3,10,8.0,0.03,0.05,20.0,0.0,0.0,1e-06,0.47783571172790296,0.48599697205952025,0.46906754719617016,0.738494039305576,0.0020351642452675492,0.48396180781425274,112,0.2074765297079004,0.7728099421098797,0.7729372826950015,0.7436747912311571
Weaker dynamics,69,320,8,0.5,0.15,144,208,320,diag,bwar_barycenter,bures_transport,44,36,3,3,10,8.0,0.03,0.05,20.0,0.0,0.0,1e-06,0.46707622774139734,0.47900758073422284,0.4730257314893431,0.7381251360263965,0.002035164245267549,0.4769724164889553,112,0.2378323053783675,0.7616957347875657,0.7617744986665128,0.743674791231157
Weaker dynamics,70,320,8,0.5,0.15,144,208,320,diag,persistence,bures_transport,44,36,3,3,10,8.0,0.03,0.05,20.0,0.0,0.009375,,0.6688471924908803,0.6754649671283526,,,0.0027580549689268006,0.6727069121594259,112,0.04999999999999929,1.0,1.0,1.0
Weaker dynamics,70,320,8,0.5,0.15,144,208,320,diag,euclidean_gaussian_ar,bures_transport,44,36,3,3,10,8.0,0.03,0.05,20.0,0.0,0.009375,0.0001,0.5155666986399843,0.5471625779417021,0.5095633229050753,0.8718524133416369,0.0021868356995050297,0.5449757422421971,112,0.2929077771416052,0.810053229359754,0.810123595270926,0.7928905421185131
Weaker dynamics,70,320,8,0.5,0.15,144,208,320,diag,cholesky_gaussian_ar,bures_transport,44,36,3,3,10,8.0,0.03,0.05,20.0,0.0,0.009375,1e-06,0.5452943943150987,0.5598238714602213,0.5293492043665409,0.8721808759560815,0.002165362840773452,0.5576585086194478,112,0.19924667756543668,0.8287977892328544,0.8289769267114165,0.7851050342249074
Weaker dynamics,70,320,8,0.5,0.15,144,208,320,diag,log_euclidean_gaussian_ar,bures_transport,44,36,3,3,10,8.0,0.03,0.05,20.0,0.0,0.009375,1e-06,0.5283986423396768,0.539057833354611,0.5208301566454447,0.8250138732618534,0.002165362840773452,0.5368924705138375,112,0.1932632864202814,0.79805446557257,0.7981075574062162,0.7851050342249074
Weaker dynamics,70,320,8,0.5,0.15,144,208,320,diag,bwar_barycenter,bures_transport,44,36,3,3,10,8.0,0.03,0.05,20.0,0.0,0.009375,1e-06,0.5053101546426984,0.5287495511296398,0.49150997282670217,0.822156941137557,0.0021653628407734523,0.5265841882888663,112,0.2224169619573675,0.7827934487521191,0.7827839714007135,0.7851050342249076
Weaker dynamics,71,320,8,0.5,0.15,144,208,320,diag,persistence,bures_transport,44,36,3,3,10,8.0,0.03,0.05,20.0,0.0,0.00625,,0.6209103581357499,0.6669714935080887,,,0.0029221651424390593,0.6640493283656497,112,0.04999999999999985,1.0,1.0,1.0
Weaker dynamics,71,320,8,0.5,0.15,144,208,320,diag,euclidean_gaussian_ar,bures_transport,44,36,3,3,10,8.0,0.03,0.05,20.0,0.0,0.00625,1e-06,0.5200935564622284,0.5343333255379917,0.4886127373740543,0.8311956579972122,0.002185802054221364,0.5321475234837704,112,0.2888476678570273,0.8011336777341768,0.8013674598444148,0.7480077092415554
Weaker dynamics,71,320,8,0.5,0.15,144,208,320,diag,cholesky_gaussian_ar,bures_transport,44,36,3,3,10,8.0,0.03,0.05,20.0,0.0,0.00625,1e-06,0.5288906361768185,0.5361861074225707,0.4921382160253456,0.8159085968000681,0.002185802054221364,0.5340003053683493,112,0.21133061740740008,0.8039115803921058,0.8041575867302276,0.7480077092415554
Weaker dynamics,71,320,8,0.5,0.15,144,208,320,diag,log_euclidean_gaussian_ar,bures_transport,44,36,3,3,10,8.0,0.03,0.05,20.0,0.0,0.00625,1e-06,0.5102917396473716,0.5285548315515556,0.4853090799366939,0.8235180060258467,0.002185802054221364,0.5263690294973343,112,0.17031251731410768,0.7924698981833554,0.792665555121978,0.7480077092415554
Weaker dynamics,71,320,8,0.5,0.15,144,208,320,diag,bwar_barycenter,bures_transport,44,36,3,3,10,8.0,0.03,0.05,20.0,0.0,0.00625,1e-06,0.5050636107408841,0.5199048547823899,0.4793369949666527,0.8282151212642793,0.002185802054221364,0.5177190527281684,112,0.20918270022476596,0.7795008629946563,0.7796394493800218,0.7480077092415554
Weaker dynamics,72,320,8,0.5,0.15,144,208,320,diag,persistence,bures_transport,44,36,3,3,10,8.0,0.03,0.05,20.0,0.0,0.0,,0.5838997976201163,0.5771635131402723,,,0.0028783606573045987,0.5742851524829676,112,0.08612643458958175,1.0,1.0,1.0
Weaker dynamics,72,320,8,0.5,0.15,144,208,320,diag,euclidean_gaussian_ar,bures_transport,44,36,3,3,10,8.0,0.03,0.05,20.0,0.0,0.0,1e-06,0.4632182240252829,0.47662763339993297,0.46911179879884723,0.7098947852089166,0.0021849156460957086,0.4744427177538371,112,0.2765083833187601,0.8258104030288808,0.8261448440771039,0.7590833485549872
Weaker dynamics,72,320,8,0.5,0.15,144,208,320,diag,cholesky_gaussian_ar,bures_transport,44,36,3,3,10,8.0,0.03,0.05,20.0,0.0,0.0,1e-06,0.4871659741220973,0.47930831224999626,0.475742482942287,0.683625694014057,0.0021849156460957086,0.4771233966039006,112,0.2337208153606468,0.8304549773809186,0.830812697387386,0.7590833485549872
Weaker dynamics,72,320,8,0.5,0.15,144,208,320,diag,log_euclidean_gaussian_ar,bures_transport,44,36,3,3,10,8.0,0.03,0.05,20.0,0.0,0.0,1e-06,0.47199404225911046,0.46896047160920723,0.46793909585492,0.6569427693692637,0.0021849156460957086,0.4667755559631116,112,0.21993093048439552,0.8125261922009827,0.8127940517789295,0.7590833485549872
Weaker dynamics,72,320,8,0.5,0.15,144,208,320,diag,bwar_barycenter,bures_transport,44,36,3,3,10,8.0,0.03,0.05,20.0,0.0,0.0,1e-06,0.4571681614083796,0.46067052367281036,0.4631141014075352,0.6642472446350703,0.0021849156460957086,0.4584856080267147,112,0.24472277894028377,0.7981629350863872,0.7983588049323852,0.7590833485549872
Weaker dynamics,73,320,8,0.5,0.15,144,208,320,diag,persistence,bures_transport,44,36,3,3,10,8.0,0.03,0.05,20.0,0.0,0.0,,0.6390675903761074,0.6561576759248344,,,0.002828257157215117,0.6533294187676193,112,0.09681167603025646,1.0,1.0,1.0
Weaker dynamics,73,320,8,0.5,0.15,144,208,320,diag,euclidean_gaussian_ar,bures_transport,44,36,3,3,10,8.0,0.03,0.05,20.0,0.0,0.0,0.0001,0.5032390123650576,0.5173070482091393,0.46693895437401994,0.7757250847499783,0.002167102684039864,0.5151399455250996,112,0.28691210926772825,0.788388320657852,0.7884842328037398,0.7662325466096344
Weaker dynamics,73,320,8,0.5,0.15,144,208,320,diag,cholesky_gaussian_ar,bures_transport,44,36,3,3,10,8.0,0.03,0.05,20.0,0.0,0.0,1e-06,0.544120202700661,0.534280411057337,0.486487600303376,0.8068924303069983,0.002148211797833359,0.5321321992595037,112,0.24576146984484804,0.8142561318120449,0.8144929402739419,0.7595532083612319
Weaker dynamics,73,320,8,0.5,0.15,144,208,320,diag,log_euclidean_gaussian_ar,bures_transport,44,36,3,3,10,8.0,0.03,0.05,20.0,0.0,0.0,1e-06,0.517400279967684,0.5118239305564255,0.48452689323447173,0.7718153343228912,0.002148211797833359,0.5096757187585921,112,0.22979052650162812,0.7800319181437985,0.7801205702936164,0.7595532083612319
Weaker dynamics,73,320,8,0.5,0.15,144,208,320,diag,bwar_barycenter,bures_transport,44,36,3,3,10,8.0,0.03,0.05,20.0,0.0,0.0,1e-06,0.4960844060741027,0.5049210589827814,0.45806885841750666,0.7524881376946264,0.0021482117978333585,0.502772847184948,112,0.26739575459053344,0.769511776679455,0.7695548872318234,0.7595532083612316
Weaker dynamics,74,320,8,0.5,0.15,144,208,320,diag,persistence,bures_transport,44,36,3,3,10,8.0,0.03,0.05,20.0,0.0,0.0,,0.6538059672935639,0.6526856966543662,,,0.0028937542652826475,0.6497919423890833,112,0.11810977136229714,1.0,1.0,1.0
Weaker dynamics,74,320,8,0.5,0.15,144,208,320,diag,euclidean_gaussian_ar,bures_transport,44,36,3,3,10,8.0,0.03,0.05,20.0,0.0,0.0,1e-06,0.5106154777912058,0.5055669420589872,0.48718465739294436,0.7810202366549988,0.002087087262881382,0.5034798547961058,112,0.27149734574963547,0.77459479294628,0.7748324070393465,0.7212385957995385
Weaker dynamics,74,320,8,0.5,0.15,144,208,320,diag,cholesky_gaussian_ar,bures_transport,44,36,3,3,10,8.0,0.03,0.05,20.0,0.0,0.0,1e-06,0.5181443246342107,0.5083215698676439,0.4812430319075322,0.7912666445618662,0.002087087262881382,0.5062344826047624,112,0.21422490355960572,0.7788152436513845,0.7790716529101536,0.7212385957995385
Weaker dynamics,74,320,8,0.5,0.15,144,208,320,diag,log_euclidean_gaussian_ar,bures_transport,44,36,3,3,10,8.0,0.03,0.05,20.0,0.0,0.0,0.0001,0.5189546972626846,0.5055591432576135,0.457941100852251,0.7555452883567908,0.0020892692609279398,0.5034698739966855,112,0.22656201654665686,0.7745828441608023,0.7748170470467562,0.7219926328899494
Weaker dynamics,74,320,8,0.5,0.15,144,208,320,diag,bwar_barycenter,bures_transport,44,36,3,3,10,8.0,0.03,0.05,20.0,0.0,0.0,1e-06,0.5026651321926466,0.4950788629766719,0.4607417080706526,0.7619909321210994,0.002087087262881381,0.4929917757137905,112,0.24519039795349443,0.7585256816786718,0.758691734313006,0.7212385957995383
Weaker dynamics,75,320,8,0.5,0.15,144,208,320,diag,persistence,bures_transport,44,36,3,3,10,8.0,0.03,0.05,20.0,0.0,0.00625,,0.6288701646227818,0.6925942344390208,,,0.0025392883251907196,0.69005494611383,112,0.05993999767421268,1.0,1.0,1.0
Weaker dynamics,75,320,8,0.5,0.15,144,208,320,diag,euclidean_gaussian_ar,bures_transport,44,36,3,3,10,8.0,0.03,0.05,20.0,0.0,0.00625,1e-06,0.5075959379848862,0.5235093265322291,0.48750002526344305,0.7927859212060784,0.0019213087964267451,0.5215880177358024,112,0.28942442794455797,0.7558672892451306,0.7558644723484996,0.756632784613949
Weaker dynamics,75,320,8,0.5,0.15,144,208,320,diag,cholesky_gaussian_ar,bures_transport,44,36,3,3,10,8.0,0.03,0.05,20.0,0.0,0.00625,1e-06,0.5347624499930889,0.5459260945141163,0.503107449663845,0.8204138210018896,0.0019213087964267451,0.5440047857176895,112,0.21693574035206614,0.7882336689624612,0.788349955001919,0.756632784613949
Weaker dynamics,75,320,8,0.5,0.15,144,208,320,diag,log_euclidean_gaussian_ar,bures_transport,44,36,3,3,10,8.0,0.03,0.05,20.0,0.0,0.00625,1e-06,0.5095267563021328,0.5248808403365143,0.47854585173927505,0.8340875373188447,0.0019213087964267451,0.5229595315400875,112,0.180856334445202,0.7578475451238068,0.757852015242017,0.756632784613949
Weaker dynamics,75,320,8,0.5,0.15,144,208,320,diag,bwar_barycenter,bures_transport,44,36,3,3,10,8.0,0.03,0.05,20.0,0.0,0.00625,1e-06,0.49442596484257956,0.511948826031649,0.46242837073042764,0.8005311635085479,0.0019213087964267447,0.5100275172352224,112,0.24425057019765556,0.7391756970750865,0.7391114578738044,0.7566327846139489
Weaker dynamics,76,320,8,0.5,0.15,144,208,320,diag,persistence,bures_transport,44,36,3,3,10,8.0,0.03,0.05,20.0,0.0,0.0,,0.6491411473925597,0.6336043475869736,,,0.002432517826104582,0.6311718297608689,112,0.0536389734028566,1.0,1.0,1.0
Weaker dynamics,76,320,8,0.5,0.15,144,208,320,diag,euclidean_gaussian_ar,bures_transport,44,36,3,3,10,8.0,0.03,0.05,20.0,0.0,0.0,0.0001,0.5243207670657333,0.49261982797606585,0.46001235362793214,0.7591422069980742,0.0017483535144310024,0.4908714744616348,112,0.29597452315554507,0.7774880804593042,0.7777144848932984,0.7187423235581398
Weaker dynamics,76,320,8,0.5,0.15,144,208,320,diag,cholesky_gaussian_ar,bures_transport,44,36,3,3,10,8.0,0.03,0.05,20.0,0.0,0.0,1e-06,0.5433896275809216,0.503797500713165,0.4750138877985402,0.8075542299951775,0.001765006294109814,0.5020324944190552,112,0.23943178258583886,0.7951294883499986,0.7953974983472558,0.7255882259807664
Weaker dynamics,76,320,8,0.5,0.15,144,208,320,diag,log_euclidean_gaussian_ar,bures_transport,44,36,3,3,10,8.0,0.03,0.05,20.0,0.0,0.0,1e-06,0.523572594505767,0.48998847522451555,0.4500453045192051,0.7919607536526907,0.001765006294109814,0.4882234689304057,112,0.22659189504875366,0.7733350900930424,0.7735191051149702,0.7255882259807664
Weaker dynamics,76,320,8,0.5,0.15,144,208,320,diag,bwar_barycenter,bures_transport,44,36,3,3,10,8.0,0.03,0.05,20.0,0.0,0.0,1e-06,0.5115126676283079,0.47960011139969866,0.43003432010964837,0.7507220129644899,0.0017650062941098135,0.4778351051055888,112,0.2651431220784111,0.7569394263568637,0.7570602529688713,0.7255882259807662
Weaker dynamics,77,320,8,0.5,0.15,144,208,320,diag,persistence,bures_transport,44,36,3,3,10,8.0,0.03,0.05,20.0,0.0,0.0,,0.6042071531275157,0.6294675306916526,,,0.0026505718574059496,0.6268169588342466,112,0.06948930556280321,1.0,1.0,1.0
Weaker dynamics,77,320,8,0.5,0.15,144,208,320,diag,euclidean_gaussian_ar,bures_transport,44,36,3,3,10,8.0,0.03,0.05,20.0,0.0,0.0,1e-06,0.4816165204426181,0.496791691305554,0.4722060257051915,0.7416004773450527,0.0019855325106983737,0.4948061587948555,112,0.28227917830820376,0.7892252849955331,0.7893949769883307,0.7490958998717983
Weaker dynamics,77,320,8,0.5,0.15,144,208,320,diag,cholesky_gaussian_ar,bures_transport,44,36,3,3,10,8.0,0.03,0.05,20.0,0.0,0.0,1e-06,0.4991595971879668,0.5132859197310753,0.4985085422073833,0.7649492017370074,0.0019855325106983737,0.511300387220377,112,0.2040455742373421,0.815428746844308,0.8157092433671431,0.7490958998717983
Weaker dynamics,77,320,8,0.5,0.15,144,208,320,diag,log_euclidean_gaussian_ar,bures_transport,44,36,3,3,10,8.0,0.03,0.05,20.0,0.0,0.0,1e-06,0.48169753696218487,0.49828387610289304,0.47886433223398944,0.7565589087008511,0.0019855325106983737,0.4962983435921946,112,0.197135657374369,0.7915958358573058,0.7917755520131581,0.7490958998717983
Weaker dynamics,77,320,8,0.5,0.15,144,208,320,diag,bwar_barycenter,bures_transport,44,36,3,3,10,8.0,0.03,0.05,20.0,0.0,0.0,1e-06,0.46997004002713166,0.48619952284114687,0.46484224521340256,0.7421649428539243,0.001985532510698374,0.4842139903304486,112,0.22729476382791824,0.7723980970184684,0.7724966331973359,0.7490958998717985
Weaker dynamics,78,320,8,0.5,0.15,144,208,320,diag,persistence,bures_transport,44,36,3,3,10,8.0,0.03,0.05,20.0,0.0,0.0,,0.6416835732750598,0.6073052962334086,,,0.002786909653135309,0.6045183865802731,112,0.06214721210655174,1.0,1.0,1.0
Weaker dynamics,78,320,8,0.5,0.15,144,208,320,diag,euclidean_gaussian_ar,bures_transport,44,36,3,3,10,8.0,0.03,0.05,20.0,0.0,0.0,1e-06,0.5208553800786684,0.4773367061707434,0.4700191743548053,0.7455562256497003,0.002048179704918172,0.4752885264658252,112,0.27156082963272277,0.7859913442732209,0.786226750115089,0.7349286341643488
Weaker dynamics,78,320,8,0.5,0.15,144,208,320,diag,cholesky_gaussian_ar,bures_transport,44,36,3,3,10,8.0,0.03,0.05,20.0,0.0,0.0,1e-06,0.5231924672466219,0.4833383530621151,0.46831581358034735,0.7613544600921628,0.002048179704918172,0.481290173357197,112,0.25506969233433047,0.7958737657317438,0.7961547308425616,0.7349286341643488
Weaker dynamics,78,320,8,0.5,0.15,144,208,320,diag,log_euclidean_gaussian_ar,bures_transport,44,36,3,3,10,8.0,0.03,0.05,20.0,0.0,0.0,1e-06,0.5150879073895038,0.4761191620030799,0.4680458365039767,0.7277716141297124,0.002048179704918172,0.47407098229816175,112,0.2246754110216077,0.7839865137946874,0.7842126771030984,0.7349286341643488
Weaker dynamics,78,320,8,0.5,0.15,144,208,320,diag,bwar_barycenter,bures_transport,44,36,3,3,10,8.0,0.03,0.05,20.0,0.0,0.0,1e-06,0.5055248790396467,0.4645777305062517,0.4550059275173164,0.732900941586053,0.0020481797049181722,0.4625295508013335,112,0.2514272909318318,0.7649821817587086,0.7651207325848887,0.734928634164349
Weaker dynamics,79,320,8,0.5,0.15,144,208,320,diag,persistence,bures_transport,44,36,3,3,10,8.0,0.03,0.05,20.0,0.0,0.00625,,0.6947239727454508,0.6681294826179133,,,0.0027561155066187326,0.6653733671112947,112,0.05000000000000021,1.0,1.0,1.0
Weaker dynamics,79,320,8,0.5,0.15,144,208,320,diag,euclidean_gaussian_ar,bures_transport,44,36,3,3,10,8.0,0.03,0.05,20.0,0.0,0.00625,1e-06,0.5506588818001731,0.5281581480468093,0.5193736885510067,0.7814135610286239,0.002095506536520499,0.5260626415102888,112,0.30906571466940014,0.79050268217074,0.7906277400223868,0.7603115803703437
Weaker dynamics,79,320,8,0.5,0.15,144,208,320,diag,cholesky_gaussian_ar,bures_transport,44,36,3,3,10,8.0,0.03,0.05,20.0,0.0,0.00625,1e-06,0.5564843281569859,0.5352285717382533,0.5226012731441246,0.8047418329587499,0.002095506536520499,0.533133065201733,112,0.19739307986078794,0.801085097518945,0.8012539899460053,0.7603115803703437
Weaker dynamics,79,320,8,0.5,0.15,144,208,320,diag,log_euclidean_gaussian_ar,bures_transport,44,36,3,3,10,8.0,0.03,0.05,20.0,0.0,0.00625,0.0001,0.5555431986441002,0.5331066855781212,0.5089046055139093,0.8143082482152856,0.0021024978310454074,0.5310041877470758,112,0.16289935285213467,0.7979092368282628,0.7980544668513259,0.7628482282387363
Weaker dynamics,79,320,8,0.5,0.15,144,208,320,diag,bwar_barycenter,bures_transport,44,36,3,3,10,8.0,0.03,0.05,20.0,0.0,0.00625,1e-06,0.5385407221950183,0.516481734556078,0.49782224270589004,0.8011177538759773,0.0020955065365204995,0.5143862280195576,112,0.2258958256492491,0.7730264087918437,0.7730790762677431,0.7603115803703439
Larger variation,0,320,8,0.7,0.18,144,208,320,diag,persistence,bures_transport,44,36,3,3,10,8.0,0.03,0.05,20.0,0.0,0.021875,,0.6063192096110508,0.5564034133075627,,,0.0016221468745212973,0.5547812664330414,112,0.049999999999999614,1.0,1.0,1.0
Larger variation,0,320,8,0.7,0.18,144,208,320,diag,euclidean_gaussian_ar,bures_transport,44,36,3,3,10,8.0,0.03,0.05,20.0,0.0,0.021875,1e-06,0.5294156683797547,0.48980987003980986,0.4562748432137882,0.7717762513249639,0.0013496327575614742,0.48846023728224847,112,0.10365890593606916,0.8803142797563286,0.8804555359678904,0.8320040427657063
Larger variation,0,320,8,0.7,0.18,144,208,320,diag,cholesky_gaussian_ar,bures_transport,44,36,3,3,10,8.0,0.03,0.05,20.0,0.0,0.021875,1e-06,0.5340211347477977,0.4951034279941896,0.4625529650151201,0.7427620324108376,0.0013496327575614742,0.4937537952366281,112,0.1087128035623214,0.8898281645165099,0.8899972387517903,0.8320040427657063
Larger variation,0,320,8,0.7,0.18,144,208,320,diag,log_euclidean_gaussian_ar,bures_transport,44,36,3,3,10,8.0,0.03,0.05,20.0,0.0,0.021875,1e-06,0.5322105299397366,0.49464443443656914,0.46382522780751156,0.7600144957710483,0.0013496327575614742,0.49329480167900774,112,0.10335366837930647,0.8890032350738741,0.8891698972653492,0.8320040427657063
Larger variation,0,320,8,0.7,0.18,144,208,320,diag,bwar_barycenter,bures_transport,44,36,3,3,10,8.0,0.03,0.05,20.0,0.0,0.021875,1e-06,0.5137853160587178,0.4767006912682166,0.4480896552919081,0.7284300211235499,0.0013496327575614742,0.4753510585106551,112,0.12858400753852287,0.8567537147812412,0.8568260813255615,0.8320040427657063
Larger variation,1,320,8,0.7,0.18,144,208,320,diag,persistence,bures_transport,44,36,3,3,10,8.0,0.03,0.05,20.0,0.0,0.00625,,0.550280913632087,0.5901622698565302,,,0.0016227077688292927,0.5885395620877009,112,0.05000000000000124,1.0,1.0,1.0
Larger variation,1,320,8,0.7,0.18,144,208,320,diag,euclidean_gaussian_ar,bures_transport,44,36,3,3,10,8.0,0.03,0.05,20.0,0.0,0.00625,1e-06,0.47606259551393093,0.5131827600679996,0.507111548327809,0.7579563754392293,0.0014024513108556315,0.511780308757144,112,0.2097930301862509,0.8695621294000301,0.8695767314974169,0.8642660975656967
Larger variation,1,320,8,0.7,0.18,144,208,320,diag,cholesky_gaussian_ar,bures_transport,44,36,3,3,10,8.0,0.03,0.05,20.0,0.0,0.00625,1e-06,0.4931222617072783,0.534089563744664,0.5153781830442159,0.8056189427586113,0.0014024513108556315,0.5326871124338084,112,0.16024861311368907,0.9049876466594559,0.9050999231797273,0.8642660975656967
Larger variation,1,320,8,0.7,0.18,144,208,320,diag,log_euclidean_gaussian_ar,bures_transport,44,36,3,3,10,8.0,0.03,0.05,20.0,0.0,0.00625,1e-06,0.4821387520289574,0.5305099381569807,0.5142183993688147,0.794140387424741,0.0014024513108556315,0.529107486846125,112,0.13751123808532092,0.8989221528613628,0.8990177057413862,0.8642660975656967
Larger variation,1,320,8,0.7,0.18,144,208,320,diag,bwar_barycenter,bures_transport,44,36,3,3,10,8.0,0.03,0.05,20.0,0.0,0.00625,1e-06,0.4647321246030772,0.506567603976408,0.47878309806999697,0.776825826021568,0.0014024513108556315,0.5051651526655523,112,0.1560195951572365,0.8583530832961513,0.858336780068959,0.8642660975656967
Larger variation,2,320,8,0.7,0.18,144,208,320,diag,persistence,bures_transport,44,36,3,3,10,8.0,0.03,0.05,20.0,0.0,0.015625,,0.5321067343130139,0.5172995474297208,,,0.0016205732021846273,0.5156789742275362,112,0.08082965985530972,1.0,1.0,1.0
Larger variation,2,320,8,0.7,0.18,144,208,320,diag,euclidean_gaussian_ar,bures_transport,44,36,3,3,10,8.0,0.03,0.05,20.0,0.0,0.015625,1e-06,0.4718838586447965,0.4680448609248775,0.4393594688707908,0.7059821552271545,0.0013127030046286416,0.4667321579202489,112,0.1322695694287975,0.9047849804826381,0.9050827767786976,0.8100238871400819
Larger variation,2,320,8,0.7,0.18,144,208,320,diag,cholesky_gaussian_ar,bures_transport,44,36,3,3,10,8.0,0.03,0.05,20.0,0.0,0.015625,1e-06,0.4753824810339356,0.472913416745586,0.44618254610104036,0.7058280215888767,0.0013127030046286416,0.4716007137409574,112,0.153392988447373,0.9141964633360422,0.9145238361664716,0.8100238871400819
Larger variation,2,320,8,0.7,0.18,144,208,320,diag,log_euclidean_gaussian_ar,bures_transport,44,36,3,3,10,8.0,0.03,0.05,20.0,0.0,0.015625,1e-06,0.46812165879227896,0.4654929977869619,0.4447899579501511,0.7016252647044918,0.0013127030046286416,0.46418029478233336,112,0.12951928076556915,0.8998519331784313,0.9001342268756536,0.8100238871400819
Larger variation,2,320,8,0.7,0.18,144,208,320,diag,bwar_barycenter,bures_transport,44,36,3,3,10,8.0,0.03,0.05,20.0,0.0,0.015625,1e-06,0.4555770053620554,0.4520191016504546,0.41928818376556504,0.6878628347338751,0.0013127030046286416,0.45070639864582596,112,0.1423048557242106,0.8738053298062568,0.8740057694245995,0.8100238871400819
Larger variation,3,320,8,0.7,0.18,144,208,320,diag,persistence,bures_transport,44,36,3,3,10,8.0,0.03,0.05,20.0,0.0,0.040625,,0.5127835571915715,0.476642403873813,,,0.0017307523722792284,0.47491165150153375,112,0.05000000000000034,1.0,1.0,1.0
Larger variation,3,320,8,0.7,0.18,144,208,320,diag,euclidean_gaussian_ar,bures_transport,44,36,3,3,10,8.0,0.03,0.05,20.0,0.0,0.040625,1e-06,0.5066166480507692,0.4483818267673602,0.42581637610850487,0.7117443330349434,0.0014545506610238402,0.4469272761063364,112,0.21303961634539992,0.9407090580343445,0.941074565539256,0.8404152346232766
Larger variation,3,320,8,0.7,0.18,144,208,320,diag,cholesky_gaussian_ar,bures_transport,44,36,3,3,10,8.0,0.03,0.05,20.0,0.0,0.040625,1e-06,0.495233055322045,0.48478159229443557,0.4521326348676732,0.7587210714480436,0.0014545506610238402,0.4833270416334117,112,0.15258437709334735,1.0170760896522697,1.0177199066505758,0.8404152346232766
Larger variation,3,320,8,0.7,0.18,144,208,320,diag,log_euclidean_gaussian_ar,bures_transport,44,36,3,3,10,8.0,0.03,0.05,20.0,0.0,0.040625,1e-06,0.4629671347202987,0.4313576067565336,0.3988636999674929,0.6676449462198314,0.0014545506610238402,0.42990305609550983,112,0.10641405170963927,0.9049920931305386,0.9052274349055878,0.8404152346232766
Larger variation,3,320,8,0.7,0.18,144,208,320,diag,bwar_barycenter,bures_transport,44,36,3,3,10,8.0,0.03,0.05,20.0,0.0,0.040625,1e-06,0.46472138796723583,0.4199192084744719,0.3919126363547446,0.6675548600904904,0.00145455066102384,0.41846465781344794,112,0.15145497289529136,0.8809942318636885,0.8811421166239727,0.8404152346232765
Larger variation,4,320,8,0.7,0.18,144,208,320,diag,persistence,bures_transport,44,36,3,3,10,8.0,0.03,0.05,20.0,0.003125,0.028125,,0.506430981887585,0.5962313101446594,,,0.0016222210209448906,0.5946090891237145,112,0.04999999999999854,1.0,1.0,1.0
Larger variation,4,320,8,0.7,0.18,144,208,320,diag,euclidean_gaussian_ar,bures_transport,44,36,3,3,10,8.0,0.03,0.05,20.0,0.003125,0.028125,1e-06,0.45380239501527037,0.5313898787103978,0.5178760669418223,0.7881940173595421,0.001350677120234376,0.5300392015901634,112,0.11334789246666102,0.8912478591261341,0.891407836316951,0.8326098002648559
Larger variation,4,320,8,0.7,0.18,144,208,320,diag,cholesky_gaussian_ar,bures_transport,44,36,3,3,10,8.0,0.03,0.05,20.0,0.003125,0.028125,1e-06,0.44969432878975446,0.5427015308220725,0.521853999760987,0.8077531342396301,0.001350677120234376,0.5413508537018381,112,0.12704079110136923,0.9102197781099431,0.9104315147614647,0.8326098002648559
Larger variation,4,320,8,0.7,0.18,144,208,320,diag,log_euclidean_gaussian_ar,bures_transport,44,36,3,3,10,8.0,0.03,0.05,20.0,0.003125,0.028125,1e-06,0.44533736630868137,0.5342100042915338,0.5188247975917606,0.8129902154270316,0.001350677120234376,0.5328593271712994,112,0.10701986963687561,0.8959777777552846,0.8961506591777519,0.8326098002648559
Larger variation,4,320,8,0.7,0.18,144,208,320,diag,bwar_barycenter,bures_transport,44,36,3,3,10,8.0,0.03,0.05,20.0,0.003125,0.028125,1e-06,0.4351852942527228,0.5146400229232633,0.5039414358050855,0.7658875355945524,0.0013506771202343763,0.513289345803029,112,0.13021406951641235,0.8631549772158055,0.8632383110044151,0.8326098002648561
Larger variation,5,320,8,0.7,0.18,144,208,320,diag,persistence,bures_transport,44,36,3,3,10,8.0,0.03,0.05,20.0,0.00625,0.05625,,0.4993579322828048,0.49841356049810814,,,0.001661578880670515,0.49675198161743767,112,0.04999999999999838,1.0,1.0,1.0
Larger variation,5,320,8,0.7,0.18,144,208,320,diag,euclidean_gaussian_ar,bures_transport,44,36,3,3,10,8.0,0.03,0.05,20.0,0.00625,0.05625,1e-06,0.45732282719245515,0.4535088845289836,0.4071703736792395,0.6855221349283176,0.00138840358378668,0.4521204809451969,112,0.1398418610389714,0.9099047868516109,0.9101533515237938,0.8355929411105674
Larger variation,5,320,8,0.7,0.18,144,208,320,diag,cholesky_gaussian_ar,bures_transport,44,36,3,3,10,8.0,0.03,0.05,20.0,0.00625,0.05625,1e-06,0.47753831951108494,0.46604930134225964,0.4233332774688676,0.7201640877866017,0.00138840358378668,0.464660897758473,112,0.11814312855648787,0.9350654522250477,0.935398176461269,0.8355929411105674
Larger variation,5,320,8,0.7,0.18,144,208,320,diag,log_euclidean_gaussian_ar,bures_transport,44,36,3,3,10,8.0,0.03,0.05,20.0,0.00625,0.05625,1e-06,0.45755790780862515,0.44168520968218516,0.39760499016988615,0.7070420218007137,0.00138840358378668,0.44029680609839844,112,0.09214186684499698,0.8861821681592503,0.8863513833699874,0.8355929411105674
Larger variation,5,320,8,0.7,0.18,144,208,320,diag,bwar_barycenter,bures_transport,44,36,3,3,10,8.0,0.03,0.05,20.0,0.00625,0.05625,1e-06,0.4377891740034333,0.4315496500991122,0.3984000729603643,0.6834862190043536,0.0013884035837866805,0.43016124651532556,112,0.11364243278569192,0.8658465264625365,0.8659477212646622,0.8355929411105677
Larger variation,6,320,8,0.7,0.18,144,208,320,diag,persistence,bures_transport,44,36,3,3,10,8.0,0.03,0.05,20.0,0.0,0.04375,,0.5093661290403552,0.4932101259460295,,,0.0017120384285118848,0.49149808751751767,112,0.04999999999999885,1.0,1.0,1.0
Larger variation,6,320,8,0.7,0.18,144,208,320,diag,euclidean_gaussian_ar,bures_transport,44,36,3,3,10,8.0,0.03,0.05,20.0,0.0,0.04375,0.0001,0.4697753159374144,0.4545676654834757,0.4237879037802782,0.6973167445120599,0.0014313729050028795,0.4531362925784728,112,0.21626083960076187,0.9216511210339946,0.9219492488102966,0.8360635375731831
Larger variation,6,320,8,0.7,0.18,144,208,320,diag,cholesky_gaussian_ar,bures_transport,44,36,3,3,10,8.0,0.03,0.05,20.0,0.0,0.04375,1e-06,0.5124295729955661,0.4729398685060578,0.45377808733226177,0.7354074742016233,0.0014199228598897938,0.471519945646168,112,0.10662006753283089,0.9589013761607365,0.9593525542037076,0.8293755772316398
Larger variation,6,320,8,0.7,0.18,144,208,320,diag,log_euclidean_gaussian_ar,bures_transport,44,36,3,3,10,8.0,0.03,0.05,20.0,0.0,0.04375,0.0001,0.46670456115950165,0.45167450187992053,0.41741185738941683,0.7053729837564647,0.0014313729050028795,0.4502431289749177,112,0.09393663643661489,0.9157851352170858,0.9160628299675132,0.8360635375731831
Larger variation,6,320,8,0.7,0.18,144,208,320,diag,bwar_barycenter,bures_transport,44,36,3,3,10,8.0,0.03,0.05,20.0,0.0,0.04375,1e-06,0.45428199356974575,0.4392468337881073,0.4075527827420001,0.6917402865287321,0.0014199228598897942,0.43782691092821757,112,0.11901919528450644,0.8905876231668707,0.8908008434775706,0.82937557723164
Larger variation,7,320,8,0.7,0.18,144,208,320,diag,persistence,bures_transport,44,36,3,3,10,8.0,0.03,0.05,20.0,0.003125,0.015625,,0.5692348327209402,0.5660421884820369,,,0.0014522322520690034,0.564589956229968,112,0.05093017962603145,1.0,1.0,1.0
Larger variation,7,320,8,0.7,0.18,144,208,320,diag,euclidean_gaussian_ar,bures_transport,44,36,3,3,10,8.0,0.03,0.05,20.0,0.003125,0.015625,1e-06,0.5153730268704761,0.5185491454874586,0.46302636866544844,0.8544774578211146,0.0012525630037523976,0.5172965824837062,112,0.2256828350148976,0.9160962840562449,0.9162341213753398,0.8625087357534335
Larger variation,7,320,8,0.7,0.18,144,208,320,diag,cholesky_gaussian_ar,bures_transport,44,36,3,3,10,8.0,0.03,0.05,20.0,0.003125,0.015625,1e-06,0.5190019635706309,0.573186222923734,0.5215653511768241,0.8851033907148952,0.0012525630037523976,0.5719336599199816,112,0.11642672777726383,1.01262102823264,1.0130071454672183,0.8625087357534335
Larger variation,7,320,8,0.7,0.18,144,208,320,diag,log_euclidean_gaussian_ar,bures_transport,44,36,3,3,10,8.0,0.03,0.05,20.0,0.003125,0.015625,1e-06,0.5003287913378661,0.5337195259388938,0.47006200338252246,0.8329001838951456,0.0012525630037523976,0.5324669629351415,112,0.11833301404226174,0.9428970786968667,0.9431038527335365,0.8625087357534335
Larger variation,7,320,8,0.7,0.18,144,208,320,diag,bwar_barycenter,bures_transport,44,36,3,3,10,8.0,0.03,0.05,20.0,0.003125,0.015625,1e-06,0.4933551922563415,0.5024823755597068,0.43884841432012045,0.8248326808336544,0.0012525630037523979,0.5012298125559544,112,0.1561111475736335,0.8877118804646358,0.887776707724135,0.8625087357534337
Larger variation,8,320,8,0.7,0.18,144,208,320,diag,persistence,bures_transport,44,36,3,3,10,8.0,0.03,0.05,20.0,0.0,0.0625,,0.5493782101429616,0.5531098272422547,,,0.0014434214293753747,0.5516664058128793,112,0.04999999999999988,1.0,1.0,1.0
Larger variation,8,320,8,0.7,0.18,144,208,320,diag,euclidean_gaussian_ar,bures_transport,44,36,3,3,10,8.0,0.03,0.05,20.0,0.0,0.0625,0.0001,0.5252054937955648,0.5106377666218014,0.47176127269253565,0.8186714628420064,0.0013497647286444309,0.509288001893157,112,0.19896200362581584,0.9232122473176542,0.9231811046074525,0.9351147912696067
Larger variation,8,320,8,0.7,0.18,144,208,320,diag,cholesky_gaussian_ar,bures_transport,44,36,3,3,10,8.0,0.03,0.05,20.0,0.0,0.0625,1e-06,0.5226193049345562,0.5103479951599738,0.4630649215667313,0.800507497472678,0.0012906760084554372,0.5090573191515184,112,0.10018045725079007,0.9226883523377505,0.9227629483825892,0.8941782227896974
Larger variation,8,320,8,0.7,0.18,144,208,320,diag,log_euclidean_gaussian_ar,bures_transport,44,36,3,3,10,8.0,0.03,0.05,20.0,0.0,0.0625,0.0001,0.5166623795642341,0.5012464081959547,0.4623835333066232,0.7870504123804922,0.0013497647286444309,0.4998966434673102,112,0.1029543724264339,0.9062330544642728,0.9061574861182884,0.9351147912696067
Larger variation,8,320,8,0.7,0.18,144,208,320,diag,bwar_barycenter,bures_transport,44,36,3,3,10,8.0,0.03,0.05,20.0,0.0,0.0625,1e-06,0.5009242462446463,0.48839395454556916,0.44612022438621046,0.779429995000569,0.0012906760084554368,0.4871032785371137,112,0.11962822547748979,0.8829963426624478,0.8829670855512183,0.894178222789697
Larger variation,9,320,8,0.7,0.18,144,208,320,diag,persistence,bures_transport,44,36,3,3,10,8.0,0.03,0.05,20.0,0.0,0.028125,,0.5338015860120243,0.5071274168646054,,,0.001600554463040087,0.5055268624015653,112,0.04999999999999937,1.0,1.0,1.0
Larger variation,9,320,8,0.7,0.18,144,208,320,diag,euclidean_gaussian_ar,bures_transport,44,36,3,3,10,8.0,0.03,0.05,20.0,0.0,0.028125,1e-06,0.4727857092045724,0.45512371115963546,0.4220045182790584,0.6588487588533922,0.0013463914395464185,0.45377731972008906,112,0.1963603151348774,0.8974543596430046,0.8976324572830138,0.8412031396851611
Larger variation,9,320,8,0.7,0.18,144,208,320,diag,cholesky_gaussian_ar,bures_transport,44,36,3,3,10,8.0,0.03,0.05,20.0,0.0,0.028125,1e-06,0.470453767424706,0.45820861649150146,0.42411432730112725,0.6716333721167997,0.0013463914395464185,0.45686222505195506,112,0.08924053611604435,0.9035374567686518,0.903734814173033,0.8412031396851611
Larger variation,9,320,8,0.7,0.18,144,208,320,diag,log_euclidean_gaussian_ar,bures_transport,44,36,3,3,10,8.0,0.03,0.05,20.0,0.0,0.028125,1e-06,0.47059357385610767,0.44929017479062366,0.4119758622456442,0.6628423770014363,0.0013463914395464185,0.44794378335107726,112,0.09494625633436092,0.8859512616541825,0.8860929392022161,0.8412031396851611
Larger variation,9,320,8,0.7,0.18,144,208,320,diag,bwar_barycenter,bures_transport,44,36,3,3,10,8.0,0.03,0.05,20.0,0.0,0.028125,1e-06,0.4568187383560867,0.4377145331206534,0.40135172317867673,0.6271144190881387,0.0013463914395464185,0.436368141681107,112,0.12579867262604488,0.8631253577787058,0.8631947659677043,0.8412031396851611
Larger variation,10,320,8,0.7,0.18,144,208,320,diag,persistence,bures_transport,44,36,3,3,10,8.0,0.03,0.05,20.0,0.0,0.003125,,0.5128524135987615,0.5427709910474132,,,0.0014913203107116205,0.5412796707367015,112,0.049999999999999566,1.0,1.0,1.0
Larger variation,10,320,8,0.7,0.18,144,208,320,diag,euclidean_gaussian_ar,bures_transport,44,36,3,3,10,8.0,0.03,0.05,20.0,0.0,0.003125,1e-06,0.4553762106776947,0.4923262929662527,0.46106266763495185,0.7463091838423475,0.0012602424320535491,0.4910660505341991,112,0.20969940868556608,0.907060806651043,0.9072316532151304,0.8450514775408599
Larger variation,10,320,8,0.7,0.18,144,208,320,diag,cholesky_gaussian_ar,bures_transport,44,36,3,3,10,8.0,0.03,0.05,20.0,0.0,0.003125,1e-06,0.4578405189036139,0.5022361662861353,0.46622885783564344,0.7644404957920882,0.0012602424320535491,0.5009759238540819,112,0.13823986181156112,0.925318733996716,0.9255398843489453,0.8450514775408599
Larger variation,10,320,8,0.7,0.18,144,208,320,diag,log_euclidean_gaussian_ar,bures_transport,44,36,3,3,10,8.0,0.03,0.05,20.0,0.0,0.003125,1e-06,0.44885440030776735,0.489458976929874,0.4632485242770249,0.781839201466957,0.0012602424320535491,0.4881987344978205,112,0.13138751236418306,0.9017780703153272,0.9019343620154145,0.8450514775408599
Larger variation,10,320,8,0.7,0.18,144,208,320,diag,bwar_barycenter,bures_transport,44,36,3,3,10,8.0,0.03,0.05,20.0,0.0,0.003125,1e-06,0.44157948921399826,0.4779100379196202,0.4513535346428379,0.733832438511585,0.001260242432053549,0.4766497954875666,112,0.161643182848468,0.8805003321886686,0.8805979999929219,0.8450514775408597
Larger variation,11,320,8,0.7,0.18,144,208,320,diag,persistence,bures_transport,44,36,3,3,10,8.0,0.03,0.05,20.0,0.0,0.046875,,0.5017081778012992,0.5149980151504527,,,0.0015963042587668803,0.5134017108916858,112,0.04999999999999981,1.0,1.0,1.0
Larger variation,11,320,8,0.7,0.18,144,208,320,diag,euclidean_gaussian_ar,bures_transport,44,36,3,3,10,8.0,0.03,0.05,20.0,0.0,0.046875,1e-06,0.4591864214904838,0.4543289771461995,0.41791967598354773,0.7449861212944221,0.0013913675951088302,0.45293760955109075,112,0.2028693320186659,0.8821955886829405,0.8822284771206159,0.8716180436576919
Larger variation,11,320,8,0.7,0.18,144,208,320,diag,cholesky_gaussian_ar,bures_transport,44,36,3,3,10,8.0,0.03,0.05,20.0,0.0,0.046875,1e-06,0.45158637889706854,0.4502352613423883,0.41013628226493704,0.7395901373227822,0.0013913675951088302,0.4488438937472794,112,0.10406991447408953,0.8742465953210625,0.8742547681964651,0.8716180436576919
Larger variation,11,320,8,0.7,0.18,144,208,320,diag,log_euclidean_gaussian_ar,bures_transport,44,36,3,3,10,8.0,0.03,0.05,20.0,0.0,0.046875,1e-06,0.443482938767857,0.44310171604178716,0.41697421098662324,0.721118972701476,0.0013913675951088302,0.44171034844667834,112,0.10532312586117572,0.8603949976629296,0.8603601021888053,0.8716180436576919
Larger variation,11,320,8,0.7,0.18,144,208,320,diag,bwar_barycenter,bures_transport,44,36,3,3,10,8.0,0.03,0.05,20.0,0.0,0.046875,1e-06,0.4375586859371868,0.4358174719215034,0.408089425766985,0.7274865615095236,0.0013913675951088308,0.43442610432639456,112,0.14219487563308308,0.846250779809671,0.8461719061509847,0.8716180436576922
Larger variation,12,320,8,0.7,0.18,144,208,320,diag,persistence,bures_transport,44,36,3,3,10,8.0,0.03,0.05,20.0,0.0,0.009375,,0.5342966867341272,0.5013720288703218,,,0.0017433532367685755,0.49962867563355334,112,0.050000000000000516,1.0,1.0,1.0
Larger variation,12,320,8,0.7,0.18,144,208,320,diag,euclidean_gaussian_ar,bures_transport,44,36,3,3,10,8.0,0.03,0.05,20.0,0.0,0.009375,0.0001,0.47584294511904296,0.44749738415336787,0.4328644993517238,0.6434895579739277,0.001434845798279178,0.44606253835508863,112,0.14558436029505353,0.8925455717217754,0.8927881046648488,0.8230379064995244
Larger variation,12,320,8,0.7,0.18,144,208,320,diag,cholesky_gaussian_ar,bures_transport,44,36,3,3,10,8.0,0.03,0.05,20.0,0.0,0.009375,1e-06,0.48685185789018504,0.46462470379517257,0.4524572233360501,0.6724399653851949,0.0014314700785640307,0.46319323371660853,112,0.13931862886374824,0.9267064715238555,0.9270749584764267,0.8211015693052307
Larger variation,12,320,8,0.7,0.18,144,208,320,diag,log_euclidean_gaussian_ar,bures_transport,44,36,3,3,10,8.0,0.03,0.05,20.0,0.0,0.009375,0.0001,0.4660151366637737,0.45808993564789124,0.42449851649419434,0.6830880229394529,0.001434845798279178,0.45665508984961206,112,0.11885699629999087,0.9136727006491514,0.9139889524366297,0.8230379064995244
Larger variation,12,320,8,0.7,0.18,144,208,320,diag,bwar_barycenter,bures_transport,44,36,3,3,10,8.0,0.03,0.05,20.0,0.0,0.009375,1e-06,0.46021489232497514,0.4390759394739007,0.42226760124566887,0.6323814774572566,0.001431470078564031,0.43764446939533663,112,0.14439316978585826,0.8757487737463436,0.8759394541163641,0.8211015693052308
Larger variation,13,320,8,0.7,0.18,144,208,320,diag,persistence,bures_transport,44,36,3,3,10,8.0,0.03,0.05,20.0,0.003125,0.053125,,0.5465165538399017,0.521161831927271,,,0.001552717177275713,0.5196091147499953,112,0.04999999999999945,1.0,1.0,1.0
Larger variation,13,320,8,0.7,0.18,144,208,320,diag,euclidean_gaussian_ar,bures_transport,44,36,3,3,10,8.0,0.03,0.05,20.0,0.003125,0.053125,1e-06,0.48920942610125684,0.4868936108192131,0.4450011126661362,0.749084008759037,0.0013227830854128048,0.48557082773380034,112,0.1892963126488309,0.9342464873505164,0.9344925136030916,0.8519150201800857
Larger variation,13,320,8,0.7,0.18,144,208,320,diag,cholesky_gaussian_ar,bures_transport,44,36,3,3,10,8.0,0.03,0.05,20.0,0.003125,0.053125,1e-06,0.5052072973964314,0.4960833346548647,0.47525234837692076,0.7829508050264586,0.0013227830854128048,0.49476055156945187,112,0.09680580848129658,0.9518796355833172,0.9521783539295706,0.8519150201800857
Larger variation,13,320,8,0.7,0.18,144,208,320,diag,log_euclidean_gaussian_ar,bures_transport,44,36,3,3,10,8.0,0.03,0.05,20.0,0.003125,0.053125,1e-06,0.4848138578202234,0.4840908417050521,0.4566804233371459,0.7427972527258951,0.0013227830854128048,0.4827680586196394,112,0.1002397429654968,0.9288685626015066,0.929098518319715,0.8519150201800857
Larger variation,13,320,8,0.7,0.18,144,208,320,diag,bwar_barycenter,bures_transport,44,36,3,3,10,8.0,0.03,0.05,20.0,0.003125,0.053125,1e-06,0.47502769677736,0.46727286269438,0.4355026692286179,0.7067360903855201,0.0013227830854128048,0.4659500796089672,112,0.13273041950857295,0.8965983962532175,0.8967319209424462,0.8519150201800857
Larger variation,14,320,8,0.7,0.18,144,208,320,diag,persistence,bures_transport,44,36,3,3,10,8.0,0.03,0.05,20.0,0.0,0.021875,,0.517088084277656,0.5357092073136167,,,0.0015602621083826318,0.5341489452052341,112,0.04999999999999939,1.0,1.0,1.0
Larger variation,14,320,8,0.7,0.18,144,208,320,diag,euclidean_gaussian_ar,bures_transport,44,36,3,3,10,8.0,0.03,0.05,20.0,0.0,0.021875,1e-06,0.4688911371355936,0.48736626204382943,0.4747111159785326,0.7424457983817758,0.0013957583176668327,0.4859705037261626,112,0.21053437219228646,0.9097589800402923,0.9098033574501206,0.8945665668402831
Larger variation,14,320,8,0.7,0.18,144,208,320,diag,cholesky_gaussian_ar,bures_transport,44,36,3,3,10,8.0,0.03,0.05,20.0,0.0,0.021875,1e-06,0.4576006998748658,0.47869363709724005,0.45899508974612807,0.7599540368795744,0.0013957583176668327,0.47729787877957325,112,0.12713082894016595,0.8935699266729265,0.8935670154626679,0.8945665668402831
Larger variation,14,320,8,0.7,0.18,144,208,320,diag,log_euclidean_gaussian_ar,bures_transport,44,36,3,3,10,8.0,0.03,0.05,20.0,0.0,0.021875,1e-06,0.46341165150906305,0.47317082704359414,0.45751786377893977,0.748919764896001,0.0013957583176668327,0.4717750687259272,112,0.12048320979482358,0.883260583510167,0.8832275584568622,0.8945665668402831
Larger variation,14,320,8,0.7,0.18,144,208,320,diag,bwar_barycenter,bures_transport,44,36,3,3,10,8.0,0.03,0.05,20.0,0.0,0.021875,1e-06,0.45228266487646995,0.4645004743350406,0.4435996885793728,0.721076075415963,0.0013957583176668325,0.46310471601737374,112,0.14192455182593933,0.8670757716940101,0.8669954704102929,0.894566566840283
Larger variation,15,320,8,0.7,0.18,144,208,320,diag,persistence,bures_transport,44,36,3,3,10,8.0,0.03,0.05,20.0,0.0,0.04375,,0.6324468371260398,0.5253256928691681,,,0.0016693578946661207,0.523656334974502,112,0.04999999999999973,1.0,1.0,1.0
Larger variation,15,320,8,0.7,0.18,144,208,320,diag,euclidean_gaussian_ar,bures_transport,44,36,3,3,10,8.0,0.03,0.05,20.0,0.0,0.04375,1e-06,0.55043397500807,0.5124176942631349,0.4792556192183437,0.7996790177521994,0.0014071890876063147,0.5110105051755286,112,0.2549191968802594,0.9754285792961436,0.9758508988541327,0.8429523064541885
Larger variation,15,320,8,0.7,0.18,144,208,320,diag,cholesky_gaussian_ar,bures_transport,44,36,3,3,10,8.0,0.03,0.05,20.0,0.0,0.04375,1e-06,0.5878860829395227,0.5244363657424927,0.4968148210098122,0.8176851332354581,0.0014071890876063147,0.5230291766548864,112,0.10032383303129395,0.9983070937920091,0.9988023474982953,0.8429523064541885
Larger variation,15,320,8,0.7,0.18,144,208,320,diag,log_euclidean_gaussian_ar,bures_transport,44,36,3,3,10,8.0,0.03,0.05,20.0,0.0,0.04375,1e-06,0.5489124918806514,0.4868812896525192,0.4708417179091551,0.7722406377407566,0.0014071890876063147,0.48547410056491286,112,0.09864173972841772,0.926817965048164,0.9270853193985549,0.8429523064541885
Larger variation,15,320,8,0.7,0.18,144,208,320,diag,bwar_barycenter,bures_transport,44,36,3,3,10,8.0,0.03,0.05,20.0,0.0,0.04375,1e-06,0.5351318337865277,0.4792827878282856,0.4617977217911977,0.7742428672166147,0.0014071890876063147,0.47787559874067925,112,0.13868295714016685,0.9123536014592961,0.9125748450344787,0.8429523064541885
Larger variation,16,320,8,0.7,0.18,144,208,320,diag,persistence,bures_transport,44,36,3,3,10,8.0,0.03,0.05,20.0,0.0,0.025,,0.5970373169304267,0.5979610192418428,,,0.0015280091630467077,0.596433010078796,112,0.04999999999999991,1.0,1.0,1.0
Larger variation,16,320,8,0.7,0.18,144,208,320,diag,euclidean_gaussian_ar,bures_transport,44,36,3,3,10,8.0,0.03,0.05,20.0,0.0,0.025,0.0001,0.5154285928653346,0.5376003244340782,0.5084751230387974,0.8640419210224741,0.0014394477959370471,0.5361608766381412,112,0.2131274912400814,0.8990558031955058,0.8989456780189075,0.942041337675569
Larger variation,16,320,8,0.7,0.18,144,208,320,diag,cholesky_gaussian_ar,bures_transport,44,36,3,3,10,8.0,0.03,0.05,20.0,0.0,0.025,1e-06,0.5232120773057176,0.5409559416915863,0.5217423758682249,0.8398062912136575,0.0013715804933421294,0.5395843611982442,112,0.1361324151124974,0.9046675690958361,0.9046856094148085,0.89762583007508
Larger variation,16,320,8,0.7,0.18,144,208,320,diag,log_euclidean_gaussian_ar,bures_transport,44,36,3,3,10,8.0,0.03,0.05,20.0,0.0,0.025,1e-06,0.5155676495523356,0.5400277932916774,0.5032554120879028,0.8403112054303238,0.0013715804933421294,0.5386562127983352,112,0.11480648712345458,0.9031153802908104,0.9031294440379352,0.89762583007508
Larger variation,16,320,8,0.7,0.18,144,208,320,diag,bwar_barycenter,bures_transport,44,36,3,3,10,8.0,0.03,0.05,20.0,0.0,0.025,1e-06,0.49981524104023084,0.5187798985366502,0.49562373801307824,0.8238698306800829,0.0013715804933421298,0.517408318043308,112,0.1486110118976813,0.8675814674247718,0.8675044963975956,0.8976258300750803
Larger variation,17,320,8,0.7,0.18,144,208,320,diag,persistence,bures_transport,44,36,3,3,10,8.0,0.03,0.05,20.0,0.009375,0.034375,,0.5714335961136727,0.5081748041186297,,,0.0015550818578313017,0.5066197222607984,112,0.05000000000000059,1.0,1.0,1.0
Larger variation,17,320,8,0.7,0.18,144,208,320,diag,euclidean_gaussian_ar,bures_transport,44,36,3,3,10,8.0,0.03,0.05,20.0,0.009375,0.034375,1e-06,0.49788166038457843,0.4559036937648338,0.44277253091017055,0.6839276060526006,0.0013246494844679946,0.45457904428036583,112,0.1163052984789113,0.8971395080390613,0.8972786180762955,0.8518197790020743
Larger variation,17,320,8,0.7,0.18,144,208,320,diag,cholesky_gaussian_ar,bures_transport,44,36,3,3,10,8.0,0.03,0.05,20.0,0.009375,0.034375,1e-06,0.5091063349462421,0.4651576450478854,0.4594823903797769,0.7148009351142317,0.0013246494844679946,0.4638329955634175,112,0.1095956547409205,0.9153496814047037,0.9155446880227156,0.8518197790020743
Larger variation,17,320,8,0.7,0.18,144,208,320,diag,log_euclidean_gaussian_ar,bures_transport,44,36,3,3,10,8.0,0.03,0.05,20.0,0.009375,0.034375,1e-06,0.5026490155746517,0.4555904096065898,0.43798265759166644,0.7015972366092477,0.0013246494844679946,0.4542657601221218,112,0.08420165407600415,0.8965230190756084,0.8966602367846118,0.8518197790020743
Larger variation,17,320,8,0.7,0.18,144,208,320,diag,bwar_barycenter,bures_transport,44,36,3,3,10,8.0,0.03,0.05,20.0,0.009375,0.034375,1e-06,0.48627108318660905,0.44152163856028626,0.41791208783088174,0.6842331507915889,0.0013246494844679946,0.4401969890758182,112,0.10694022825164458,0.868838114329683,0.868890352533913,0.8518197790020743
Larger variation,18,320,8,0.7,0.18,144,208,320,diag,persistence,bures_transport,44,36,3,3,10,8.0,0.03,0.05,20.0,0.0,0.03125,,0.5390969530757657,0.5455675549657497,,,0.0015161502335009366,0.5440514047322488,112,0.050000000000000114,1.0,1.0,1.0
Larger variation,18,320,8,0.7,0.18,144,208,320,diag,euclidean_gaussian_ar,bures_transport,44,36,3,3,10,8.0,0.03,0.05,20.0,0.0,0.03125,1e-06,0.4727329906956025,0.49073008827892917,0.4783845084430225,0.7566642840310249,0.001279096401850591,0.4894509918770786,112,0.20640499243538965,0.8994854694204402,0.8996410773315778,0.8436475314831
Larger variation,18,320,8,0.7,0.18,144,208,320,diag,cholesky_gaussian_ar,bures_transport,44,36,3,3,10,8.0,0.03,0.05,20.0,0.0,0.03125,1e-06,0.4977758480139883,0.5159229192396734,0.4747488739557561,0.803887381961751,0.001279096401850591,0.5146438228378228,112,0.1162911826201237,0.9456627589814475,0.9459470527258381,0.8436475314831
Larger variation,18,320,8,0.7,0.18,144,208,320,diag,log_euclidean_gaussian_ar,bures_transport,44,36,3,3,10,8.0,0.03,0.05,20.0,0.0,0.03125,1e-06,0.47671588066655146,0.49296037818955707,0.4648781079894534,0.7188113168222485,0.001279096401850591,0.4916812817877065,112,0.09660683300800499,0.9035734872842736,0.9037404875917637,0.8436475314831
Larger variation,18,320,8,0.7,0.18,144,208,320,diag,bwar_barycenter,bures_transport,44,36,3,3,10,8.0,0.03,0.05,20.0,0.0,0.03125,0.0001,0.46121628959682315,0.4759647428063841,0.4603111004700606,0.7498723343058379,0.0012939325540644428,0.47467081025231966,112,0.1264735991073842,0.8724212766579655,0.8724741929228649,0.8534329418507743
Larger variation,19,320,8,0.7,0.18,144,208,320,diag,persistence,bures_transport,44,36,3,3,10,8.0,0.03,0.05,20.0,0.0,0.059375,,0.5557374908629484,0.5143026219815984,,,0.0015024893411263187,0.5128001326404721,112,0.04999999999999898,1.0,1.0,1.0
Larger variation,19,320,8,0.7,0.18,144,208,320,diag,euclidean_gaussian_ar,bures_transport,44,36,3,3,10,8.0,0.03,0.05,20.0,0.0,0.059375,0.001,0.4995238532183695,0.4774774316791511,0.45909640697426857,0.7247390583708759,0.002080305059479626,0.4753971266196714,112,0.2023209473003061,0.9283978172995492,0.9270612395745532,1.3845722578771549
Larger variation,19,320,8,0.7,0.18,144,208,320,diag,cholesky_gaussian_ar,bures_transport,44,36,3,3,10,8.0,0.03,0.05,20.0,0.0,0.059375,1e-06,0.5224564462899317,0.4812558560066841,0.4492594879943368,0.7335866618708526,0.0013987831281955833,0.4798570728784885,112,0.09257692576465737,0.9357445119614873,0.9357584804193485,0.9309770724543087
Larger variation,19,320,8,0.7,0.18,144,208,320,diag,log_euclidean_gaussian_ar,bures_transport,44,36,3,3,10,8.0,0.03,0.05,20.0,0.0,0.059375,1e-06,0.4971634815794848,0.46089791160750027,0.43419497460084583,0.698800733821464,0.0013987831281955833,0.4594991284793047,112,0.09439463170482368,0.8961609214272898,0.8960589111264191,0.9309770724543087
Larger variation,19,320,8,0.7,0.18,144,208,320,diag,bwar_barycenter,bures_transport,44,36,3,3,10,8.0,0.03,0.05,20.0,0.0,0.059375,1e-06,0.4858303344106669,0.4526728533488148,0.42931537530828323,0.6788202121228726,0.0013987831281955837,0.45127407022061927,112,0.13204276735359569,0.8801682783662949,0.8800194100905407,0.9309770724543089
Larger variation,20,320,8,0.7,0.18,144,208,320,diag,persistence,bures_transport,44,36,3,3,10,8.0,0.03,0.05,20.0,0.0,0.025,,0.6135914695100657,0.5562055869049684,,,0.0015454519577633337,0.554660134947205,112,0.0499999999999998,1.0,1.0,1.0
Larger variation,20,320,8,0.7,0.18,144,208,320,diag,euclidean_gaussian_ar,bures_transport,44,36,3,3,10,8.0,0.03,0.05,20.0,0.0,0.025,1e-06,0.5295025410874608,0.5169257860263421,0.4617881205315585,0.8412321683448889,0.0013336098084908768,0.5155921762178511,112,0.18886325146703017,0.9293789889864276,0.9295641488042538,0.8629254386017622
Larger variation,20,320,8,0.7,0.18,144,208,320,diag,cholesky_gaussian_ar,bures_transport,44,36,3,3,10,8.0,0.03,0.05,20.0,0.0,0.025,1e-06,0.5510853383786316,0.5339422599276824,0.5020774300089649,0.8199591472080646,0.0013336098084908768,0.5326086501191915,112,0.12316740623892607,0.959972845470375,0.9602432490842117,0.8629254386017622
Larger variation,20,320,8,0.7,0.18,144,208,320,diag,log_euclidean_gaussian_ar,bures_transport,44,36,3,3,10,8.0,0.03,0.05,20.0,0.0,0.025,1e-06,0.5379943183050295,0.5111558652863193,0.47903384207694505,0.8032450947801423,0.0013336098084908768,0.5098222554778284,112,0.1074596800048168,0.9190052694915736,0.9191615249694401,0.8629254386017622
Larger variation,20,320,8,0.7,0.18,144,208,320,diag,bwar_barycenter,bures_transport,44,36,3,3,10,8.0,0.03,0.05,20.0,0.0,0.025,1e-06,0.5209424966124702,0.4981473579889961,0.45448109591186114,0.8083476378821188,0.0013336098084908768,0.4968137481805052,112,0.13728119033721928,0.8956173215752112,0.8957084111115975,0.8629254386017622
Larger variation,21,320,8,0.7,0.18,144,208,320,diag,persistence,bures_transport,44,36,3,3,10,8.0,0.03,0.05,20.0,0.0,0.0375,,0.5100642050189887,0.505556795404787,,,0.00167762312385754,0.5038791722809295,112,0.04999999999999856,1.0,1.0,1.0
Larger variation,21,320,8,0.7,0.18,144,208,320,diag,euclidean_gaussian_ar,bures_transport,44,36,3,3,10,8.0,0.03,0.05,20.0,0.0,0.0375,1e-06,0.5084536434194301,0.46077919256712246,0.4426103494323157,0.6523584264951444,0.0015339888341633187,0.4592452037329592,112,0.20294127677005191,0.9114291346794928,0.9114193024769729,0.9143822664032268
Larger variation,21,320,8,0.7,0.18,144,208,320,diag,cholesky_gaussian_ar,bures_transport,44,36,3,3,10,8.0,0.03,0.05,20.0,0.0,0.0375,1e-06,0.4978626367614957,0.4632483198035263,0.440083300177539,0.6544618044236595,0.0015339888341633187,0.46171433096936304,112,0.11084118723927684,0.9163131106419302,0.9163195392246574,0.9143822664032268
Larger variation,21,320,8,0.7,0.18,144,208,320,diag,log_euclidean_gaussian_ar,bures_transport,44,36,3,3,10,8.0,0.03,0.05,20.0,0.0,0.0375,1e-06,0.48311465793695174,0.4521518223855227,0.43900994248632613,0.6486030589874217,0.0015339888341633187,0.4506178335513594,112,0.09754601456792815,0.8943640486990106,0.8942973997348017,0.9143822664032268
Larger variation,21,320,8,0.7,0.18,144,208,320,diag,bwar_barycenter,bures_transport,44,36,3,3,10,8.0,0.03,0.05,20.0,0.0,0.0375,1e-06,0.4742515353087887,0.4379642567426395,0.4197765515760076,0.6399689570482234,0.0015339888341633183,0.4364302679084762,112,0.1325724634880889,0.866300800866443,0.8661407176900572,0.9143822664032266
Larger variation,22,320,8,0.7,0.18,144,208,320,diag,persistence,bures_transport,44,36,3,3,10,8.0,0.03,0.05,20.0,0.009375,0.0375,,0.5521939866184975,0.4913044150254399,,,0.0016334395221663594,0.48967097550327365,112,0.049999999999999156,1.0,1.0,1.0
Larger variation,22,320,8,0.7,0.18,144,208,320,diag,euclidean_gaussian_ar,bures_transport,44,36,3,3,10,8.0,0.03,0.05,20.0,0.009375,0.0375,0.0001,0.5114300847032767,0.45699819446923584,0.4319603167452137,0.7274945392434182,0.001375442052542291,0.45562275241669364,112,0.22058388667780982,0.9301731889496094,0.9304671406109256,0.8420526342585996
Larger variation,22,320,8,0.7,0.18,144,208,320,diag,cholesky_gaussian_ar,bures_transport,44,36,3,3,10,8.0,0.03,0.05,20.0,0.009375,0.0375,1e-06,0.5179319485866466,0.4606503698345098,0.41992526308821554,0.71965074718778,0.0013577938885614223,0.4592925759459483,112,0.15637186656277702,0.9376068192073078,0.9379616087596307,0.8312483383288287
Larger variation,22,320,8,0.7,0.18,144,208,320,diag,log_euclidean_gaussian_ar,bures_transport,44,36,3,3,10,8.0,0.03,0.05,20.0,0.009375,0.0375,1e-06,0.5039741035510088,0.44804701505129596,0.39858608081379876,0.7473418510323036,0.0013577938885614223,0.4466892211627346,112,0.10791808900631407,0.9119539766971073,0.9122231937550244,0.8312483383288287
Larger variation,22,320,8,0.7,0.18,144,208,320,diag,bwar_barycenter,bures_transport,44,36,3,3,10,8.0,0.03,0.05,20.0,0.009375,0.0375,1e-06,0.48601493532287426,0.4326886313791105,0.3961697109047269,0.7039680084051335,0.0013577938885614216,0.4313308374905492,112,0.15097110408042522,0.8806935540294417,0.8808584928833821,0.8312483383288284
Larger variation,23,320,8,0.7,0.18,144,208,320,diag,persistence,bures_transport,44,36,3,3,10,8.0,0.03,0.05,20.0,0.0,0.021875,,0.4975537795992254,0.5461629673556612,,,0.0015644396774155984,0.5445985276782456,112,0.050000000000000426,1.0,1.0,1.0
Larger variation,23,320,8,0.7,0.18,144,208,320,diag,euclidean_gaussian_ar,bures_transport,44,36,3,3,10,8.0,0.03,0.05,20.0,0.0,0.021875,1e-06,0.47561015790731503,0.4967630234478329,0.46495215545217694,0.7343649596951706,0.0013484074147787262,0.49541461603305414,112,0.21048791789148893,0.9095509090500838,0.9096877623689614,0.861910774985105
Larger variation,23,320,8,0.7,0.18,144,208,320,diag,cholesky_gaussian_ar,bures_transport,44,36,3,3,10,8.0,0.03,0.05,20.0,0.0,0.021875,1e-06,0.4624092245581639,0.4946878355095774,0.48530666501993164,0.7487636698290443,0.0013484074147787262,0.49333942809479864,112,0.1484786849110947,0.905751332619073,0.9058772710936682,0.861910774985105
Larger variation,23,320,8,0.7,0.18,144,208,320,diag,log_euclidean_gaussian_ar,bures_transport,44,36,3,3,10,8.0,0.03,0.05,20.0,0.0,0.021875,1e-06,0.4513157828788943,0.4868294602363678,0.4705326245116837,0.7540075970870804,0.0013484074147787262,0.4854810528215891,112,0.10527163617056794,0.8913629984717448,0.8914476043321519,0.861910774985105
Larger variation,23,320,8,0.7,0.18,144,208,320,diag,bwar_barycenter,bures_transport,44,36,3,3,10,8.0,0.03,0.05,20.0,0.0,0.021875,1e-06,0.4462872425666965,0.4758341929049659,0.455619737988165,0.7228240036208528,0.001348407414778727,0.47448578549018716,112,0.15885872411583513,0.8712311550685985,0.8712579292364857,0.8619107749851056
Larger variation,24,320,8,0.7,0.18,144,208,320,diag,persistence,bures_transport,44,36,3,3,10,8.0,0.03,0.05,20.0,0.003125,0.025,,0.5900043075371247,0.5826218713617154,,,0.0015910883021248389,0.5810307830595904,112,0.04999999999999869,1.0,1.0,1.0
Larger variation,24,320,8,0.7,0.18,144,208,320,diag,euclidean_gaussian_ar,bures_transport,44,36,3,3,10,8.0,0.03,0.05,20.0,0.003125,0.025,1e-06,0.5227680157979343,0.5239635248708758,0.4685090029687127,0.8094671602655841,0.0013354449539630202,0.5226280799169128,112,0.1845311628801062,0.8993200403655597,0.8994843219232882,0.8393279946685445
Larger variation,24,320,8,0.7,0.18,144,208,320,diag,cholesky_gaussian_ar,bures_transport,44,36,3,3,10,8.0,0.03,0.05,20.0,0.003125,0.025,1e-06,0.5163915113289074,0.5279229881858379,0.47513951050024084,0.8255345293445262,0.0013354449539630202,0.5265875432318748,112,0.10440129403410907,0.9061159804247751,0.9062988719099726,0.8393279946685445
Larger variation,24,320,8,0.7,0.18,144,208,320,diag,log_euclidean_gaussian_ar,bures_transport,44,36,3,3,10,8.0,0.03,0.05,20.0,0.003125,0.025,1e-06,0.5179302429480799,0.5319034471446674,0.4869522976960133,0.8518257134070143,0.0013354449539630202,0.5305680021907044,112,0.1093970639280736,0.9129479569681999,0.9131495570627787,0.8393279946685445
Larger variation,24,320,8,0.7,0.18,144,208,320,diag,bwar_barycenter,bures_transport,44,36,3,3,10,8.0,0.03,0.05,20.0,0.003125,0.025,1e-06,0.5030180451955071,0.5092839037652194,0.4482932674268411,0.8362184395771188,0.0013354449539630209,0.5079484588112563,112,0.1472044909983153,0.8741242455847237,0.874219531255302,0.8393279946685449
Larger variation,25,320,8,0.7,0.18,144,208,320,diag,persistence,bures_transport,44,36,3,3,10,8.0,0.03,0.05,20.0,0.0,0.028125,,0.5432842891667966,0.5692732519343412,,,0.0016201666741611656,0.56765308526018,112,0.04999999999999946,1.0,1.0,1.0
Larger variation,25,320,8,0.7,0.18,144,208,320,diag,euclidean_gaussian_ar,bures_transport,44,36,3,3,10,8.0,0.03,0.05,20.0,0.0,0.028125,1e-06,0.48597348329063805,0.5236169628051967,0.5113133034556093,0.7411347726363428,0.0013716097338490195,0.5222453530713477,112,0.16322275569481223,0.9197989911277081,0.9200079531532538,0.8465855740176637
Larger variation,25,320,8,0.7,0.18,144,208,320,diag,cholesky_gaussian_ar,bures_transport,44,36,3,3,10,8.0,0.03,0.05,20.0,0.0,0.028125,1e-06,0.4801687576239311,0.523475457116705,0.5140384626452565,0.7555657666979554,0.0013716097338490195,0.522103847382856,112,0.11221126224463915,0.9195504186047398,0.9197586711671851,0.8465855740176637
Larger variation,25,320,8,0.7,0.18,144,208,320,diag,log_euclidean_gaussian_ar,bures_transport,44,36,3,3,10,8.0,0.03,0.05,20.0,0.0,0.028125,1e-06,0.4749418403552332,0.5259381252282114,0.5179627899401335,0.7479561268189897,0.0013716097338490195,0.5245665154943623,112,0.11050830269798217,0.9238764045932585,0.9240970041657234,0.8465855740176637
Larger variation,25,320,8,0.7,0.18,144,208,320,diag,bwar_barycenter,bures_transport,44,36,3,3,10,8.0,0.03,0.05,20.0,0.0,0.028125,1e-06,0.46508755527595896,0.5063644080677155,0.4958687481518672,0.7190178727442911,0.0013716097338490193,0.5049927983338665,112,0.15249494280422815,0.8894927108328613,0.8896151742087447,0.8465855740176635
Larger variation,26,320,8,0.7,0.18,144,208,320,diag,persistence,bures_transport,44,36,3,3,10,8.0,0.03,0.05,20.0,0.003125,0.04375,,0.5040752952166436,0.5168250119768828,,,0.0015790960759831123,0.5152459159008996,112,0.049999999999998615,1.0,1.0,1.0
Larger variation,26,320,8,0.7,0.18,144,208,320,diag,euclidean_gaussian_ar,bures_transport,44,36,3,3,10,8.0,0.03,0.05,20.0,0.003125,0.04375,1e-06,0.44978564314458214,0.47974563756951977,0.45289995703386565,0.6980086150967887,0.0013252447038394372,0.4784203928656803,112,0.21361353704520505,0.9282554567830754,0.9285282582573595,0.8392426046745557
Larger variation,26,320,8,0.7,0.18,144,208,320,diag,cholesky_gaussian_ar,bures_transport,44,36,3,3,10,8.0,0.03,0.05,20.0,0.003125,0.04375,1e-06,0.4815079826760593,0.49751205074365046,0.4683257015808014,0.7272273971903588,0.0013252447038394372,0.49618680603981097,112,0.12425255796792022,0.9626315275273555,0.9630096828079382,0.8392426046745557
Larger variation,26,320,8,0.7,0.18,144,208,320,diag,log_euclidean_gaussian_ar,bures_transport,44,36,3,3,10,8.0,0.03,0.05,20.0,0.003125,0.04375,1e-06,0.4507142363950664,0.46995269503577275,0.43010863053280357,0.6902948248664126,0.0013252447038394372,0.4686274503319333,112,0.1053087300639208,0.9093071816284182,0.9095219115178145,0.8392426046745557
Larger variation,26,320,8,0.7,0.18,144,208,320,diag,bwar_barycenter,bures_transport,44,36,3,3,10,8.0,0.03,0.05,20.0,0.003125,0.04375,1e-06,0.4348122942789756,0.4560643100257079,0.4273586454541196,0.6986000508602528,0.0013252447038394368,0.4547390653218684,112,0.15023222709760253,0.8824346721944396,0.8825670447610712,0.8392426046745554
Larger variation,27,320,8,0.7,0.18,144,208,320,diag,persistence,bures_transport,44,36,3,3,10,8.0,0.03,0.05,20.0,0.0,0.025,,0.4932184536974896,0.521241055699859,,,0.0016693735739312498,0.519571682125928,112,0.04999999999999974,1.0,1.0,1.0
Larger variation,27,320,8,0.7,0.18,144,208,320,diag,euclidean_gaussian_ar,bures_transport,44,36,3,3,10,8.0,0.03,0.05,20.0,0.0,0.025,1e-06,0.4484151790162896,0.46660518677276747,0.432627979981418,0.7186396791191806,0.0014093764624464507,0.46519581031032103,112,0.19901735305604165,0.8951811866512833,0.895344812494173,0.8442546859822841
Larger variation,27,320,8,0.7,0.18,144,208,320,diag,cholesky_gaussian_ar,bures_transport,44,36,3,3,10,8.0,0.03,0.05,20.0,0.0,0.025,1e-06,0.4748532912798654,0.4746854205587,0.4516005092817811,0.7350315052879962,0.0014093764624464507,0.47327604409625357,112,0.11015053123379102,0.9106831002046648,0.9108965333902593,0.8442546859822841
Larger variation,27,320,8,0.7,0.18,144,208,320,diag,log_euclidean_gaussian_ar,bures_transport,44,36,3,3,10,8.0,0.03,0.05,20.0,0.0,0.025,1e-06,0.4505886907731259,0.45974227995948463,0.42612622772158326,0.7223977792340105,0.0014093764624464507,0.4583329034970382,112,0.09952211407322664,0.8820147126403899,0.8821360348617934,0.8442546859822841
Larger variation,27,320,8,0.7,0.18,144,208,320,diag,bwar_barycenter,bures_transport,44,36,3,3,10,8.0,0.03,0.05,20.0,0.0,0.025,1e-06,0.4375494163715351,0.4519504651568466,0.4130879255365456,0.6928691567508813,0.00140937646244645,0.4505410886944002,112,0.14513801607559912,0.867066130372295,0.867139423093507,0.8442546859822837
Larger variation,28,320,8,0.7,0.18,144,208,320,diag,persistence,bures_transport,44,36,3,3,10,8.0,0.03,0.05,20.0,0.0,0.015625,,0.5219597137558121,0.5893131765492077,,,0.0016713944962902982,0.5876417820529173,112,0.05,1.0,1.0,1.0
Larger variation,28,320,8,0.7,0.18,144,208,320,diag,euclidean_gaussian_ar,bures_transport,44,36,3,3,10,8.0,0.03,0.05,20.0,0.0,0.015625,1e-06,0.4690006538477,0.5242503068073666,0.4841656995308991,0.812151414483712,0.0014386196484050054,0.5228116871589616,112,0.20794032894358094,0.8895954267935696,0.8896775265579777,0.860730157720429
Larger variation,28,320,8,0.7,0.18,144,208,320,diag,cholesky_gaussian_ar,bures_transport,44,36,3,3,10,8.0,0.03,0.05,20.0,0.0,0.015625,1e-06,0.4859709315764251,0.5315333172515342,0.5059013256558119,0.8181925531201865,0.0014386196484050054,0.5300946976031293,112,0.13030586983868772,0.9019538988827465,0.902071149112733,0.860730157720429
Larger variation,28,320,8,0.7,0.18,144,208,320,diag,log_euclidean_gaussian_ar,bures_transport,44,36,3,3,10,8.0,0.03,0.05,20.0,0.0,0.015625,1e-06,0.48604207691976503,0.5274895211740074,0.49736092502627516,0.7655365186709094,0.0014386196484050054,0.5260509015256024,112,0.10873223151661651,0.8950920192600886,0.8951897526548434,0.860730157720429
Larger variation,28,320,8,0.7,0.18,144,208,320,diag,bwar_barycenter,bures_transport,44,36,3,3,10,8.0,0.03,0.05,20.0,0.0,0.015625,1e-06,0.4620188583893392,0.5105956764898274,0.47832273972203754,0.7833026068398,0.0014386196484050054,0.5091570568414224,112,0.14160391541887207,0.8664250127235915,0.8664412102602547,0.860730157720429
Larger variation,29,320,8,0.7,0.18,144,208,320,diag,persistence,bures_transport,44,36,3,3,10,8.0,0.03,0.05,20.0,0.0,0.021875,,0.5577178505001867,0.5748507685637242,,,0.0015946892192644515,0.5732560793444598,112,0.049999999999999684,1.0,1.0,1.0
Larger variation,29,320,8,0.7,0.18,144,208,320,diag,euclidean_gaussian_ar,bures_transport,44,36,3,3,10,8.0,0.03,0.05,20.0,0.0,0.021875,1e-06,0.5132859198754008,0.5227824078538224,0.48453246841010145,0.8243785633883838,0.0013806637473257049,0.5214017441064966,112,0.15515789883358747,0.9094228214393874,0.9095442035307143,0.8657886004663243
Larger variation,29,320,8,0.7,0.18,144,208,320,diag,cholesky_gaussian_ar,bures_transport,44,36,3,3,10,8.0,0.03,0.05,20.0,0.0,0.021875,1e-06,0.5150945787004813,0.5286324104913253,0.5257645047247046,0.8107957070591952,0.0013806637473257049,0.5272517467439995,112,0.1447829551498625,0.9195993802219724,0.9197490715614077,0.8657886004663243
Larger variation,29,320,8,0.7,0.18,144,208,320,diag,log_euclidean_gaussian_ar,bures_transport,44,36,3,3,10,8.0,0.03,0.05,20.0,0.0,0.021875,1e-06,0.4969642662555308,0.5172376994969985,0.49141776729812703,0.797595491013607,0.0013806637473257049,0.5158570357496728,112,0.11014531955144448,0.8997773470657905,0.8998718972846743,0.8657886004663243
Larger variation,29,320,8,0.7,0.18,144,208,320,diag,bwar_barycenter,bures_transport,44,36,3,3,10,8.0,0.03,0.05,20.0,0.0,0.021875,1e-06,0.4933189719890486,0.5057422968667175,0.47767752457325224,0.8003032920051253,0.001380663747325705,0.5043616331193918,112,0.13120815587619683,0.8797801525608541,0.8798190743936786,0.8657886004663244
Larger variation,30,320,8,0.7,0.18,144,208,320,diag,persistence,bures_transport,44,36,3,3,10,8.0,0.03,0.05,20.0,0.003125,0.03125,,0.5185159241272973,0.5526245404838079,,,0.001758065087402742,0.5508664753964052,112,0.04999999999999944,1.0,1.0,1.0
Larger variation,30,320,8,0.7,0.18,144,208,320,diag,euclidean_gaussian_ar,bures_transport,44,36,3,3,10,8.0,0.03,0.05,20.0,0.003125,0.03125,1e-06,0.4689798562005357,0.4879620687783297,0.4453456726526534,0.7635412172885478,0.0015810647092010098,0.4863810040691287,112,0.21465059963355912,0.8829902275985283,0.8829381089475947,0.8993209185086419
Larger variation,30,320,8,0.7,0.18,144,208,320,diag,cholesky_gaussian_ar,bures_transport,44,36,3,3,10,8.0,0.03,0.05,20.0,0.003125,0.03125,1e-06,0.47279178793172694,0.49356165175875855,0.472521813560778,0.7753181766267324,0.0015810647092010098,0.49198058704955755,112,0.15638794277053675,0.8931229353778943,0.8931031547990406,0.8993209185086419
Larger variation,30,320,8,0.7,0.18,144,208,320,diag,log_euclidean_gaussian_ar,bures_transport,44,36,3,3,10,8.0,0.03,0.05,20.0,0.003125,0.03125,1e-06,0.47140014649134027,0.48611112351367386,0.46073338361216765,0.7566508945315871,0.0015810647092010098,0.48453005880447286,112,0.11542253413445948,0.8796408554135084,0.8795780473948855,0.8993209185086419
Larger variation,30,320,8,0.7,0.18,144,208,320,diag,bwar_barycenter,bures_transport,44,36,3,3,10,8.0,0.03,0.05,20.0,0.003125,0.03125,1e-06,0.4538206219265659,0.4760780622231789,0.4349980994788305,0.7381416864077117,0.00158106470920101,0.4744969975139779,112,0.14838290678082922,0.8614855608952605,0.861364811086985,0.899320918508642
Larger variation,31,320,8,0.7,0.18,144,208,320,diag,persistence,bures_transport,44,36,3,3,10,8.0,0.03,0.05,20.0,0.0,0.015625,,0.5829212974492721,0.5184780361692756,,,0.0017353999215380838,0.5167426362477375,112,0.049999999999999156,1.0,1.0,1.0
Larger variation,31,320,8,0.7,0.18,144,208,320,diag,euclidean_gaussian_ar,bures_transport,44,36,3,3,10,8.0,0.03,0.05,20.0,0.0,0.015625,1e-06,0.524209345986273,0.46879942983640216,0.45586876698308865,0.7418794841849031,0.0014402100040233916,0.46735921983237877,112,0.15695555903831043,0.9041837785455311,0.9044332459695017,0.829900927243868
Larger variation,31,320,8,0.7,0.18,144,208,320,diag,cholesky_gaussian_ar,bures_transport,44,36,3,3,10,8.0,0.03,0.05,20.0,0.0,0.015625,1e-06,0.5430404149232706,0.5010249183536898,0.47515381477768187,0.7559322428810304,0.0014402100040233916,0.49958470834966634,112,0.12650729673003303,0.9663377875280187,0.9667959895419868,0.829900927243868
Larger variation,31,320,8,0.7,0.18,144,208,320,diag,log_euclidean_gaussian_ar,bures_transport,44,36,3,3,10,8.0,0.03,0.05,20.0,0.0,0.015625,1e-06,0.5168517027473859,0.4776343939730801,0.48343098030399856,0.7426004901560254,0.0014402100040233916,0.4761941839690567,112,0.11451567698864762,0.9212239683324587,0.921530662588405,0.829900927243868
Larger variation,31,320,8,0.7,0.18,144,208,320,diag,bwar_barycenter,bures_transport,44,36,3,3,10,8.0,0.03,0.05,20.0,0.0,0.015625,0.0001,0.5042008344791167,0.45744084568399473,0.449267222243135,0.7388421119832923,0.0014542799955688096,0.4559865656884258,112,0.13453427575971802,0.8822762272896878,0.8824248933657103,0.8380085636283089
Larger variation,32,320,8,0.7,0.18,144,208,320,diag,persistence,bures_transport,44,36,3,3,10,8.0,0.03,0.05,20.0,0.0,0.034375,,0.5715011552878015,0.5804307981511803,,,0.001722267967475211,0.5787085301837048,112,0.05000000000000008,1.0,1.0,1.0
Larger variation,32,320,8,0.7,0.18,144,208,320,diag,euclidean_gaussian_ar,bures_transport,44,36,3,3,10,8.0,0.03,0.05,20.0,0.0,0.034375,1e-06,0.5369894952331082,0.5193510685073178,0.5075065783474372,0.8298313511112292,0.0015193034920584774,0.5178317650152594,112,0.16543114174053372,0.8947682827334165,0.8948058271248901,0.882152789664739
Larger variation,32,320,8,0.7,0.18,144,208,320,diag,cholesky_gaussian_ar,bures_transport,44,36,3,3,10,8.0,0.03,0.05,20.0,0.0,0.034375,1e-06,0.5768994372878344,0.5499238758488565,0.550701828038554,0.8334116491313008,0.0015193034920584774,0.548404572356798,112,0.12494777674178512,0.9474408966590055,0.9476351976058013,0.882152789664739
Larger variation,32,320,8,0.7,0.18,144,208,320,diag,log_euclidean_gaussian_ar,bures_transport,44,36,3,3,10,8.0,0.03,0.05,20.0,0.0,0.034375,1e-06,0.5333646339074674,0.5267980492775484,0.5183169662950848,0.7945930669598803,0.0015193034920584774,0.5252787457854898,112,0.1211790227927892,0.9075983751302208,0.907674102572405,0.882152789664739
Larger variation,32,320,8,0.7,0.18,144,208,320,diag,bwar_barycenter,bures_transport,44,36,3,3,10,8.0,0.03,0.05,20.0,0.0,0.034375,1e-06,0.517485208363356,0.5071990239103984,0.497641815145665,0.7982045574326372,0.001519303492058477,0.50567972041834,112,0.15792897253513227,0.8738320322180634,0.8738072691926925,0.8821527896647388
Larger variation,33,320,8,0.7,0.18,144,208,320,diag,persistence,bures_transport,44,36,3,3,10,8.0,0.03,0.05,20.0,0.003125,0.034375,,0.5678290153718238,0.5657820694313086,,,0.0017845746458593442,0.5639974947854494,112,0.049999999999999635,1.0,1.0,1.0
Larger variation,33,320,8,0.7,0.18,144,208,320,diag,euclidean_gaussian_ar,bures_transport,44,36,3,3,10,8.0,0.03,0.05,20.0,0.003125,0.034375,1e-06,0.52444487632471,0.5061383672121849,0.4865958514418339,0.7708207050567286,0.0014461428635965975,0.5046922243485883,112,0.23426679333036649,0.8945818444209903,0.8948483442122,0.810357172198993
Larger variation,33,320,8,0.7,0.18,144,208,320,diag,cholesky_gaussian_ar,bures_transport,44,36,3,3,10,8.0,0.03,0.05,20.0,0.003125,0.034375,1e-06,0.529846175693676,0.5233315196119526,0.5033035418328478,0.7476287650139124,0.0014461428635965975,0.521885376748356,112,0.14044743748222166,0.9249701393647471,0.9253327923856944,0.810357172198993
Larger variation,33,320,8,0.7,0.18,144,208,320,diag,log_euclidean_gaussian_ar,bures_transport,44,36,3,3,10,8.0,0.03,0.05,20.0,0.003125,0.034375,1e-06,0.5192679813674619,0.5245155824705163,0.5080693976521298,0.7829992938718773,0.0014461428635965975,0.5230694396069197,112,0.11570131731583436,0.9270629290138676,0.927432203942503,0.810357172198993
Larger variation,33,320,8,0.7,0.18,144,208,320,diag,bwar_barycenter,bures_transport,44,36,3,3,10,8.0,0.03,0.05,20.0,0.003125,0.034375,1e-06,0.5009224348707794,0.4931342959980737,0.4707845824954957,0.7592486413796359,0.0014461428635965975,0.4916881531344771,112,0.1469154743178358,0.8715976038154474,0.8717913779413515,0.810357172198993
Larger variation,34,320,8,0.7,0.18,144,208,320,diag,persistence,bures_transport,44,36,3,3,10,8.0,0.03,0.05,20.0,0.0,0.028125,,0.49384868809907206,0.5176872998386797,,,0.0017516750011202335,0.5159356248375594,112,0.04999999999999991,1.0,1.0,1.0
Larger variation,34,320,8,0.7,0.18,144,208,320,diag,euclidean_gaussian_ar,bures_transport,44,36,3,3,10,8.0,0.03,0.05,20.0,0.0,0.028125,1e-06,0.45162814947013025,0.4687126167931272,0.4230635404937175,0.7274826030140914,0.001471445431336205,0.46724117136179094,112,0.18900348582337764,0.905397171109251,0.9056191293417667,0.8400219392268453
Larger variation,34,320,8,0.7,0.18,144,208,320,diag,cholesky_gaussian_ar,bures_transport,44,36,3,3,10,8.0,0.03,0.05,20.0,0.0,0.028125,1e-06,0.4844341676963266,0.486248141097487,0.44651189769864386,0.7592685243331161,0.001471445431336205,0.4847766956661509,112,0.11417562752338904,0.9392699825725112,0.9396069438290507,0.8400219392268453
Larger variation,34,320,8,0.7,0.18,144,208,320,diag,log_euclidean_gaussian_ar,bures_transport,44,36,3,3,10,8.0,0.03,0.05,20.0,0.0,0.028125,1e-06,0.44881810193359084,0.44707495141796005,0.4202798466526362,0.679179211894239,0.001471445431336205,0.4456035059866238,112,0.09964553251609555,0.8636003849375412,0.8636804371222099,0.8400219392268453
Larger variation,34,320,8,0.7,0.18,144,208,320,diag,bwar_barycenter,bures_transport,44,36,3,3,10,8.0,0.03,0.05,20.0,0.0,0.028125,1e-06,0.4356864623336953,0.44582404069551007,0.4074777999034322,0.6927607485266717,0.0014714454313362053,0.44435259526417387,112,0.12399013291310804,0.8611840407026338,0.861255889054137,0.8400219392268454
Larger variation,35,320,8,0.7,0.18,144,208,320,diag,persistence,bures_transport,44,36,3,3,10,8.0,0.03,0.05,20.0,0.00625,0.0375,,0.5557120045289611,0.5562461793394288,,,0.0018409964555737015,0.5544051828838552,112,0.049999999999998886,1.0,1.0,1.0
Larger variation,35,320,8,0.7,0.18,144,208,320,diag,euclidean_gaussian_ar,bures_transport,44,36,3,3,10,8.0,0.03,0.05,20.0,0.00625,0.0375,1e-06,0.5000094612821229,0.49366165726467365,0.4679839040692389,0.710535445155488,0.0015267980199505946,0.4921348592447231,112,0.19118026078316683,0.8874877268387219,0.8876808414466475,0.8293324060066185
Larger variation,35,320,8,0.7,0.18,144,208,320,diag,cholesky_gaussian_ar,bures_transport,44,36,3,3,10,8.0,0.03,0.05,20.0,0.00625,0.0375,1e-06,0.5040953649647779,0.5018959338145141,0.49352752085689655,0.7257385394199584,0.0015267980199505946,0.5003691357945635,112,0.13146241091295005,0.9022910223141517,0.9025332937758413,0.8293324060066185
Larger variation,35,320,8,0.7,0.18,144,208,320,diag,log_euclidean_gaussian_ar,bures_transport,44,36,3,3,10,8.0,0.03,0.05,20.0,0.00625,0.0375,1e-06,0.49829537305697663,0.4885038394560666,0.4719408162233889,0.7217847090790879,0.0015267980199505946,0.486977041436116,112,0.1077452106815832,0.8782151816956124,0.8783775052444539,0.8293324060066185
Larger variation,35,320,8,0.7,0.18,144,208,320,diag,bwar_barycenter,bures_transport,44,36,3,3,10,8.0,0.03,0.05,20.0,0.00625,0.0375,1e-06,0.4849600627219629,0.4781655014975872,0.46816093748354737,0.7026513546955854,0.0015267980199505943,0.47663870347763654,112,0.1331379789642033,0.8596292779312813,0.8597298838338777,0.8293324060066184
Larger variation,36,320,8,0.7,0.18,144,208,320,diag,persistence,bures_transport,44,36,3,3,10,8.0,0.03,0.05,20.0,0.0,0.01875,,0.49157619680596387,0.5204213758503576,,,0.001597508968726039,0.5188238668816315,112,0.05000000000000024,1.0,1.0,1.0
Larger variation,36,320,8,0.7,0.18,144,208,320,diag,euclidean_gaussian_ar,bures_transport,44,36,3,3,10,8.0,0.03,0.05,20.0,0.0,0.01875,1e-06,0.44063811553367477,0.47297080639606354,0.4563911034822332,0.7297876909918786,0.0013339005261679881,0.47163690586989554,112,0.22797272656950393,0.9088227892700201,0.909050134305981,0.834987816833185
Larger variation,36,320,8,0.7,0.18,144,208,320,diag,cholesky_gaussian_ar,bures_transport,44,36,3,3,10,8.0,0.03,0.05,20.0,0.0,0.01875,1e-06,0.44420151922522694,0.4786623634720068,0.4805010153463825,0.7060654567222608,0.0013339005261679881,0.47732846294583886,112,0.1249775309066858,0.9197592291244427,0.920020248518637,0.834987816833185
Larger variation,36,320,8,0.7,0.18,144,208,320,diag,log_euclidean_gaussian_ar,bures_transport,44,36,3,3,10,8.0,0.03,0.05,20.0,0.0,0.01875,0.0001,0.4367563937063138,0.467805185722184,0.46856570705207035,0.6960032996795115,0.001328638997845251,0.46647654672433875,112,0.10176700083061765,0.8988969466478969,0.8991038703135921,0.8316942338701215
Larger variation,36,320,8,0.7,0.18,144,208,320,diag,bwar_barycenter,bures_transport,44,36,3,3,10,8.0,0.03,0.05,20.0,0.0,0.01875,1e-06,0.4272716799009822,0.45943822654349725,0.457444996821562,0.6861227961071551,0.001333900526167988,0.4581043260173293,112,0.1438297218505545,0.8828196685671967,0.8829669474743821,0.8349878168331849
Larger variation,37,320,8,0.7,0.18,144,208,320,diag,persistence,bures_transport,44,36,3,3,10,8.0,0.03,0.05,20.0,0.0,0.0375,,0.6200852769287362,0.5876440626900994,,,0.0018267558564957595,0.5858173068336034,112,0.049999999999999545,1.0,1.0,1.0
Larger variation,37,320,8,0.7,0.18,144,208,320,diag,euclidean_gaussian_ar,bures_transport,44,36,3,3,10,8.0,0.03,0.05,20.0,0.0,0.0375,1e-06,0.5687721443077564,0.5271641516549757,0.47461380237480233,0.8527778774510575,0.0015518101221227204,0.525612341532853,112,0.2009261046526902,0.8970807077361411,0.8972291111948129,0.8494896111073849
Larger variation,37,320,8,0.7,0.18,144,208,320,diag,cholesky_gaussian_ar,bures_transport,44,36,3,3,10,8.0,0.03,0.05,20.0,0.0,0.0375,1e-06,0.5808818139062142,0.5408690466853828,0.4805848918072432,0.8533122939270238,0.0015518101221227204,0.53931723656326,112,0.11380553238229953,0.9204024698376236,0.9206235976166689,0.8494896111073849
Larger variation,37,320,8,0.7,0.18,144,208,320,diag,log_euclidean_gaussian_ar,bures_transport,44,36,3,3,10,8.0,0.03,0.05,20.0,0.0,0.0375,1e-06,0.5725702766857694,0.5357574823046275,0.4721696196523194,0.835113939571215,0.0015518101221227204,0.5342056721825047,112,0.10470374652380687,0.9117040676835105,0.911898071209155,0.8494896111073849
Larger variation,37,320,8,0.7,0.18,144,208,320,diag,bwar_barycenter,bures_transport,44,36,3,3,10,8.0,0.03,0.05,20.0,0.0,0.0375,1e-06,0.5465921125368115,0.5121134304790126,0.44482368351439683,0.8094925759624185,0.00155181012212272,0.5105616203568898,112,0.14045496351843081,0.8714687393158965,0.8715372768969945,0.8494896111073845
Larger variation,38,320,8,0.7,0.18,144,208,320,diag,persistence,bures_transport,44,36,3,3,10,8.0,0.03,0.05,20.0,0.0,0.034375,,0.5000913172503625,0.5736742432457004,,,0.0016376173203853518,0.572036625925315,112,0.0499999999999995,1.0,1.0,1.0
Larger variation,38,320,8,0.7,0.18,144,208,320,diag,euclidean_gaussian_ar,bures_transport,44,36,3,3,10,8.0,0.03,0.05,20.0,0.0,0.034375,1e-06,0.45984122732301885,0.493534845811359,0.46944304152384664,0.7281263589219225,0.0013728811174403162,0.49216196469391854,112,0.18603863682487334,0.8603050452798204,0.8603679246897997,0.8383406186234401
Larger variation,38,320,8,0.7,0.18,144,208,320,diag,cholesky_gaussian_ar,bures_transport,44,36,3,3,10,8.0,0.03,0.05,20.0,0.0,0.034375,1e-06,0.4715721585648298,0.5204797869527437,0.5030517556290204,0.7405224456789671,0.0013728811174403162,0.5191069058353033,112,0.09587330347774844,0.9072741073540338,0.9074714490450787,0.8383406186234401
Larger variation,38,320,8,0.7,0.18,144,208,320,diag,log_euclidean_gaussian_ar,bures_transport,44,36,3,3,10,8.0,0.03,0.05,20.0,0.0,0.034375,1e-06,0.45518953991436006,0.4979749178212499,0.48608974815998984,0.7379153700595635,0.0013728811174403162,0.4966020367038096,112,0.09639860139257873,0.8680447548138761,0.8681297913407486,0.8383406186234401
Larger variation,38,320,8,0.7,0.18,144,208,320,diag,bwar_barycenter,bures_transport,44,36,3,3,10,8.0,0.03,0.05,20.0,0.0,0.034375,1e-06,0.4414857511796436,0.4834753266818126,0.45923938897046396,0.7095368864690649,0.001372881117440316,0.4821024455643722,112,0.11909790907321977,0.8427697990177044,0.8427824788046271,0.83834061862344
Larger variation,39,320,8,0.7,0.18,144,208,320,diag,persistence,bures_transport,44,36,3,3,10,8.0,0.03,0.05,20.0,0.0,0.040625,,0.5256758169668401,0.5352848089175805,,,0.001513270174743069,0.5337715387428373,112,0.04999999999999985,1.0,1.0,1.0
Larger variation,39,320,8,0.7,0.18,144,208,320,diag,euclidean_gaussian_ar,bures_transport,44,36,3,3,10,8.0,0.03,0.05,20.0,0.0,0.040625,0.0001,0.48499673462223103,0.4784863350180459,0.44254292864612893,0.7486277709842126,0.001288704185172105,0.47719763083287375,112,0.2144036975673362,0.8938911156205069,0.89401100695026,0.8516021835895285
Larger variation,39,320,8,0.7,0.18,144,208,320,diag,cholesky_gaussian_ar,bures_transport,44,36,3,3,10,8.0,0.03,0.05,20.0,0.0,0.040625,1e-06,0.492079543286317,0.4948749262318492,0.4765894768098535,0.77393678684087,0.0012661943188990582,0.4936087319129501,112,0.0981288185824698,0.9245076975611439,0.9247565598486565,0.8367272018124849
Larger variation,39,320,8,0.7,0.18,144,208,320,diag,log_euclidean_gaussian_ar,bures_transport,44,36,3,3,10,8.0,0.03,0.05,20.0,0.0,0.040625,1e-06,0.4843036709953828,0.4874886029849113,0.4581038501379061,0.7805359623087998,0.0012661943188990582,0.48622240866601235,112,0.09753162702445017,0.9107088317538478,0.9109185735365081,0.8367272018124849
Larger variation,39,320,8,0.7,0.18,144,208,320,diag,bwar_barycenter,bures_transport,44,36,3,3,10,8.0,0.03,0.05,20.0,0.0,0.040625,1e-06,0.46655766917479186,0.46734723926348476,0.4357020284501396,0.7602479108654753,0.0012661943188990584,0.4660810449445858,112,0.11918891300203693,0.8730814539805924,0.8731845201831495,0.836727201812485
Larger variation,40,320,8,0.7,0.18,144,208,320,diag,persistence,bures_transport,44,36,3,3,10,8.0,0.03,0.05,20.0,0.0,0.003125,,0.5524906101168203,0.5487328707999748,,,0.0016889249605637616,0.547043945839411,112,0.04999999999999951,1.0,1.0,1.0
Larger variation,40,320,8,0.7,0.18,144,208,320,diag,euclidean_gaussian_ar,bures_transport,44,36,3,3,10,8.0,0.03,0.05,20.0,0.0,0.003125,0.0001,0.4994113101065011,0.4888480070695807,0.4673589998855273,0.7457077445254475,0.0015584275461902723,0.4872895795233904,112,0.21416568101477118,0.8908670012002553,0.890768617822229,0.9227334443977135
Larger variation,40,320,8,0.7,0.18,144,208,320,diag,cholesky_gaussian_ar,bures_transport,44,36,3,3,10,8.0,0.03,0.05,20.0,0.0,0.003125,1e-06,0.5201270880481894,0.4943891952344264,0.474164181941213,0.7717768780717703,0.0015032878535873133,0.4928859073808391,112,0.11468944688904073,0.9009651536159607,0.9009987426595698,0.8900856394978716
Larger variation,40,320,8,0.7,0.18,144,208,320,diag,log_euclidean_gaussian_ar,bures_transport,44,36,3,3,10,8.0,0.03,0.05,20.0,0.0,0.003125,1e-06,0.5017878657418111,0.47862563853255036,0.4472852587409662,0.7616425756492606,0.0015032878535873133,0.4771223506789631,112,0.10608513203508957,0.8722379576692425,0.8721828553405215,0.8900856394978716
Larger variation,40,320,8,0.7,0.18,144,208,320,diag,bwar_barycenter,bures_transport,44,36,3,3,10,8.0,0.03,0.05,20.0,0.0,0.003125,1e-06,0.4842564300136074,0.46898475397267564,0.44908473225400725,0.7427998781384858,0.0015032878535873129,0.46748146611908836,112,0.12825508859556228,0.8546685991108247,0.8545592537392256,0.8900856394978713
Larger variation,41,320,8,0.7,0.18,144,208,320,diag,persistence,bures_transport,44,36,3,3,10,8.0,0.03,0.05,20.0,0.003125,0.025,,0.640232025782274,0.5725946395128483,,,0.0019872690090608288,0.5706073705037874,112,0.04999999999999981,1.0,1.0,1.0
Larger variation,41,320,8,0.7,0.18,144,208,320,diag,euclidean_gaussian_ar,bures_transport,44,36,3,3,10,8.0,0.03,0.05,20.0,0.003125,0.025,0.0001,0.5520598661836652,0.5138692273962494,0.4915495303986298,0.7856341014998929,0.0017058387627939876,0.5121633886334555,112,0.23879805458505118,0.8974398150730833,0.8975758377976577,0.8583834171500297
Larger variation,41,320,8,0.7,0.18,144,208,320,diag,cholesky_gaussian_ar,bures_transport,44,36,3,3,10,8.0,0.03,0.05,20.0,0.003125,0.025,1e-06,0.5624050582926079,0.5247630943451862,0.49676647450096334,0.7976606478394993,0.0016805619572955479,0.5230825323878906,112,0.12939591834103428,0.9164652585494755,0.9167118397472902,0.8456640493225279
Larger variation,41,320,8,0.7,0.18,144,208,320,diag,log_euclidean_gaussian_ar,bures_transport,44,36,3,3,10,8.0,0.03,0.05,20.0,0.003125,0.025,1e-06,0.5486445533679566,0.5039606926541325,0.4838773864574969,0.7694453867546938,0.0016805619572955479,0.502280130696837,112,0.11708148196759396,0.8801351914207437,0.8802552449565723,0.8456640493225279
Larger variation,41,320,8,0.7,0.18,144,208,320,diag,bwar_barycenter,bures_transport,44,36,3,3,10,8.0,0.03,0.05,20.0,0.003125,0.025,0.0001,0.5370731298140047,0.49273543546837445,0.4687605073513266,0.7529050861465965,0.0017058387627939878,0.4910295967055805,112,0.1459519835313317,0.8605309960421278,0.860538475470536,0.8583834171500299
Larger variation,42,320,8,0.7,0.18,144,208,320,diag,persistence,bures_transport,44,36,3,3,10,8.0,0.03,0.05,20.0,0.0,0.0125,,0.5840348943747014,0.5947829429644942,,,0.001701779794784582,0.5930811631697096,112,0.07732294608155234,1.0,1.0,1.0
Larger variation,42,320,8,0.7,0.18,144,208,320,diag,euclidean_gaussian_ar,bures_transport,44,36,3,3,10,8.0,0.03,0.05,20.0,0.0,0.0125,1e-06,0.5467769826376176,0.5331852669132804,0.5108765393441055,0.7977274389281027,0.0014199673552132152,0.5317652995580672,112,0.24633119465349637,0.8964367139645918,0.8966147174799127,0.8344013482619591
Larger variation,42,320,8,0.7,0.18,144,208,320,diag,cholesky_gaussian_ar,bures_transport,44,36,3,3,10,8.0,0.03,0.05,20.0,0.0,0.0125,1e-06,0.5637617840836018,0.5535351329564999,0.5243166218009797,0.8220797727170865,0.0014199673552132152,0.5521151656012867,112,0.1597423163849177,0.9306506508031173,0.930926827367976,0.8344013482619591
Larger variation,42,320,8,0.7,0.18,144,208,320,diag,log_euclidean_gaussian_ar,bures_transport,44,36,3,3,10,8.0,0.03,0.05,20.0,0.0,0.0125,1e-06,0.5344129998865117,0.5354541704807093,0.4961627406703395,0.8122291320861856,0.0014199673552132152,0.5340342031254962,112,0.1481895675669731,0.9002513888712398,0.9004403381678181,0.8344013482619591
Larger variation,42,320,8,0.7,0.18,144,208,320,diag,bwar_barycenter,bures_transport,44,36,3,3,10,8.0,0.03,0.05,20.0,0.0,0.0125,1e-06,0.5192248052375483,0.5156522178497228,0.48958690321278275,0.7773174568833839,0.0014199673552132152,0.5142322504945096,112,0.17386540880628348,0.8669586509653907,0.8670520704893178,0.8344013482619591
Larger variation,43,320,8,0.7,0.18,144,208,320,diag,persistence,bures_transport,44,36,3,3,10,8.0,0.03,0.05,20.0,0.0,0.015625,,0.5473641535290972,0.5286735958510341,,,0.0016324054707598235,0.5270411903802744,112,0.05335923183340823,1.0,1.0,1.0
Larger variation,43,320,8,0.7,0.18,144,208,320,diag,euclidean_gaussian_ar,bures_transport,44,36,3,3,10,8.0,0.03,0.05,20.0,0.0,0.015625,0.0001,0.5018523816497197,0.48396597790029033,0.4276889226725751,0.7983118122897295,0.0014226233499527417,0.48254335455033764,112,0.1790318648264104,0.9154343657379455,0.915570477901679,0.8714889624148123
Larger variation,43,320,8,0.7,0.18,144,208,320,diag,cholesky_gaussian_ar,bures_transport,44,36,3,3,10,8.0,0.03,0.05,20.0,0.0,0.015625,1e-06,0.5024890572349988,0.4853688377211322,0.4361122083126655,0.8238002098809374,0.001388824175168734,0.48398001354596343,112,0.12247710907707558,0.9180879119559736,0.9182963729964992,0.8507838279433654
Larger variation,43,320,8,0.7,0.18,144,208,320,diag,log_euclidean_gaussian_ar,bures_transport,44,36,3,3,10,8.0,0.03,0.05,20.0,0.0,0.015625,1e-06,0.4969678638841379,0.48223420298930986,0.41719045516427034,0.8314888260750629,0.001388824175168734,0.4808453788141412,112,0.10774347188833801,0.9121586679830902,0.912348764367351,0.8507838279433654
Larger variation,43,320,8,0.7,0.18,144,208,320,diag,bwar_barycenter,bures_transport,44,36,3,3,10,8.0,0.03,0.05,20.0,0.0,0.015625,1e-06,0.4792800111126614,0.4690069815418583,0.41712358242564906,0.7988559626754812,0.0013888241751687336,0.4676181573666896,112,0.1392002755881369,0.887139031006216,0.8872516340312804,0.8507838279433652
Larger variation,44,320,8,0.7,0.18,144,208,320,diag,persistence,bures_transport,44,36,3,3,10,8.0,0.03,0.05,20.0,0.003125,0.05625,,0.5675021771876221,0.511597539547574,,,0.0015187114763779877,0.510078828071196,112,0.049999999999999135,1.0,1.0,1.0
Larger variation,44,320,8,0.7,0.18,144,208,320,diag,euclidean_gaussian_ar,bures_transport,44,36,3,3,10,8.0,0.03,0.05,20.0,0.003125,0.05625,1e-06,0.5095121818365218,0.47411889756284636,0.42015405967872693,0.7636124278347737,0.0013909353433717902,0.47272796221947455,112,0.21576036131447524,0.9267419424693256,0.9267743262488283,0.9158654326423252
Larger variation,44,320,8,0.7,0.18,144,208,320,diag,cholesky_gaussian_ar,bures_transport,44,36,3,3,10,8.0,0.03,0.05,20.0,0.003125,0.05625,1e-06,0.5345195734546626,0.48806246105231127,0.4495300872118184,0.785940405109116,0.0013909353433717902,0.4866715257089395,112,0.1168046888063081,0.9539968888121007,0.95411042161705,0.9158654326423252
Larger variation,44,320,8,0.7,0.18,144,208,320,diag,log_euclidean_gaussian_ar,bures_transport,44,36,3,3,10,8.0,0.03,0.05,20.0,0.003125,0.05625,1e-06,0.5445017016550808,0.4874104076187435,0.45065525804356965,0.7799947641345626,0.0013909353433717902,0.48601947227537173,112,0.10052032497003183,0.9527223450874682,0.952832083059001,0.9158654326423252
Larger variation,44,320,8,0.7,0.18,144,208,320,diag,bwar_barycenter,bures_transport,44,36,3,3,10,8.0,0.03,0.05,20.0,0.003125,0.05625,1e-06,0.5016768758820724,0.45692791279060135,0.4177397154139576,0.7480261781763848,0.0013909353433717898,0.4555369774472296,112,0.13072644452178703,0.8931393868599932,0.8930717222077026,0.915865432642325
Larger variation,45,320,8,0.7,0.18,144,208,320,diag,persistence,bures_transport,44,36,3,3,10,8.0,0.03,0.05,20.0,0.003125,0.04375,,0.5008833260427977,0.5249528095650627,,,0.0017321514218306372,0.5232206581432322,112,0.04999999999999889,1.0,1.0,1.0
Larger variation,45,320,8,0.7,0.18,144,208,320,diag,euclidean_gaussian_ar,bures_transport,44,36,3,3,10,8.0,0.03,0.05,20.0,0.003125,0.04375,1e-06,0.4443377254102674,0.48421510000249407,0.43795149806486755,0.8127862568796996,0.0014722317476520686,0.482742868254842,112,0.17386158357132278,0.9223973873074021,0.9226372482462086,0.8499440228476847
Larger variation,45,320,8,0.7,0.18,144,208,320,diag,cholesky_gaussian_ar,bures_transport,44,36,3,3,10,8.0,0.03,0.05,20.0,0.003125,0.04375,1e-06,0.455768089453622,0.48955386920097993,0.4485015993146091,0.7992162592194262,0.0014722317476520686,0.48808163745332783,112,0.10909454832759777,0.9325673856409841,0.932840914931373,0.8499440228476847
Larger variation,45,320,8,0.7,0.18,144,208,320,diag,log_euclidean_gaussian_ar,bures_transport,44,36,3,3,10,8.0,0.03,0.05,20.0,0.003125,0.04375,1e-06,0.4393815435355954,0.4765527789873904,0.4398421842436934,0.7703179394432993,0.0014722317476520686,0.4750805472397383,112,0.09798410303423673,0.9078011781329963,0.9079927175002417,0.8499440228476847
Larger variation,45,320,8,0.7,0.18,144,208,320,diag,bwar_barycenter,bures_transport,44,36,3,3,10,8.0,0.03,0.05,20.0,0.003125,0.04375,1e-06,0.4305011110071416,0.46653782117645604,0.42801815334283055,0.7899579542968517,0.001472231747652069,0.465065589428804,112,0.12778233464293529,0.8887233531772026,0.8888517343317355,0.8499440228476849
Larger variation,46,320,8,0.7,0.18,144,208,320,diag,persistence,bures_transport,44,36,3,3,10,8.0,0.03,0.05,20.0,0.0,0.0125,,0.5508664592096969,0.5841054801847464,,,0.0017465745710496439,0.5823589056136965,112,0.050000000000000926,1.0,1.0,1.0
Larger variation,46,320,8,0.7,0.18,144,208,320,diag,euclidean_gaussian_ar,bures_transport,44,36,3,3,10,8.0,0.03,0.05,20.0,0.0,0.0125,1e-06,0.5327723989192634,0.5103258599142568,0.47579277431174793,0.7189558275770865,0.0014344261878717936,0.508891433726385,112,0.20908118939013703,0.8736878478744047,0.873845027217553,0.8212796703033083
Larger variation,46,320,8,0.7,0.18,144,208,320,diag,cholesky_gaussian_ar,bures_transport,44,36,3,3,10,8.0,0.03,0.05,20.0,0.0,0.0125,1e-06,0.540768519396679,0.5336990750796667,0.49443276633554434,0.7650311156396673,0.0014344261878717936,0.5322646488917949,112,0.1526384213009899,0.9137032491303855,0.913980440173553,0.8212796703033083
Larger variation,46,320,8,0.7,0.18,144,208,320,diag,log_euclidean_gaussian_ar,bures_transport,44,36,3,3,10,8.0,0.03,0.05,20.0,0.0,0.0125,1e-06,0.5265138701298188,0.5140879961647146,0.4789828645440063,0.7670799746787523,0.0014344261878717936,0.5126535699768429,112,0.11834675461980616,0.8801286986763315,0.8803051950181866,0.8212796703033083
Larger variation,46,320,8,0.7,0.18,144,208,320,diag,bwar_barycenter,bures_transport,44,36,3,3,10,8.0,0.03,0.05,20.0,0.0,0.0125,1e-06,0.5051032269203448,0.49770644047684875,0.4454057590580647,0.7361360623448205,0.0014344261878717936,0.496272014288977,112,0.16620530029657382,0.8520831551168283,0.8521755390106035,0.8212796703033083
Larger variation,47,320,8,0.7,0.18,144,208,320,diag,persistence,bures_transport,44,36,3,3,10,8.0,0.03,0.05,20.0,0.00625,0.0375,,0.5026204837746632,0.5366137132182114,,,0.001435449026322436,0.535178264191889,112,0.04999999999999932,1.0,1.0,1.0
Larger variation,47,320,8,0.7,0.18,144,208,320,diag,euclidean_gaussian_ar,bures_transport,44,36,3,3,10,8.0,0.03,0.05,20.0,0.00625,0.0375,1e-06,0.4751559589393414,0.4771708277100437,0.4252181173523927,0.7429586281508587,0.0012200951735178655,0.4759507325365258,112,0.1910818483274884,0.8892259291107689,0.8893312086491483,0.849974573213304
Larger variation,47,320,8,0.7,0.18,144,208,320,diag,cholesky_gaussian_ar,bures_transport,44,36,3,3,10,8.0,0.03,0.05,20.0,0.00625,0.0375,1e-06,0.47620449210661636,0.4931665709047725,0.4470011807409404,0.7716601422956734,0.0012200951735178655,0.49194647573125455,112,0.12518219744500736,0.9190346030240727,0.919219835047087,0.849974573213304
Larger variation,47,320,8,0.7,0.18,144,208,320,diag,log_euclidean_gaussian_ar,bures_transport,44,36,3,3,10,8.0,0.03,0.05,20.0,0.00625,0.0375,1e-06,0.4484891269658845,0.47718368405037576,0.43625069779221526,0.7214488334422925,0.0012200951735178655,0.4759635888768579,112,0.11461639225445203,0.8892498873884188,0.889355231187417,0.849974573213304
Larger variation,47,320,8,0.7,0.18,144,208,320,diag,bwar_barycenter,bures_transport,44,36,3,3,10,8.0,0.03,0.05,20.0,0.00625,0.0375,1e-06,0.44046788095429196,0.4605540052369457,0.4135789784869548,0.7238625103838805,0.0012200951735178655,0.4593339100634278,112,0.1405398354183602,0.85825985041434,0.8582820730901973,0.849974573213304
Larger variation,48,320,8,0.7,0.18,144,208,320,diag,persistence,bures_transport,44,36,3,3,10,8.0,0.03,0.05,20.0,0.003125,0.015625,,0.5786201065220572,0.5646507594020059,,,0.0014498517759476775,0.5632009076260582,112,0.04999999999999934,1.0,1.0,1.0
Larger variation,48,320,8,0.7,0.18,144,208,320,diag,euclidean_gaussian_ar,bures_transport,44,36,3,3,10,8.0,0.03,0.05,20.0,0.003125,0.015625,1e-06,0.5344280858952664,0.5077123194125567,0.4747284908739736,0.7719880952306939,0.0012355440282280355,0.5064767753843287,112,0.16795236681609127,0.8991616693303486,0.8992825979616638,0.852186443279995
Larger variation,48,320,8,0.7,0.18,144,208,320,diag,cholesky_gaussian_ar,bures_transport,44,36,3,3,10,8.0,0.03,0.05,20.0,0.003125,0.015625,1e-06,0.5470190344284762,0.5132140528960863,0.48648221991723484,0.7761036788218154,0.0012355440282280355,0.5119785088678583,112,0.1552306715771005,0.9089052734819772,0.9090512851371159,0.852186443279995
Larger variation,48,320,8,0.7,0.18,144,208,320,diag,log_euclidean_gaussian_ar,bures_transport,44,36,3,3,10,8.0,0.03,0.05,20.0,0.003125,0.015625,1e-06,0.550466200922491,0.5116893925028999,0.48537883406031246,0.7464204681485704,0.0012355440282280355,0.5104538484746718,112,0.146469428382672,0.9062050904612351,0.9063441510175827,0.852186443279995
Larger variation,48,320,8,0.7,0.18,144,208,320,diag,bwar_barycenter,bures_transport,44,36,3,3,10,8.0,0.03,0.05,20.0,0.003125,0.015625,1e-06,0.5176416322484816,0.4931296768046792,0.46307897428468736,0.7644270163696576,0.001235544028228035,0.49189413277645117,112,0.16149699738442008,0.8733357187492827,0.8733901634672937,0.8521864432799947
Larger variation,49,320,8,0.7,0.18,144,208,320,diag,persistence,bures_transport,44,36,3,3,10,8.0,0.03,0.05,20.0,0.0,0.01875,,0.5252972154906439,0.5449805471625998,,,0.001819686011140665,0.5431608611514591,112,0.04999999999999924,1.0,1.0,1.0
Larger variation,49,320,8,0.7,0.18,144,208,320,diag,euclidean_gaussian_ar,bures_transport,44,36,3,3,10,8.0,0.03,0.05,20.0,0.0,0.01875,0.0001,0.49940689121519677,0.4940134469914708,0.46368067228773036,0.7184776648284052,0.0015672558472008917,0.49244619114426996,112,0.14460351854387152,0.9064790469375735,0.9066304779404062,0.8612781752487407
Larger variation,49,320,8,0.7,0.18,144,208,320,diag,cholesky_gaussian_ar,bures_transport,44,36,3,3,10,8.0,0.03,0.05,20.0,0.0,0.01875,1e-06,0.4987993213874442,0.5055474015512711,0.4868447399769283,0.7137136712023814,0.0015325455364496253,0.5040148560148215,112,0.1188515252903526,0.9276430217250241,0.9279292601207475,0.8422032851090356
Larger variation,49,320,8,0.7,0.18,144,208,320,diag,log_euclidean_gaussian_ar,bures_transport,44,36,3,3,10,8.0,0.03,0.05,20.0,0.0,0.01875,1e-06,0.48609019946482007,0.48287411868139607,0.4683665041150708,0.6929178788014693,0.0015325455364496253,0.48134157314494636,112,0.09854360825589299,0.8860391828578906,0.8861860409539438,0.8422032851090356
Larger variation,49,320,8,0.7,0.18,144,208,320,diag,bwar_barycenter,bures_transport,44,36,3,3,10,8.0,0.03,0.05,20.0,0.0,0.01875,1e-06,0.47656412651413094,0.47195381913632023,0.45004927557824687,0.7035126971208423,0.0015325455364496245,0.4704212735998706,112,0.12000782821259656,0.8660012207656076,0.8660809481055277,0.8422032851090352
Larger variation,50,320,8,0.7,0.18,144,208,320,diag,persistence,bures_transport,44,36,3,3,10,8.0,0.03,0.05,20.0,0.0,0.03125,,0.5475373873236855,0.5734505082500169,,,0.001690992180236471,0.5717595160697805,112,0.049999999999998095,1.0,1.0,1.0
Larger variation,50,320,8,0.7,0.18,144,208,320,diag,euclidean_gaussian_ar,bures_transport,44,36,3,3,10,8.0,0.03,0.05,20.0,0.0,0.03125,1e-06,0.5072803525031623,0.5077073666513872,0.45634028106961044,0.8763165593247105,0.0014076268324875938,0.5062997398188994,112,0.12756145787993858,0.885355160292287,0.8855116978186123,0.8324265770943713
Larger variation,50,320,8,0.7,0.18,144,208,320,diag,cholesky_gaussian_ar,bures_transport,44,36,3,3,10,8.0,0.03,0.05,20.0,0.0,0.03125,1e-06,0.5312059704767745,0.5150316077043673,0.4618939091127239,0.8452900311945323,0.0014076268324875938,0.5136239808718797,112,0.10710181483540089,0.8981273890157934,0.8983217007081599,0.8324265770943713
Larger variation,50,320,8,0.7,0.18,144,208,320,diag,log_euclidean_gaussian_ar,bures_transport,44,36,3,3,10,8.0,0.03,0.05,20.0,0.0,0.03125,1e-06,0.5059867045704758,0.5071229842130268,0.44752481274975187,0.8618027510101887,0.0014076268324875938,0.5057153573805393,112,0.09560574173109827,0.8843360968684116,0.8844896204907575,0.8324265770943713
Larger variation,50,320,8,0.7,0.18,144,208,320,diag,bwar_barycenter,bures_transport,44,36,3,3,10,8.0,0.03,0.05,20.0,0.0,0.03125,1e-06,0.4898011593054329,0.49269861193704234,0.45042154982199667,0.8397294850609456,0.0014076268324875942,0.4912909851045547,112,0.11956579421353215,0.8591824487881214,0.8592615799062538,0.8324265770943715
Larger variation,51,320,8,0.7,0.18,144,208,320,diag,persistence,bures_transport,44,36,3,3,10,8.0,0.03,0.05,20.0,0.0,0.025,,0.5842147789089829,0.5899096549041326,,,0.0017697983230577623,0.588139856581075,112,0.04999999999999953,1.0,1.0,1.0
Larger variation,51,320,8,0.7,0.18,144,208,320,diag,euclidean_gaussian_ar,bures_transport,44,36,3,3,10,8.0,0.03,0.05,20.0,0.0,0.025,1e-06,0.510728460585792,0.5251809363966522,0.4595282603418426,0.8337771565064503,0.0014923777976751543,0.523688558598977,112,0.21396006033179776,0.8902735054946683,0.8904150139445388,0.8432473792249414
Larger variation,51,320,8,0.7,0.18,144,208,320,diag,cholesky_gaussian_ar,bures_transport,44,36,3,3,10,8.0,0.03,0.05,20.0,0.0,0.025,1e-06,0.5378983276528815,0.5540157034109561,0.5103493377560173,0.8413669016520033,0.0014923777976751543,0.5525233256132809,112,0.12958909640997548,0.9391534768167005,0.9394420722056873,0.8432473792249414
Larger variation,51,320,8,0.7,0.18,144,208,320,diag,log_euclidean_gaussian_ar,bures_transport,44,36,3,3,10,8.0,0.03,0.05,20.0,0.0,0.025,1e-06,0.5255700003394457,0.5242384996576329,0.4683919273996474,0.8540938268144165,0.0014923777976751543,0.5227461218599577,112,0.10712732338798873,0.888675910454166,0.8888126115083261,0.8432473792249414
Larger variation,51,320,8,0.7,0.18,144,208,320,diag,bwar_barycenter,bures_transport,44,36,3,3,10,8.0,0.03,0.05,20.0,0.0,0.025,1e-06,0.5011093410176946,0.5074910238434552,0.4575818063284522,0.8485751588501346,0.0014923777976751543,0.50599864604578,112,0.1408245815332169,0.8602860109586249,0.8603372826783219,0.8432473792249414
Larger variation,52,320,8,0.7,0.18,144,208,320,diag,persistence,bures_transport,44,36,3,3,10,8.0,0.03,0.05,20.0,0.0,0.046875,,0.5334281589804323,0.5180573497944257,,,0.0016805246407015193,0.5163768251537241,112,0.049999999999999815,1.0,1.0,1.0
Larger variation,52,320,8,0.7,0.18,144,208,320,diag,euclidean_gaussian_ar,bures_transport,44,36,3,3,10,8.0,0.03,0.05,20.0,0.0,0.046875,1e-06,0.4901467025890633,0.4796636764554943,0.4266188854884787,0.7469630358068186,0.0014213619901800782,0.47824231446531423,112,0.2076383099370933,0.9258891446011397,0.9261498409091902,0.8457846768534998
Larger variation,52,320,8,0.7,0.18,144,208,320,diag,cholesky_gaussian_ar,bures_transport,44,36,3,3,10,8.0,0.03,0.05,20.0,0.0,0.046875,1e-06,0.4760522845630659,0.48505836883054954,0.43599149208643995,0.7634330982520834,0.0014213619901800782,0.4836370068403695,112,0.10427934156729154,0.9363024557474751,0.9365970416979731,0.8457846768534998
Larger variation,52,320,8,0.7,0.18,144,208,320,diag,log_euclidean_gaussian_ar,bures_transport,44,36,3,3,10,8.0,0.03,0.05,20.0,0.0,0.046875,1e-06,0.4668958690950909,0.4656295363871382,0.4200414884842989,0.7531527327358433,0.0014213619901800782,0.4642081743969582,112,0.09902445401940939,0.8987992093383256,0.8989717426973308,0.8457846768534998
Larger variation,52,320,8,0.7,0.18,144,208,320,diag,bwar_barycenter,bures_transport,44,36,3,3,10,8.0,0.03,0.05,20.0,0.0,0.046875,1e-06,0.4620244386087208,0.4561233985277001,0.39847897727713477,0.7231444925205291,0.0014213619901800782,0.45470203653752,112,0.12707813022009964,0.8804496234030805,0.8805624388781513,0.8457846768534998
Larger variation,53,320,8,0.7,0.18,144,208,320,diag,persistence,bures_transport,44,36,3,3,10,8.0,0.03,0.05,20.0,0.0,0.03125,,0.5558910301300306,0.5442011443825341,,,0.0016093534808914618,0.5425917909016427,112,0.049999999999999,1.0,1.0,1.0
Larger variation,53,320,8,0.7,0.18,144,208,320,diag,euclidean_gaussian_ar,bures_transport,44,36,3,3,10,8.0,0.03,0.05,20.0,0.0,0.03125,0.0001,0.5070287721362179,0.48499337236658624,0.44314069715576665,0.7788247289559647,0.0013959936990173953,0.48359737866756886,112,0.2433014838804374,0.8912024117789634,0.8912729362601656,0.8674251589800638
Larger variation,53,320,8,0.7,0.18,144,208,320,diag,cholesky_gaussian_ar,bures_transport,44,36,3,3,10,8.0,0.03,0.05,20.0,0.0,0.03125,1e-06,0.5150363742285685,0.5037078226702473,0.46525150125221226,0.7560450593286103,0.0013736458457198942,0.5023341768245274,112,0.1176229157812456,0.9255912595365237,0.9258049702332986,0.8535389285385563
Larger variation,53,320,8,0.7,0.18,144,208,320,diag,log_euclidean_gaussian_ar,bures_transport,44,36,3,3,10,8.0,0.03,0.05,20.0,0.0,0.03125,1e-06,0.4954163170541784,0.4834704184308011,0.4459095213007324,0.7558691748711378,0.0013736458457198942,0.48209677258508116,112,0.12186094778609027,0.8884038988550093,0.8885073100423526,0.8535389285385563
Larger variation,53,320,8,0.7,0.18,144,208,320,diag,bwar_barycenter,bures_transport,44,36,3,3,10,8.0,0.03,0.05,20.0,0.0,0.03125,1e-06,0.48472013493833954,0.46901501981241406,0.4237138839364175,0.7438289900081196,0.0013736458457198942,0.4676413739666941,112,0.1546264841348462,0.8618412964650629,0.861865921689672,0.8535389285385563
Larger variation,54,320,8,0.7,0.18,144,208,320,diag,persistence,bures_transport,44,36,3,3,10,8.0,0.03,0.05,20.0,0.003125,0.06875,,0.5053719185496719,0.4942801163257725,,,0.001526476365278233,0.4927536399604943,112,0.04999999999999947,1.0,1.0,1.0
Larger variation,54,320,8,0.7,0.18,144,208,320,diag,euclidean_gaussian_ar,bures_transport,44,36,3,3,10,8.0,0.03,0.05,20.0,0.003125,0.06875,1e-06,0.46279693305353675,0.44374701461077154,0.4260449477632237,0.6513782129138969,0.0013740260206901891,0.4423729885900814,112,0.20301481039835004,0.8977642432986412,0.8977569168754348,0.9001292466390356
Larger variation,54,320,8,0.7,0.18,144,208,320,diag,cholesky_gaussian_ar,bures_transport,44,36,3,3,10,8.0,0.03,0.05,20.0,0.003125,0.06875,1e-06,0.4566674698150097,0.4625864822451238,0.44452204471172074,0.6717020975553312,0.0013740260206901891,0.4612124562244337,112,0.11746809206304146,0.9358792048601042,0.935989952832029,0.9001292466390356
Larger variation,54,320,8,0.7,0.18,144,208,320,diag,log_euclidean_gaussian_ar,bures_transport,44,36,3,3,10,8.0,0.03,0.05,20.0,0.003125,0.06875,1e-06,0.4544656178128279,0.44949246630049255,0.4356229969100283,0.6472713209034038,0.0013740260206901891,0.4481184402798023,112,0.09795952363886756,0.9093881211362322,0.9094168037312306,0.9001292466390356
Larger variation,54,320,8,0.7,0.18,144,208,320,diag,bwar_barycenter,bures_transport,44,36,3,3,10,8.0,0.03,0.05,20.0,0.003125,0.06875,1e-06,0.4438284386572369,0.43233487327613773,0.4230895062927472,0.6445202697376899,0.001374026020690189,0.43096084725544753,112,0.1342456516992677,0.8746758346054778,0.8745969837787481,0.9001292466390355
Larger variation,55,320,8,0.7,0.18,144,208,320,diag,persistence,bures_transport,44,36,3,3,10,8.0,0.03,0.05,20.0,0.003125,0.040625,,0.4956905762151583,0.5246633663961662,,,0.001591733111972002,0.5230716332841941,112,0.04999999999999967,1.0,1.0,1.0
Larger variation,55,320,8,0.7,0.18,144,208,320,diag,euclidean_gaussian_ar,bures_transport,44,36,3,3,10,8.0,0.03,0.05,20.0,0.003125,0.040625,0.0001,0.45395215681947637,0.47256611464634585,0.44446745215151234,0.6808912250249556,0.0014540314187843509,0.4711120832275615,112,0.2235969253774068,0.9007034699074408,0.9006645615049017,0.913489458658649
Larger variation,55,320,8,0.7,0.18,144,208,320,diag,cholesky_gaussian_ar,bures_transport,44,36,3,3,10,8.0,0.03,0.05,20.0,0.003125,0.040625,1e-06,0.47440119613593035,0.48737632189539987,0.4585092364430654,0.6941322171170548,0.0013934432613015508,0.4859828786340982,112,0.13277662673936075,0.9289314884763435,0.9290943108169949,0.8754251895754123
Larger variation,55,320,8,0.7,0.18,144,208,320,diag,log_euclidean_gaussian_ar,bures_transport,44,36,3,3,10,8.0,0.03,0.05,20.0,0.003125,0.040625,1e-06,0.4470814600662966,0.4627952088928414,0.4442241064463892,0.6506555393332183,0.0013934432613015508,0.46140176563153984,112,0.10369816501512383,0.8820802795356424,0.8821005313068698,0.8754251895754123
Larger variation,55,320,8,0.7,0.18,144,208,320,diag,bwar_barycenter,bures_transport,44,36,3,3,10,8.0,0.03,0.05,20.0,0.003125,0.040625,1e-06,0.43151142719561986,0.452467481930611,0.42730470912123375,0.651233736233185,0.0013934432613015514,0.45107403866930945,112,0.14202282951397227,0.8623957968297694,0.8623561477367152,0.8754251895754126
Larger variation,56,320,8,0.7,0.18,144,208,320,diag,persistence,bures_transport,44,36,3,3,10,8.0,0.03,0.05,20.0,0.0,0.0375,,0.6274822077876892,0.581933274341525,,,0.001584455189532009,0.5803488191519931,112,0.049999999999999614,1.0,1.0,1.0
Larger variation,56,320,8,0.7,0.18,144,208,320,diag,euclidean_gaussian_ar,bures_transport,44,36,3,3,10,8.0,0.03,0.05,20.0,0.0,0.0375,1e-06,0.5892683186594754,0.5190430522558689,0.48705497029628436,0.8530482115903719,0.001310803688699708,0.5177322485671692,112,0.2011512518893875,0.8919288089226067,0.8921052847556071,0.8272898453422796
Larger variation,56,320,8,0.7,0.18,144,208,320,diag,cholesky_gaussian_ar,bures_transport,44,36,3,3,10,8.0,0.03,0.05,20.0,0.0,0.0375,1e-06,0.5833818464871812,0.5252519503130381,0.4771507364902417,0.9159177023070958,0.001310803688699708,0.5239411466243383,112,0.12009289781160049,0.9025982418815567,0.9028038471585454,0.8272898453422796
Larger variation,56,320,8,0.7,0.18,144,208,320,diag,log_euclidean_gaussian_ar,bures_transport,44,36,3,3,10,8.0,0.03,0.05,20.0,0.0,0.0375,1e-06,0.5735728130108727,0.510870175130389,0.4680486251465439,0.8525656704207781,0.001310803688699708,0.5095593714416894,112,0.11810811276740642,0.8778844545510033,0.8780225868060844,0.8272898453422796
Larger variation,56,320,8,0.7,0.18,144,208,320,diag,bwar_barycenter,bures_transport,44,36,3,3,10,8.0,0.03,0.05,20.0,0.0,0.0375,1e-06,0.5594281630808589,0.500019987220904,0.4613802088884209,0.8204605251510825,0.001310803688699708,0.4987091835322043,112,0.14657878011553485,0.8592393823616491,0.8593266102633226,0.8272898453422796
Larger variation,57,320,8,0.7,0.18,144,208,320,diag,persistence,bures_transport,44,36,3,3,10,8.0,0.03,0.05,20.0,0.0,0.0125,,0.526554651505283,0.5013941975025303,,,0.0016941692354472085,0.49970002826708315,112,0.05000000000000076,1.0,1.0,1.0
Larger variation,57,320,8,0.7,0.18,144,208,320,diag,euclidean_gaussian_ar,bures_transport,44,36,3,3,10,8.0,0.03,0.05,20.0,0.0,0.0125,1e-06,0.45919177005144735,0.4351793642743349,0.41879785629402944,0.6560142763493879,0.0014627057979462778,0.43371665847638863,112,0.1552749634651351,0.8679385729671089,0.8679540403079039,0.8633764368647436
Larger variation,57,320,8,0.7,0.18,144,208,320,diag,cholesky_gaussian_ar,bures_transport,44,36,3,3,10,8.0,0.03,0.05,20.0,0.0,0.0125,1e-06,0.4752227061191143,0.4588096889477833,0.4350439222263253,0.6758674763197439,0.0014627057979462778,0.45734698314983696,112,0.1208946087615865,0.9150678073921426,0.9152430603934065,0.8633764368647436
Larger variation,57,320,8,0.7,0.18,144,208,320,diag,log_euclidean_gaussian_ar,bures_transport,44,36,3,3,10,8.0,0.03,0.05,20.0,0.0,0.0125,1e-06,0.4550069446654374,0.4389912765310267,0.40322892338236055,0.672319009139272,0.0014627057979462778,0.4375285707330803,112,0.1062828906934258,0.8755411983578276,0.8755824414306957,0.8633764368647436
Larger variation,57,320,8,0.7,0.18,144,208,320,diag,bwar_barycenter,bures_transport,44,36,3,3,10,8.0,0.03,0.05,20.0,0.0,0.0125,1e-06,0.44552189745784687,0.42492222240219324,0.3929512355236341,0.6436382158626502,0.001462705797946278,0.423459516604247,112,0.13019161191024187,0.8474813320911014,0.8474274417649491,0.8633764368647437
Larger variation,58,320,8,0.7,0.18,144,208,320,diag,persistence,bures_transport,44,36,3,3,10,8.0,0.03,0.05,20.0,0.0,0.025,,0.46478304916358026,0.5108740264505452,,,0.001725280477131363,0.509148745973414,112,0.049999999999997914,1.0,1.0,1.0
Larger variation,58,320,8,0.7,0.18,144,208,320,diag,euclidean_gaussian_ar,bures_transport,44,36,3,3,10,8.0,0.03,0.05,20.0,0.0,0.025,1e-06,0.44064095448547846,0.45286641587028253,0.4382952480343675,0.6597448666932383,0.0014800692558733577,0.4513863466144092,112,0.21777213598547296,0.8864541793535904,0.886551032844887,0.8578716768036929
Larger variation,58,320,8,0.7,0.18,144,208,320,diag,cholesky_gaussian_ar,bures_transport,44,36,3,3,10,8.0,0.03,0.05,20.0,0.0,0.025,1e-06,0.45883143230253026,0.45832734052769464,0.4587320217158417,0.6727761140724897,0.0014800692558733577,0.45684727127182123,112,0.14424049990215013,0.8971435555494279,0.8972766306207818,0.8578716768036929
Larger variation,58,320,8,0.7,0.18,144,208,320,diag,log_euclidean_gaussian_ar,bures_transport,44,36,3,3,10,8.0,0.03,0.05,20.0,0.0,0.025,1e-06,0.4350719589672651,0.4489850730196108,0.4361518534369493,0.6585547007611584,0.0014800692558733577,0.4475050037637374,112,0.12043627337006146,0.8788567235235524,0.8789278325888377,0.8578716768036929
Larger variation,58,320,8,0.7,0.18,144,208,320,diag,bwar_barycenter,bures_transport,44,36,3,3,10,8.0,0.03,0.05,20.0,0.0,0.025,1e-06,0.4214368762755849,0.4373714117739702,0.42577550005014414,0.6398588314555916,0.0014800692558733577,0.43589134251809686,112,0.14323417526777352,0.8561237979013004,0.856117875110818,0.8578716768036929
Larger variation,59,320,8,0.7,0.18,144,208,320,diag,persistence,bures_transport,44,36,3,3,10,8.0,0.03,0.05,20.0,0.003125,0.046875,,0.5151686376955781,0.560705480621027,,,0.001663431589664288,0.5590420490313627,112,0.04999999999999942,1.0,1.0,1.0
Larger variation,59,320,8,0.7,0.18,144,208,320,diag,euclidean_gaussian_ar,bures_transport,44,36,3,3,10,8.0,0.03,0.05,20.0,0.003125,0.046875,1e-06,0.47061733264251543,0.5011771364014964,0.47477128901807597,0.7891817544407269,0.001501989042407099,0.49967514735908924,112,0.14391394027099683,0.893833132942453,0.8938060173199192,0.9029460855136391
Larger variation,59,320,8,0.7,0.18,144,208,320,diag,cholesky_gaussian_ar,bures_transport,44,36,3,3,10,8.0,0.03,0.05,20.0,0.003125,0.046875,1e-06,0.47085853065314914,0.5228842788988771,0.49681930248080997,0.8129009690258798,0.001501989042407099,0.5213822898564702,112,0.11284834210705735,0.9325471160362838,0.9326351940070616,0.9029460855136391
Larger variation,59,320,8,0.7,0.18,144,208,320,diag,log_euclidean_gaussian_ar,bures_transport,44,36,3,3,10,8.0,0.03,0.05,20.0,0.003125,0.046875,1e-06,0.4535096968640875,0.5083050972458135,0.46994367351635213,0.8045859906013418,0.001501989042407099,0.5068031082034066,112,0.10024376833442478,0.9065456194271977,0.90655632985306,0.9029460855136391
Larger variation,59,320,8,0.7,0.18,144,208,320,diag,bwar_barycenter,bures_transport,44,36,3,3,10,8.0,0.03,0.05,20.0,0.003125,0.046875,0.0001,0.4490668367124694,0.49083464101491386,0.4662990455127603,0.7793064098222721,0.0015766687108209761,0.4892579723040928,112,0.12955137081101595,0.8753876285840376,0.8751720432332721,0.9478410297228861
Larger variation,60,320,8,0.7,0.18,144,208,320,diag,persistence,bures_transport,44,36,3,3,10,8.0,0.03,0.05,20.0,0.0,0.05,,0.6168666449371238,0.5782452495907524,,,0.0017464119942260082,0.5764988375965265,112,0.04999999999999952,1.0,1.0,1.0
Larger variation,60,320,8,0.7,0.18,144,208,320,diag,euclidean_gaussian_ar,bures_transport,44,36,3,3,10,8.0,0.03,0.05,20.0,0.0,0.05,1e-06,0.5427779865739456,0.5212561403772134,0.48681264150466586,0.7247385139188398,0.0014259690485807432,0.5198301713286326,112,0.2447825255912983,0.9014447429462281,0.9017020285693021,0.8165135450828818
Larger variation,60,320,8,0.7,0.18,144,208,320,diag,cholesky_gaussian_ar,bures_transport,44,36,3,3,10,8.0,0.03,0.05,20.0,0.0,0.05,1e-06,0.5884242916267531,0.5253837912081796,0.4867956047866537,0.7578563769258537,0.0014259690485807432,0.5239578221595987,112,0.10086841008292974,0.9085829785545406,0.9088618883327227,0.8165135450828818
Larger variation,60,320,8,0.7,0.18,144,208,320,diag,log_euclidean_gaussian_ar,bures_transport,44,36,3,3,10,8.0,0.03,0.05,20.0,0.0,0.05,1e-06,0.5488641878256185,0.5031705508446601,0.44668799216720867,0.7305875524444456,0.0014259690485807432,0.5017445817960792,112,0.11111334650221773,0.8701680665786261,0.8703306044603588,0.8165135450828818
Larger variation,60,320,8,0.7,0.18,144,208,320,diag,bwar_barycenter,bures_transport,44,36,3,3,10,8.0,0.03,0.05,20.0,0.0,0.05,1e-06,0.5288686941596044,0.5000167801751273,0.4629835940718692,0.7148102839693601,0.0014259690485807434,0.49859081112654646,112,0.1637099726720705,0.8647140301265067,0.8648600458679407,0.8165135450828819
Larger variation,61,320,8,0.7,0.18,144,208,320,diag,persistence,bures_transport,44,36,3,3,10,8.0,0.03,0.05,20.0,0.0,0.015625,,0.5672709921862881,0.5828433843996835,,,0.0016871903775702165,0.5811561940221134,112,0.04999999999999912,1.0,1.0,1.0
Larger variation,61,320,8,0.7,0.18,144,208,320,diag,euclidean_gaussian_ar,bures_transport,44,36,3,3,10,8.0,0.03,0.05,20.0,0.0,0.015625,1e-06,0.4927976451583753,0.5220786114778594,0.47148320987469894,0.8407121962436325,0.0014007827539448592,0.5206778287239145,112,0.2177582081846145,0.8957442521468943,0.8959344046913873,0.8302458172871853
Larger variation,61,320,8,0.7,0.18,144,208,320,diag,cholesky_gaussian_ar,bures_transport,44,36,3,3,10,8.0,0.03,0.05,20.0,0.0,0.015625,1e-06,0.4994338600023641,0.517125932049138,0.4742464147444362,0.8183663189716732,0.0014007827539448592,0.5157251492951932,112,0.118718643436416,0.8872468074451371,0.8874122905340135,0.8302458172871853
Larger variation,61,320,8,0.7,0.18,144,208,320,diag,log_euclidean_gaussian_ar,bures_transport,44,36,3,3,10,8.0,0.03,0.05,20.0,0.0,0.015625,1e-06,0.4999701010386348,0.5129325619230217,0.46261932387945637,0.8220228091200277,0.0014007827539448592,0.5115317791690769,112,0.1047417099499127,0.8800521300440453,0.8801967258213766,0.8302458172871853
Larger variation,61,320,8,0.7,0.18,144,208,320,diag,bwar_barycenter,bures_transport,44,36,3,3,10,8.0,0.03,0.05,20.0,0.0,0.015625,1e-06,0.48180497444601633,0.5031698424650051,0.4444844455091095,0.8056068750281792,0.0014007827539448587,0.5017690597110602,112,0.13684933639727193,0.8633019708772357,0.8633979382347727,0.830245817287185
Larger variation,62,320,8,0.7,0.18,144,208,320,diag,persistence,bures_transport,44,36,3,3,10,8.0,0.03,0.05,20.0,0.0,0.021875,,0.5377344514014187,0.5205658897141291,,,0.001659622432893252,0.5189062672812359,112,0.04999999999999931,1.0,1.0,1.0
Larger variation,62,320,8,0.7,0.18,144,208,320,diag,euclidean_gaussian_ar,bures_transport,44,36,3,3,10,8.0,0.03,0.05,20.0,0.0,0.021875,1e-06,0.5092623999097889,0.46349097281649837,0.45351385116092835,0.6398901134900861,0.0015135367606184992,0.46197743605587993,112,0.24681664251072583,0.8903598602494419,0.8902907233639138,0.9119765620303898
Larger variation,62,320,8,0.7,0.18,144,208,320,diag,cholesky_gaussian_ar,bures_transport,44,36,3,3,10,8.0,0.03,0.05,20.0,0.0,0.021875,1e-06,0.5040245705759572,0.4774581007231922,0.46314595033092654,0.666961207313964,0.0015135367606184992,0.4759445639625737,112,0.11482156183004942,0.9171905231543125,0.9172071990115742,0.9119765620303898
Larger variation,62,320,8,0.7,0.18,144,208,320,diag,log_euclidean_gaussian_ar,bures_transport,44,36,3,3,10,8.0,0.03,0.05,20.0,0.0,0.021875,0.0001,0.49007679632769846,0.46775146409810875,0.4559212140837785,0.6676148903560463,0.0015930579039372076,0.4661584061941714,112,0.10364319847043733,0.8985442061042002,0.898347997677052,0.9598917635500979
Larger variation,62,320,8,0.7,0.18,144,208,320,diag,bwar_barycenter,bures_transport,44,36,3,3,10,8.0,0.03,0.05,20.0,0.0,0.021875,1e-06,0.48086142476905136,0.4526552576639141,0.4467655788353515,0.6415241208802904,0.0015135367606184987,0.4511417209032956,112,0.14952611587378067,0.8695445986914195,0.8694088881736065,0.9119765620303895
Larger variation,63,320,8,0.7,0.18,144,208,320,diag,persistence,bures_transport,44,36,3,3,10,8.0,0.03,0.05,20.0,0.003125,0.03125,,0.5580439858482024,0.5693093695055421,,,0.00155021195427642,0.5677591575512657,112,0.049999999999999205,1.0,1.0,1.0
Larger variation,63,320,8,0.7,0.18,144,208,320,diag,euclidean_gaussian_ar,bures_transport,44,36,3,3,10,8.0,0.03,0.05,20.0,0.003125,0.03125,1e-06,0.4888673306500565,0.52272880447755,0.4851137554339443,0.8099052911189183,0.0012631996244127151,0.5214656048531372,112,0.19467175554925892,0.9181805754076234,0.9184626930584586,0.8148560723764569
Larger variation,63,320,8,0.7,0.18,144,208,320,diag,cholesky_gaussian_ar,bures_transport,44,36,3,3,10,8.0,0.03,0.05,20.0,0.003125,0.03125,1e-06,0.4981425244841635,0.5356214831296382,0.5009116770256381,0.8699038507340957,0.0012631996244127151,0.5343582835052255,112,0.12393106026388422,0.9408267487233477,0.9411706995795585,0.8148560723764569
Larger variation,63,320,8,0.7,0.18,144,208,320,diag,log_euclidean_gaussian_ar,bures_transport,44,36,3,3,10,8.0,0.03,0.05,20.0,0.003125,0.03125,1e-06,0.4731164705781742,0.511221611348972,0.4633485796119738,0.8406649486354144,0.0012631996244127151,0.5099584117245594,112,0.10282222420334322,0.8979680271079666,0.8981949563332455,0.8148560723764569
Larger variation,63,320,8,0.7,0.18,144,208,320,diag,bwar_barycenter,bures_transport,44,36,3,3,10,8.0,0.03,0.05,20.0,0.003125,0.03125,0.0001,0.47185881777647365,0.4988300538979373,0.4593651837079133,0.7831158086057419,0.0012507197560029867,0.4975793341419343,112,0.1272821775418376,0.8762020803050937,0.876391560618739,0.8068056452233818
Larger variation,64,320,8,0.7,0.18,144,208,320,diag,persistence,bures_transport,44,36,3,3,10,8.0,0.03,0.05,20.0,0.0,0.025,,0.5789427087431266,0.5864514341701028,,,0.001802832373426443,0.5846486017966763,112,0.049999999999999635,1.0,1.0,1.0
Larger variation,64,320,8,0.7,0.18,144,208,320,diag,euclidean_gaussian_ar,bures_transport,44,36,3,3,10,8.0,0.03,0.05,20.0,0.0,0.025,1e-06,0.532169889117591,0.5219074861806196,0.5090414868202648,0.7474108071710394,0.0015147528297969994,0.5203927333508226,112,0.24225545594159603,0.8899415292916446,0.8900948907627765,0.8402072495059966
Larger variation,64,320,8,0.7,0.18,144,208,320,diag,cholesky_gaussian_ar,bures_transport,44,36,3,3,10,8.0,0.03,0.05,20.0,0.0,0.025,1e-06,0.5202839958293046,0.5258671972468895,0.4880582554836582,0.7728620259127138,0.0015147528297969994,0.5243524444170925,112,0.11253726144092846,0.8966935139156968,0.8968676959214673,0.8402072495059966
Larger variation,64,320,8,0.7,0.18,144,208,320,diag,log_euclidean_gaussian_ar,bures_transport,44,36,3,3,10,8.0,0.03,0.05,20.0,0.0,0.025,1e-06,0.5139183586464348,0.5186956363300974,0.4871336240908679,0.7675762882731468,0.0015147528297969994,0.5171808835003003,112,0.11891898168630322,0.8844647759521848,0.8846012492135588,0.8402072495059966
Larger variation,64,320,8,0.7,0.18,144,208,320,diag,bwar_barycenter,bures_transport,44,36,3,3,10,8.0,0.03,0.05,20.0,0.0,0.025,1e-06,0.5044419813636861,0.5045240098939451,0.4855517183959347,0.7246171128428719,0.0015147528297969983,0.503009257064148,112,0.15990746634886652,0.860299729009795,0.8603616865213678,0.840207249505996
Larger variation,65,320,8,0.7,0.18,144,208,320,diag,persistence,bures_transport,44,36,3,3,10,8.0,0.03,0.05,20.0,0.003125,0.021875,,0.5297067763161369,0.5321050421191762,,,0.001493791266904183,0.530611250852272,112,0.04999999999999936,1.0,1.0,1.0
Larger variation,65,320,8,0.7,0.18,144,208,320,diag,euclidean_gaussian_ar,bures_transport,44,36,3,3,10,8.0,0.03,0.05,20.0,0.003125,0.021875,1e-06,0.4707807300929288,0.4651003359516939,0.44310087314568647,0.7323335438751826,0.0012739056087792652,0.46382643034291465,112,0.14402126342594532,0.8740761675540087,0.8741360640165714,0.8528002787292891
Larger variation,65,320,8,0.7,0.18,144,208,320,diag,cholesky_gaussian_ar,bures_transport,44,36,3,3,10,8.0,0.03,0.05,20.0,0.003125,0.021875,1e-06,0.47681045579881653,0.4728374564979606,0.4289245405088734,0.7585299324097018,0.0012739056087792652,0.4715635508891812,112,0.11389546451391033,0.888616756223217,0.8887175877476252,0.8528002787292891
Larger variation,65,320,8,0.7,0.18,144,208,320,diag,log_euclidean_gaussian_ar,bures_transport,44,36,3,3,10,8.0,0.03,0.05,20.0,0.003125,0.021875,1e-06,0.45836069755893705,0.46464312217014747,0.4329836923536528,0.7461025890446369,0.0012739056087792652,0.4633692165613682,112,0.10534496802368451,0.873216912810386,0.8732743902755565,0.8528002787292891
Larger variation,65,320,8,0.7,0.18,144,208,320,diag,bwar_barycenter,bures_transport,44,36,3,3,10,8.0,0.03,0.05,20.0,0.003125,0.021875,1e-06,0.4495256131350615,0.45153818749250607,0.4366458988767594,0.7088789999178067,0.0012739056087792652,0.4502642818837268,112,0.12937208812138223,0.8485884397828625,0.848576582498974,0.8528002787292891
Larger variation,66,320,8,0.7,0.18,144,208,320,diag,persistence,bures_transport,44,36,3,3,10,8.0,0.03,0.05,20.0,0.0,0.021875,,0.5563608765363084,0.513254593104002,,,0.0014744667757946213,0.5117801263282074,112,0.05000000000000002,1.0,1.0,1.0
Larger variation,66,320,8,0.7,0.18,144,208,320,diag,euclidean_gaussian_ar,bures_transport,44,36,3,3,10,8.0,0.03,0.05,20.0,0.0,0.021875,0.0001,0.499342186848565,0.4738079623411683,0.4497399733774059,0.7205280938783525,0.0011934666016542462,0.47261449573951403,112,0.18875914778677508,0.9231441251713445,0.923471763411977,0.809422512088183
Larger variation,66,320,8,0.7,0.18,144,208,320,diag,cholesky_gaussian_ar,bures_transport,44,36,3,3,10,8.0,0.03,0.05,20.0,0.0,0.021875,1e-06,0.5113409920537528,0.4643329566899402,0.4416967400694921,0.7169000471425807,0.001195854099222993,0.4631371025907172,112,0.09752585845268837,0.904683490276825,0.9049532773253975,0.8110417398713661
Larger variation,66,320,8,0.7,0.18,144,208,320,diag,log_euclidean_gaussian_ar,bures_transport,44,36,3,3,10,8.0,0.03,0.05,20.0,0.0,0.021875,1e-06,0.5070543635842663,0.4607292262162252,0.43706063582728927,0.7103583081170424,0.001195854099222993,0.4595333721170022,112,0.09287028171990518,0.8976621591048607,0.897911717311002,0.8110417398713661
Larger variation,66,320,8,0.7,0.18,144,208,320,diag,bwar_barycenter,bures_transport,44,36,3,3,10,8.0,0.03,0.05,20.0,0.0,0.021875,1e-06,0.48894542662410445,0.4533630865769256,0.42493374037337905,0.7010205340854423,0.0011958540992229928,0.45216723247770263,112,0.12078220336482048,0.8833103350037815,0.8835185448129835,0.8110417398713659
Larger variation,67,320,8,0.7,0.18,144,208,320,diag,persistence,bures_transport,44,36,3,3,10,8.0,0.03,0.05,20.0,0.0,0.015625,,0.6602928474753667,0.5790662685790419,,,0.00172008502993528,0.5773461835491066,112,0.04999999999999979,1.0,1.0,1.0
Larger variation,67,320,8,0.7,0.18,144,208,320,diag,euclidean_gaussian_ar,bures_transport,44,36,3,3,10,8.0,0.03,0.05,20.0,0.0,0.015625,0.001,0.5774125425088064,0.524172765669252,0.4964784121592962,0.8354524473149653,0.0015815064555389296,0.5225912592137131,112,0.23055036379078472,0.9052034181778679,0.9051610179549471,0.9194350442073409
Larger variation,67,320,8,0.7,0.18,144,208,320,diag,cholesky_gaussian_ar,bures_transport,44,36,3,3,10,8.0,0.03,0.05,20.0,0.0,0.015625,1e-06,0.5858772527980238,0.551334227864734,0.5051200308811696,0.8691375313404212,0.0014160391276805036,0.5499181887370534,112,0.14025093402380642,0.9521090379131235,0.9524929832506285,0.8232378650105359
Larger variation,67,320,8,0.7,0.18,144,208,320,diag,log_euclidean_gaussian_ar,bures_transport,44,36,3,3,10,8.0,0.03,0.05,20.0,0.0,0.015625,1e-06,0.5711928803634732,0.5333679431109878,0.4852403690082451,0.8346962652860805,0.0014160391276805036,0.5319519039833073,112,0.11643905429527197,0.9210827362122262,0.9213742450209887,0.8232378650105359
Larger variation,67,320,8,0.7,0.18,144,208,320,diag,bwar_barycenter,bures_transport,44,36,3,3,10,8.0,0.03,0.05,20.0,0.0,0.015625,1e-06,0.5583674195788944,0.5055697966105308,0.4718340482671731,0.7994848587668051,0.0014160391276805036,0.5041537574828502,112,0.158819549573752,0.8730776148490527,0.8732261022038418,0.8232378650105359
Larger variation,68,320,8,0.7,0.18,144,208,320,diag,persistence,bures_transport,44,36,3,3,10,8.0,0.03,0.05,20.0,0.0,0.034375,,0.5580530100815405,0.5537497236361905,,,0.001643813832730415,0.55210590980346,112,0.0499999999999991,1.0,1.0,1.0
Larger variation,68,320,8,0.7,0.18,144,208,320,diag,euclidean_gaussian_ar,bures_transport,44,36,3,3,10,8.0,0.03,0.05,20.0,0.0,0.034375,0.0001,0.4859158258435607,0.493355692412858,0.4735134081422657,0.7483677833766875,0.001511705974948157,0.4918439864379098,112,0.20659575932456686,0.8909362322986712,0.8908507909524055,0.9196333215162062
Larger variation,68,320,8,0.7,0.18,144,208,320,diag,cholesky_gaussian_ar,bures_transport,44,36,3,3,10,8.0,0.03,0.05,20.0,0.0,0.034375,1e-06,0.48374578294333553,0.5014499068631127,0.4670167904294681,0.799772632088669,0.0014474811407525485,0.5000024257223602,112,0.11747432773828916,0.9055533311517492,0.9056277370773884,0.8805626962928319
Larger variation,68,320,8,0.7,0.18,144,208,320,diag,log_euclidean_gaussian_ar,bures_transport,44,36,3,3,10,8.0,0.03,0.05,20.0,0.0,0.034375,1e-06,0.48119299985225245,0.5071345382727005,0.45983929819722286,0.8368096505964752,0.0014474811407525485,0.505687057131948,112,0.09926321177480689,0.915819036337586,0.9159240068847727,0.8805626962928319
Larger variation,68,320,8,0.7,0.18,144,208,320,diag,bwar_barycenter,bures_transport,44,36,3,3,10,8.0,0.03,0.05,20.0,0.0,0.034375,0.0001,0.4735257109027745,0.48190563931569497,0.4616127539109566,0.7527380064252666,0.0015117059749481568,0.4803939333407468,112,0.11355514705821211,0.8702589251896466,0.8701119202142912,0.9196333215162061
Larger variation,69,320,8,0.7,0.18,144,208,320,diag,persistence,bures_transport,44,36,3,3,10,8.0,0.03,0.05,20.0,0.0,0.03125,,0.5049922779376576,0.5346820377136858,,,0.0016533028776365391,0.5330287348360494,112,0.04999999999999968,1.0,1.0,1.0
Larger variation,69,320,8,0.7,0.18,144,208,320,diag,euclidean_gaussian_ar,bures_transport,44,36,3,3,10,8.0,0.03,0.05,20.0,0.0,0.03125,1e-06,0.4807379614288135,0.48472130781113965,0.4774829621102805,0.7463099332496258,0.0013955455225066224,0.48332576228863317,112,0.16163783504244966,0.906559924630759,0.9067536714269184,0.8440955020302203
Larger variation,69,320,8,0.7,0.18,144,208,320,diag,cholesky_gaussian_ar,bures_transport,44,36,3,3,10,8.0,0.03,0.05,20.0,0.0,0.03125,1e-06,0.4796012073102744,0.47943368249437956,0.4626138896269477,0.7259153971371095,0.0013955455225066224,0.478038136971873,112,0.12122509585008358,0.8966706354012758,0.8968337084470867,0.8440955020302203
Larger variation,69,320,8,0.7,0.18,144,208,320,diag,log_euclidean_gaussian_ar,bures_transport,44,36,3,3,10,8.0,0.03,0.05,20.0,0.0,0.03125,1e-06,0.4670564951491034,0.4707462156356576,0.4483369992971375,0.7110068912977049,0.0013955455225066224,0.469350670113151,112,0.09964907086525608,0.8804227230983493,0.8805353997613568,0.8440955020302203
Larger variation,69,320,8,0.7,0.18,144,208,320,diag,bwar_barycenter,bures_transport,44,36,3,3,10,8.0,0.03,0.05,20.0,0.0,0.03125,1e-06,0.4561053600640236,0.4627712498812868,0.45124762067077095,0.7133014374349369,0.0013955455225066224,0.4613757043587802,112,0.13430661819275458,0.8655073805361194,0.8655737940670151,0.8440955020302203
Larger variation,70,320,8,0.7,0.18,144,208,320,diag,persistence,bures_transport,44,36,3,3,10,8.0,0.03,0.05,20.0,0.003125,0.0375,,0.5707772689345489,0.5719795824149515,,,0.0017050756768693018,0.5702745067380822,112,0.04999999999999908,1.0,1.0,1.0
Larger variation,70,320,8,0.7,0.18,144,208,320,diag,euclidean_gaussian_ar,bures_transport,44,36,3,3,10,8.0,0.03,0.05,20.0,0.003125,0.0375,1e-06,0.5027944095505666,0.5342531416830154,0.49451186690221904,0.8054467103713359,0.001512567335088232,0.5327405743479271,112,0.20700123747666688,0.9340423296708398,0.9341826928142979,0.8870968928871618
Larger variation,70,320,8,0.7,0.18,144,208,320,diag,cholesky_gaussian_ar,bures_transport,44,36,3,3,10,8.0,0.03,0.05,20.0,0.003125,0.0375,1e-06,0.5318913638795716,0.544086157312527,0.5060440115642559,0.7868638294639109,0.001512567335088232,0.5425735899774387,112,0.13325670575413856,0.9512335300769725,0.9514252935501356,0.8870968928871618
Larger variation,70,320,8,0.7,0.18,144,208,320,diag,log_euclidean_gaussian_ar,bures_transport,44,36,3,3,10,8.0,0.03,0.05,20.0,0.003125,0.0375,1e-06,0.5169765353550442,0.5216993322881593,0.5028798159105797,0.8072741737850787,0.001512567335088232,0.5201867649530711,112,0.11261994870611898,0.91209432701338,0.9121690673645779,0.8870968928871618
Larger variation,70,320,8,0.7,0.18,144,208,320,diag,bwar_barycenter,bures_transport,44,36,3,3,10,8.0,0.03,0.05,20.0,0.003125,0.0375,1e-06,0.48914243941593993,0.5082817643197469,0.47894776556870755,0.7996741638807899,0.0015125673350882324,0.5067691969846587,112,0.13462108491231092,0.8886362030157328,0.888640805431286,0.8870968928871621
Larger variation,71,320,8,0.7,0.18,144,208,320,diag,persistence,bures_transport,44,36,3,3,10,8.0,0.03,0.05,20.0,0.0,0.028125,,0.5390009229950902,0.5640072593385722,,,0.0017559382739874196,0.5622513210645848,112,0.05000000000000012,1.0,1.0,1.0
Larger variation,71,320,8,0.7,0.18,144,208,320,diag,euclidean_gaussian_ar,bures_transport,44,36,3,3,10,8.0,0.03,0.05,20.0,0.0,0.028125,1e-06,0.5158242973597261,0.5249876503543442,0.5075349607592723,0.825351425590166,0.001501728239374444,0.5234859221149698,112,0.19120937123773982,0.9308171865908474,0.9310532541280379,0.8552283765444042
Larger variation,71,320,8,0.7,0.18,144,208,320,diag,cholesky_gaussian_ar,bures_transport,44,36,3,3,10,8.0,0.03,0.05,20.0,0.0,0.028125,1e-06,0.5180868941275496,0.5206229490755656,0.4863867099486785,0.8002806550839948,0.001501728239374444,0.5191212208361912,112,0.13915613755556167,0.9230784541427983,0.9232903532414478,0.8552283765444042
Larger variation,71,320,8,0.7,0.18,144,208,320,diag,log_euclidean_gaussian_ar,bures_transport,44,36,3,3,10,8.0,0.03,0.05,20.0,0.0,0.028125,1e-06,0.4978349362103339,0.5129800902117811,0.4657337418779862,0.8189404785934384,0.001501728239374444,0.5114783619724068,112,0.11817713940659165,0.9095274603617122,0.9096970390464485,0.8552283765444042
Larger variation,71,320,8,0.7,0.18,144,208,320,diag,bwar_barycenter,bures_transport,44,36,3,3,10,8.0,0.03,0.05,20.0,0.0,0.028125,1e-06,0.49179330625159046,0.5025267414404552,0.46347074823701884,0.7952188551160926,0.001501728239374444,0.5010250132010806,112,0.14522081511135887,0.890993392584668,0.891105088472578,0.8552283765444042
Larger variation,72,320,8,0.7,0.18,144,208,320,diag,persistence,bures_transport,44,36,3,3,10,8.0,0.03,0.05,20.0,0.0,0.025,,0.5083504781283043,0.49240406424636113,,,0.001733139975975712,0.4906709242703854,112,0.0499999999999991,1.0,1.0,1.0
Larger variation,72,320,8,0.7,0.18,144,208,320,diag,euclidean_gaussian_ar,bures_transport,44,36,3,3,10,8.0,0.03,0.05,20.0,0.0,0.025,1e-06,0.44740070932013243,0.47185196443762095,0.4538218881944361,0.7057397444118544,0.00148587713229241,0.47036608730532853,112,0.19757806438821462,0.9582617177618228,0.958618218523444,0.8573324445164334
Larger variation,72,320,8,0.7,0.18,144,208,320,diag,cholesky_gaussian_ar,bures_transport,44,36,3,3,10,8.0,0.03,0.05,20.0,0.0,0.025,1e-06,0.4738552568840283,0.4712675573229603,0.4673613001711404,0.6805407676127858,0.00148587713229241,0.46978168019066785,112,0.12207793035782746,0.9570748731415308,0.9574271817496027,0.8573324445164334
Larger variation,72,320,8,0.7,0.18,144,208,320,diag,log_euclidean_gaussian_ar,bures_transport,44,36,3,3,10,8.0,0.03,0.05,20.0,0.0,0.025,1e-06,0.4584714290141428,0.4533222718291348,0.4590343130029859,0.6351358592716185,0.00148587713229241,0.4518363946968424,112,0.11202843370773558,0.920630646140092,0.9208542270335481,0.8573324445164334
Larger variation,72,320,8,0.7,0.18,144,208,320,diag,bwar_barycenter,bures_transport,44,36,3,3,10,8.0,0.03,0.05,20.0,0.0,0.025,1e-06,0.4413990362123664,0.4461998513475217,0.45489618278584387,0.6523842363669695,0.0014858771322924097,0.44471397421522935,112,0.14617814483270744,0.9061660610589063,0.906338550376726,0.8573324445164333
Larger variation,73,320,8,0.7,0.18,144,208,320,diag,persistence,bures_transport,44,36,3,3,10,8.0,0.03,0.05,20.0,0.0,0.021875,,0.5464318457963709,0.5610235756340914,,,0.0016866606092668403,0.5593369150248246,112,0.05000000000000011,1.0,1.0,1.0
Larger variation,73,320,8,0.7,0.18,144,208,320,diag,euclidean_gaussian_ar,bures_transport,44,36,3,3,10,8.0,0.03,0.05,20.0,0.0,0.021875,0.0001,0.4873467306979048,0.5079527314638776,0.4577659870932041,0.7695678842888686,0.0015077064957070012,0.5064450249681706,112,0.2011848546322944,0.9054035401092887,0.9054382275943532,0.8939003421455208
Larger variation,73,320,8,0.7,0.18,144,208,320,diag,cholesky_gaussian_ar,bures_transport,44,36,3,3,10,8.0,0.03,0.05,20.0,0.0,0.021875,1e-06,0.5265609973886378,0.5216331044736039,0.47808783803781063,0.7935934227874959,0.0014655394834356633,0.5201675649901683,112,0.11330330998483094,0.9297882070000947,0.929971813083501,0.868900047456913
Larger variation,73,320,8,0.7,0.18,144,208,320,diag,log_euclidean_gaussian_ar,bures_transport,44,36,3,3,10,8.0,0.03,0.05,20.0,0.0,0.021875,1e-06,0.49826324393755117,0.49845584333192755,0.470344001812383,0.7416873864375598,0.0014655394834356633,0.49699030384849185,112,0.10818826212024155,0.8884757521438429,0.8885347819863352,0.868900047456913
Larger variation,73,320,8,0.7,0.18,144,208,320,diag,bwar_barycenter,bures_transport,44,36,3,3,10,8.0,0.03,0.05,20.0,0.0,0.021875,1e-06,0.47605592105659145,0.4897967778450515,0.44029137337394564,0.7403902039723125,0.0014655394834356638,0.4883312383616158,112,0.1563870971210108,0.873041346420181,0.8730538343601772,0.8689000474569133
Larger variation,74,320,8,0.7,0.18,144,208,320,diag,persistence,bures_transport,44,36,3,3,10,8.0,0.03,0.05,20.0,0.0,0.03125,,0.551959161009331,0.5527914876329935,,,0.0017246768650513358,0.5510668107679422,112,0.05297866362832268,1.0,1.0,1.0
Larger variation,74,320,8,0.7,0.18,144,208,320,diag,euclidean_gaussian_ar,bures_transport,44,36,3,3,10,8.0,0.03,0.05,20.0,0.0,0.03125,1e-06,0.49680394308932396,0.4904878006687724,0.4645050886547146,0.75998405179075,0.0014198130511946692,0.4890679876175777,112,0.20425227739930285,0.8872926078673892,0.8874930916925197,0.8232342417096248
Larger variation,74,320,8,0.7,0.18,144,208,320,diag,cholesky_gaussian_ar,bures_transport,44,36,3,3,10,8.0,0.03,0.05,20.0,0.0,0.03125,1e-06,0.5004774215028198,0.49126196285508633,0.45820346831534303,0.7652285148784332,0.0014198130511946692,0.4898421498038917,112,0.1278761184826715,0.8886930675409432,0.8888979343925094,0.8232342417096248
Larger variation,74,320,8,0.7,0.18,144,208,320,diag,log_euclidean_gaussian_ar,bures_transport,44,36,3,3,10,8.0,0.03,0.05,20.0,0.0,0.03125,1e-06,0.505528185939964,0.4915496636008398,0.44461214498395857,0.7551613061707947,0.0014198130511946692,0.49012985054964514,112,0.13000086481743428,0.8892135182935142,0.8894200140026978,0.8232342417096248
Larger variation,74,320,8,0.7,0.18,144,208,320,diag,bwar_barycenter,bures_transport,44,36,3,3,10,8.0,0.03,0.05,20.0,0.0,0.03125,1e-06,0.48564653090549437,0.47836730725464544,0.4471375850142446,0.7427990026667108,0.0014198130511946688,0.47694749420345073,112,0.1528169001580928,0.8653666309207725,0.8654984928938071,0.8232342417096244
Larger variation,75,320,8,0.7,0.18,144,208,320,diag,persistence,bures_transport,44,36,3,3,10,8.0,0.03,0.05,20.0,0.003125,0.028125,,0.5445777144962622,0.5877620644525228,,,0.001539256532541974,0.5862228079199807,112,0.049999999999999906,1.0,1.0,1.0
Larger variation,75,320,8,0.7,0.18,144,208,320,diag,euclidean_gaussian_ar,bures_transport,44,36,3,3,10,8.0,0.03,0.05,20.0,0.003125,0.028125,1e-06,0.4982706928083711,0.5119620931568348,0.48609071528289605,0.7721184437500883,0.0013221748072415735,0.5106399183495933,112,0.17477694372998406,0.8710362987337527,0.8710679820893211,0.858969755390997
Larger variation,75,320,8,0.7,0.18,144,208,320,diag,cholesky_gaussian_ar,bures_transport,44,36,3,3,10,8.0,0.03,0.05,20.0,0.003125,0.028125,1e-06,0.5226335620877142,0.5322523544569606,0.48990245021768375,0.7992571649249053,0.0013221748072415735,0.530930179649719,112,0.12544554152500847,0.9055575149320546,0.9056798413107646,0.858969755390997
Larger variation,75,320,8,0.7,0.18,144,208,320,diag,log_euclidean_gaussian_ar,bures_transport,44,36,3,3,10,8.0,0.03,0.05,20.0,0.003125,0.028125,1e-06,0.4960209252651506,0.5124330375366601,0.47036178751073143,0.795164414513445,0.0013221748072415735,0.5111108627294186,112,0.10657687440347301,0.8718375487774485,0.8718713359907094,0.858969755390997
Larger variation,75,320,8,0.7,0.18,144,208,320,diag,bwar_barycenter,bures_transport,44,36,3,3,10,8.0,0.03,0.05,20.0,0.003125,0.028125,1e-06,0.4796332067808444,0.49830668884556184,0.4482656704527902,0.7691193959267464,0.0013221748072415735,0.4969845140383203,112,0.1465819025392279,0.8478034207765942,0.8477741011164454,0.858969755390997
Larger variation,76,320,8,0.7,0.18,144,208,320,diag,persistence,bures_transport,44,36,3,3,10,8.0,0.03,0.05,20.0,0.0,0.003125,,0.5524876923139259,0.541057695102763,,,0.0014320322275361047,0.5396256628752268,112,0.050000000000000246,1.0,1.0,1.0
Larger variation,76,320,8,0.7,0.18,144,208,320,diag,euclidean_gaussian_ar,bures_transport,44,36,3,3,10,8.0,0.03,0.05,20.0,0.0,0.003125,0.0001,0.5177103724942382,0.4823790755279231,0.4545987137797116,0.760592152337738,0.0011977237898072035,0.4811813517381159,112,0.24316885659907858,0.8915483134128698,0.891694715136955,0.8363804715959203
Larger variation,76,320,8,0.7,0.18,144,208,320,diag,cholesky_gaussian_ar,bures_transport,44,36,3,3,10,8.0,0.03,0.05,20.0,0.0,0.003125,1e-06,0.5364477252564551,0.4929019196482512,0.47243684464581537,0.7913381777859879,0.001194965610714045,0.4917069540375371,112,0.15581796264687187,0.9109969678088293,0.9112000927043206,0.8344544122237062
Larger variation,76,320,8,0.7,0.18,144,208,320,diag,log_euclidean_gaussian_ar,bures_transport,44,36,3,3,10,8.0,0.03,0.05,20.0,0.0,0.003125,1e-06,0.5167219490231099,0.47690237004551717,0.44736312588167304,0.7479490094437163,0.001194965610714045,0.47570740443480314,112,0.13999037325514718,0.8814260925628997,0.8815507437139753,0.8344544122237062
Larger variation,76,320,8,0.7,0.18,144,208,320,diag,bwar_barycenter,bures_transport,44,36,3,3,10,8.0,0.03,0.05,20.0,0.0,0.003125,1e-06,0.49943476408060017,0.46504633782739696,0.4231320498216642,0.7285349858517,0.001194965610714045,0.463851372216683,112,0.17875040016931196,0.8595133976221718,0.8595798979336821,0.8344544122237062
Larger variation,77,320,8,0.7,0.18,144,208,320,diag,persistence,bures_transport,44,36,3,3,10,8.0,0.03,0.05,20.0,0.0,0.01875,,0.5178847487016861,0.533009694021656,,,0.001627474380928858,0.5313822196407271,112,0.04999999999999997,1.0,1.0,1.0
Larger variation,77,320,8,0.7,0.18,144,208,320,diag,euclidean_gaussian_ar,bures_transport,44,36,3,3,10,8.0,0.03,0.05,20.0,0.0,0.01875,1e-06,0.4737521073717942,0.48584361665472936,0.46039319155034764,0.7279334091721618,0.001365346691277845,0.4844782699634515,112,0.20374999965212937,0.9115099070505643,0.9117321808227083,0.8389359041698664
Larger variation,77,320,8,0.7,0.18,144,208,320,diag,cholesky_gaussian_ar,bures_transport,44,36,3,3,10,8.0,0.03,0.05,20.0,0.0,0.01875,1e-06,0.4867073037703077,0.49976352255126566,0.48157319558311623,0.7463647320651877,0.001365346691277845,0.4983981758599879,112,0.12383921623587078,0.9376255782150192,0.9379278369474989,0.8389359041698664
Larger variation,77,320,8,0.7,0.18,144,208,320,diag,log_euclidean_gaussian_ar,bures_transport,44,36,3,3,10,8.0,0.03,0.05,20.0,0.0,0.01875,1e-06,0.4683448437869954,0.48228071690833085,0.4643364412251837,0.7261821071103438,0.001365346691277845,0.48091537021705305,112,0.11272883445051853,0.904825413717027,0.9050272147649292,0.8389359041698664
Larger variation,77,320,8,0.7,0.18,144,208,320,diag,bwar_barycenter,bures_transport,44,36,3,3,10,8.0,0.03,0.05,20.0,0.0,0.01875,1e-06,0.45646034761537635,0.46981903495973665,0.45003757281717216,0.7144909141865206,0.0013653466912778454,0.46845368826845873,112,0.14380505558663767,0.8814455726215142,0.8815757677876107,0.8389359041698666
Larger variation,78,320,8,0.7,0.18,144,208,320,diag,persistence,bures_transport,44,36,3,3,10,8.0,0.03,0.05,20.0,0.0,0.015625,,0.5457356435921447,0.5160671829131096,,,0.0016706909411526233,0.514396491971957,112,0.049999999999999496,1.0,1.0,1.0
Larger variation,78,320,8,0.7,0.18,144,208,320,diag,euclidean_gaussian_ar,bures_transport,44,36,3,3,10,8.0,0.03,0.05,20.0,0.0,0.015625,1e-06,0.5159840286072465,0.4663181841921559,0.453442016557552,0.72086226548768,0.0013903181712375443,0.4649278660209184,112,0.17631359336735225,0.9035997630383524,0.903831719844358,0.8321815465632156
Larger variation,78,320,8,0.7,0.18,144,208,320,diag,cholesky_gaussian_ar,bures_transport,44,36,3,3,10,8.0,0.03,0.05,20.0,0.0,0.015625,1e-06,0.5144504967620684,0.46656346870588716,0.45101584472638756,0.7321311621886164,0.0013903181712375443,0.4651731505346496,112,0.14191001655682065,0.9040750587398668,0.9043085592426806,0.8321815465632156
Larger variation,78,320,8,0.7,0.18,144,208,320,diag,log_euclidean_gaussian_ar,bures_transport,44,36,3,3,10,8.0,0.03,0.05,20.0,0.0,0.015625,1e-06,0.5054214697019052,0.4591064057706925,0.45621908639811937,0.7153894160250346,0.0013903181712375443,0.457716087599455,112,0.11146643279774539,0.8896252677395927,0.8898118372557019,0.8321815465632156
Larger variation,78,320,8,0.7,0.18,144,208,320,diag,bwar_barycenter,bures_transport,44,36,3,3,10,8.0,0.03,0.05,20.0,0.0,0.015625,1e-06,0.4936184635121755,0.44764033253841873,0.4374460968091135,0.7048405908700682,0.0013903181712375445,0.4462500143671812,112,0.14207611086071803,0.8674070883786231,0.8675214962226241,0.8321815465632157
Larger variation,79,320,8,0.7,0.18,144,208,320,diag,persistence,bures_transport,44,36,3,3,10,8.0,0.03,0.05,20.0,0.0,0.021875,,0.5944442176529923,0.5740690080488028,,,0.001694426584263453,0.5723745814645392,112,0.049999999999999184,1.0,1.0,1.0
Larger variation,79,320,8,0.7,0.18,144,208,320,diag,euclidean_gaussian_ar,bures_transport,44,36,3,3,10,8.0,0.03,0.05,20.0,0.0,0.021875,1e-06,0.5315001233346106,0.516220194274592,0.4999868000096317,0.7598550949493769,0.0014454209157450655,0.514774773358847,112,0.21285268493458873,0.8992302093247769,0.8993669356205317,0.8530442859956502
Larger variation,79,320,8,0.7,0.18,144,208,320,diag,cholesky_gaussian_ar,bures_transport,44,36,3,3,10,8.0,0.03,0.05,20.0,0.0,0.021875,1e-06,0.5369161572891501,0.521415193094475,0.5063695366347036,0.7742651598946185,0.0014454209157450655,0.5199697721787299,112,0.12531734903248987,0.9082796419662293,0.908443157710252,0.8530442859956502
Larger variation,79,320,8,0.7,0.18,144,208,320,diag,log_euclidean_gaussian_ar,bures_transport,44,36,3,3,10,8.0,0.03,0.05,20.0,0.0,0.021875,1e-06,0.5343178147945785,0.5198089869569222,0.49872795080611276,0.793216610412257,0.0014454209157450655,0.5183635660411772,112,0.10427251985088572,0.9054817098099331,0.9056369427077567,0.8530442859956502
Larger variation,79,320,8,0.7,0.18,144,208,320,diag,bwar_barycenter,bures_transport,44,36,3,3,10,8.0,0.03,0.05,20.0,0.0,0.021875,1e-06,0.5168740704185504,0.5011250254881415,0.48125152575068286,0.7745244941195281,0.0014454209157450655,0.4996796045723965,112,0.15192353865368985,0.872935167135063,0.8729940510178884,0.8530442859956502
Log-Euclidean mechanism,0,320,8,0.7,0.15,144,208,320,diag,persistence,log_euclidean,44,36,3,3,10,8.0,0.03,0.05,20.0,,,,0.09731389202342663,0.08834662470815068,,,0.0016221468745212973,0.08672447783362937,112,0.24956446094899384,1.0,1.0,1.0
Log-Euclidean mechanism,0,320,8,0.7,0.15,144,208,320,diag,euclidean_gaussian_ar,log_euclidean,44,36,3,3,10,8.0,0.03,0.05,20.0,,,1e-06,0.08262371714069575,0.07550170865331667,0.0708112047645579,0.11938938570659659,0.0013496327575614742,0.0741520758957552,112,0.2771734117403475,0.8546077329239612,0.8550305259607002,0.8320040427657063
Log-Euclidean mechanism,0,320,8,0.7,0.15,144,208,320,diag,cholesky_gaussian_ar,log_euclidean,44,36,3,3,10,8.0,0.03,0.05,20.0,,,1e-06,0.08261342927241302,0.07572421341921598,0.07118787495725878,0.11698601977757882,0.0013496327575614742,0.0743745806616545,112,0.29527495425532974,0.8571262758409584,0.8575961772215374,0.8320040427657063
Log-Euclidean mechanism,0,320,8,0.7,0.15,144,208,320,diag,log_euclidean_gaussian_ar,log_euclidean,44,36,3,3,10,8.0,0.03,0.05,20.0,,,1e-06,0.08234002848201039,0.07538466016987629,0.07193343396399876,0.11824915069643781,0.0013496327575614742,0.0740350274123148,112,0.29300546647347947,0.8532828551051759,0.8536808668291116,0.8320040427657063
Log-Euclidean mechanism,0,320,8,0.7,0.15,144,208,320,diag,bwar_barycenter,log_euclidean,44,36,3,3,10,8.0,0.03,0.05,20.0,,,1e-06,0.08191543418017384,0.07509168356450406,0.07227380761606161,0.11893929894041277,0.0013496327575614742,0.07374205080694259,112,0.2949104536913253,0.8499666378038352,0.8503026210017427,0.8320040427657063
Log-Euclidean mechanism,1,320,8,0.7,0.15,144,208,320,diag,persistence,log_euclidean,44,36,3,3,10,8.0,0.03,0.05,20.0,,,,0.09048971039070684,0.0975481134290315,,,0.0016227077688292927,0.0959254056602022,112,0.24360407701267392,1.0,1.0,1.0
Log-Euclidean mechanism,1,320,8,0.7,0.15,144,208,320,diag,euclidean_gaussian_ar,log_euclidean,44,36,3,3,10,8.0,0.03,0.05,20.0,,,1e-06,0.075935846099975,0.08266395615175888,0.07965799731412,0.12461771914810638,0.0014024513108556315,0.08126150484090323,112,0.29531220237738803,0.8474172718050443,0.8471322511656287,0.8642660975656967
Log-Euclidean mechanism,1,320,8,0.7,0.15,144,208,320,diag,cholesky_gaussian_ar,log_euclidean,44,36,3,3,10,8.0,0.03,0.05,20.0,,,1e-06,0.07646870313464971,0.0833376691604545,0.08033156141738501,0.12776648897698892,0.0014024513108556315,0.08193521784959887,112,0.28799750943647645,0.8543237406747448,0.8541555522823541,0.8642660975656967
Log-Euclidean mechanism,1,320,8,0.7,0.15,144,208,320,diag,log_euclidean_gaussian_ar,log_euclidean,44,36,3,3,10,8.0,0.03,0.05,20.0,,,1e-06,0.07600505930749095,0.08335788653748702,0.07939032033557078,0.1269978564846914,0.0014024513108556315,0.08195543522663139,112,0.28496173695906946,0.8545309961133365,0.8543663137265551,0.8642660975656967
Log-Euclidean mechanism,1,320,8,0.7,0.15,144,208,320,diag,bwar_barycenter,log_euclidean,44,36,3,3,10,8.0,0.03,0.05,20.0,,,1e-06,0.07563472766489923,0.08270747962158645,0.0773890979842092,0.1274696868921478,0.0014024513108556315,0.08130502831073083,112,0.28621565059133924,0.847863446193227,0.8475859731960756,0.8642660975656967
Log-Euclidean mechanism,2,320,8,0.7,0.15,144,208,320,diag,persistence,log_euclidean,44,36,3,3,10,8.0,0.03,0.05,20.0,,,,0.08416661613387727,0.0829845740603895,,,0.0016205732021846273,0.08136400085820486,112,0.2660044601301947,1.0,1.0,1.0
Log-Euclidean mechanism,2,320,8,0.7,0.15,144,208,320,diag,euclidean_gaussian_ar,log_euclidean,44,36,3,3,10,8.0,0.03,0.05,20.0,,,1e-06,0.07202388133675505,0.072339274786039,0.0677325390399724,0.10829452860816381,0.0013127030046286416,0.07102657178141038,112,0.30915267029725696,0.8717195407112206,0.8729483682247904,0.8100238871400819
Log-Euclidean mechanism,2,320,8,0.7,0.15,144,208,320,diag,cholesky_gaussian_ar,log_euclidean,44,36,3,3,10,8.0,0.03,0.05,20.0,,,1e-06,0.07212363248568723,0.07235633951522161,0.06867113114147849,0.10864613519192809,0.0013127030046286416,0.07104363651059295,112,0.296968868634376,0.8719251780766686,0.8731581013869085,0.8100238871400819
Log-Euclidean mechanism,2,320,8,0.7,0.15,144,208,320,diag,log_euclidean_gaussian_ar,log_euclidean,44,36,3,3,10,8.0,0.03,0.05,20.0,,,1e-06,0.071626483138866,0.07206500951351257,0.0690417939311053,0.10798667610362196,0.0013127030046286416,0.07075230650888391,112,0.2983068646646823,0.8684145255848327,0.8695775252274747,0.8100238871400819
Log-Euclidean mechanism,2,320,8,0.7,0.15,144,208,320,diag,bwar_barycenter,log_euclidean,44,36,3,3,10,8.0,0.03,0.05,20.0,,,1e-06,0.07137804085500579,0.07173911916623299,0.06888284175706161,0.10880743282707718,0.0013127030046286416,0.07042641616160435,112,0.3022943790771618,0.8644874059849608,0.8655721869471276,0.8100238871400819
Log-Euclidean mechanism,3,320,8,0.7,0.15,144,208,320,diag,persistence,log_euclidean,44,36,3,3,10,8.0,0.03,0.05,20.0,,,,0.08345955979113663,0.07670922383180787,,,0.0017307523722792284,0.07497847145952864,112,0.24992078349379235,1.0,1.0,1.0
Log-Euclidean mechanism,3,320,8,0.7,0.15,144,208,320,diag,euclidean_gaussian_ar,log_euclidean,44,36,3,3,10,8.0,0.03,0.05,20.0,,,1e-06,0.07557704063776652,0.06759101047210551,0.0649332856763315,0.10179324068419934,0.0014545506610238402,0.06613645981108168,112,0.29045702188542405,0.8811327646894865,0.8820726606407329,0.8404152346232766
Log-Euclidean mechanism,3,320,8,0.7,0.15,144,208,320,diag,cholesky_gaussian_ar,log_euclidean,44,36,3,3,10,8.0,0.03,0.05,20.0,,,1e-06,0.07351801215805806,0.06798684253881584,0.06419423258441725,0.09968813554493804,0.0014545506610238402,0.066532291877792,112,0.28385444827307715,0.886292927274083,0.8873519369317143,0.8404152346232766
Log-Euclidean mechanism,3,320,8,0.7,0.15,144,208,320,diag,log_euclidean_gaussian_ar,log_euclidean,44,36,3,3,10,8.0,0.03,0.05,20.0,,,1e-06,0.07351316136300823,0.06664352858537377,0.06341058852125109,0.09980106714223447,0.0014545506610238402,0.06518897792434993,112,0.2801047365685397,0.8687811615914134,0.8694359414827119,0.8404152346232766
Log-Euclidean mechanism,3,320,8,0.7,0.15,144,208,320,diag,bwar_barycenter,log_euclidean,44,36,3,3,10,8.0,0.03,0.05,20.0,,,1e-06,0.07425987534828296,0.06666943742132417,0.06340489644152947,0.10024358305813272,0.00145455066102384,0.06521488676030034,112,0.28366553638994046,0.8691189154449422,0.8697814918179757,0.8404152346232765
Log-Euclidean mechanism,4,320,8,0.7,0.15,144,208,320,diag,persistence,log_euclidean,44,36,3,3,10,8.0,0.03,0.05,20.0,,,,0.08151274041471054,0.09610013532300563,,,0.0016222210209448906,0.09447791430206072,112,0.24206276818013012,1.0,1.0,1.0
Log-Euclidean mechanism,4,320,8,0.7,0.15,144,208,320,diag,euclidean_gaussian_ar,log_euclidean,44,36,3,3,10,8.0,0.03,0.05,20.0,,,1e-06,0.06958396205161393,0.08253991929311222,0.07918599723177203,0.12824219391473454,0.001350677120234376,0.08118924217287783,112,0.28429283310745807,0.8588949330371318,0.8593462585689929,0.8326098002648559
Log-Euclidean mechanism,4,320,8,0.7,0.15,144,208,320,diag,cholesky_gaussian_ar,log_euclidean,44,36,3,3,10,8.0,0.03,0.05,20.0,,,1e-06,0.0691686005073806,0.08330996267877777,0.076921577379612,0.13012911195909102,0.001350677120234376,0.0819592855585434,112,0.27869428630677967,0.8669078602102032,0.8674967706897794,0.8326098002648559
Log-Euclidean mechanism,4,320,8,0.7,0.15,144,208,320,diag,log_euclidean_gaussian_ar,log_euclidean,44,36,3,3,10,8.0,0.03,0.05,20.0,,,1e-06,0.06901833283292454,0.08270705135763791,0.0783844154536397,0.1283303422539218,0.001350677120234376,0.08135637423740354,112,0.2767837816480597,0.8606340779817662,0.8611152652808829,0.8326098002648559
Log-Euclidean mechanism,4,320,8,0.7,0.15,144,208,320,diag,bwar_barycenter,log_euclidean,44,36,3,3,10,8.0,0.03,0.05,20.0,,,1e-06,0.06905744301710329,0.08225306172785529,0.07919010430698097,0.12813708058052545,0.0013506771202343763,0.08090238460762092,112,0.2800431428435259,0.8559099469672083,0.8563100191750984,0.8326098002648561
Log-Euclidean mechanism,5,320,8,0.7,0.15,144,208,320,diag,persistence,log_euclidean,44,36,3,3,10,8.0,0.03,0.05,20.0,,,,0.08317077473872567,0.0808338209113493,,,0.001661578880670515,0.07917224203067878,112,0.22001996428876597,1.0,1.0,1.0
Log-Euclidean mechanism,5,320,8,0.7,0.15,144,208,320,diag,euclidean_gaussian_ar,log_euclidean,44,36,3,3,10,8.0,0.03,0.05,20.0,,,1e-06,0.07266182476825073,0.06984915097499518,0.064507406436106,0.11520793394523156,0.00138840358378668,0.06846074739120851,112,0.2619774162565557,0.8641079957311304,0.8647064379543574,0.8355929411105674
Log-Euclidean mechanism,5,320,8,0.7,0.15,144,208,320,diag,cholesky_gaussian_ar,log_euclidean,44,36,3,3,10,8.0,0.03,0.05,20.0,,,1e-06,0.0731565203649984,0.07010300915666311,0.06441431698206959,0.11069677716763372,0.00138840358378668,0.06871460557287644,112,0.2580804536195728,0.8672484903756472,0.8679128418044537,0.8355929411105674
Log-Euclidean mechanism,5,320,8,0.7,0.15,144,208,320,diag,log_euclidean_gaussian_ar,log_euclidean,44,36,3,3,10,8.0,0.03,0.05,20.0,,,1e-06,0.07255055719605483,0.06919224415368248,0.06388163767833607,0.1113930705282883,0.00138840358378668,0.0678038405698958,112,0.2548679889323544,0.8559813624245949,0.8564092519146067,0.8355929411105674
Log-Euclidean mechanism,5,320,8,0.7,0.15,144,208,320,diag,bwar_barycenter,log_euclidean,44,36,3,3,10,8.0,0.03,0.05,20.0,,,1e-06,0.07192836736286602,0.06919281423170474,0.06356940298746447,0.11359201560563698,0.0013884035837866805,0.06780441064791808,112,0.2586080772852822,0.8559884148936707,0.8564164523930529,0.8355929411105677
Log-Euclidean mechanism,6,320,8,0.7,0.15,144,208,320,diag,persistence,log_euclidean,44,36,3,3,10,8.0,0.03,0.05,20.0,,,,0.08333281662620345,0.08055967519051996,,,0.0017120384285118848,0.07884763676200805,112,0.24192112065029528,1.0,1.0,1.0
Log-Euclidean mechanism,6,320,8,0.7,0.15,144,208,320,diag,euclidean_gaussian_ar,log_euclidean,44,36,3,3,10,8.0,0.03,0.05,20.0,,,1e-06,0.07325525963623222,0.07122639818176338,0.06552333600096721,0.10730106200851962,0.0014199228598897938,0.06980647532187359,112,0.3216751257571357,0.8841445551178824,0.8853337676127935,0.8293755772316398
Log-Euclidean mechanism,6,320,8,0.7,0.15,144,208,320,diag,cholesky_gaussian_ar,log_euclidean,44,36,3,3,10,8.0,0.03,0.05,20.0,,,1e-06,0.07441538382644775,0.07129476906404254,0.06486836300414296,0.10792491817319265,0.0014199228598897938,0.06987484620415275,112,0.303307062161899,0.8849932537020992,0.8862008942013244,0.8293755772316398
Log-Euclidean mechanism,6,320,8,0.7,0.15,144,208,320,diag,log_euclidean_gaussian_ar,log_euclidean,44,36,3,3,10,8.0,0.03,0.05,20.0,,,1e-06,0.07331237757858797,0.07091460115258152,0.06386784330200117,0.10801011949719351,0.0014199228598897938,0.06949467829269174,112,0.29493431262100456,0.8802741692400289,0.8813793430797796,0.8293755772316398
Log-Euclidean mechanism,6,320,8,0.7,0.15,144,208,320,diag,bwar_barycenter,log_euclidean,44,36,3,3,10,8.0,0.03,0.05,20.0,,,1e-06,0.0731688306313363,0.07079686204118522,0.06412574038269596,0.10608532426400184,0.0014199228598897942,0.06937693918129544,112,0.2982046956727851,0.8788126550132417,0.8798860946295859,0.82937557723164
Log-Euclidean mechanism,7,320,8,0.7,0.15,144,208,320,diag,persistence,log_euclidean,44,36,3,3,10,8.0,0.03,0.05,20.0,,,,0.0893362497777054,0.09294786305326211,,,0.0014522322520690034,0.09149563080119309,112,0.254551638973675,1.0,1.0,1.0
Log-Euclidean mechanism,7,320,8,0.7,0.15,144,208,320,diag,euclidean_gaussian_ar,log_euclidean,44,36,3,3,10,8.0,0.03,0.05,20.0,,,1e-06,0.07681168758284532,0.08192770039588074,0.07221875613369316,0.13512243003327362,0.0012525630037523976,0.08067513739212832,112,0.30290609785040284,0.8814371595496879,0.8817375943057199,0.8625087357534335
Log-Euclidean mechanism,7,320,8,0.7,0.15,144,208,320,diag,cholesky_gaussian_ar,log_euclidean,44,36,3,3,10,8.0,0.03,0.05,20.0,,,1e-06,0.07660935349210096,0.08399415726807538,0.07475065192344342,0.13371044636943819,0.0012525630037523976,0.08274159426432297,112,0.2976016808563611,0.9036695896918473,0.9043229008837439,0.8625087357534335
Log-Euclidean mechanism,7,320,8,0.7,0.15,144,208,320,diag,log_euclidean_gaussian_ar,log_euclidean,44,36,3,3,10,8.0,0.03,0.05,20.0,,,1e-06,0.07628898439183353,0.0825639106392044,0.07261956729635202,0.13241967912593938,0.0012525630037523976,0.081311347635452,112,0.29303616582619135,0.8882819671915709,0.8886910437519133,0.8625087357534335
Log-Euclidean mechanism,7,320,8,0.7,0.15,144,208,320,diag,bwar_barycenter,log_euclidean,44,36,3,3,10,8.0,0.03,0.05,20.0,,,1e-06,0.07642141486398701,0.08154862298649306,0.07092867556707963,0.13241063831852595,0.0012525630037523979,0.08029605998274067,112,0.2953693476352348,0.8773587719791156,0.8775944739614125,0.8625087357534337
Log-Euclidean mechanism,8,320,8,0.7,0.15,144,208,320,diag,persistence,log_euclidean,44,36,3,3,10,8.0,0.03,0.05,20.0,,,,0.09088834265481141,0.09182945673390146,,,0.0014434214293753747,0.09038603530452612,112,0.24255522095650728,1.0,1.0,1.0
Log-Euclidean mechanism,8,320,8,0.7,0.15,144,208,320,diag,euclidean_gaussian_ar,log_euclidean,44,36,3,3,10,8.0,0.03,0.05,20.0,,,1e-06,0.08128750953538716,0.0803834333499925,0.07255346834414098,0.1271698741733631,0.0012906760084554372,0.07909275734153706,112,0.29592595834032576,0.8753556452252936,0.87505505773165,0.8941782227896974
Log-Euclidean mechanism,8,320,8,0.7,0.15,144,208,320,diag,cholesky_gaussian_ar,log_euclidean,44,36,3,3,10,8.0,0.03,0.05,20.0,,,1e-06,0.0815050088617469,0.08046864580155377,0.07231959206131439,0.12753895413799352,0.0012906760084554372,0.07917796979309832,112,0.27412342930776373,0.8762835876807108,0.8759978189809312,0.8941782227896974
Log-Euclidean mechanism,8,320,8,0.7,0.15,144,208,320,diag,log_euclidean_gaussian_ar,log_euclidean,44,36,3,3,10,8.0,0.03,0.05,20.0,,,1e-06,0.08148882873297295,0.0799885812580506,0.07347522463050776,0.12660822819296746,0.0012906760084554372,0.07869790524959516,112,0.27652736658380217,0.8710558039109093,0.8706865500234452,0.8941782227896974
Log-Euclidean mechanism,8,320,8,0.7,0.15,144,208,320,diag,bwar_barycenter,log_euclidean,44,36,3,3,10,8.0,0.03,0.05,20.0,,,1e-06,0.08127116910632791,0.07981222772815734,0.07131198437790831,0.12516256350242744,0.0012906760084554368,0.07852155171970189,112,0.2794674724515747,0.8691353577254953,0.8687354352378579,0.894178222789697
Log-Euclidean mechanism,9,320,8,0.7,0.15,144,208,320,diag,persistence,log_euclidean,44,36,3,3,10,8.0,0.03,0.05,20.0,,,,0.08648726733904982,0.08192653383633865,,,0.001600554463040087,0.08032597937329856,112,0.20299245306989583,1.0,1.0,1.0
Log-Euclidean mechanism,9,320,8,0.7,0.15,144,208,320,diag,euclidean_gaussian_ar,log_euclidean,44,36,3,3,10,8.0,0.03,0.05,20.0,,,1e-06,0.0741250331115484,0.07066734775770266,0.06514989979793649,0.10552267699835746,0.0013463914395464185,0.06932095631815625,112,0.27445113702113927,0.8625697249547013,0.8629954699462957,0.8412031396851611
Log-Euclidean mechanism,9,320,8,0.7,0.15,144,208,320,diag,cholesky_gaussian_ar,log_euclidean,44,36,3,3,10,8.0,0.03,0.05,20.0,,,1e-06,0.07367027101989891,0.07091458064552034,0.06481045417188108,0.10979175575924659,0.0013463914395464185,0.06956818920597392,112,0.24122345765897707,0.8655874638512543,0.8660733395190862,0.8412031396851611
Log-Euclidean mechanism,9,320,8,0.7,0.15,144,208,320,diag,log_euclidean_gaussian_ar,log_euclidean,44,36,3,3,10,8.0,0.03,0.05,20.0,,,1e-06,0.0738376961603691,0.07034779293419668,0.0654351342875455,0.1099035153598517,0.0013463914395464185,0.06900140149465027,112,0.24493347778656224,0.8586692203374263,0.8590172448938389,0.8412031396851611
Log-Euclidean mechanism,9,320,8,0.7,0.15,144,208,320,diag,bwar_barycenter,log_euclidean,44,36,3,3,10,8.0,0.03,0.05,20.0,,,1e-06,0.07346644249679435,0.07016251201882422,0.0641256947159512,0.10768118759133644,0.0013463914395464185,0.0688161205792778,112,0.2530317458124242,0.8564076707917981,0.856710632303267,0.8412031396851611
Log-Euclidean mechanism,10,320,8,0.7,0.15,144,208,320,diag,persistence,log_euclidean,44,36,3,3,10,8.0,0.03,0.05,20.0,,,,0.08376329886219391,0.08884014740807925,,,0.0014913203107116205,0.08734882709736762,112,0.26233176917545237,1.0,1.0,1.0
Log-Euclidean mechanism,10,320,8,0.7,0.15,144,208,320,diag,euclidean_gaussian_ar,log_euclidean,44,36,3,3,10,8.0,0.03,0.05,20.0,,,1e-06,0.07176335794768259,0.0775483762745739,0.0697408546924724,0.12249179525991906,0.0012602424320535491,0.07628813384252034,112,0.29796392099582597,0.872897879360357,0.8733733053734317,0.8450514775408599
Log-Euclidean mechanism,10,320,8,0.7,0.15,144,208,320,diag,cholesky_gaussian_ar,log_euclidean,44,36,3,3,10,8.0,0.03,0.05,20.0,,,1e-06,0.0716461302531646,0.07759823684766651,0.06883148596097464,0.1236476832733909,0.0012602424320535491,0.07633799441561294,112,0.28688461534475035,0.873459118558482,0.8739441266969628,0.8450514775408599
Log-Euclidean mechanism,10,320,8,0.7,0.15,144,208,320,diag,log_euclidean_gaussian_ar,log_euclidean,44,36,3,3,10,8.0,0.03,0.05,20.0,,,1e-06,0.07133078384561117,0.07722937634518479,0.06812226718056918,0.12520457218005263,0.0012602424320535491,0.07596913391313123,112,0.2883897291210197,0.869307161214384,0.8697212823298537,0.8450514775408599
Log-Euclidean mechanism,10,320,8,0.7,0.15,144,208,320,diag,bwar_barycenter,log_euclidean,44,36,3,3,10,8.0,0.03,0.05,20.0,,,1e-06,0.07145177886558293,0.07716812746677605,0.06883295054606833,0.12412745808719543,0.001260242432053549,0.0759078850347225,112,0.29001822623246265,0.868617733290234,0.8690200836939468,0.8450514775408597
Log-Euclidean mechanism,11,320,8,0.7,0.15,144,208,320,diag,persistence,log_euclidean,44,36,3,3,10,8.0,0.03,0.05,20.0,,,,0.08021208292501267,0.08213936582199843,,,0.0015963042587668803,0.08054306156323156,112,0.2633808338816434,1.0,1.0,1.0
Log-Euclidean mechanism,11,320,8,0.7,0.15,144,208,320,diag,euclidean_gaussian_ar,log_euclidean,44,36,3,3,10,8.0,0.03,0.05,20.0,,,1e-06,0.06968094538706815,0.06939451711710623,0.06319383611214588,0.11633618928455261,0.0013913675951088302,0.0680031495219974,112,0.3176902165984484,0.844838725289027,0.8443079788891622,0.8716180436576919
Log-Euclidean mechanism,11,320,8,0.7,0.15,144,208,320,diag,cholesky_gaussian_ar,log_euclidean,44,36,3,3,10,8.0,0.03,0.05,20.0,,,1e-06,0.06956999644503929,0.06917007149507608,0.06349484589464982,0.11604525159884974,0.0013913675951088302,0.06777870389996725,112,0.30505516928948645,0.8421062276639961,0.8415213251703444,0.8716180436576919
Log-Euclidean mechanism,11,320,8,0.7,0.15,144,208,320,diag,log_euclidean_gaussian_ar,log_euclidean,44,36,3,3,10,8.0,0.03,0.05,20.0,,,1e-06,0.06888226268540472,0.06875390035012988,0.0644350368793196,0.1142789935831061,0.0013913675951088302,0.06736253275502105,112,0.30423048123163626,0.8370395809863475,0.8363542612809306,0.8716180436576919
Log-Euclidean mechanism,11,320,8,0.7,0.15,144,208,320,diag,bwar_barycenter,log_euclidean,44,36,3,3,10,8.0,0.03,0.05,20.0,,,1e-06,0.06907756716842467,0.06880612468201201,0.06410670831715762,0.11546602788534917,0.0013913675951088308,0.0674147570869032,112,0.30719011975285493,0.8376753824849287,0.837002663897724,0.8716180436576922
Log-Euclidean mechanism,12,320,8,0.7,0.15,144,208,320,diag,persistence,log_euclidean,44,36,3,3,10,8.0,0.03,0.05,20.0,,,,0.08702629427632218,0.08031538259756964,,,0.0017433532367685755,0.07857202936080106,112,0.24909804469138355,1.0,1.0,1.0
Log-Euclidean mechanism,12,320,8,0.7,0.15,144,208,320,diag,euclidean_gaussian_ar,log_euclidean,44,36,3,3,10,8.0,0.03,0.05,20.0,,,1e-06,0.0744748734657796,0.06972040863230998,0.06714375879019342,0.09958957253018792,0.0014314700785640307,0.06828893855374596,112,0.28254264928179496,0.8680828799839364,0.8691252995409426,0.8211015693052307
Log-Euclidean mechanism,12,320,8,0.7,0.15,144,208,320,diag,cholesky_gaussian_ar,log_euclidean,44,36,3,3,10,8.0,0.03,0.05,20.0,,,1e-06,0.07461359685563226,0.07020260727554266,0.06923327365330605,0.10131029272233637,0.0014314700785640307,0.06877113719697862,112,0.2829305027435205,0.8740866942924456,0.875262326255862,0.8211015693052307
Log-Euclidean mechanism,12,320,8,0.7,0.15,144,208,320,diag,log_euclidean_gaussian_ar,log_euclidean,44,36,3,3,10,8.0,0.03,0.05,20.0,,,1e-06,0.07396928491719969,0.07052152761941867,0.06630260209056073,0.10091831017482347,0.0014314700785640307,0.06909005754085464,112,0.2812123967698077,0.8780575443782132,0.8793212814142115,0.8211015693052307
Log-Euclidean mechanism,12,320,8,0.7,0.15,144,208,320,diag,bwar_barycenter,log_euclidean,44,36,3,3,10,8.0,0.03,0.05,20.0,,,1e-06,0.07402503175402164,0.0698749209789924,0.0671330592917328,0.10027947201109158,0.001431470078564031,0.06844345090042836,112,0.28335477793559233,0.8700067000752459,0.8710918052801909,0.8211015693052308
Log-Euclidean mechanism,13,320,8,0.7,0.15,144,208,320,diag,persistence,log_euclidean,44,36,3,3,10,8.0,0.03,0.05,20.0,,,,0.09193989835862995,0.08854681351227353,,,0.001552717177275713,0.0869940963349978,112,0.21276579700945164,1.0,1.0,1.0
Log-Euclidean mechanism,13,320,8,0.7,0.15,144,208,320,diag,euclidean_gaussian_ar,log_euclidean,44,36,3,3,10,8.0,0.03,0.05,20.0,,,1e-06,0.07940736417562931,0.0787032776695418,0.07488377604903158,0.11689441415220916,0.0013227830854128048,0.07738049458412899,112,0.2738688533529501,0.8888324101988457,0.8894913315284217,0.8519150201800857
Log-Euclidean mechanism,13,320,8,0.7,0.15,144,208,320,diag,cholesky_gaussian_ar,log_euclidean,44,36,3,3,10,8.0,0.03,0.05,20.0,,,1e-06,0.0800316958167402,0.07938434889044692,0.07378910598364208,0.12220597106900048,0.0013227830854128048,0.07806156580503412,112,0.26763643844443724,0.8965240615851569,0.8973202676240674,0.8519150201800857
Log-Euclidean mechanism,13,320,8,0.7,0.15,144,208,320,diag,log_euclidean_gaussian_ar,log_euclidean,44,36,3,3,10,8.0,0.03,0.05,20.0,,,1e-06,0.07907463139949307,0.07892494939708013,0.07329790058014496,0.12043756315873994,0.0013227830854128048,0.07760216631166732,112,0.2597086997964407,0.8913358512459659,0.8920394553308084,0.8519150201800857
Log-Euclidean mechanism,13,320,8,0.7,0.15,144,208,320,diag,bwar_barycenter,log_euclidean,44,36,3,3,10,8.0,0.03,0.05,20.0,,,1e-06,0.07900463631147991,0.07849700841125097,0.07453136546656502,0.11713763887264227,0.0013227830854128048,0.07717422532583816,112,0.2653308821930808,0.886502916340072,0.887120259616869,0.8519150201800857
Log-Euclidean mechanism,14,320,8,0.7,0.15,144,208,320,diag,persistence,log_euclidean,44,36,3,3,10,8.0,0.03,0.05,20.0,,,,0.08426750798486768,0.08884938243109271,,,0.0015602621083826318,0.08728912032271006,112,0.23691963605898111,1.0,1.0,1.0
Log-Euclidean mechanism,14,320,8,0.7,0.15,144,208,320,diag,euclidean_gaussian_ar,log_euclidean,44,36,3,3,10,8.0,0.03,0.05,20.0,,,1e-06,0.07335788760526839,0.07710899317058192,0.07495312374213049,0.11888332958165103,0.0013957583176668327,0.0757132348529151,112,0.2961639610039583,0.8678618923478049,0.8673845557499191,0.8945665668402831
Log-Euclidean mechanism,14,320,8,0.7,0.15,144,208,320,diag,cholesky_gaussian_ar,log_euclidean,44,36,3,3,10,8.0,0.03,0.05,20.0,,,1e-06,0.07229579305755643,0.07651243959148293,0.07295434330010947,0.12015810052203069,0.0013957583176668327,0.07511668127381611,112,0.28373518196521547,0.8611476804672479,0.8605503297101387,0.8945665668402831
Log-Euclidean mechanism,14,320,8,0.7,0.15,144,208,320,diag,log_euclidean_gaussian_ar,log_euclidean,44,36,3,3,10,8.0,0.03,0.05,20.0,,,1e-06,0.07281880176716546,0.0761325755901572,0.07332415701721307,0.12150803214363277,0.0013957583176668327,0.07473681727249036,112,0.28336453659312616,0.8568723102740973,0.8561985387891008,0.8945665668402831
Log-Euclidean mechanism,14,320,8,0.7,0.15,144,208,320,diag,bwar_barycenter,log_euclidean,44,36,3,3,10,8.0,0.03,0.05,20.0,,,1e-06,0.07288731085800482,0.07622620384434521,0.07371207584884926,0.11916944863911827,0.0013957583176668325,0.07483044552667839,112,0.2871239000473287,0.8579260964865184,0.8572711610568231,0.894566566840283
Log-Euclidean mechanism,15,320,8,0.7,0.15,144,208,320,diag,persistence,log_euclidean,44,36,3,3,10,8.0,0.03,0.05,20.0,,,,0.10396879993847198,0.08785911447235835,,,0.0016693578946661207,0.08618975657769222,112,0.21129633850340127,1.0,1.0,1.0
Log-Euclidean mechanism,15,320,8,0.7,0.15,144,208,320,diag,euclidean_gaussian_ar,log_euclidean,44,36,3,3,10,8.0,0.03,0.05,20.0,,,1e-06,0.0871235290142092,0.07940327382635974,0.07705412887972635,0.12226623469614392,0.0014071890876063147,0.07799608473875343,112,0.26858971058493525,0.9037568191213795,0.9049345053950473,0.8429523064541885
Log-Euclidean mechanism,15,320,8,0.7,0.15,144,208,320,diag,cholesky_gaussian_ar,log_euclidean,44,36,3,3,10,8.0,0.03,0.05,20.0,,,1e-06,0.08817865225387553,0.07927735270110906,0.07506486031987926,0.1240527680859877,0.0014071890876063147,0.07787016361350273,112,0.2559686033181468,0.9023236027043132,0.9034735298655805,0.8429523064541885
Log-Euclidean mechanism,15,320,8,0.7,0.15,144,208,320,diag,log_euclidean_gaussian_ar,log_euclidean,44,36,3,3,10,8.0,0.03,0.05,20.0,,,1e-06,0.08675166049849861,0.07856527052605755,0.07541804894880022,0.12075900703655225,0.0014071890876063147,0.07715808143845125,112,0.2537476173396326,0.894218784219311,0.8952117339941698,0.8429523064541885
Log-Euclidean mechanism,15,320,8,0.7,0.15,144,208,320,diag,bwar_barycenter,log_euclidean,44,36,3,3,10,8.0,0.03,0.05,20.0,,,1e-06,0.08670699059550854,0.07862895311022926,0.0762948491753814,0.12036437256643923,0.0014071890876063147,0.07722176402262296,112,0.26075868541915365,0.8949436103748459,0.89595059887441,0.8429523064541885
Log-Euclidean mechanism,16,320,8,0.7,0.15,144,208,320,diag,persistence,log_euclidean,44,36,3,3,10,8.0,0.03,0.05,20.0,,,,0.09855425653899264,0.09950783499680275,,,0.0015280091630467077,0.09797982583375606,112,0.24974130671606207,1.0,1.0,1.0
Log-Euclidean mechanism,16,320,8,0.7,0.15,144,208,320,diag,euclidean_gaussian_ar,log_euclidean,44,36,3,3,10,8.0,0.03,0.05,20.0,,,1e-06,0.08239542725794999,0.08567456056275081,0.0792723591932579,0.13538899131603202,0.0013715804933421294,0.08430298006940869,112,0.29524632460423783,0.860983062946788,0.8604116138402502,0.89762583007508
Log-Euclidean mechanism,16,320,8,0.7,0.15,144,208,320,diag,cholesky_gaussian_ar,log_euclidean,44,36,3,3,10,8.0,0.03,0.05,20.0,,,1e-06,0.08221701532738132,0.08550402552240119,0.08236841049797497,0.13336201502409797,0.0013715804933421294,0.08413244502905906,112,0.2825544733895644,0.8592692778930271,0.8586711020675617,0.89762583007508
Log-Euclidean mechanism,16,320,8,0.7,0.15,144,208,320,diag,log_euclidean_gaussian_ar,log_euclidean,44,36,3,3,10,8.0,0.03,0.05,20.0,,,1e-06,0.08156902489444649,0.08544743628884806,0.08060576586899518,0.13354553262428753,0.0013715804933421294,0.08407585579550592,112,0.28266290061670696,0.858700586658262,0.8580935420130137,0.89762583007508
Log-Euclidean mechanism,16,320,8,0.7,0.15,144,208,320,diag,bwar_barycenter,log_euclidean,44,36,3,3,10,8.0,0.03,0.05,20.0,,,1e-06,0.08166798377056234,0.08508424472549121,0.07978758976704367,0.1331040698249656,0.0013715804933421298,0.08371266423214907,112,0.28609277130835076,0.8550507075972964,0.8543867425748,0.8976258300750803
Log-Euclidean mechanism,17,320,8,0.7,0.15,144,208,320,diag,persistence,log_euclidean,44,36,3,3,10,8.0,0.03,0.05,20.0,,,,0.09361225735518054,0.08281140000458287,,,0.0015550818578313017,0.08125631814675158,112,0.21643354285037925,1.0,1.0,1.0
Log-Euclidean mechanism,17,320,8,0.7,0.15,144,208,320,diag,euclidean_gaussian_ar,log_euclidean,44,36,3,3,10,8.0,0.03,0.05,20.0,,,1e-06,0.07942584206889954,0.07217923843028913,0.07043823357484183,0.11097826359617344,0.0013246494844679946,0.07085458894582113,112,0.24563853175642586,0.871609928419211,0.871988671919092,0.8518197790020743
Log-Euclidean mechanism,17,320,8,0.7,0.15,144,208,320,diag,cholesky_gaussian_ar,log_euclidean,44,36,3,3,10,8.0,0.03,0.05,20.0,,,1e-06,0.07903460775096433,0.07257377119873486,0.07104778473558875,0.1133275287166079,0.0013246494844679946,0.07124912171426687,112,0.25835950021576015,0.8763741609816831,0.8768440822729454,0.8518197790020743
Log-Euclidean mechanism,17,320,8,0.7,0.15,144,208,320,diag,log_euclidean_gaussian_ar,log_euclidean,44,36,3,3,10,8.0,0.03,0.05,20.0,,,1e-06,0.07926826750340671,0.07172856110600123,0.06917088708047689,0.11177509227169856,0.0013246494844679946,0.07040391162153324,112,0.24912551090765048,0.8661677148560669,0.8664423053771827,0.8518197790020743
Log-Euclidean mechanism,17,320,8,0.7,0.15,144,208,320,diag,bwar_barycenter,log_euclidean,44,36,3,3,10,8.0,0.03,0.05,20.0,,,1e-06,0.0788829962163462,0.07158233108306186,0.06923558815963626,0.11103043529221199,0.0013246494844679946,0.07025768159859387,112,0.25326841900088215,0.864401894897326,0.8646426911899477,0.8518197790020743
Log-Euclidean mechanism,18,320,8,0.7,0.15,144,208,320,diag,persistence,log_euclidean,44,36,3,3,10,8.0,0.03,0.05,20.0,,,,0.08826505253662899,0.0898744372035625,,,0.0015161502335009366,0.08835828697006157,112,0.23944130861719554,1.0,1.0,1.0
Log-Euclidean mechanism,18,320,8,0.7,0.15,144,208,320,diag,euclidean_gaussian_ar,log_euclidean,44,36,3,3,10,8.0,0.03,0.05,20.0,,,1e-06,0.07511759108989212,0.07780216033868995,0.07378444100412207,0.11565966364108382,0.001279096401850591,0.07652306393683937,112,0.28725413049660087,0.86567618957625,0.8660541819101549,0.8436475314831
Log-Euclidean mechanism,18,320,8,0.7,0.15,144,208,320,diag,cholesky_gaussian_ar,log_euclidean,44,36,3,3,10,8.0,0.03,0.05,20.0,,,1e-06,0.07550785382592867,0.07847620031888954,0.07121821159325534,0.11615862525539257,0.001279096401850591,0.07719710391703893,112,0.27729781912554036,0.8731759859718915,0.8736826681938235,0.8436475314831
Log-Euclidean mechanism,18,320,8,0.7,0.15,144,208,320,diag,log_euclidean_gaussian_ar,log_euclidean,44,36,3,3,10,8.0,0.03,0.05,20.0,,,1e-06,0.07466123279791709,0.07786415101044881,0.07062321875698033,0.11182412392406658,0.001279096401850591,0.07658505460859821,112,0.27437959427621855,0.8663659371139003,0.8667557649068901,0.8436475314831
Log-Euclidean mechanism,18,320,8,0.7,0.15,144,208,320,diag,bwar_barycenter,log_euclidean,44,36,3,3,10,8.0,0.03,0.05,20.0,,,0.0001,0.0744638064987299,0.07800629821541098,0.07250407793244565,0.11380854141955214,0.0012939325540644428,0.07671236566134654,112,0.2804306753068759,0.8679475570871104,0.8681966150762858,0.8534329418507743
Log-Euclidean mechanism,19,320,8,0.7,0.15,144,208,320,diag,persistence,log_euclidean,44,36,3,3,10,8.0,0.03,0.05,20.0,,,,0.0902223986107409,0.08189623811283511,,,0.0015024893411263187,0.0803937487717088,112,0.2424988856861959,1.0,1.0,1.0
Log-Euclidean mechanism,19,320,8,0.7,0.15,144,208,320,diag,euclidean_gaussian_ar,log_euclidean,44,36,3,3,10,8.0,0.03,0.05,20.0,,,1e-06,0.07819277300775357,0.07188121046913087,0.0662414632986923,0.10568286254814832,0.0013987831281955833,0.07048242734093531,112,0.28246817936105245,0.8777107731138307,0.8767152722418965,0.9309770724543087
Log-Euclidean mechanism,19,320,8,0.7,0.15,144,208,320,diag,cholesky_gaussian_ar,log_euclidean,44,36,3,3,10,8.0,0.03,0.05,20.0,,,1e-06,0.08001000987490436,0.07157832638279638,0.06449852191014488,0.10841087196543975,0.0013987831281955833,0.07017954325460078,112,0.2707770123200076,0.8740123848445528,0.8729477643079822,0.9309770724543087
Log-Euclidean mechanism,19,320,8,0.7,0.15,144,208,320,diag,log_euclidean_gaussian_ar,log_euclidean,44,36,3,3,10,8.0,0.03,0.05,20.0,,,1e-06,0.07849320922127795,0.07103420721890136,0.06482769762360689,0.10692180443521741,0.0013987831281955833,0.06963542409070576,112,0.2719338254651946,0.8673683780325996,0.866179586779153,0.9309770724543087
Log-Euclidean mechanism,19,320,8,0.7,0.15,144,208,320,diag,bwar_barycenter,log_euclidean,44,36,3,3,10,8.0,0.03,0.05,20.0,,,1e-06,0.07834790756218732,0.07112833977342521,0.06448466121931817,0.10546390952809111,0.0013987831281955837,0.06972955664522963,112,0.27502063686695744,0.8685177904682986,0.86735048073499,0.9309770724543089
Log-Euclidean mechanism,20,320,8,0.7,0.15,144,208,320,diag,persistence,log_euclidean,44,36,3,3,10,8.0,0.03,0.05,20.0,,,,0.10471224923792298,0.0920465421492567,,,0.0015454519577633337,0.09050109019149336,112,0.25096323677116517,1.0,1.0,1.0
Log-Euclidean mechanism,20,320,8,0.7,0.15,144,208,320,diag,euclidean_gaussian_ar,log_euclidean,44,36,3,3,10,8.0,0.03,0.05,20.0,,,1e-06,0.0884363139101414,0.08166443639960133,0.0752173859032145,0.1301094519853478,0.0013336098084908768,0.08033082659111049,112,0.2807578913229706,0.8872080850922089,0.8876227504125821,0.8629254386017622
Log-Euclidean mechanism,20,320,8,0.7,0.15,144,208,320,diag,cholesky_gaussian_ar,log_euclidean,44,36,3,3,10,8.0,0.03,0.05,20.0,,,1e-06,0.08882299012977238,0.08175895494487835,0.07389635834578483,0.12918853450528078,0.0013336098084908768,0.08042534513638748,112,0.27900969864179803,0.8882349411051568,0.8886671416467319,0.8629254386017622
Log-Euclidean mechanism,20,320,8,0.7,0.15,144,208,320,diag,log_euclidean_gaussian_ar,log_euclidean,44,36,3,3,10,8.0,0.03,0.05,20.0,,,0.0001,0.088237894608586,0.08133457524944329,0.07463708882097961,0.12727362675934586,0.001347375462866163,0.07998719978657712,112,0.2801628570980181,0.8836244507431514,0.8838258148861008,0.8718326416410651
Log-Euclidean mechanism,20,320,8,0.7,0.15,144,208,320,diag,bwar_barycenter,log_euclidean,44,36,3,3,10,8.0,0.03,0.05,20.0,,,1e-06,0.08827693711206465,0.08121351898676908,0.07463851393211621,0.1301590441771212,0.0013336098084908768,0.07987990917827818,112,0.2808162974975402,0.8823092871330083,0.8826402975838018,0.8629254386017622
Log-Euclidean mechanism,21,320,8,0.7,0.15,144,208,320,diag,persistence,log_euclidean,44,36,3,3,10,8.0,0.03,0.05,20.0,,,,0.08234466947424415,0.08330937864310688,,,0.00167762312385754,0.08163175551924932,112,0.2269999491051757,1.0,1.0,1.0
Log-Euclidean mechanism,21,320,8,0.7,0.15,144,208,320,diag,euclidean_gaussian_ar,log_euclidean,44,36,3,3,10,8.0,0.03,0.05,20.0,,,1e-06,0.07601931806869001,0.0718836809584091,0.06759291719618643,0.10685530728887487,0.0015339888341633187,0.07034969212424577,112,0.2907298430248737,0.8628522037879446,0.8617932038427967,0.9143822664032268
Log-Euclidean mechanism,21,320,8,0.7,0.15,144,208,320,diag,cholesky_gaussian_ar,log_euclidean,44,36,3,3,10,8.0,0.03,0.05,20.0,,,1e-06,0.0753423379980217,0.07194378298337689,0.06715422785555258,0.10672125547139916,0.0015339888341633187,0.07040979414921357,112,0.2669218548607233,0.863573635467627,0.8625294617437262,0.9143822664032268
Log-Euclidean mechanism,21,320,8,0.7,0.15,144,208,320,diag,log_euclidean_gaussian_ar,log_euclidean,44,36,3,3,10,8.0,0.03,0.05,20.0,,,1e-06,0.07447809328657373,0.07137334344344014,0.06696180302303076,0.10563934289083643,0.0015339888341633187,0.06983935460927683,112,0.2652409184164374,0.8567263927054347,0.8555415005476421,0.9143822664032268
Log-Euclidean mechanism,21,320,8,0.7,0.15,144,208,320,diag,bwar_barycenter,log_euclidean,44,36,3,3,10,8.0,0.03,0.05,20.0,,,1e-06,0.07482439345668988,0.07119006038923116,0.06685938516993231,0.10585923572727621,0.0015339888341633183,0.06965607155506785,112,0.27142705166516595,0.8545263636427508,0.853296258447394,0.9143822664032266
Log-Euclidean mechanism,22,320,8,0.7,0.15,144,208,320,diag,persistence,log_euclidean,44,36,3,3,10,8.0,0.03,0.05,20.0,,,,0.09240138077718511,0.0841910893745615,,,0.0016334395221663594,0.08255764985239515,112,0.2390986571869703,1.0,1.0,1.0
Log-Euclidean mechanism,22,320,8,0.7,0.15,144,208,320,diag,euclidean_gaussian_ar,log_euclidean,44,36,3,3,10,8.0,0.03,0.05,20.0,,,1e-06,0.08029731085517629,0.0738728519104279,0.0676686323693054,0.11980268714492871,0.0013577938885614223,0.07251505802186646,112,0.29324141201170545,0.877442642199006,0.878356616879431,0.8312483383288287
Log-Euclidean mechanism,22,320,8,0.7,0.15,144,208,320,diag,cholesky_gaussian_ar,log_euclidean,44,36,3,3,10,8.0,0.03,0.05,20.0,,,1e-06,0.0803343568914069,0.07353403903896287,0.06652861011274333,0.11958717250065178,0.0013577938885614223,0.07217624515040144,112,0.2986790681828017,0.8734183104795568,0.8742526619816017,0.8312483383288287
Log-Euclidean mechanism,22,320,8,0.7,0.15,144,208,320,diag,log_euclidean_gaussian_ar,log_euclidean,44,36,3,3,10,8.0,0.03,0.05,20.0,,,1e-06,0.0796927688694082,0.07342647840512626,0.06617678023999853,0.12279128988138753,0.0013577938885614223,0.07206868451656483,112,0.29346027375193257,0.8721407330704074,0.8729498071398163,0.8312483383288287
Log-Euclidean mechanism,22,320,8,0.7,0.15,144,208,320,diag,bwar_barycenter,log_euclidean,44,36,3,3,10,8.0,0.03,0.05,20.0,,,1e-06,0.0793514655971477,0.07317511470403379,0.06590310759944532,0.12036329749571344,0.0013577938885614216,0.07181732081547236,112,0.2945564256441509,0.8691550999949857,0.8699051019969024,0.8312483383288284
Log-Euclidean mechanism,23,320,8,0.7,0.15,144,208,320,diag,persistence,log_euclidean,44,36,3,3,10,8.0,0.03,0.05,20.0,,,,0.08026299983034312,0.08666057219490801,,,0.0015644396774155984,0.08509613251749241,112,0.2659490161298315,1.0,1.0,1.0
Log-Euclidean mechanism,23,320,8,0.7,0.15,144,208,320,diag,euclidean_gaussian_ar,log_euclidean,44,36,3,3,10,8.0,0.03,0.05,20.0,,,1e-06,0.07222809406926262,0.07516241726875765,0.07258485739368686,0.11030892531351798,0.0013484074147787262,0.07381400985397892,112,0.29984158735499933,0.8673196514293733,0.8674190902718835,0.861910774985105
Log-Euclidean mechanism,23,320,8,0.7,0.15,144,208,320,diag,cholesky_gaussian_ar,log_euclidean,44,36,3,3,10,8.0,0.03,0.05,20.0,,,1e-06,0.07079371539215688,0.07482227543445881,0.07344243042675877,0.11170682253162671,0.0013484074147787262,0.07347386801968007,112,0.300568139777678,0.8633946619481842,0.8634219422906998,0.861910774985105
Log-Euclidean mechanism,23,320,8,0.7,0.15,144,208,320,diag,log_euclidean_gaussian_ar,log_euclidean,44,36,3,3,10,8.0,0.03,0.05,20.0,,,1e-06,0.07069482417282051,0.07469271768659061,0.07233339364534666,0.11292919894973284,0.0013484074147787262,0.07334431027181187,112,0.2969862790735536,0.8618996597276032,0.8618994553804801,0.861910774985105
Log-Euclidean mechanism,23,320,8,0.7,0.15,144,208,320,diag,bwar_barycenter,log_euclidean,44,36,3,3,10,8.0,0.03,0.05,20.0,,,1e-06,0.07095753669748953,0.0746411398732125,0.07206750676979892,0.1117564762245586,0.001348407414778727,0.07329273245843378,112,0.29974138672471096,0.8613044892588217,0.8612933430713514,0.8619107749851056
Log-Euclidean mechanism,24,320,8,0.7,0.15,144,208,320,diag,persistence,log_euclidean,44,36,3,3,10,8.0,0.03,0.05,20.0,,,,0.09459259213421725,0.0936857397440823,,,0.0015910883021248389,0.09209465144195746,112,0.1858823917564596,1.0,1.0,1.0
Log-Euclidean mechanism,24,320,8,0.7,0.15,144,208,320,diag,euclidean_gaussian_ar,log_euclidean,44,36,3,3,10,8.0,0.03,0.05,20.0,,,1e-06,0.08052374276486982,0.08109527103328104,0.07156035217925132,0.12452899988098386,0.0013354449539630202,0.07975982607931802,112,0.2528116066908712,0.8656095501279687,0.8660636077176159,0.8393279946685445
Log-Euclidean mechanism,24,320,8,0.7,0.15,144,208,320,diag,cholesky_gaussian_ar,log_euclidean,44,36,3,3,10,8.0,0.03,0.05,20.0,,,1e-06,0.07988696403018053,0.0811408008250304,0.07426546617472893,0.1278563844943298,0.0013354449539630202,0.07980535587106741,112,0.24124665534481798,0.8660955343543167,0.8665579881299039,0.8393279946685445
Log-Euclidean mechanism,24,320,8,0.7,0.15,144,208,320,diag,log_euclidean_gaussian_ar,log_euclidean,44,36,3,3,10,8.0,0.03,0.05,20.0,,,1e-06,0.0799495209920101,0.08148145860373754,0.07446379181666829,0.1271258799109809,0.0013354449539630202,0.0801460136497745,112,0.24063717416150818,0.8697317097171595,0.8702569844708781,0.8393279946685445
Log-Euclidean mechanism,24,320,8,0.7,0.15,144,208,320,diag,bwar_barycenter,log_euclidean,44,36,3,3,10,8.0,0.03,0.05,20.0,,,1e-06,0.0798804882690975,0.08099134398369191,0.0728254288762597,0.12339275434543162,0.0013354449539630209,0.07965589902972889,112,0.2489326925681493,0.8645002345600603,0.8649351268779374,0.8393279946685449
Log-Euclidean mechanism,25,320,8,0.7,0.15,144,208,320,diag,persistence,log_euclidean,44,36,3,3,10,8.0,0.03,0.05,20.0,,,,0.08704668409979219,0.09180875575819657,,,0.0016201666741611656,0.0901885890840354,112,0.23332071649447694,1.0,1.0,1.0
Log-Euclidean mechanism,25,320,8,0.7,0.15,144,208,320,diag,euclidean_gaussian_ar,log_euclidean,44,36,3,3,10,8.0,0.03,0.05,20.0,,,1e-06,0.07449199689103558,0.08140400491590764,0.07876940042820908,0.11786150055970719,0.0013716097338490195,0.08003239518205864,112,0.290344370743766,0.8866692968839195,0.8873893692636273,0.8465855740176637
Log-Euclidean mechanism,25,320,8,0.7,0.15,144,208,320,diag,cholesky_gaussian_ar,log_euclidean,44,36,3,3,10,8.0,0.03,0.05,20.0,,,1e-06,0.07389115081754805,0.08154030034757362,0.07885594692924651,0.11884601184596841,0.0013716097338490195,0.08016869061372459,112,0.26767906494358173,0.8881538549801532,0.888900596271946,0.8465855740176637
Log-Euclidean mechanism,25,320,8,0.7,0.15,144,208,320,diag,log_euclidean_gaussian_ar,log_euclidean,44,36,3,3,10,8.0,0.03,0.05,20.0,,,1e-06,0.07350497978540468,0.08163762663031174,0.07942968492935747,0.12045699431582432,0.0013716097338490195,0.08026601689646272,112,0.27047502488611685,0.8892139530278215,0.8899797381426259,0.8465855740176637
Log-Euclidean mechanism,25,320,8,0.7,0.15,144,208,320,diag,bwar_barycenter,log_euclidean,44,36,3,3,10,8.0,0.03,0.05,20.0,,,1e-06,0.0735971492770174,0.08103169268054011,0.07870107130272885,0.11752168034684538,0.0013716097338490193,0.07966008294669107,112,0.2757170235045264,0.8826139948346453,0.8832612169203119,0.8465855740176635
Log-Euclidean mechanism,26,320,8,0.7,0.15,144,208,320,diag,persistence,log_euclidean,44,36,3,3,10,8.0,0.03,0.05,20.0,,,,0.08058282795860763,0.08462199407147984,,,0.0015790960759831123,0.08304289799549672,112,0.2327526631516475,1.0,1.0,1.0
Log-Euclidean mechanism,26,320,8,0.7,0.15,144,208,320,diag,euclidean_gaussian_ar,log_euclidean,44,36,3,3,10,8.0,0.03,0.05,20.0,,,1e-06,0.06975853447154964,0.07441632434322089,0.06963583152538436,0.11157225286347104,0.0013252447038394372,0.07309107963938147,112,0.3139768655760052,0.8793969600900888,0.8801605122613264,0.8392426046745557
Log-Euclidean mechanism,26,320,8,0.7,0.15,144,208,320,diag,cholesky_gaussian_ar,log_euclidean,44,36,3,3,10,8.0,0.03,0.05,20.0,,,1e-06,0.069980296272497,0.07436503947592514,0.0689224571191493,0.1164262427726383,0.0013252447038394372,0.0730397947720857,112,0.29171386757291573,0.878790913543225,0.8795429414812395,0.8392426046745557
Log-Euclidean mechanism,26,320,8,0.7,0.15,144,208,320,diag,log_euclidean_gaussian_ar,log_euclidean,44,36,3,3,10,8.0,0.03,0.05,20.0,,,1e-06,0.06947763634404813,0.07378275088215827,0.06814641099792682,0.11272964527085136,0.0013252447038394372,0.07245750617831884,112,0.2866949318571714,0.8719098585627076,0.8725310403094084,0.8392426046745557
Log-Euclidean mechanism,26,320,8,0.7,0.15,144,208,320,diag,bwar_barycenter,log_euclidean,44,36,3,3,10,8.0,0.03,0.05,20.0,,,1e-06,0.06913017029617603,0.07356310449086985,0.06928920313746303,0.11137298367962715,0.0013252447038394368,0.07223785978703039,112,0.2930946279729709,0.8693142403230466,0.8698860652833639,0.8392426046745554
Log-Euclidean mechanism,27,320,8,0.7,0.15,144,208,320,diag,persistence,log_euclidean,44,36,3,3,10,8.0,0.03,0.05,20.0,,,,0.08401303960684728,0.08568934708115654,,,0.0016693735739312498,0.08401997350722527,112,0.24351082882911404,1.0,1.0,1.0
Log-Euclidean mechanism,27,320,8,0.7,0.15,144,208,320,diag,euclidean_gaussian_ar,log_euclidean,44,36,3,3,10,8.0,0.03,0.05,20.0,,,1e-06,0.073683779839935,0.0736537915394356,0.06744840305646885,0.11684574873079835,0.0014093764624464507,0.07224441507698913,112,0.2852997397673559,0.85954431966529,0.8598481058884944,0.8442546859822841
Log-Euclidean mechanism,27,320,8,0.7,0.15,144,208,320,diag,cholesky_gaussian_ar,log_euclidean,44,36,3,3,10,8.0,0.03,0.05,20.0,,,1e-06,0.07456063181482739,0.07353714587101977,0.06849426973579101,0.11911205935198205,0.0014093764624464507,0.07212776940857332,112,0.27568068341878277,0.8581830574735574,0.8584597970906372,0.8442546859822841
Log-Euclidean mechanism,27,320,8,0.7,0.15,144,208,320,diag,log_euclidean_gaussian_ar,log_euclidean,44,36,3,3,10,8.0,0.03,0.05,20.0,,,1e-06,0.07367788176357111,0.0731978962717215,0.06826794320717772,0.11697561516330493,0.0014093764624464507,0.07178851980927504,112,0.27477033230162007,0.8542239935892573,0.8544220714744882,0.8442546859822841
Log-Euclidean mechanism,27,320,8,0.7,0.15,144,208,320,diag,bwar_barycenter,log_euclidean,44,36,3,3,10,8.0,0.03,0.05,20.0,,,1e-06,0.07347341646013167,0.07326312647555433,0.06807794536625787,0.11591867385779951,0.00140937646244645,0.07185375001310787,112,0.27748770954925767,0.8549852341174532,0.8551984369160606,0.8442546859822837
Log-Euclidean mechanism,28,320,8,0.7,0.15,144,208,320,diag,persistence,log_euclidean,44,36,3,3,10,8.0,0.03,0.05,20.0,,,,0.08713704188472501,0.09896198239029294,,,0.0016713944962902982,0.09729058789400262,112,0.24710191489678768,1.0,1.0,1.0
Log-Euclidean mechanism,28,320,8,0.7,0.15,144,208,320,diag,euclidean_gaussian_ar,log_euclidean,44,36,3,3,10,8.0,0.03,0.05,20.0,,,1e-06,0.07571710531991224,0.08495703277984505,0.07947133452763447,0.12887885484630413,0.0014386196484050054,0.08351841313144005,112,0.3056134125585063,0.8584815171222598,0.8584428868127794,0.860730157720429
Log-Euclidean mechanism,28,320,8,0.7,0.15,144,208,320,diag,cholesky_gaussian_ar,log_euclidean,44,36,3,3,10,8.0,0.03,0.05,20.0,,,1e-06,0.0764851168788066,0.08484979192107853,0.07941282915493092,0.129177657082079,0.0014386196484050054,0.08341117227267351,112,0.2824083663579545,0.8573978599826567,0.8573406130873561,0.860730157720429
Log-Euclidean mechanism,28,320,8,0.7,0.15,144,208,320,diag,log_euclidean_gaussian_ar,log_euclidean,44,36,3,3,10,8.0,0.03,0.05,20.0,,,1e-06,0.07676339896617423,0.08476663258288328,0.07929338852674678,0.12914122650051357,0.0014386196484050054,0.08332801293447827,112,0.2821598014664792,0.856557543972542,0.8564858609474487,0.860730157720429
Log-Euclidean mechanism,28,320,8,0.7,0.15,144,208,320,diag,bwar_barycenter,log_euclidean,44,36,3,3,10,8.0,0.03,0.05,20.0,,,1e-06,0.07604181539879887,0.08444250224204297,0.07914354573847374,0.12884988446736462,0.0014386196484050054,0.08300388259363799,112,0.28542285812392904,0.8532822423565944,0.8531542915957102,0.860730157720429
Log-Euclidean mechanism,29,320,8,0.7,0.15,144,208,320,diag,persistence,log_euclidean,44,36,3,3,10,8.0,0.03,0.05,20.0,,,,0.09020356066649599,0.09575631942290223,,,0.0015946892192644515,0.09416163020363778,112,0.23502027863361633,1.0,1.0,1.0
Log-Euclidean mechanism,29,320,8,0.7,0.15,144,208,320,diag,euclidean_gaussian_ar,log_euclidean,44,36,3,3,10,8.0,0.03,0.05,20.0,,,1e-06,0.07887496737506886,0.08342731616048085,0.07686431343276998,0.13057134663880782,0.0013806637473257049,0.08204665241315515,112,0.28049891544620525,0.87124606149521,0.8713384871918393,0.8657886004663243
Log-Euclidean mechanism,29,320,8,0.7,0.15,144,208,320,diag,cholesky_gaussian_ar,log_euclidean,44,36,3,3,10,8.0,0.03,0.05,20.0,,,1e-06,0.0790611442325552,0.08359026329626329,0.07747193816132143,0.13200622758659028,0.0013806637473257049,0.08220959954893758,112,0.28185243898651463,0.8729477469480812,0.8730689918085291,0.8657886004663243
Log-Euclidean mechanism,29,320,8,0.7,0.15,144,208,320,diag,log_euclidean_gaussian_ar,log_euclidean,44,36,3,3,10,8.0,0.03,0.05,20.0,,,1e-06,0.07851095076906421,0.08336685399053836,0.07724916003261383,0.12888457117879443,0.0013806637473257049,0.08198619024321264,112,0.2760281252801447,0.8706146444743087,0.8706963767078583,0.8657886004663243
Log-Euclidean mechanism,29,320,8,0.7,0.15,144,208,320,diag,bwar_barycenter,log_euclidean,44,36,3,3,10,8.0,0.03,0.05,20.0,,,1e-06,0.07874100236189577,0.08311946182850583,0.07704980606825915,0.129719061588141,0.001380663747325705,0.08173879808118013,112,0.2780182536847368,0.8680310848353887,0.8680690627850056,0.8657886004663244
Log-Euclidean mechanism,30,320,8,0.7,0.15,144,208,320,diag,persistence,log_euclidean,44,36,3,3,10,8.0,0.03,0.05,20.0,,,,0.08730972398663406,0.09118288040561708,,,0.001758065087402742,0.08942481531821435,112,0.2756851486298455,1.0,1.0,1.0
Log-Euclidean mechanism,30,320,8,0.7,0.15,144,208,320,diag,euclidean_gaussian_ar,log_euclidean,44,36,3,3,10,8.0,0.03,0.05,20.0,,,1e-06,0.07636211412294985,0.07803710097870778,0.07186429423818724,0.11890679162788051,0.0015810647092010098,0.07645603626950677,112,0.29196760996631754,0.8558306189886552,0.8549756127249608,0.8993209185086419
Log-Euclidean mechanism,30,320,8,0.7,0.15,144,208,320,diag,cholesky_gaussian_ar,log_euclidean,44,36,3,3,10,8.0,0.03,0.05,20.0,,,1e-06,0.07615276457870448,0.0779988949116097,0.07439879775275406,0.11887430817304714,0.0015810647092010098,0.07641783020240871,112,0.29809684569776157,0.8554116141609055,0.854548370387785,0.8993209185086419
Log-Euclidean mechanism,30,320,8,0.7,0.15,144,208,320,diag,log_euclidean_gaussian_ar,log_euclidean,44,36,3,3,10,8.0,0.03,0.05,20.0,,,1e-06,0.07593845327275142,0.07782384063580425,0.07287858881999958,0.11848402574201343,0.0015810647092010098,0.07624277592660324,112,0.29659865310431177,0.8534917990045214,0.8525908122403899,0.8993209185086419
Log-Euclidean mechanism,30,320,8,0.7,0.15,144,208,320,diag,bwar_barycenter,log_euclidean,44,36,3,3,10,8.0,0.03,0.05,20.0,,,1e-06,0.07559869120181108,0.07774337135348278,0.07166934647257808,0.11868117706792737,0.00158106470920101,0.0761623066442818,112,0.2984764885115034,0.8526092947234162,0.8516909581894188,0.899320918508642
Log-Euclidean mechanism,31,320,8,0.7,0.15,144,208,320,diag,persistence,log_euclidean,44,36,3,3,10,8.0,0.03,0.05,20.0,,,,0.09329351680257207,0.08661208859780231,,,0.0017353999215380838,0.08487668867626422,112,0.24230075137758225,1.0,1.0,1.0
Log-Euclidean mechanism,31,320,8,0.7,0.15,144,208,320,diag,euclidean_gaussian_ar,log_euclidean,44,36,3,3,10,8.0,0.03,0.05,20.0,,,1e-06,0.08048940292355058,0.07554776953332845,0.07476542222167698,0.12071383708107583,0.0014402100040233916,0.07410755952930506,112,0.2928145318807154,0.8722543325810688,0.8731202958678719,0.829900927243868
Log-Euclidean mechanism,31,320,8,0.7,0.15,144,208,320,diag,cholesky_gaussian_ar,log_euclidean,44,36,3,3,10,8.0,0.03,0.05,20.0,,,1e-06,0.08048362732345248,0.07598745250203189,0.0736483985565505,0.12531314839966887,0.0014402100040233916,0.07454724249800848,112,0.28309938225845915,0.8773307944909665,0.8783005517845518,0.829900927243868
Log-Euclidean mechanism,31,320,8,0.7,0.15,144,208,320,diag,log_euclidean_gaussian_ar,log_euclidean,44,36,3,3,10,8.0,0.03,0.05,20.0,,,1e-06,0.07986326352098869,0.07559770231415909,0.07500454240334309,0.12351677221190198,0.0014402100040233916,0.0741574923101357,112,0.28222555770197877,0.8728308431079366,0.8737085938046716,0.829900927243868
Log-Euclidean mechanism,31,320,8,0.7,0.15,144,208,320,diag,bwar_barycenter,log_euclidean,44,36,3,3,10,8.0,0.03,0.05,20.0,,,1e-06,0.07985011761533159,0.07528252432972359,0.07514777808394675,0.12276678217463544,0.0014402100040233916,0.0738423143257002,112,0.28434628500981546,0.8691918824323768,0.86999523046132,0.829900927243868
Log-Euclidean mechanism,32,320,8,0.7,0.15,144,208,320,diag,persistence,log_euclidean,44,36,3,3,10,8.0,0.03,0.05,20.0,,,,0.09412191921808409,0.09584003439035081,,,0.001722267967475211,0.0941177664228756,112,0.25998765130170065,1.0,1.0,1.0
Log-Euclidean mechanism,32,320,8,0.7,0.15,144,208,320,diag,euclidean_gaussian_ar,log_euclidean,44,36,3,3,10,8.0,0.03,0.05,20.0,,,1e-06,0.08432612323413531,0.08320924670702039,0.08093956616847045,0.13394276616967044,0.0015193034920584774,0.08168994321496191,112,0.28638213177048966,0.8682096916630271,0.8679545458816469,0.882152789664739
Log-Euclidean mechanism,32,320,8,0.7,0.15,144,208,320,diag,cholesky_gaussian_ar,log_euclidean,44,36,3,3,10,8.0,0.03,0.05,20.0,,,1e-06,0.08558342431688716,0.08384501527331321,0.0828706178680442,0.1360004856420452,0.0015193034920584774,0.08232571178125474,112,0.2831055630083557,0.874843334590401,0.8747095783314852,0.882152789664739
Log-Euclidean mechanism,32,320,8,0.7,0.15,144,208,320,diag,log_euclidean_gaussian_ar,log_euclidean,44,36,3,3,10,8.0,0.03,0.05,20.0,,,1e-06,0.08397810506740222,0.0832013514223743,0.0803121772126568,0.1327149555350675,0.0015193034920584774,0.08168204793031582,112,0.28695862217038165,0.8681273118444438,0.8678706585886716,0.882152789664739
Log-Euclidean mechanism,32,320,8,0.7,0.15,144,208,320,diag,bwar_barycenter,log_euclidean,44,36,3,3,10,8.0,0.03,0.05,20.0,,,1e-06,0.08370699594197374,0.08286027975460704,0.07930993814538537,0.13335913396588028,0.001519303492058477,0.08134097626254855,112,0.2894532152069676,0.8645685519802925,0.8642467767146075,0.8821527896647388
Log-Euclidean mechanism,33,320,8,0.7,0.15,144,208,320,diag,persistence,log_euclidean,44,36,3,3,10,8.0,0.03,0.05,20.0,,,,0.09187115717680265,0.09321179449027658,,,0.0017845746458593442,0.09142721984441723,112,0.2632947337910069,1.0,1.0,1.0
Log-Euclidean mechanism,33,320,8,0.7,0.15,144,208,320,diag,euclidean_gaussian_ar,log_euclidean,44,36,3,3,10,8.0,0.03,0.05,20.0,,,1e-06,0.08071480594837174,0.08014860532299616,0.07547718673726833,0.12345942009408829,0.0014461428635965975,0.07870246245939953,112,0.30579941823945944,0.859854761527597,0.8608209086235853,0.810357172198993
Log-Euclidean mechanism,33,320,8,0.7,0.15,144,208,320,diag,cholesky_gaussian_ar,log_euclidean,44,36,3,3,10,8.0,0.03,0.05,20.0,,,1e-06,0.08033614473065737,0.08082299048264173,0.07687307339402652,0.12169847253739961,0.0014461428635965975,0.07937684761904511,112,0.2952961798709714,0.8670897382098228,0.8681971053491686,0.810357172198993
Log-Euclidean mechanism,33,320,8,0.7,0.15,144,208,320,diag,log_euclidean_gaussian_ar,log_euclidean,44,36,3,3,10,8.0,0.03,0.05,20.0,,,1e-06,0.08039329262349248,0.08086580651958078,0.07678741472873651,0.1214859225531741,0.0014461428635965975,0.07941966365598417,112,0.29598312265596577,0.8675490796179911,0.8686654126761542,0.810357172198993
Log-Euclidean mechanism,33,320,8,0.7,0.15,144,208,320,diag,bwar_barycenter,log_euclidean,44,36,3,3,10,8.0,0.03,0.05,20.0,,,1e-06,0.08014258693170404,0.08013006770703315,0.07597416004853888,0.12376007724562438,0.0014461428635965975,0.07868392484343656,112,0.29850417090648007,0.8596558852366257,0.860618150451626,0.810357172198993
Log-Euclidean mechanism,34,320,8,0.7,0.15,144,208,320,diag,persistence,log_euclidean,44,36,3,3,10,8.0,0.03,0.05,20.0,,,,0.07906110113586934,0.08190116040554796,,,0.0017516750011202335,0.08014948540442772,112,0.25301442330303847,1.0,1.0,1.0
Log-Euclidean mechanism,34,320,8,0.7,0.15,144,208,320,diag,euclidean_gaussian_ar,log_euclidean,44,36,3,3,10,8.0,0.03,0.05,20.0,,,1e-06,0.06895921262090855,0.07043147752044203,0.06339919562063023,0.10618377234073818,0.001471445431336205,0.06896003208910582,112,0.2725868960934467,0.8599570161361355,0.8603926992311824,0.8400219392268453
Log-Euclidean mechanism,34,320,8,0.7,0.15,144,208,320,diag,cholesky_gaussian_ar,log_euclidean,44,36,3,3,10,8.0,0.03,0.05,20.0,,,1e-06,0.06995297264519514,0.07019874043253753,0.062754720268786,0.10571461193957336,0.001471445431336205,0.06872729500120134,112,0.28333145020526723,0.8571153337136636,0.8574889115558142,0.8400219392268453
Log-Euclidean mechanism,34,320,8,0.7,0.15,144,208,320,diag,log_euclidean_gaussian_ar,log_euclidean,44,36,3,3,10,8.0,0.03,0.05,20.0,,,1e-06,0.06909098994525582,0.06921118093070476,0.06327232600268182,0.10334926815968366,0.001471445431336205,0.06773973549936854,112,0.2799089645370623,0.8450573909819282,0.8451674412824911,0.8400219392268453
Log-Euclidean mechanism,34,320,8,0.7,0.15,144,208,320,diag,bwar_barycenter,log_euclidean,44,36,3,3,10,8.0,0.03,0.05,20.0,,,1e-06,0.06874578139397763,0.06952300360034522,0.06277947707954928,0.10578657367128586,0.0014714454313362053,0.06805155816900901,112,0.2836763755707236,0.8488646956415499,0.8490579549653555,0.8400219392268454
Log-Euclidean mechanism,35,320,8,0.7,0.15,144,208,320,diag,persistence,log_euclidean,44,36,3,3,10,8.0,0.03,0.05,20.0,,,,0.09037672951602368,0.08972144461855111,,,0.0018409964555737015,0.08788044816297742,112,0.2556770203454975,1.0,1.0,1.0
Log-Euclidean mechanism,35,320,8,0.7,0.15,144,208,320,diag,euclidean_gaussian_ar,log_euclidean,44,36,3,3,10,8.0,0.03,0.05,20.0,,,1e-06,0.07834174064104121,0.0770061618966557,0.07345202981565878,0.1137966595234359,0.0015267980199505946,0.07547936387670509,112,0.29000308749518533,0.8582804503878178,0.8588868793286752,0.8293324060066185
Log-Euclidean mechanism,35,320,8,0.7,0.15,144,208,320,diag,cholesky_gaussian_ar,log_euclidean,44,36,3,3,10,8.0,0.03,0.05,20.0,,,1e-06,0.07795873462285928,0.07717688970523202,0.07491295070176215,0.11351645432694173,0.0015267980199505946,0.07565009168528143,112,0.28724533228991855,0.8601833155200297,0.8608296073432129,0.8293324060066185
Log-Euclidean mechanism,35,320,8,0.7,0.15,144,208,320,diag,log_euclidean_gaussian_ar,log_euclidean,44,36,3,3,10,8.0,0.03,0.05,20.0,,,1e-06,0.07776176422053485,0.0766876053995987,0.07371955283022402,0.11336790240629586,0.0015267980199505946,0.07516080737964807,112,0.286615245479967,0.8547299447265309,0.8552619945708478,0.8293324060066185
Log-Euclidean mechanism,35,320,8,0.7,0.15,144,208,320,diag,bwar_barycenter,log_euclidean,44,36,3,3,10,8.0,0.03,0.05,20.0,,,1e-06,0.07774847930531839,0.07670591084396199,0.07387010887987483,0.11267934606905372,0.0015267980199505943,0.0751791128240114,112,0.28846833728801896,0.8549339700232826,0.8554702939678807,0.8293324060066184
Log-Euclidean mechanism,36,320,8,0.7,0.15,144,208,320,diag,persistence,log_euclidean,44,36,3,3,10,8.0,0.03,0.05,20.0,,,,0.07974185126892998,0.08469941517723047,,,0.001597508968726039,0.08310190620850443,112,0.2724850938944557,1.0,1.0,1.0
Log-Euclidean mechanism,36,320,8,0.7,0.15,144,208,320,diag,euclidean_gaussian_ar,log_euclidean,44,36,3,3,10,8.0,0.03,0.05,20.0,,,1e-06,0.06923890509212229,0.07439949333385136,0.07310680731551342,0.11432739494715301,0.0013339005261679881,0.07306559280768339,112,0.31429852495757243,0.8783944160437602,0.8792288425293192,0.834987816833185
Log-Euclidean mechanism,36,320,8,0.7,0.15,144,208,320,diag,cholesky_gaussian_ar,log_euclidean,44,36,3,3,10,8.0,0.03,0.05,20.0,,,1e-06,0.06917270306586537,0.07461990666389282,0.07394396808817422,0.11292893075779194,0.0013339005261679881,0.07328600613772483,112,0.29861730259043523,0.8809967165387548,0.8818811683314304,0.834987816833185
Log-Euclidean mechanism,36,320,8,0.7,0.15,144,208,320,diag,log_euclidean_gaussian_ar,log_euclidean,44,36,3,3,10,8.0,0.03,0.05,20.0,,,1e-06,0.068630003609905,0.07406127815201415,0.07265479248758701,0.1129744233719656,0.0013339005261679881,0.07272737762584616,112,0.29746364864352626,0.8744012930554904,0.875158957766524,0.834987816833185
Log-Euclidean mechanism,36,320,8,0.7,0.15,144,208,320,diag,bwar_barycenter,log_euclidean,44,36,3,3,10,8.0,0.03,0.05,20.0,,,1e-06,0.06877254620280045,0.07407118840898823,0.07334717228281676,0.11386592386336933,0.001333900526167988,0.07273728788282023,112,0.2992553511601818,0.8745182980779377,0.8752782120342806,0.8349878168331849
Log-Euclidean mechanism,37,320,8,0.7,0.15,144,208,320,diag,persistence,log_euclidean,44,36,3,3,10,8.0,0.03,0.05,20.0,,,,0.10455518667599964,0.0974231325385811,,,0.0018267558564957595,0.09559637668208534,112,0.2583001844223386,1.0,1.0,1.0
Log-Euclidean mechanism,37,320,8,0.7,0.15,144,208,320,diag,euclidean_gaussian_ar,log_euclidean,44,36,3,3,10,8.0,0.03,0.05,20.0,,,1e-06,0.09105462649906779,0.08436713391463505,0.07168448883972117,0.12935171717702054,0.0015518101221227204,0.08281532379251234,112,0.291464449589434,0.8659866678093555,0.8663019108759992,0.8494896111073849
Log-Euclidean mechanism,37,320,8,0.7,0.15,144,208,320,diag,cholesky_gaussian_ar,log_euclidean,44,36,3,3,10,8.0,0.03,0.05,20.0,,,1e-06,0.09098645677276139,0.08448623161224415,0.0724267315162754,0.13178752356957357,0.0015518101221227204,0.08293442149012144,112,0.2849299126406286,0.8672091464394892,0.8675477499103087,0.8494896111073849
Log-Euclidean mechanism,37,320,8,0.7,0.15,144,208,320,diag,log_euclidean_gaussian_ar,log_euclidean,44,36,3,3,10,8.0,0.03,0.05,20.0,,,1e-06,0.09118004156009446,0.08450554498705391,0.07173809411039614,0.13022333685090545,0.0015518101221227204,0.08295373486493121,112,0.2886829805401515,0.8674073886259854,0.8677497803164819,0.8494896111073849
Log-Euclidean mechanism,37,320,8,0.7,0.15,144,208,320,diag,bwar_barycenter,log_euclidean,44,36,3,3,10,8.0,0.03,0.05,20.0,,,1e-06,0.09041334048983268,0.0839523499989272,0.07145441561172636,0.13101941065058886,0.00155181012212272,0.08240053987680448,112,0.2910693060964901,0.8617291172163936,0.8619630025396795,0.8494896111073845
Log-Euclidean mechanism,38,320,8,0.7,0.15,144,208,320,diag,persistence,log_euclidean,44,36,3,3,10,8.0,0.03,0.05,20.0,,,,0.08099408978331346,0.09256895523575762,,,0.0016376173203853518,0.09093133791537227,112,0.24018823109996706,1.0,1.0,1.0
Log-Euclidean mechanism,38,320,8,0.7,0.15,144,208,320,diag,euclidean_gaussian_ar,log_euclidean,44,36,3,3,10,8.0,0.03,0.05,20.0,,,1e-06,0.07095513703849367,0.07754753930018717,0.07509524343439256,0.11323151556773586,0.0013728811174403162,0.07617465818274684,112,0.2804575180508806,0.8377272823560186,0.8377162365480739,0.8383406186234401
Log-Euclidean mechanism,38,320,8,0.7,0.15,144,208,320,diag,cholesky_gaussian_ar,log_euclidean,44,36,3,3,10,8.0,0.03,0.05,20.0,,,1e-06,0.07114433182122956,0.07798747747829846,0.07579752770039969,0.11535395135294899,0.0013728811174403162,0.07661459636085813,112,0.2740103662663609,0.8424798279258681,0.84255437253284,0.8383406186234401
Log-Euclidean mechanism,38,320,8,0.7,0.15,144,208,320,diag,log_euclidean_gaussian_ar,log_euclidean,44,36,3,3,10,8.0,0.03,0.05,20.0,,,1e-06,0.07098403153588154,0.07742508199212761,0.07503018722131183,0.11445123318907101,0.0013728811174403162,0.07605220087468731,112,0.27476842884049546,0.8364044057204588,0.8363695357200988,0.8383406186234401
Log-Euclidean mechanism,38,320,8,0.7,0.15,144,208,320,diag,bwar_barycenter,log_euclidean,44,36,3,3,10,8.0,0.03,0.05,20.0,,,1e-06,0.07076574490383938,0.07718731254214771,0.07467841269474754,0.11319157255605793,0.001372881117440316,0.07581443142470737,112,0.2784063358168219,0.8338358399483343,0.8337547116623989,0.83834061862344
Log-Euclidean mechanism,39,320,8,0.7,0.15,144,208,320,diag,persistence,log_euclidean,44,36,3,3,10,8.0,0.03,0.05,20.0,,,,0.08530737883503187,0.08831904387564446,,,0.001513270174743069,0.0868057737009014,112,0.24652930717719582,1.0,1.0,1.0
Log-Euclidean mechanism,39,320,8,0.7,0.15,144,208,320,diag,euclidean_gaussian_ar,log_euclidean,44,36,3,3,10,8.0,0.03,0.05,20.0,,,1e-06,0.07571311487136792,0.0761927293963952,0.07016674055161384,0.1235178428662182,0.0012661943188990582,0.07492653507749614,112,0.28970561086410357,0.86269875728814,0.8631515149633198,0.8367272018124849
Log-Euclidean mechanism,39,320,8,0.7,0.15,144,208,320,diag,cholesky_gaussian_ar,log_euclidean,44,36,3,3,10,8.0,0.03,0.05,20.0,,,1e-06,0.07523084159015582,0.07647325124750158,0.07025187102382423,0.1271653819048684,0.0012661943188990582,0.07520705692860251,112,0.27449382730051586,0.8658749901683485,0.8663831185669342,0.8367272018124849
Log-Euclidean mechanism,39,320,8,0.7,0.15,144,208,320,diag,log_euclidean_gaussian_ar,log_euclidean,44,36,3,3,10,8.0,0.03,0.05,20.0,,,1e-06,0.07506404203564686,0.07623692858921256,0.06925056685148424,0.12619497372832744,0.0012661943188990582,0.0749707342703135,112,0.2739580667560375,0.8631992064650991,0.8636606883850055,0.8367272018124849
Log-Euclidean mechanism,39,320,8,0.7,0.15,144,208,320,diag,bwar_barycenter,log_euclidean,44,36,3,3,10,8.0,0.03,0.05,20.0,,,1e-06,0.0749543026635202,0.07599524182530978,0.0692077443364242,0.1259615959602706,0.0012661943188990584,0.07472904750641073,112,0.2766251789910521,0.8604626872128857,0.8608764638616975,0.836727201812485
Log-Euclidean mechanism,40,320,8,0.7,0.15,144,208,320,diag,persistence,log_euclidean,44,36,3,3,10,8.0,0.03,0.05,20.0,,,,0.09279967759753999,0.09140424073464366,,,0.0016889249605637616,0.0897153157740799,112,0.24561751328719292,1.0,1.0,1.0
Log-Euclidean mechanism,40,320,8,0.7,0.15,144,208,320,diag,euclidean_gaussian_ar,log_euclidean,44,36,3,3,10,8.0,0.03,0.05,20.0,,,0.0001,0.08110698590742266,0.07791744708393954,0.07418340163141315,0.12151632423232307,0.0015584275461902723,0.07635901953774926,112,0.2844568033801514,0.852448928602145,0.8511257958455576,0.9227334443977135
Log-Euclidean mechanism,40,320,8,0.7,0.15,144,208,320,diag,cholesky_gaussian_ar,log_euclidean,44,36,3,3,10,8.0,0.03,0.05,20.0,,,1e-06,0.08166594685490841,0.07754246877023722,0.0749552532043658,0.12227803374743706,0.0015032878535873133,0.07603918091664992,112,0.2712728560460846,0.8483465115732578,0.8475607566062737,0.8900856394978716
Log-Euclidean mechanism,40,320,8,0.7,0.15,144,208,320,diag,log_euclidean_gaussian_ar,log_euclidean,44,36,3,3,10,8.0,0.03,0.05,20.0,,,1e-06,0.08100563879277282,0.07705948594156069,0.07308120241693536,0.12355848855917365,0.0015032878535873133,0.07555619808797336,112,0.27140629649001224,0.843062480714354,0.8421772518556154,0.8900856394978716
Log-Euclidean mechanism,40,320,8,0.7,0.15,144,208,320,diag,bwar_barycenter,log_euclidean,44,36,3,3,10,8.0,0.03,0.05,20.0,,,1e-06,0.08054620022887604,0.07705116067550034,0.0736003492564665,0.12222641009188404,0.0015032878535873129,0.07554787282191303,112,0.27506986063721656,0.8429713988783972,0.8420844553694358,0.8900856394978713
Log-Euclidean mechanism,41,320,8,0.7,0.15,144,208,320,diag,persistence,log_euclidean,44,36,3,3,10,8.0,0.03,0.05,20.0,,,,0.10556597852138608,0.09572017901361095,,,0.0019872690090608288,0.09373291000455011,112,0.25477604220492883,1.0,1.0,1.0
Log-Euclidean mechanism,41,320,8,0.7,0.15,144,208,320,diag,euclidean_gaussian_ar,log_euclidean,44,36,3,3,10,8.0,0.03,0.05,20.0,,,1e-06,0.08832492843393308,0.0812987997564176,0.07478835785213181,0.12731142586597585,0.0016805619572955479,0.07961823779912205,112,0.3003698100423576,0.8493381499511958,0.8494160460318272,0.8456640493225279
Log-Euclidean mechanism,41,320,8,0.7,0.15,144,208,320,diag,cholesky_gaussian_ar,log_euclidean,44,36,3,3,10,8.0,0.03,0.05,20.0,,,1e-06,0.0880525473597206,0.08160358697485907,0.0768839895363218,0.12704992223017544,0.0016805619572955479,0.07992302501756354,112,0.28702236980773405,0.8525222979707908,0.8526677024503326,0.8456640493225279
Log-Euclidean mechanism,41,320,8,0.7,0.15,144,208,320,diag,log_euclidean_gaussian_ar,log_euclidean,44,36,3,3,10,8.0,0.03,0.05,20.0,,,1e-06,0.08765099829653206,0.08085336807605918,0.07761637563907442,0.12620174267367648,0.0016805619572955479,0.07917280611876365,112,0.29110214062761447,0.8446846726494548,0.8446639084919089,0.8456640493225279
Log-Euclidean mechanism,41,320,8,0.7,0.15,144,208,320,diag,bwar_barycenter,log_euclidean,44,36,3,3,10,8.0,0.03,0.05,20.0,,,1e-06,0.08761378547517185,0.0806805368147134,0.07716713055195258,0.12582751759605243,0.0016805619572955485,0.07899997485741785,112,0.2935641465351553,0.8428790840773608,0.8428200389125113,0.8456640493225283
Log-Euclidean mechanism,42,320,8,0.7,0.15,144,208,320,diag,persistence,log_euclidean,44,36,3,3,10,8.0,0.03,0.05,20.0,,,,0.10036347669037574,0.1034631933489747,,,0.001701779794784582,0.10176141355419012,112,0.292658970968116,1.0,1.0,1.0
Log-Euclidean mechanism,42,320,8,0.7,0.15,144,208,320,diag,euclidean_gaussian_ar,log_euclidean,44,36,3,3,10,8.0,0.03,0.05,20.0,,,1e-06,0.08864096760724338,0.08853623840311431,0.08581464332578725,0.13922954167140886,0.0014199673552132152,0.0871162710479011,112,0.3207950074016325,0.8557269067124892,0.8560835389880844,0.8344013482619591
Log-Euclidean mechanism,42,320,8,0.7,0.15,144,208,320,diag,cholesky_gaussian_ar,log_euclidean,44,36,3,3,10,8.0,0.03,0.05,20.0,,,1e-06,0.0892942459070438,0.08918635665728909,0.08552499538734167,0.1440755820387709,0.0014199673552132152,0.08776638930207589,112,0.3127381329539741,0.8620104770637539,0.8624721909482755,0.8344013482619591
Log-Euclidean mechanism,42,320,8,0.7,0.15,144,208,320,diag,log_euclidean_gaussian_ar,log_euclidean,44,36,3,3,10,8.0,0.03,0.05,20.0,,,1e-06,0.08797894067479131,0.08864768661066691,0.08394300149866149,0.14401987933090676,0.0014199673552132152,0.08722771925545368,112,0.3140170754230267,0.8568040840539685,0.8571787302168622,0.8344013482619591
Log-Euclidean mechanism,42,320,8,0.7,0.15,144,208,320,diag,bwar_barycenter,log_euclidean,44,36,3,3,10,8.0,0.03,0.05,20.0,,,1e-06,0.08774178551889603,0.088292733234274,0.08485609531602814,0.1408584872598579,0.0014199673552132152,0.0868727658790608,112,0.3154032394375298,0.8533733628003176,0.8536906362134917,0.8344013482619591
Log-Euclidean mechanism,43,320,8,0.7,0.15,144,208,320,diag,persistence,log_euclidean,44,36,3,3,10,8.0,0.03,0.05,20.0,,,,0.09048245807654115,0.08891630217798743,,,0.0016324054707598235,0.08728389670722761,112,0.24446548506843732,1.0,1.0,1.0
Log-Euclidean mechanism,43,320,8,0.7,0.15,144,208,320,diag,euclidean_gaussian_ar,log_euclidean,44,36,3,3,10,8.0,0.03,0.05,20.0,,,1e-06,0.07945333289818951,0.07797206992065617,0.06941311844433776,0.13434635333696088,0.001388824175168734,0.07658324574548743,112,0.2788769777190646,0.8769153463509566,0.8774040646050338,0.8507838279433654
Log-Euclidean mechanism,43,320,8,0.7,0.15,144,208,320,diag,cholesky_gaussian_ar,log_euclidean,44,36,3,3,10,8.0,0.03,0.05,20.0,,,1e-06,0.07945941586588291,0.07791023131063388,0.06967281407654775,0.13236586201733824,0.001388824175168734,0.07652140713546515,112,0.2772088094193347,0.8762198764707708,0.8766955878715798,0.8507838279433654
Log-Euclidean mechanism,43,320,8,0.7,0.15,144,208,320,diag,log_euclidean_gaussian_ar,log_euclidean,44,36,3,3,10,8.0,0.03,0.05,20.0,,,1e-06,0.07888779769999749,0.07778900013871473,0.06852599313080596,0.13303933485848896,0.001388824175168734,0.07640017596354598,112,0.2773521627918491,0.8748564462678765,0.875306658452837,0.8507838279433654
Log-Euclidean mechanism,43,320,8,0.7,0.15,144,208,320,diag,bwar_barycenter,log_euclidean,44,36,3,3,10,8.0,0.03,0.05,20.0,,,1e-06,0.07843537732665547,0.07769276695065995,0.06846495797512092,0.13207818793280124,0.0013888241751687336,0.07630394277549121,112,0.2796228010452547,0.8737741566798306,0.8742041276116951,0.8507838279433652
Log-Euclidean mechanism,44,320,8,0.7,0.15,144,208,320,diag,persistence,log_euclidean,44,36,3,3,10,8.0,0.03,0.05,20.0,,,,0.09518366416697316,0.08539322270744165,,,0.0015187114763779877,0.08387451123106367,112,0.224396676584849,1.0,1.0,1.0
Log-Euclidean mechanism,44,320,8,0.7,0.15,144,208,320,diag,euclidean_gaussian_ar,log_euclidean,44,36,3,3,10,8.0,0.03,0.05,20.0,,,1e-06,0.08252774516732353,0.07511313969153928,0.06822608667471536,0.12767905021951623,0.0013909353433717902,0.07372220434816748,112,0.29127966429226076,0.879614766957302,0.8789583780115527,0.9158654326423252
Log-Euclidean mechanism,44,320,8,0.7,0.15,144,208,320,diag,cholesky_gaussian_ar,log_euclidean,44,36,3,3,10,8.0,0.03,0.05,20.0,,,1e-06,0.08417299320911939,0.07616437541634534,0.06792120636261363,0.13096532424156435,0.0013909353433717902,0.07477344007297357,112,0.26630430119649734,0.8919252957261671,0.8914918128939339,0.9158654326423252
Log-Euclidean mechanism,44,320,8,0.7,0.15,144,208,320,diag,log_euclidean_gaussian_ar,log_euclidean,44,36,3,3,10,8.0,0.03,0.05,20.0,,,1e-06,0.08405711174556181,0.07593626434996928,0.06826929623265432,0.1270667422432037,0.0013909353433717902,0.07454532900659751,112,0.26596407861628046,0.8892539939630567,0.8887721420067004,0.9158654326423252
Log-Euclidean mechanism,44,320,8,0.7,0.15,144,208,320,diag,bwar_barycenter,log_euclidean,44,36,3,3,10,8.0,0.03,0.05,20.0,,,1e-06,0.08282468910151661,0.07522727191735765,0.06652972649107713,0.13066755326190266,0.0013909353433717898,0.07383633657398585,112,0.27108331942504227,0.8809513159502986,0.8803191278286687,0.915865432642325
Log-Euclidean mechanism,45,320,8,0.7,0.15,144,208,320,diag,persistence,log_euclidean,44,36,3,3,10,8.0,0.03,0.05,20.0,,,,0.08259956743722309,0.08602677273702487,,,0.0017321514218306372,0.08429462131519425,112,0.21739514540565455,1.0,1.0,1.0
Log-Euclidean mechanism,45,320,8,0.7,0.15,144,208,320,diag,euclidean_gaussian_ar,log_euclidean,44,36,3,3,10,8.0,0.03,0.05,20.0,,,1e-06,0.07060205386862185,0.07577260752133722,0.06854409338017184,0.1234804054635058,0.0014722317476520686,0.07430037577368513,112,0.26905946584327256,0.8808026281883943,0.8814367348049569,0.8499440228476847
Log-Euclidean mechanism,45,320,8,0.7,0.15,144,208,320,diag,cholesky_gaussian_ar,log_euclidean,44,36,3,3,10,8.0,0.03,0.05,20.0,,,1e-06,0.07067142183011751,0.07621782246219354,0.06867990273974958,0.12820314061382512,0.0014722317476520686,0.07474559071454145,112,0.2620865515622387,0.885977934975937,0.8867183878204152,0.8499440228476847
Log-Euclidean mechanism,45,320,8,0.7,0.15,144,208,320,diag,log_euclidean_gaussian_ar,log_euclidean,44,36,3,3,10,8.0,0.03,0.05,20.0,,,1e-06,0.06999281011664704,0.07579297553451518,0.06798837635186541,0.12581134871293256,0.0014722317476520686,0.07432074378686311,112,0.26064112955099483,0.8810393918438232,0.8816783636640725,0.8499440228476847
Log-Euclidean mechanism,45,320,8,0.7,0.15,144,208,320,diag,bwar_barycenter,log_euclidean,44,36,3,3,10,8.0,0.03,0.05,20.0,,,1e-06,0.07003615536451344,0.07558221999931304,0.06759683071894662,0.12523722233745835,0.001472231747652069,0.07410998825166097,112,0.266577476666011,0.8785895087609555,0.8791781384787184,0.8499440228476849
Log-Euclidean mechanism,46,320,8,0.7,0.15,144,208,320,diag,persistence,log_euclidean,44,36,3,3,10,8.0,0.03,0.05,20.0,,,,0.0915708641917968,0.09783126286837031,,,0.0017465745710496439,0.09608468829732068,112,0.2802077813187375,1.0,1.0,1.0
Log-Euclidean mechanism,46,320,8,0.7,0.15,144,208,320,diag,euclidean_gaussian_ar,log_euclidean,44,36,3,3,10,8.0,0.03,0.05,20.0,,,1e-06,0.08330119147086516,0.08279819952091597,0.07660801427636779,0.12644509817381122,0.0014344261878717936,0.08136377333304419,112,0.3129703700979215,0.8463368159963244,0.8467922909972433,0.8212796703033083
Log-Euclidean mechanism,46,320,8,0.7,0.15,144,208,320,diag,cholesky_gaussian_ar,log_euclidean,44,36,3,3,10,8.0,0.03,0.05,20.0,,,1e-06,0.0834060734776525,0.08330321608665647,0.07685279016298226,0.12603362995305797,0.0014344261878717936,0.08186878989878467,112,0.3057560132228301,0.8514989344330454,0.8520482435812572,0.8212796703033083
Log-Euclidean mechanism,46,320,8,0.7,0.15,144,208,320,diag,log_euclidean_gaussian_ar,log_euclidean,44,36,3,3,10,8.0,0.03,0.05,20.0,,,1e-06,0.08301012420810235,0.08282582910534028,0.07634861766919517,0.12733098805572018,0.0014344261878717936,0.08139140291746849,112,0.30799716210297345,0.8466192368055241,0.8470798454964451,0.8212796703033083
Log-Euclidean mechanism,46,320,8,0.7,0.15,144,208,320,diag,bwar_barycenter,log_euclidean,44,36,3,3,10,8.0,0.03,0.05,20.0,,,1e-06,0.08243973967750458,0.08253253323586705,0.07566405580693443,0.1262779089804509,0.0014344261878717936,0.08109810704799525,112,0.30948706557864636,0.8436212598718332,0.8440273729883835,0.8212796703033083
Log-Euclidean mechanism,47,320,8,0.7,0.15,144,208,320,diag,persistence,log_euclidean,44,36,3,3,10,8.0,0.03,0.05,20.0,,,,0.08167508227174339,0.08897079908996151,,,0.001435449026322436,0.08753535006363909,112,0.2351035235650188,1.0,1.0,1.0
Log-Euclidean mechanism,47,320,8,0.7,0.15,144,208,320,diag,euclidean_gaussian_ar,log_euclidean,44,36,3,3,10,8.0,0.03,0.05,20.0,,,1e-06,0.0726867092956087,0.07588071635665829,0.06929788206777013,0.11513001342337134,0.0012200951735178655,0.07466062118314043,112,0.28298056186206333,0.852872146061458,0.8529196619292823,0.849974573213304
Log-Euclidean mechanism,47,320,8,0.7,0.15,144,208,320,diag,cholesky_gaussian_ar,log_euclidean,44,36,3,3,10,8.0,0.03,0.05,20.0,,,1e-06,0.07161847706745453,0.07554464333092757,0.0693876302491798,0.1159389392038508,0.0012200951735178655,0.07432454815740971,112,0.2758228272690657,0.8490948053028243,0.8490803784228316,0.849974573213304
Log-Euclidean mechanism,47,320,8,0.7,0.15,144,208,320,diag,log_euclidean_gaussian_ar,log_euclidean,44,36,3,3,10,8.0,0.03,0.05,20.0,,,1e-06,0.07031803117968621,0.07548250050015455,0.0691990115383686,0.11714483997285416,0.0012200951735178655,0.07426240532663668,112,0.26757063277907095,0.8483963420833338,0.8483704614495419,0.849974573213304
Log-Euclidean mechanism,47,320,8,0.7,0.15,144,208,320,diag,bwar_barycenter,log_euclidean,44,36,3,3,10,8.0,0.03,0.05,20.0,,,1e-06,0.0705005496550595,0.07528931607730223,0.06985433976140465,0.11658695229200655,0.0012200951735178655,0.07406922090378434,112,0.27185877440216405,0.8462250181789932,0.8461635310755627,0.849974573213304
Log-Euclidean mechanism,48,320,8,0.7,0.15,144,208,320,diag,persistence,log_euclidean,44,36,3,3,10,8.0,0.03,0.05,20.0,,,,0.09350250779477526,0.09160166714129422,,,0.0014498517759476775,0.09015181536534654,112,0.2703727087520521,1.0,1.0,1.0
Log-Euclidean mechanism,48,320,8,0.7,0.15,144,208,320,diag,euclidean_gaussian_ar,log_euclidean,44,36,3,3,10,8.0,0.03,0.05,20.0,,,1e-06,0.0836324546135005,0.07981833209755919,0.07447035768883294,0.12635099280878878,0.0012355440282280355,0.07858278806933115,112,0.2903286841387724,0.871363312355883,0.8716717212057118,0.852186443279995
Log-Euclidean mechanism,48,320,8,0.7,0.15,144,208,320,diag,cholesky_gaussian_ar,log_euclidean,44,36,3,3,10,8.0,0.03,0.05,20.0,,,1e-06,0.08394297676158657,0.07957892398297631,0.07577314985031708,0.12080582157734647,0.0012355440282280355,0.07834337995474829,112,0.2889667058638156,0.8687497342185595,0.8690161106269048,0.852186443279995
Log-Euclidean mechanism,48,320,8,0.7,0.15,144,208,320,diag,log_euclidean_gaussian_ar,log_euclidean,44,36,3,3,10,8.0,0.03,0.05,20.0,,,1e-06,0.08365584947911403,0.07961964865308757,0.0760031505379474,0.12189471730425537,0.0012355440282280355,0.07838410462485954,112,0.2914874484166018,0.869194318595484,0.8694678449591111,0.852186443279995
Log-Euclidean mechanism,48,320,8,0.7,0.15,144,208,320,diag,bwar_barycenter,log_euclidean,44,36,3,3,10,8.0,0.03,0.05,20.0,,,1e-06,0.08276279739430996,0.0792776454238475,0.0752578787171448,0.12253340613284172,0.001235544028228035,0.07804210139561948,112,0.2943981951987291,0.865460726839861,0.865674208326792,0.8521864432799947
Log-Euclidean mechanism,49,320,8,0.7,0.15,144,208,320,diag,persistence,log_euclidean,44,36,3,3,10,8.0,0.03,0.05,20.0,,,,0.08815014524060608,0.09001303383532132,,,0.001819686011140665,0.08819334782418065,112,0.22834103319045101,1.0,1.0,1.0
Log-Euclidean mechanism,49,320,8,0.7,0.15,144,208,320,diag,euclidean_gaussian_ar,log_euclidean,44,36,3,3,10,8.0,0.03,0.05,20.0,,,1e-06,0.07853109757758811,0.07798421395882855,0.07440287000591894,0.1123903210327871,0.0015325455364496253,0.07645166842237892,112,0.2594164139281486,0.8663657987742146,0.8668643419092158,0.8422032851090356
Log-Euclidean mechanism,49,320,8,0.7,0.15,144,208,320,diag,cholesky_gaussian_ar,log_euclidean,44,36,3,3,10,8.0,0.03,0.05,20.0,,,1e-06,0.07817588682410478,0.07814214386973219,0.07540124853463159,0.11360438499161421,0.0015325455364496253,0.07660959833328256,112,0.2647351301545011,0.8681203214713671,0.8686550655272655,0.8422032851090356
Log-Euclidean mechanism,49,320,8,0.7,0.15,144,208,320,diag,log_euclidean_gaussian_ar,log_euclidean,44,36,3,3,10,8.0,0.03,0.05,20.0,,,1e-06,0.07817739104140359,0.07719397641737702,0.07347799116122747,0.11474997207451158,0.0015325455364496253,0.07566143088092739,112,0.2616442001656364,0.857586653046305,0.8579040567976116,0.8422032851090356
Log-Euclidean mechanism,49,320,8,0.7,0.15,144,208,320,diag,bwar_barycenter,log_euclidean,44,36,3,3,10,8.0,0.03,0.05,20.0,,,1e-06,0.07827380539946788,0.07706930892420356,0.07386541098031886,0.1138010023395963,0.0015325455364496245,0.07553676338775393,112,0.26383706927717726,0.8562016592530558,0.856490486542608,0.8422032851090352
Log-Euclidean mechanism,50,320,8,0.7,0.15,144,208,320,diag,persistence,log_euclidean,44,36,3,3,10,8.0,0.03,0.05,20.0,,,,0.09019778033414264,0.09512965448150419,,,0.001690992180236471,0.09343866230126771,112,0.23825464169399604,1.0,1.0,1.0
Log-Euclidean mechanism,50,320,8,0.7,0.15,144,208,320,diag,euclidean_gaussian_ar,log_euclidean,44,36,3,3,10,8.0,0.03,0.05,20.0,,,1e-06,0.08049252428602496,0.08137130417023004,0.07278111781521326,0.14484970046085505,0.0014076268324875938,0.07996367733774246,112,0.2713084186089079,0.8553726449837032,0.8557879080066578,0.8324265770943713
Log-Euclidean mechanism,50,320,8,0.7,0.15,144,208,320,diag,cholesky_gaussian_ar,log_euclidean,44,36,3,3,10,8.0,0.03,0.05,20.0,,,1e-06,0.08148334409250657,0.08112539668018974,0.07337605358961666,0.1419117405356887,0.0014076268324875938,0.07971776984770217,112,0.27160708970985836,0.8527876730169638,0.8531561548973567,0.8324265770943713
Log-Euclidean mechanism,50,320,8,0.7,0.15,144,208,320,diag,log_euclidean_gaussian_ar,log_euclidean,44,36,3,3,10,8.0,0.03,0.05,20.0,,,1e-06,0.07972281740741043,0.08088476555468473,0.07191065731015794,0.14452405966627888,0.0014076268324875938,0.07947713872219711,112,0.27090417969066083,0.8502581660318228,0.8505808705388413,0.8324265770943713
Log-Euclidean mechanism,50,320,8,0.7,0.15,144,208,320,diag,bwar_barycenter,log_euclidean,44,36,3,3,10,8.0,0.03,0.05,20.0,,,1e-06,0.07950228294467301,0.08067149124490094,0.07132350315425548,0.1425084043331297,0.0014076268324875942,0.07926386441241336,112,0.2735945438224918,0.8480162330515527,0.8482983645126302,0.8324265770943715
Log-Euclidean mechanism,51,320,8,0.7,0.15,144,208,320,diag,persistence,log_euclidean,44,36,3,3,10,8.0,0.03,0.05,20.0,,,,0.09479715919304565,0.09779276038556173,,,0.0017697983230577623,0.09602296206250396,112,0.24506074502056674,1.0,1.0,1.0
Log-Euclidean mechanism,51,320,8,0.7,0.15,144,208,320,diag,euclidean_gaussian_ar,log_euclidean,44,36,3,3,10,8.0,0.03,0.05,20.0,,,1e-06,0.08094684416962737,0.0833927770356692,0.07704317296786846,0.12689049824856458,0.0014923777976751543,0.08190039923799407,112,0.29993301579727755,0.8527500063080482,0.85292514913967,0.8432473792249414
Log-Euclidean mechanism,51,320,8,0.7,0.15,144,208,320,diag,cholesky_gaussian_ar,log_euclidean,44,36,3,3,10,8.0,0.03,0.05,20.0,,,1e-06,0.08162019709136213,0.08397895498459618,0.07532129684090891,0.1344644599670688,0.0014923777976751543,0.08248657718692101,112,0.2931681342835886,0.8587440895777696,0.8590297093025338,0.8432473792249414
Log-Euclidean mechanism,51,320,8,0.7,0.15,144,208,320,diag,log_euclidean_gaussian_ar,log_euclidean,44,36,3,3,10,8.0,0.03,0.05,20.0,,,1e-06,0.08116821233141358,0.08289827948278593,0.0750564141534044,0.1323813175445365,0.0014923777976751543,0.08140590168511078,112,0.29139220203745864,0.8476934197986414,0.8477753647312135,0.8432473792249414
Log-Euclidean mechanism,51,320,8,0.7,0.15,144,208,320,diag,bwar_barycenter,log_euclidean,44,36,3,3,10,8.0,0.03,0.05,20.0,,,1e-06,0.0807274668709479,0.08274549370247263,0.0764670619442154,0.12934537725672327,0.0014923777976751543,0.08125311590479746,112,0.29724068670860565,0.8461310773541606,0.8461842267676307,0.8432473792249414
Log-Euclidean mechanism,52,320,8,0.7,0.15,144,208,320,diag,persistence,log_euclidean,44,36,3,3,10,8.0,0.03,0.05,20.0,,,,0.08611879121293078,0.08488445173641991,,,0.0016805246407015193,0.0832039270957184,112,0.24960245414876137,1.0,1.0,1.0
Log-Euclidean mechanism,52,320,8,0.7,0.15,144,208,320,diag,euclidean_gaussian_ar,log_euclidean,44,36,3,3,10,8.0,0.03,0.05,20.0,,,1e-06,0.07446607560865125,0.07437231302758626,0.06531132235811152,0.1226206882341312,0.0014213619901800782,0.07295095103740619,112,0.2992749986834603,0.8761594321009982,0.8767729310839245,0.8457846768534998
Log-Euclidean mechanism,52,320,8,0.7,0.15,144,208,320,diag,cholesky_gaussian_ar,log_euclidean,44,36,3,3,10,8.0,0.03,0.05,20.0,,,1e-06,0.07325061508846346,0.07419587950236149,0.06523403564956896,0.11939814359665299,0.0014213619901800782,0.0727745175121814,112,0.28207501011528796,0.8740809180549557,0.8746524359176109,0.8457846768534998
Log-Euclidean mechanism,52,320,8,0.7,0.15,144,208,320,diag,log_euclidean_gaussian_ar,log_euclidean,44,36,3,3,10,8.0,0.03,0.05,20.0,,,1e-06,0.07320421160471219,0.07381423104581807,0.06451122046252539,0.12026638144615134,0.0014213619901800782,0.07239286905563799,112,0.2813047760890576,0.8695848242623196,0.8700655315506528,0.8457846768534998
Log-Euclidean mechanism,52,320,8,0.7,0.15,144,208,320,diag,bwar_barycenter,log_euclidean,44,36,3,3,10,8.0,0.03,0.05,20.0,,,1e-06,0.07357097781025462,0.07373581922834191,0.06379976407236898,0.11979870046129538,0.0014213619901800782,0.07231445723816185,112,0.2861724922158405,0.868661076557385,0.869123126303531,0.8457846768534998
Log-Euclidean mechanism,53,320,8,0.7,0.15,144,208,320,diag,persistence,log_euclidean,44,36,3,3,10,8.0,0.03,0.05,20.0,,,,0.09059202348870012,0.0905490004986174,,,0.0016093534808914618,0.08893964701772593,112,0.25353157384144426,1.0,1.0,1.0
Log-Euclidean mechanism,53,320,8,0.7,0.15,144,208,320,diag,euclidean_gaussian_ar,log_euclidean,44,36,3,3,10,8.0,0.03,0.05,20.0,,,1e-06,0.07887078279644294,0.07731216801672515,0.07105114729957121,0.12435304523724389,0.0013736458457198942,0.07593852217100527,112,0.29430787223981447,0.8538158079161309,0.8538208180191058,0.8535389285385563
Log-Euclidean mechanism,53,320,8,0.7,0.15,144,208,320,diag,cholesky_gaussian_ar,log_euclidean,44,36,3,3,10,8.0,0.03,0.05,20.0,,,1e-06,0.07865199990434249,0.07741421987176153,0.07074776271586693,0.12013599905736269,0.0013736458457198942,0.07604057402604163,112,0.2872178937790285,0.8549428424993335,0.8549682461735711,0.8535389285385563
Log-Euclidean mechanism,53,320,8,0.7,0.15,144,208,320,diag,log_euclidean_gaussian_ar,log_euclidean,44,36,3,3,10,8.0,0.03,0.05,20.0,,,1e-06,0.0780342977753272,0.07697959487275144,0.07053077183227541,0.12176459327685954,0.0013736458457198942,0.07560594902703155,112,0.28566943453261073,0.8501429551828885,0.8500815054051548,0.8535389285385563
Log-Euclidean mechanism,53,320,8,0.7,0.15,144,208,320,diag,bwar_barycenter,log_euclidean,44,36,3,3,10,8.0,0.03,0.05,20.0,,,1e-06,0.07797665552645237,0.07677806336022862,0.0702298476459429,0.1220570170720191,0.0013736458457198942,0.0754044175145087,112,0.2879085067844564,0.8479172927082829,0.8478155698040986,0.8535389285385563
Log-Euclidean mechanism,54,320,8,0.7,0.15,144,208,320,diag,persistence,log_euclidean,44,36,3,3,10,8.0,0.03,0.05,20.0,,,,0.08217186130487117,0.08226582235943325,,,0.001526476365278233,0.08073934599415501,112,0.23808202659954653,1.0,1.0,1.0
Log-Euclidean mechanism,54,320,8,0.7,0.15,144,208,320,diag,euclidean_gaussian_ar,log_euclidean,44,36,3,3,10,8.0,0.03,0.05,20.0,,,1e-06,0.0718347028990172,0.07124622228903772,0.07024302834019923,0.10493556469384199,0.0013740260206901891,0.06987219626834752,112,0.29085068995492136,0.8660488675084407,0.8654045361403572,0.9001292466390356
Log-Euclidean mechanism,54,320,8,0.7,0.15,144,208,320,diag,cholesky_gaussian_ar,log_euclidean,44,36,3,3,10,8.0,0.03,0.05,20.0,,,1e-06,0.07091508380073527,0.07186394273480604,0.07085827493941269,0.10538956711931566,0.0013740260206901891,0.07048991671411585,112,0.275342055983652,0.8735577020165234,0.8730553343746288,0.9001292466390356
Log-Euclidean mechanism,54,320,8,0.7,0.15,144,208,320,diag,log_euclidean_gaussian_ar,log_euclidean,44,36,3,3,10,8.0,0.03,0.05,20.0,,,1e-06,0.07134473335821741,0.07169530310692937,0.07059352187613313,0.10374697223720364,0.0013740260206901891,0.07032127708623917,112,0.2724519521993603,0.8715077665385815,0.8709666423521681,0.9001292466390356
Log-Euclidean mechanism,54,320,8,0.7,0.15,144,208,320,diag,bwar_barycenter,log_euclidean,44,36,3,3,10,8.0,0.03,0.05,20.0,,,1e-06,0.07146317660503335,0.07124086441446206,0.07094930470256904,0.10347200013794874,0.001374026020690189,0.06986683839377186,112,0.2783847984429386,0.8659837387049839,0.8653381759969886,0.9001292466390355
Log-Euclidean mechanism,55,320,8,0.7,0.15,144,208,320,diag,persistence,log_euclidean,44,36,3,3,10,8.0,0.03,0.05,20.0,,,,0.08118304261240616,0.0877996759844036,,,0.001591733111972002,0.08620794287243161,112,0.24366585571945326,1.0,1.0,1.0
Log-Euclidean mechanism,55,320,8,0.7,0.15,144,208,320,diag,euclidean_gaussian_ar,log_euclidean,44,36,3,3,10,8.0,0.03,0.05,20.0,,,1e-06,0.07132195657543253,0.07538555725873278,0.07102312125247942,0.11419224004583853,0.0013934432613015508,0.07399211399743122,112,0.29906545334736384,0.8586086043429589,0.8582981049312698,0.8754251895754123
Log-Euclidean mechanism,55,320,8,0.7,0.15,144,208,320,diag,cholesky_gaussian_ar,log_euclidean,44,36,3,3,10,8.0,0.03,0.05,20.0,,,1e-06,0.07086216221013311,0.0757585303514767,0.07161954447856975,0.11645608773780886,0.0013934432613015508,0.07436508709017516,112,0.2877026916236171,0.862856605130686,0.8626245402957681,0.8754251895754123
Log-Euclidean mechanism,55,320,8,0.7,0.15,144,208,320,diag,log_euclidean_gaussian_ar,log_euclidean,44,36,3,3,10,8.0,0.03,0.05,20.0,,,1e-06,0.07057166174252633,0.07478975689927043,0.07150099721924957,0.11428499695260544,0.0013934432613015508,0.07339631363796886,112,0.2831030227418144,0.8518226982130983,0.8513869046449574,0.8754251895754123
Log-Euclidean mechanism,55,320,8,0.7,0.15,144,208,320,diag,bwar_barycenter,log_euclidean,44,36,3,3,10,8.0,0.03,0.05,20.0,,,1e-06,0.07025770660637218,0.07469512698367498,0.07193950966408125,0.1133987591919983,0.0013934432613015514,0.07330168372237342,112,0.28751101284810504,0.8507449047641535,0.8502892109471101,0.8754251895754126
Log-Euclidean mechanism,56,320,8,0.7,0.15,144,208,320,diag,persistence,log_euclidean,44,36,3,3,10,8.0,0.03,0.05,20.0,,,,0.10285685670710995,0.09469101014894529,,,0.001584455189532009,0.09310655495941327,112,0.25294837560860256,1.0,1.0,1.0
Log-Euclidean mechanism,56,320,8,0.7,0.15,144,208,320,diag,euclidean_gaussian_ar,log_euclidean,44,36,3,3,10,8.0,0.03,0.05,20.0,,,1e-06,0.09105387355056221,0.08113030521038289,0.07468583080285192,0.1277519867508004,0.001310803688699708,0.07981950152168318,112,0.2919868114441271,0.8567899432350343,0.8572919657104472,0.8272898453422796
Log-Euclidean mechanism,56,320,8,0.7,0.15,144,208,320,diag,cholesky_gaussian_ar,log_euclidean,44,36,3,3,10,8.0,0.03,0.05,20.0,,,1e-06,0.09075879667495465,0.08088304521301169,0.07361753301002448,0.13021651457493388,0.001310803688699708,0.07957224152431198,112,0.2872935351245329,0.8541787133307143,0.8546362987976398,0.8272898453422796
Log-Euclidean mechanism,56,320,8,0.7,0.15,144,208,320,diag,log_euclidean_gaussian_ar,log_euclidean,44,36,3,3,10,8.0,0.03,0.05,20.0,,,1e-06,0.09035099730015886,0.08041922185975779,0.07456111619043865,0.12962680196890092,0.001310803688699708,0.07910841817105808,112,0.2882658003853622,0.8492804304575637,0.8496546586386189,0.8272898453422796
Log-Euclidean mechanism,56,320,8,0.7,0.15,144,208,320,diag,bwar_barycenter,log_euclidean,44,36,3,3,10,8.0,0.03,0.05,20.0,,,1e-06,0.09033612680620401,0.08039700339156605,0.07403561234756179,0.12904935079981725,0.001310803688699708,0.07908619970286633,112,0.2896851673537546,0.8490457886667877,0.849416023794902,0.8272898453422796
Log-Euclidean mechanism,57,320,8,0.7,0.15,144,208,320,diag,persistence,log_euclidean,44,36,3,3,10,8.0,0.03,0.05,20.0,,,,0.08501616453431574,0.08229330364120575,,,0.0016941692354472085,0.08059913440575854,112,0.24097641950158397,1.0,1.0,1.0
Log-Euclidean mechanism,57,320,8,0.7,0.15,144,208,320,diag,euclidean_gaussian_ar,log_euclidean,44,36,3,3,10,8.0,0.03,0.05,20.0,,,1e-06,0.0713421294050055,0.06957786017846632,0.06454541380850759,0.10768109736079347,0.0014627057979462778,0.06811515438052004,112,0.2886837282155391,0.8454862923212068,0.845110246936516,0.8633764368647436
Log-Euclidean mechanism,57,320,8,0.7,0.15,144,208,320,diag,cholesky_gaussian_ar,log_euclidean,44,36,3,3,10,8.0,0.03,0.05,20.0,,,1e-06,0.07122395273795773,0.07018332121464806,0.06474427176345751,0.11066905510856993,0.0014627057979462778,0.06872061541670178,112,0.2825597740151577,0.8528436471653082,0.8526222511366316,0.8633764368647436
Log-Euclidean mechanism,57,320,8,0.7,0.15,144,208,320,diag,log_euclidean_gaussian_ar,log_euclidean,44,36,3,3,10,8.0,0.03,0.05,20.0,,,0.0001,0.07097556313060437,0.06942529856662226,0.06403217481851375,0.10803946741369548,0.0014983668130037233,0.06792693175361854,112,0.2789084966989183,0.8436324159413106,0.8427749535330665,0.8844257006049343
Log-Euclidean mechanism,57,320,8,0.7,0.15,144,208,320,diag,bwar_barycenter,log_euclidean,44,36,3,3,10,8.0,0.03,0.05,20.0,,,1e-06,0.07109756554534251,0.06920426670823117,0.065030571939032,0.10749878427841042,0.001462705797946278,0.06774156091028488,112,0.28223623479569626,0.840946512610041,0.8404750424397234,0.8633764368647437
Log-Euclidean mechanism,58,320,8,0.7,0.15,144,208,320,diag,persistence,log_euclidean,44,36,3,3,10,8.0,0.03,0.05,20.0,,,,0.07581277943750743,0.08132783303416614,,,0.001725280477131363,0.07960255255703477,112,0.23101054766675205,1.0,1.0,1.0
Log-Euclidean mechanism,58,320,8,0.7,0.15,144,208,320,diag,euclidean_gaussian_ar,log_euclidean,44,36,3,3,10,8.0,0.03,0.05,20.0,,,1e-06,0.06856229417668144,0.06952001514073773,0.06893589627663126,0.10158582759598171,0.0014800692558733577,0.06803994588486437,112,0.2873294263179807,0.8548120925776063,0.8547457801194771,0.8578716768036929
Log-Euclidean mechanism,58,320,8,0.7,0.15,144,208,320,diag,cholesky_gaussian_ar,log_euclidean,44,36,3,3,10,8.0,0.03,0.05,20.0,,,1e-06,0.07085606127576959,0.06938843661119554,0.06964995783088748,0.09916055593558731,0.0014800692558733577,0.06790836735532217,112,0.2805705762714444,0.8531942143601094,0.8530928365226256,0.8578716768036929
Log-Euclidean mechanism,58,320,8,0.7,0.15,144,208,320,diag,log_euclidean_gaussian_ar,log_euclidean,44,36,3,3,10,8.0,0.03,0.05,20.0,,,1e-06,0.0690210552112467,0.06939030097447249,0.06906647117514582,0.09952940905552302,0.0014800692558733577,0.06791023171859913,112,0.279780695693273,0.8532171384096924,0.8531162574207886,0.8578716768036929
Log-Euclidean mechanism,58,320,8,0.7,0.15,144,208,320,diag,bwar_barycenter,log_euclidean,44,36,3,3,10,8.0,0.03,0.05,20.0,,,1e-06,0.06850387638092406,0.06927901175119493,0.06882551173080899,0.09931941096230708,0.0014800692558733577,0.06779894249532158,112,0.2819446385786297,0.851848735746968,0.8517181964327591,0.8578716768036929
Log-Euclidean mechanism,59,320,8,0.7,0.15,144,208,320,diag,persistence,log_euclidean,44,36,3,3,10,8.0,0.03,0.05,20.0,,,,0.08301742749627755,0.09251492576399221,,,0.001663431589664288,0.09085149417432792,112,0.2507416128034188,1.0,1.0,1.0
Log-Euclidean mechanism,59,320,8,0.7,0.15,144,208,320,diag,euclidean_gaussian_ar,log_euclidean,44,36,3,3,10,8.0,0.03,0.05,20.0,,,1e-06,0.072904011532641,0.08073360753769776,0.0752770231709923,0.12566745600929805,0.001501989042407099,0.07923161849529066,112,0.2818905189531954,0.8726549459019307,0.8721003348966305,0.9029460855136391
Log-Euclidean mechanism,59,320,8,0.7,0.15,144,208,320,diag,cholesky_gaussian_ar,log_euclidean,44,36,3,3,10,8.0,0.03,0.05,20.0,,,1e-06,0.07225159630263733,0.08099244205746506,0.07481064569228665,0.12832686253243653,0.001501989042407099,0.07949045301505797,112,0.2838438811406647,0.8754527054810455,0.8749493196284683,0.9029460855136391
Log-Euclidean mechanism,59,320,8,0.7,0.15,144,208,320,diag,log_euclidean_gaussian_ar,log_euclidean,44,36,3,3,10,8.0,0.03,0.05,20.0,,,1e-06,0.07147511608533416,0.08062521044776694,0.0761462044987285,0.12984549499886353,0.001501989042407099,0.07912322140535984,112,0.2839939426078741,0.8714832745306825,0.8709072109869365,0.9029460855136391
Log-Euclidean mechanism,59,320,8,0.7,0.15,144,208,320,diag,bwar_barycenter,log_euclidean,44,36,3,3,10,8.0,0.03,0.05,20.0,,,1e-06,0.0718346579406865,0.0801615126348109,0.07550775575708812,0.12720198867020202,0.0015019890424070991,0.0786595235924038,112,0.28652491371982874,0.8664711339584797,0.8658033013906201,0.9029460855136393
Log-Euclidean mechanism,60,320,8,0.7,0.15,144,208,320,diag,persistence,log_euclidean,44,36,3,3,10,8.0,0.03,0.05,20.0,,,,0.10499644906169145,0.09354472009081571,,,0.0017464119942260082,0.0917983080965897,112,0.26095443567810583,1.0,1.0,1.0
Log-Euclidean mechanism,60,320,8,0.7,0.15,144,208,320,diag,euclidean_gaussian_ar,log_euclidean,44,36,3,3,10,8.0,0.03,0.05,20.0,,,1e-06,0.08964470594109845,0.0806114513195515,0.07506930533014736,0.11512560346715206,0.0014259690485807432,0.07918548227097075,112,0.3094139522127453,0.8617423970192197,0.8626028508897157,0.8165135450828818
Log-Euclidean mechanism,60,320,8,0.7,0.15,144,208,320,diag,cholesky_gaussian_ar,log_euclidean,44,36,3,3,10,8.0,0.03,0.05,20.0,,,1e-06,0.09196039923351321,0.08018033901260366,0.0749472400309634,0.11683359069032004,0.0014259690485807432,0.07875436996402292,112,0.29866538860506187,0.8571337744638333,0.8579065518414346,0.8165135450828818
Log-Euclidean mechanism,60,320,8,0.7,0.15,144,208,320,diag,log_euclidean_gaussian_ar,log_euclidean,44,36,3,3,10,8.0,0.03,0.05,20.0,,,1e-06,0.08975330970986152,0.07953771857294231,0.07203164340080744,0.11663961123563933,0.0014259690485807432,0.07811174952436158,112,0.2973599221185735,0.8502641142730981,0.8509062001684475,0.8165135450828818
Log-Euclidean mechanism,60,320,8,0.7,0.15,144,208,320,diag,bwar_barycenter,log_euclidean,44,36,3,3,10,8.0,0.03,0.05,20.0,,,1e-06,0.08931678605241583,0.08001207538110204,0.07392215919293349,0.11654144087938006,0.0014259690485807434,0.0785861063325213,112,0.30224629647345014,0.8553350237557414,0.8560735808968659,0.8165135450828819
Log-Euclidean mechanism,61,320,8,0.7,0.15,144,208,320,diag,persistence,log_euclidean,44,36,3,3,10,8.0,0.03,0.05,20.0,,,,0.09295084288780714,0.09606144190534037,,,0.0016871903775702165,0.09437425152777015,112,0.2198380268486412,1.0,1.0,1.0
Log-Euclidean mechanism,61,320,8,0.7,0.15,144,208,320,diag,euclidean_gaussian_ar,log_euclidean,44,36,3,3,10,8.0,0.03,0.05,20.0,,,1e-06,0.07867330298505462,0.08271481190240361,0.07754864109343773,0.1354714957728829,0.0014007827539448592,0.08131402914845876,112,0.29088541997961603,0.861061527516018,0.8616124401742317,0.8302458172871853
Log-Euclidean mechanism,61,320,8,0.7,0.15,144,208,320,diag,cholesky_gaussian_ar,log_euclidean,44,36,3,3,10,8.0,0.03,0.05,20.0,,,1e-06,0.07864353305723185,0.08221760087770429,0.0755429898082792,0.13471750231657664,0.0014007827539448592,0.08081681812375943,112,0.261227639991378,0.8558855587314845,0.856343937201755,0.8302458172871853
Log-Euclidean mechanism,61,320,8,0.7,0.15,144,208,320,diag,log_euclidean_gaussian_ar,log_euclidean,44,36,3,3,10,8.0,0.03,0.05,20.0,,,1e-06,0.07849323829411597,0.08209878224016298,0.07570295671419609,0.13585955821890225,0.0014007827539448592,0.08069799948621813,112,0.26205144873734604,0.8546486562325778,0.8550849217858145,0.8302458172871853
Log-Euclidean mechanism,61,320,8,0.7,0.15,144,208,320,diag,bwar_barycenter,log_euclidean,44,36,3,3,10,8.0,0.03,0.05,20.0,,,1e-06,0.07835917320559002,0.0820043116745082,0.07509745350685651,0.13545048767527781,0.0014007827539448587,0.08060352892056336,112,0.26861377074538695,0.8536652172608009,0.8540839012306796,0.830245817287185
Log-Euclidean mechanism,62,320,8,0.7,0.15,144,208,320,diag,persistence,log_euclidean,44,36,3,3,10,8.0,0.03,0.05,20.0,,,,0.08627406690328185,0.08596817594751853,,,0.001659622432893252,0.0843085535146253,112,0.2528109305063279,1.0,1.0,1.0
Log-Euclidean mechanism,62,320,8,0.7,0.15,144,208,320,diag,euclidean_gaussian_ar,log_euclidean,44,36,3,3,10,8.0,0.03,0.05,20.0,,,1e-06,0.07751520678421536,0.07416203880190267,0.07407041459239924,0.10406272274453006,0.0015135367606184992,0.07264850204128417,112,0.2955128406645313,0.8626685163958437,0.8616978825129717,0.9119765620303898
Log-Euclidean mechanism,62,320,8,0.7,0.15,144,208,320,diag,cholesky_gaussian_ar,log_euclidean,44,36,3,3,10,8.0,0.03,0.05,20.0,,,1e-06,0.07746854921038115,0.07449135216658855,0.07342214543693468,0.10436715394571765,0.0015135367606184992,0.07297781540597005,112,0.28221683165564865,0.8664991590849118,0.8656039317921679,0.9119765620303898
Log-Euclidean mechanism,62,320,8,0.7,0.15,144,208,320,diag,log_euclidean_gaussian_ar,log_euclidean,44,36,3,3,10,8.0,0.03,0.05,20.0,,,1e-06,0.07638729428596387,0.0741960364685069,0.07358948154216713,0.10250777406996381,0.0015135367606184992,0.07268249970788841,112,0.28298946299114824,0.8630639844423565,0.8621011353881185,0.9119765620303898
Log-Euclidean mechanism,62,320,8,0.7,0.15,144,208,320,diag,bwar_barycenter,log_euclidean,44,36,3,3,10,8.0,0.03,0.05,20.0,,,1e-06,0.07628935677651251,0.07394291162579332,0.07330276600226841,0.10420879563763011,0.0015135367606184987,0.07242937486517483,112,0.285631421354021,0.8601195827504082,0.8590987728500199,0.9119765620303895
Log-Euclidean mechanism,63,320,8,0.7,0.15,144,208,320,diag,persistence,log_euclidean,44,36,3,3,10,8.0,0.03,0.05,20.0,,,,0.09206606258606981,0.09426100952227613,,,0.00155021195427642,0.0927107975679997,112,0.21382688446486528,1.0,1.0,1.0
Log-Euclidean mechanism,63,320,8,0.7,0.15,144,208,320,diag,euclidean_gaussian_ar,log_euclidean,44,36,3,3,10,8.0,0.03,0.05,20.0,,,1e-06,0.07780081335325945,0.08236366777908669,0.0719171453218151,0.13314037982406135,0.0012631996244127151,0.08110046815467396,112,0.28382776267420917,0.8737830010150929,0.8747683148253577,0.8148560723764569
Log-Euclidean mechanism,63,320,8,0.7,0.15,144,208,320,diag,cholesky_gaussian_ar,log_euclidean,44,36,3,3,10,8.0,0.03,0.05,20.0,,,1e-06,0.07728964488098476,0.08238501220455345,0.07252733628865929,0.13066780731635494,0.0012631996244127151,0.08112181258014073,112,0.25946329851982125,0.8740094406169489,0.8749985407108712,0.8148560723764569
Log-Euclidean mechanism,63,320,8,0.7,0.15,144,208,320,diag,log_euclidean_gaussian_ar,log_euclidean,44,36,3,3,10,8.0,0.03,0.05,20.0,,,1e-06,0.07672175462177709,0.08188516035571233,0.07165991209216155,0.13357663451298527,0.0012631996244127151,0.08062196073129961,112,0.26006469058913284,0.8687065921605784,0.8696070236281442,0.8148560723764569
Log-Euclidean mechanism,63,320,8,0.7,0.15,144,208,320,diag,bwar_barycenter,log_euclidean,44,36,3,3,10,8.0,0.03,0.05,20.0,,,1e-06,0.07725383241910933,0.08159917377831778,0.07150053879640944,0.13256117178697577,0.0012631996244127151,0.08033597415390506,112,0.26504366000799146,0.8656726062225543,0.8665223065844277,0.8148560723764569
Log-Euclidean mechanism,64,320,8,0.7,0.15,144,208,320,diag,persistence,log_euclidean,44,36,3,3,10,8.0,0.03,0.05,20.0,,,,0.0950629130745391,0.09670723184493323,,,0.001802832373426443,0.09490439947150676,112,0.2527689281326352,1.0,1.0,1.0
Log-Euclidean mechanism,64,320,8,0.7,0.15,144,208,320,diag,euclidean_gaussian_ar,log_euclidean,44,36,3,3,10,8.0,0.03,0.05,20.0,,,1e-06,0.08236716898687448,0.0827378310133743,0.08239455944646776,0.12159372562505509,0.0015147528297969994,0.08122307818357731,112,0.2960974769766986,0.8555495740591729,0.8558410214477253,0.8402072495059966
Log-Euclidean mechanism,64,320,8,0.7,0.15,144,208,320,diag,cholesky_gaussian_ar,log_euclidean,44,36,3,3,10,8.0,0.03,0.05,20.0,,,1e-06,0.08162791433407798,0.0825801565069413,0.07645203114424473,0.12246671862013714,0.0015147528297969994,0.0810654036771443,112,0.2870698382085399,0.8539191426692451,0.8541796178951918,0.8402072495059966
Log-Euclidean mechanism,64,320,8,0.7,0.15,144,208,320,diag,log_euclidean_gaussian_ar,log_euclidean,44,36,3,3,10,8.0,0.03,0.05,20.0,,,1e-06,0.08110997358677893,0.08243058178994948,0.0776652141449404,0.1201110822817944,0.0015147528297969994,0.0809158289601525,112,0.29033799070731076,0.8523724670573152,0.8526035611704801,0.8402072495059966
Log-Euclidean mechanism,64,320,8,0.7,0.15,144,208,320,diag,bwar_barycenter,log_euclidean,44,36,3,3,10,8.0,0.03,0.05,20.0,,,1e-06,0.08115250087720699,0.08226111977335203,0.07887380913298592,0.12252989987727535,0.0015147528297969983,0.08074636694355504,112,0.29438506097323675,0.8506201470563748,0.850817953574403,0.840207249505996
Log-Euclidean mechanism,65,320,8,0.7,0.15,144,208,320,diag,persistence,log_euclidean,44,36,3,3,10,8.0,0.03,0.05,20.0,,,,0.08456793122712432,0.08668042452034688,,,0.001493791266904183,0.08518663325344271,112,0.250788766855697,1.0,1.0,1.0
Log-Euclidean mechanism,65,320,8,0.7,0.15,144,208,320,diag,euclidean_gaussian_ar,log_euclidean,44,36,3,3,10,8.0,0.03,0.05,20.0,,,1e-06,0.07187838350156384,0.0734188871662876,0.06940061193665754,0.11712756005188041,0.0012739056087792652,0.07214498155750834,112,0.28454123607601167,0.8470065481630591,0.8469049521286568,0.8528002787292891
Log-Euclidean mechanism,65,320,8,0.7,0.15,144,208,320,diag,cholesky_gaussian_ar,log_euclidean,44,36,3,3,10,8.0,0.03,0.05,20.0,,,1e-06,0.0718226712820873,0.07349014715036992,0.06809292470831901,0.1163980923718046,0.0012739056087792652,0.07221624154159066,112,0.2782517336967889,0.8478286482447862,0.8477414681565918,0.8528002787292891
Log-Euclidean mechanism,65,320,8,0.7,0.15,144,208,320,diag,log_euclidean_gaussian_ar,log_euclidean,44,36,3,3,10,8.0,0.03,0.05,20.0,,,1e-06,0.07091710238497571,0.07315779314363605,0.0686333379122252,0.11976307904136714,0.0012739056087792652,0.07188388753485678,112,0.27899471904262096,0.8439944029861481,0.8438399874425332,0.8528002787292891
Log-Euclidean mechanism,65,320,8,0.7,0.15,144,208,320,diag,bwar_barycenter,log_euclidean,44,36,3,3,10,8.0,0.03,0.05,20.0,,,1e-06,0.07096199295403746,0.0729457407954389,0.06984124146624557,0.11953965694102038,0.0012739056087792652,0.07167183518665962,112,0.28159639171241013,0.8415480334699563,0.8413507195832639,0.8528002787292891
Log-Euclidean mechanism,66,320,8,0.7,0.15,144,208,320,diag,persistence,log_euclidean,44,36,3,3,10,8.0,0.03,0.05,20.0,,,,0.09075985699236577,0.08239472048317811,,,0.0014744667757946213,0.0809202537073835,112,0.24651700033589002,1.0,1.0,1.0
Log-Euclidean mechanism,66,320,8,0.7,0.15,144,208,320,diag,euclidean_gaussian_ar,log_euclidean,44,36,3,3,10,8.0,0.03,0.05,20.0,,,1e-06,0.0789386428322571,0.07270542590410102,0.06883062593692565,0.1153830415161568,0.001195854099222993,0.07150957180487802,112,0.2815182172767058,0.8824039389628698,0.8837042462010125,0.8110417398713661
Log-Euclidean mechanism,66,320,8,0.7,0.15,144,208,320,diag,cholesky_gaussian_ar,log_euclidean,44,36,3,3,10,8.0,0.03,0.05,20.0,,,1e-06,0.07905148415467789,0.07153688226433272,0.06667688252791096,0.11260174592261953,0.001195854099222993,0.07034102816510973,112,0.26684211214479703,0.8682216754280736,0.8692635643416369,0.8110417398713661
Log-Euclidean mechanism,66,320,8,0.7,0.15,144,208,320,diag,log_euclidean_gaussian_ar,log_euclidean,44,36,3,3,10,8.0,0.03,0.05,20.0,,,1e-06,0.07910270395645602,0.07164072563504573,0.06792298350636894,0.11182279909057817,0.001195854099222993,0.07044487153582273,112,0.27090309230449,0.8694819912602538,0.8705468446819149,0.8110417398713661
Log-Euclidean mechanism,66,320,8,0.7,0.15,144,208,320,diag,bwar_barycenter,log_euclidean,44,36,3,3,10,8.0,0.03,0.05,20.0,,,1e-06,0.07877136515400734,0.07174910576378606,0.06786617758299923,0.11204480666277916,0.0011958540992229928,0.07055325166456307,112,0.2734249968490048,0.8707973683633591,0.8718861895773505,0.8110417398713659
Log-Euclidean mechanism,67,320,8,0.7,0.15,144,208,320,diag,persistence,log_euclidean,44,36,3,3,10,8.0,0.03,0.05,20.0,,,,0.10769939316612503,0.09637425637514963,,,0.00172008502993528,0.09465417134521435,112,0.2479212895612248,1.0,1.0,1.0
Log-Euclidean mechanism,67,320,8,0.7,0.15,144,208,320,diag,euclidean_gaussian_ar,log_euclidean,44,36,3,3,10,8.0,0.03,0.05,20.0,,,0.0001,0.09068341528178728,0.08368634339617313,0.07626430753204116,0.13208034251478074,0.001397768110157739,0.08228857528601541,112,0.28672244137514524,0.8683474876362511,0.8693602629080104,0.8126157055214482
Log-Euclidean mechanism,67,320,8,0.7,0.15,144,208,320,diag,cholesky_gaussian_ar,log_euclidean,44,36,3,3,10,8.0,0.03,0.05,20.0,,,1e-06,0.09056230485985675,0.08407171460869144,0.07291511244047419,0.13137871346989588,0.0014160391276805036,0.08265567548101094,112,0.27519819062121403,0.8723461821737031,0.873238593781107,0.8232378650105359
Log-Euclidean mechanism,67,320,8,0.7,0.15,144,208,320,diag,log_euclidean_gaussian_ar,log_euclidean,44,36,3,3,10,8.0,0.03,0.05,20.0,,,0.0001,0.0899392926943978,0.08373730902670155,0.07234835177441956,0.13070503609105466,0.001397768110157739,0.08233954091654383,112,0.2805371215614386,0.8688763179737847,0.8698987033148524,0.8126157055214482
Log-Euclidean mechanism,67,320,8,0.7,0.15,144,208,320,diag,bwar_barycenter,log_euclidean,44,36,3,3,10,8.0,0.03,0.05,20.0,,,1e-06,0.09000358893623232,0.08314949877965086,0.07372107478405349,0.1315192239501411,0.0014160391276805036,0.08173345965197035,112,0.28168072094132424,0.8627770724993236,0.8634955912706612,0.8232378650105359
Log-Euclidean mechanism,68,320,8,0.7,0.15,144,208,320,diag,persistence,log_euclidean,44,36,3,3,10,8.0,0.03,0.05,20.0,,,,0.08884984063248269,0.093671390183469,,,0.001643813832730415,0.09202757635073856,112,0.2081446682508014,1.0,1.0,1.0
Log-Euclidean mechanism,68,320,8,0.7,0.15,144,208,320,diag,euclidean_gaussian_ar,log_euclidean,44,36,3,3,10,8.0,0.03,0.05,20.0,,,1e-06,0.07533628079277638,0.0808707674723832,0.07756329303618642,0.1294291414568172,0.0014474811407525485,0.07942328633163065,112,0.2795890278862769,0.8633454389220239,0.8630379010409878,0.8805626962928319
Log-Euclidean mechanism,68,320,8,0.7,0.15,144,208,320,diag,cholesky_gaussian_ar,log_euclidean,44,36,3,3,10,8.0,0.03,0.05,20.0,,,1e-06,0.07498247392288258,0.08128818583319727,0.0769754955164092,0.13095075948591275,0.0014474811407525485,0.07984070469244473,112,0.2520641001924995,0.8678016379812724,0.8675736975637951,0.8805626962928319
Log-Euclidean mechanism,68,320,8,0.7,0.15,144,208,320,diag,log_euclidean_gaussian_ar,log_euclidean,44,36,3,3,10,8.0,0.03,0.05,20.0,,,1e-06,0.07478005659758491,0.08157944489789894,0.07833686026467848,0.13210177071849166,0.0014474811407525485,0.08013196375714639,112,0.25173806460476644,0.8709110085599644,0.8707386083030676,0.8805626962928319
Log-Euclidean mechanism,68,320,8,0.7,0.15,144,208,320,diag,bwar_barycenter,log_euclidean,44,36,3,3,10,8.0,0.03,0.05,20.0,,,1e-06,0.07479262645836668,0.0807535108781657,0.07750800614400732,0.1314632226607269,0.0014474811407525485,0.07930602973741312,112,0.2566053990457522,0.862093652288049,0.8617637547593271,0.8805626962928319
Log-Euclidean mechanism,69,320,8,0.7,0.15,144,208,320,diag,persistence,log_euclidean,44,36,3,3,10,8.0,0.03,0.05,20.0,,,,0.08406376869803023,0.0870399665318726,,,0.0016533028776365391,0.08538666365423607,112,0.2585119118420611,1.0,1.0,1.0
Log-Euclidean mechanism,69,320,8,0.7,0.15,144,208,320,diag,euclidean_gaussian_ar,log_euclidean,44,36,3,3,10,8.0,0.03,0.05,20.0,,,1e-06,0.07593064972275254,0.07572999946778655,0.0715861853754002,0.11330968280091902,0.0013955455225066224,0.07433445394527993,112,0.28609824315457233,0.8700600710830406,0.8705628111468221,0.8440955020302203
Log-Euclidean mechanism,69,320,8,0.7,0.15,144,208,320,diag,cholesky_gaussian_ar,log_euclidean,44,36,3,3,10,8.0,0.03,0.05,20.0,,,1e-06,0.07484779583562792,0.07491792903779361,0.07131691415976918,0.11425114611862755,0.0013955455225066224,0.07352238351528698,112,0.28773622799575127,0.8607302142098124,0.8610523045262408,0.8440955020302203
Log-Euclidean mechanism,69,320,8,0.7,0.15,144,208,320,diag,log_euclidean_gaussian_ar,log_euclidean,44,36,3,3,10,8.0,0.03,0.05,20.0,,,1e-06,0.07472491376029652,0.07443156242521622,0.07143647705632819,0.1143023477490448,0.0013955455225066224,0.07303601690270958,112,0.29128735362777075,0.8551423603542013,0.8553562556145878,0.8440955020302203
Log-Euclidean mechanism,69,320,8,0.7,0.15,144,208,320,diag,bwar_barycenter,log_euclidean,44,36,3,3,10,8.0,0.03,0.05,20.0,,,1e-06,0.07455068867592964,0.07449979494688501,0.07135077216552675,0.11373611808800525,0.0013955455225066224,0.07310424942437839,112,0.2936438276594023,0.8559262820902444,0.8561553560683204,0.8440955020302203
Log-Euclidean mechanism,70,320,8,0.7,0.15,144,208,320,diag,persistence,log_euclidean,44,36,3,3,10,8.0,0.03,0.05,20.0,,,,0.09407937634122968,0.09249967045289449,,,0.0017050756768693018,0.09079459477602518,112,0.23560769259675193,1.0,1.0,1.0
Log-Euclidean mechanism,70,320,8,0.7,0.15,144,208,320,diag,euclidean_gaussian_ar,log_euclidean,44,36,3,3,10,8.0,0.03,0.05,20.0,,,1e-06,0.07976060119958732,0.08216134612105629,0.07639031574585975,0.12436628512393727,0.001512567335088232,0.08064877878596806,112,0.2869269229450381,0.8882339333619248,0.8882552863957912,0.8870968928871618
Log-Euclidean mechanism,70,320,8,0.7,0.15,144,208,320,diag,cholesky_gaussian_ar,log_euclidean,44,36,3,3,10,8.0,0.03,0.05,20.0,,,1e-06,0.08100361481364785,0.08222329495089621,0.07772564048447303,0.1254727534438546,0.001512567335088232,0.08071072761580798,112,0.2789716853073948,0.8889036528272657,0.8889375828473889,0.8870968928871618
Log-Euclidean mechanism,70,320,8,0.7,0.15,144,208,320,diag,log_euclidean_gaussian_ar,log_euclidean,44,36,3,3,10,8.0,0.03,0.05,20.0,,,1e-06,0.0800864844617456,0.08181646172384606,0.07643125636418088,0.12758469034784176,0.001512567335088232,0.08030389438875783,112,0.2752353730744705,0.8845054401086881,0.8844567739616426,0.8870968928871618
Log-Euclidean mechanism,70,320,8,0.7,0.15,144,208,320,diag,bwar_barycenter,log_euclidean,44,36,3,3,10,8.0,0.03,0.05,20.0,,,1e-06,0.07934698003162227,0.0814692215197382,0.07647214810675662,0.12679853721783688,0.0015125673350882324,0.07995665418464996,112,0.2783497803356435,0.8807514785820394,0.8806323149730381,0.8870968928871621
Log-Euclidean mechanism,71,320,8,0.7,0.15,144,208,320,diag,persistence,log_euclidean,44,36,3,3,10,8.0,0.03,0.05,20.0,,,,0.0907537451162461,0.09264614619055113,,,0.0017559382739874196,0.09089020791656369,112,0.21653526522232638,1.0,1.0,1.0
Log-Euclidean mechanism,71,320,8,0.7,0.15,144,208,320,diag,euclidean_gaussian_ar,log_euclidean,44,36,3,3,10,8.0,0.03,0.05,20.0,,,1e-06,0.08211786026245718,0.0822439119325453,0.07531670951382176,0.13283744019990645,0.001501728239374444,0.08074218369317085,112,0.2728155180161486,0.8877208099232654,0.8883485420925803,0.8552283765444042
Log-Euclidean mechanism,71,320,8,0.7,0.15,144,208,320,diag,cholesky_gaussian_ar,log_euclidean,44,36,3,3,10,8.0,0.03,0.05,20.0,,,1e-06,0.08245817059152385,0.08164457680250117,0.07457998836708235,0.12996077381536536,0.001501728239374444,0.08014284856312673,112,0.2696612210956658,0.8812517320966342,0.881754485991462,0.8552283765444042
Log-Euclidean mechanism,71,320,8,0.7,0.15,144,208,320,diag,log_euclidean_gaussian_ar,log_euclidean,44,36,3,3,10,8.0,0.03,0.05,20.0,,,1e-06,0.08143965555785856,0.0813125593437245,0.07398262518122667,0.13068078774307637,0.001501728239374444,0.07981083110435006,112,0.2661398743899222,0.8776680162873032,0.878101535179847,0.8552283765444042
Log-Euclidean mechanism,71,320,8,0.7,0.15,144,208,320,diag,bwar_barycenter,log_euclidean,44,36,3,3,10,8.0,0.03,0.05,20.0,,,1e-06,0.08145191978171218,0.08142258772145428,0.07482318441387945,0.13095755197663939,0.001501728239374444,0.07992085948207983,112,0.2716535523597915,0.8788556358727253,0.8793120987845731,0.8552283765444042
Log-Euclidean mechanism,72,320,8,0.7,0.15,144,208,320,diag,persistence,log_euclidean,44,36,3,3,10,8.0,0.03,0.05,20.0,,,,0.08424840321076599,0.08054817308876176,,,0.001733139975975712,0.07881503311278605,112,0.26511654385216565,1.0,1.0,1.0
Log-Euclidean mechanism,72,320,8,0.7,0.15,144,208,320,diag,euclidean_gaussian_ar,log_euclidean,44,36,3,3,10,8.0,0.03,0.05,20.0,,,1e-06,0.07225006688683488,0.07258263912860251,0.07191065519130463,0.10683114800481484,0.00148587713229241,0.07109676199631008,112,0.2989538022824654,0.9011084466014957,0.9020710794420279,0.8573324445164334
Log-Euclidean mechanism,72,320,8,0.7,0.15,144,208,320,diag,cholesky_gaussian_ar,log_euclidean,44,36,3,3,10,8.0,0.03,0.05,20.0,,,1e-06,0.07275638985057917,0.07198363914694372,0.07072826615877814,0.10594887158145423,0.00148587713229241,0.07049776201465131,112,0.2949950108326612,0.8936719032425456,0.8944710067401414,0.8573324445164334
Log-Euclidean mechanism,72,320,8,0.7,0.15,144,208,320,diag,log_euclidean_gaussian_ar,log_euclidean,44,36,3,3,10,8.0,0.03,0.05,20.0,,,1e-06,0.07262680872055208,0.07170918454605262,0.07266055090148033,0.10643224348719219,0.00148587713229241,0.0702233074137602,112,0.2954444450157496,0.8902645683475796,0.8909887446633322,0.8573324445164334
Log-Euclidean mechanism,72,320,8,0.7,0.15,144,208,320,diag,bwar_barycenter,log_euclidean,44,36,3,3,10,8.0,0.03,0.05,20.0,,,1e-06,0.07229898528136738,0.07174587390298756,0.07217142546425838,0.10542172957899419,0.0014858771322924097,0.07025999677069515,112,0.2975855152911377,0.8907200641773175,0.8914542568313274,0.8573324445164333
Log-Euclidean mechanism,73,320,8,0.7,0.15,144,208,320,diag,persistence,log_euclidean,44,36,3,3,10,8.0,0.03,0.05,20.0,,,,0.0918403633288501,0.09048944266648899,,,0.0016866606092668403,0.08880278205722217,112,0.2583054221225732,1.0,1.0,1.0
Log-Euclidean mechanism,73,320,8,0.7,0.15,144,208,320,diag,euclidean_gaussian_ar,log_euclidean,44,36,3,3,10,8.0,0.03,0.05,20.0,,,1e-06,0.07941034238213704,0.07858294371796523,0.07149562619639888,0.11842247279553028,0.0014655394834356633,0.07711740423452958,112,0.3149266179033346,0.8684211262919724,0.8684120299838934,0.868900047456913
Log-Euclidean mechanism,73,320,8,0.7,0.15,144,208,320,diag,cholesky_gaussian_ar,log_euclidean,44,36,3,3,10,8.0,0.03,0.05,20.0,,,1e-06,0.0803639945339438,0.07866205648395132,0.07063967719042796,0.12122029128610269,0.0014655394834356633,0.07719651700051565,112,0.30745039356903986,0.8692954024909945,0.8693029115999119,0.868900047456913
Log-Euclidean mechanism,73,320,8,0.7,0.15,144,208,320,diag,log_euclidean_gaussian_ar,log_euclidean,44,36,3,3,10,8.0,0.03,0.05,20.0,,,1e-06,0.07967718972622159,0.07805734586057982,0.0705516528074622,0.120270101132436,0.0014655394834356633,0.07659180637714418,112,0.31159042110975105,0.8626127375794618,0.8624933206235638,0.868900047456913
Log-Euclidean mechanism,73,320,8,0.7,0.15,144,208,320,diag,bwar_barycenter,log_euclidean,44,36,3,3,10,8.0,0.03,0.05,20.0,,,1e-06,0.07907177705144297,0.07815012348356325,0.07118123216466042,0.11831287382251655,0.0014655394834356638,0.07668458400012759,112,0.3141199764611276,0.8636380242897067,0.8635380809433884,0.8689000474569133
Log-Euclidean mechanism,74,320,8,0.7,0.15,144,208,320,diag,persistence,log_euclidean,44,36,3,3,10,8.0,0.03,0.05,20.0,,,,0.09096314232742295,0.09091297258065263,,,0.0017246768650513358,0.08918829571560129,112,0.26632350041164105,1.0,1.0,1.0
Log-Euclidean mechanism,74,320,8,0.7,0.15,144,208,320,diag,euclidean_gaussian_ar,log_euclidean,44,36,3,3,10,8.0,0.03,0.05,20.0,,,1e-06,0.07915275747885459,0.07794950902194182,0.07067695916183622,0.12019172041636864,0.0014198130511946692,0.07652969597074714,112,0.30129815316963077,0.8574079893030625,0.858068823456172,0.8232342417096248
Log-Euclidean mechanism,74,320,8,0.7,0.15,144,208,320,diag,cholesky_gaussian_ar,log_euclidean,44,36,3,3,10,8.0,0.03,0.05,20.0,,,1e-06,0.0790795589938727,0.07779260242094597,0.0700023012401334,0.12131001115470814,0.0014198130511946692,0.0763727893697513,112,0.2924352488138718,0.8556820903852084,0.8563095500028909,0.8232342417096248
Log-Euclidean mechanism,74,320,8,0.7,0.15,144,208,320,diag,log_euclidean_gaussian_ar,log_euclidean,44,36,3,3,10,8.0,0.03,0.05,20.0,,,1e-06,0.07943654666331891,0.07787911005511283,0.06953774732605256,0.12277408741638722,0.0014198130511946692,0.07645929700391818,112,0.2932353166289621,0.8566336337316776,0.8572794937995829,0.8232342417096248
Log-Euclidean mechanism,74,320,8,0.7,0.15,144,208,320,diag,bwar_barycenter,log_euclidean,44,36,3,3,10,8.0,0.03,0.05,20.0,,,1e-06,0.07910449421200133,0.07777398209631935,0.07044046699403694,0.12050519792000491,0.0014198130511946688,0.0763541690451247,112,0.2944018521413341,0.8554772755595782,0.8561007745747116,0.8232342417096244
Log-Euclidean mechanism,75,320,8,0.7,0.15,144,208,320,diag,persistence,log_euclidean,44,36,3,3,10,8.0,0.03,0.05,20.0,,,,0.08940081744451168,0.094327989313526,,,0.001539256532541974,0.09278873278098401,112,0.2766045566706825,1.0,1.0,1.0
Log-Euclidean mechanism,75,320,8,0.7,0.15,144,208,320,diag,euclidean_gaussian_ar,log_euclidean,44,36,3,3,10,8.0,0.03,0.05,20.0,,,1e-06,0.07806309252319382,0.07937133626951207,0.07330236426940076,0.12419547478378912,0.0013221748072415735,0.07804916146227049,112,0.3006638787714092,0.8414399251710833,0.841149125794137,0.858969755390997
Log-Euclidean mechanism,75,320,8,0.7,0.15,144,208,320,diag,cholesky_gaussian_ar,log_euclidean,44,36,3,3,10,8.0,0.03,0.05,20.0,,,1e-06,0.07864374580744682,0.07957589666184539,0.07307947449499091,0.12516976926652051,0.0013221748072415735,0.0782537218546038,112,0.3014479770357238,0.8436085327479226,0.843353708033838,0.858969755390997
Log-Euclidean mechanism,75,320,8,0.7,0.15,144,208,320,diag,log_euclidean_gaussian_ar,log_euclidean,44,36,3,3,10,8.0,0.03,0.05,20.0,,,1e-06,0.07795846049522123,0.07905868938584852,0.0731141558558843,0.1264056616375855,0.0013221748072415735,0.07773651457860696,112,0.302183407083185,0.838125459486626,0.8377796770012379,0.858969755390997
Log-Euclidean mechanism,75,320,8,0.7,0.15,144,208,320,diag,bwar_barycenter,log_euclidean,44,36,3,3,10,8.0,0.03,0.05,20.0,,,1e-06,0.07774283726387003,0.0789106400870604,0.07323395359444781,0.12346568936429206,0.0013221748072415735,0.07758846527981884,112,0.30366039497184943,0.8365559433772978,0.8361841244556765,0.858969755390997
Log-Euclidean mechanism,76,320,8,0.7,0.15,144,208,320,diag,persistence,log_euclidean,44,36,3,3,10,8.0,0.03,0.05,20.0,,,,0.09056381744319987,0.0883211126613883,,,0.0014320322275361047,0.08688908043385217,112,0.27765985221715184,1.0,1.0,1.0
Log-Euclidean mechanism,76,320,8,0.7,0.15,144,208,320,diag,euclidean_gaussian_ar,log_euclidean,44,36,3,3,10,8.0,0.03,0.05,20.0,,,1e-06,0.0818561081283547,0.07574412304838522,0.07063873485027207,0.11700029521244751,0.001194965610714045,0.0745491574376712,112,0.31509024106832434,0.8575992847687322,0.8579807389540134,0.8344544122237062
Log-Euclidean mechanism,76,320,8,0.7,0.15,144,208,320,diag,cholesky_gaussian_ar,log_euclidean,44,36,3,3,10,8.0,0.03,0.05,20.0,,,1e-06,0.08341278784952247,0.07596707132822571,0.0722679927517489,0.12176958025174839,0.001194965610714045,0.07477210571751168,112,0.3068850881421297,0.8601235767881867,0.8605466342164246,0.8344544122237062
Log-Euclidean mechanism,76,320,8,0.7,0.15,144,208,320,diag,log_euclidean_gaussian_ar,log_euclidean,44,36,3,3,10,8.0,0.03,0.05,20.0,,,1e-06,0.08207286712901606,0.07522929691087109,0.0708684797436537,0.12015070137296789,0.001194965610714045,0.07403433130015705,112,0.3074458376427254,0.8517702579143275,0.8520556430162554,0.8344544122237062
Log-Euclidean mechanism,76,320,8,0.7,0.15,144,208,320,diag,bwar_barycenter,log_euclidean,44,36,3,3,10,8.0,0.03,0.05,20.0,,,1e-06,0.08154312225672525,0.07509262007974352,0.0692428347625807,0.11762835884281592,0.001194965610714045,0.07389765446902948,112,0.3114986406658154,0.8502227589414424,0.8504826394760509,0.8344544122237062
Log-Euclidean mechanism,77,320,8,0.7,0.15,144,208,320,diag,persistence,log_euclidean,44,36,3,3,10,8.0,0.03,0.05,20.0,,,,0.08501035109202142,0.08774160410033557,,,0.001627474380928858,0.08611412971940671,112,0.25106995099315965,1.0,1.0,1.0
Log-Euclidean mechanism,77,320,8,0.7,0.15,144,208,320,diag,euclidean_gaussian_ar,log_euclidean,44,36,3,3,10,8.0,0.03,0.05,20.0,,,1e-06,0.07452586097642548,0.07714546621344483,0.07490518859235853,0.11731504132022103,0.001365346691277845,0.07578011952216698,112,0.2812995352397587,0.8792347370949168,0.8799963463497577,0.8389359041698664
Log-Euclidean mechanism,77,320,8,0.7,0.15,144,208,320,diag,cholesky_gaussian_ar,log_euclidean,44,36,3,3,10,8.0,0.03,0.05,20.0,,,1e-06,0.07478819491138108,0.07757392863216928,0.07465326190737923,0.11693169567977126,0.001365346691277845,0.07620858194089143,112,0.2795467619864614,0.884117966927762,0.8849718645384747,0.8389359041698664
Log-Euclidean mechanism,77,320,8,0.7,0.15,144,208,320,diag,log_euclidean_gaussian_ar,log_euclidean,44,36,3,3,10,8.0,0.03,0.05,20.0,,,1e-06,0.07409912307370413,0.07705058635324236,0.07455706548187048,0.11819434623779897,0.001365346691277845,0.0756852396619645,112,0.2789504800264717,0.8781533816629604,0.8788945543382534,0.8389359041698664
Log-Euclidean mechanism,77,320,8,0.7,0.15,144,208,320,diag,bwar_barycenter,log_euclidean,44,36,3,3,10,8.0,0.03,0.05,20.0,,,1e-06,0.07400536671672031,0.07689499353615324,0.07396311823520499,0.11715573340868932,0.0013653466912778454,0.0755296468448754,112,0.2810028110423069,0.8763800744766547,0.8770877333485263,0.8389359041698666
Log-Euclidean mechanism,78,320,8,0.7,0.15,144,208,320,diag,persistence,log_euclidean,44,36,3,3,10,8.0,0.03,0.05,20.0,,,,0.09070882383106907,0.08415423821269997,,,0.0016706909411526233,0.08248354727154737,112,0.2663007494077105,1.0,1.0,1.0
Log-Euclidean mechanism,78,320,8,0.7,0.15,144,208,320,diag,euclidean_gaussian_ar,log_euclidean,44,36,3,3,10,8.0,0.03,0.05,20.0,,,1e-06,0.08142760396315112,0.07261785455020615,0.07040213716564461,0.11604887048275943,0.0013903181712375443,0.07122753637896863,112,0.30996309173228576,0.8629138126907454,0.8635362897824655,0.8321815465632156
Log-Euclidean mechanism,78,320,8,0.7,0.15,144,208,320,diag,cholesky_gaussian_ar,log_euclidean,44,36,3,3,10,8.0,0.03,0.05,20.0,,,1e-06,0.08147939162385774,0.07301309678878075,0.06919268014397995,0.11300975374751975,0.0013903181712375443,0.0716227786175432,112,0.3019376987452793,0.8676104536082904,0.8683280604039857,0.8321815465632156
Log-Euclidean mechanism,78,320,8,0.7,0.15,144,208,320,diag,log_euclidean_gaussian_ar,log_euclidean,44,36,3,3,10,8.0,0.03,0.05,20.0,,,1e-06,0.08074172370058001,0.07241532997339405,0.06888836923736599,0.11796020618592427,0.0013903181712375443,0.07102501180215649,112,0.2994122223686503,0.8605072247266286,0.8610809567674415,0.8321815465632156
Log-Euclidean mechanism,78,320,8,0.7,0.15,144,208,320,diag,bwar_barycenter,log_euclidean,44,36,3,3,10,8.0,0.03,0.05,20.0,,,1e-06,0.08067659749825573,0.0722477876752863,0.06898238802463237,0.11637576916925442,0.0013903181712375445,0.07085746950404877,112,0.3018558735879602,0.8585163291797604,0.8590497359525054,0.8321815465632157
Log-Euclidean mechanism,79,320,8,0.7,0.15,144,208,320,diag,persistence,log_euclidean,44,36,3,3,10,8.0,0.03,0.05,20.0,,,,0.09710638210655254,0.09441935360982458,,,0.001694426584263453,0.09272492702556112,112,0.2445134695727651,1.0,1.0,1.0
Log-Euclidean mechanism,79,320,8,0.7,0.15,144,208,320,diag,euclidean_gaussian_ar,log_euclidean,44,36,3,3,10,8.0,0.03,0.05,20.0,,,1e-06,0.08380651184036757,0.08153847043662332,0.0766220185820994,0.12184575067820404,0.0014454209157450655,0.08009304952087824,112,0.28230991064502947,0.863577935235293,0.8637704238774898,0.8530442859956502
Log-Euclidean mechanism,79,320,8,0.7,0.15,144,208,320,diag,cholesky_gaussian_ar,log_euclidean,44,36,3,3,10,8.0,0.03,0.05,20.0,,,1e-06,0.08381803137241613,0.08208223429552411,0.07723419165183074,0.12469774954304297,0.0014454209157450655,0.08063681337977904,112,0.2804464649105882,0.8693369649057123,0.8696346922715852,0.8530442859956502
Log-Euclidean mechanism,79,320,8,0.7,0.15,144,208,320,diag,log_euclidean_gaussian_ar,log_euclidean,44,36,3,3,10,8.0,0.03,0.05,20.0,,,1e-06,0.08373310047070015,0.08199506701583044,0.07630903802436367,0.1254688579358448,0.0014454209157450655,0.08054964610008539,112,0.2799552906019373,0.8684137719758616,0.8686946292001996,0.8530442859956502
Log-Euclidean mechanism,79,320,8,0.7,0.15,144,208,320,diag,bwar_barycenter,log_euclidean,44,36,3,3,10,8.0,0.03,0.05,20.0,,,1e-06,0.08344282075837431,0.08159969171500939,0.07708172550303466,0.1227666537432404,0.0014454209157450655,0.08015427079926432,112,0.2818785480188745,0.864226332794114,0.8644306700523852,0.8530442859956502
Cholesky mechanism,0,320,8,0.7,0.15,144,208,320,diag,persistence,cholesky,44,36,3,3,10,8.0,0.03,0.05,20.0,,0.0,,0.1259027181025287,0.12047240244211024,,,0.0016221468745212973,0.11885025556758895,112,0.16292832224790155,1.0,1.0,1.0
Cholesky mechanism,0,320,8,0.7,0.15,144,208,320,diag,euclidean_gaussian_ar,cholesky,44,36,3,3,10,8.0,0.03,0.05,20.0,,0.0,1e-06,0.11018480456079185,0.10617158542413858,0.0978958175552183,0.16545320275477815,0.0013496327575614742,0.10482195266657711,112,0.2514572383506729,0.8812938338733344,0.8819665735339198,0.8320040427657063
Cholesky mechanism,0,320,8,0.7,0.15,144,208,320,diag,cholesky_gaussian_ar,cholesky,44,36,3,3,10,8.0,0.03,0.05,20.0,,0.0,1e-06,0.11154611476436829,0.10634582251050063,0.09912795363589097,0.1629652436793361,0.0013496327575614742,0.10499618975293916,112,0.20836198080996546,0.8827401160328171,0.8834325955086304,0.8320040427657063
Cholesky mechanism,0,320,8,0.7,0.15,144,208,320,diag,log_euclidean_gaussian_ar,cholesky,44,36,3,3,10,8.0,0.03,0.05,20.0,,0.0,1e-06,0.11179462231914353,0.10625438455411394,0.09711117374256342,0.16113366143237176,0.0013496327575614742,0.10490475179655247,112,0.21253784817111876,0.8819811209888639,0.8826632411984523,0.8320040427657063
Cholesky mechanism,0,320,8,0.7,0.15,144,208,320,diag,bwar_barycenter,cholesky,44,36,3,3,10,8.0,0.03,0.05,20.0,,0.0,1e-06,0.10994780274065244,0.1052408874601615,0.097246333572024,0.15873802275999407,0.0013496327575614742,0.10389125470260001,112,0.2220545011204658,0.8735684300039768,0.8741357282443376,0.8320040427657063
Cholesky mechanism,1,320,8,0.7,0.15,144,208,320,diag,persistence,cholesky,44,36,3,3,10,8.0,0.03,0.05,20.0,,0.0,,0.12281319095416124,0.11976755296980987,,,0.0016227077688292927,0.11814484520098056,112,0.14781067005719178,1.0,1.0,1.0
Cholesky mechanism,1,320,8,0.7,0.15,144,208,320,diag,euclidean_gaussian_ar,cholesky,44,36,3,3,10,8.0,0.03,0.05,20.0,,0.0,1e-06,0.1076819444725701,0.10262436373840607,0.09477379112939527,0.15380824559944076,0.0014024513108556315,0.10122191242755044,112,0.23361630073730305,0.8568628246439574,0.8567611414222779,0.8642660975656967
Cholesky mechanism,1,320,8,0.7,0.15,144,208,320,diag,cholesky_gaussian_ar,cholesky,44,36,3,3,10,8.0,0.03,0.05,20.0,,0.0,1e-06,0.10590962657584314,0.10100575021593015,0.09350459760131064,0.1572984443973713,0.0014024513108556315,0.09960329890507451,112,0.2112910886381335,0.8433482000036433,0.8430608947486085,0.8642660975656967
Cholesky mechanism,1,320,8,0.7,0.15,144,208,320,diag,log_euclidean_gaussian_ar,cholesky,44,36,3,3,10,8.0,0.03,0.05,20.0,,0.0,1e-06,0.10583050432230645,0.10140243204951536,0.09304519244345802,0.15535366001804934,0.0014024513108556315,0.09999998073865972,112,0.20447121165155202,0.8466602976774198,0.8464184837564944,0.8642660975656967
Cholesky mechanism,1,320,8,0.7,0.15,144,208,320,diag,bwar_barycenter,cholesky,44,36,3,3,10,8.0,0.03,0.05,20.0,,0.0,1e-06,0.1056496615501262,0.10146175865129273,0.09374847809274672,0.15472385375755804,0.0014024513108556315,0.1000593073404371,112,0.21701523787165464,0.8471556455434007,0.8469206351764439,0.8642660975656967
Cholesky mechanism,2,320,8,0.7,0.15,144,208,320,diag,persistence,cholesky,44,36,3,3,10,8.0,0.03,0.05,20.0,,0.0,,0.12209520713654591,0.12071650980903623,,,0.0016205732021846273,0.1190959366068516,112,0.20223224902087664,1.0,1.0,1.0
Cholesky mechanism,2,320,8,0.7,0.15,144,208,320,diag,euclidean_gaussian_ar,cholesky,44,36,3,3,10,8.0,0.03,0.05,20.0,,0.0,1e-06,0.1057445760055413,0.10231720269501372,0.09830462291375938,0.15001087071434258,0.0013127030046286416,0.10100449969038508,112,0.26658788121062654,0.8475825125897963,0.8480935837786953,0.8100238871400819
Cholesky mechanism,2,320,8,0.7,0.15,144,208,320,diag,cholesky_gaussian_ar,cholesky,44,36,3,3,10,8.0,0.03,0.05,20.0,,0.0,1e-06,0.10643169610043321,0.10134746427468443,0.09930173188826089,0.14802065200750958,0.0013127030046286416,0.10003476127005577,112,0.24055511129525395,0.8395493245704994,0.8399510858231981,0.8100238871400819
Cholesky mechanism,2,320,8,0.7,0.15,144,208,320,diag,log_euclidean_gaussian_ar,cholesky,44,36,3,3,10,8.0,0.03,0.05,20.0,,0.0,1e-06,0.10625785635411802,0.10124495989872491,0.0983508158853541,0.14934561283348505,0.0013127030046286416,0.09993225689409627,112,0.24176192257261725,0.8387001915387238,0.839090398390193,0.8100238871400819
Cholesky mechanism,2,320,8,0.7,0.15,144,208,320,diag,bwar_barycenter,cholesky,44,36,3,3,10,8.0,0.03,0.05,20.0,,0.0,1e-06,0.10560099267118513,0.10130093241943205,0.09662721573499916,0.14940525014662082,0.0013127030046286416,0.09998822941480341,112,0.24699576939713638,0.8391638606822045,0.8395603768151657,0.8100238871400819
Cholesky mechanism,3,320,8,0.7,0.15,144,208,320,diag,persistence,cholesky,44,36,3,3,10,8.0,0.03,0.05,20.0,,0.0,,0.12456559322592024,0.11716387210329152,,,0.0017307523722792284,0.1154331197310123,112,0.10776365996872227,1.0,1.0,1.0
Cholesky mechanism,3,320,8,0.7,0.15,144,208,320,diag,euclidean_gaussian_ar,cholesky,44,36,3,3,10,8.0,0.03,0.05,20.0,,0.0,1e-06,0.109897258969861,0.10047451550608098,0.09202646997939071,0.15993963409295417,0.0014545506610238402,0.09901996484505715,112,0.20617458191601004,0.8575554366921467,0.8578124291866853,0.8404152346232766
Cholesky mechanism,3,320,8,0.7,0.15,144,208,320,diag,cholesky_gaussian_ar,cholesky,44,36,3,3,10,8.0,0.03,0.05,20.0,,0.0,1e-06,0.111243071376258,0.10029348519252124,0.0911350111209521,0.16871017375310463,0.0014545506610238402,0.0988389345314974,112,0.14876108205895633,0.8560103331520371,0.8562441590577865,0.8404152346232766
Cholesky mechanism,3,320,8,0.7,0.15,144,208,320,diag,log_euclidean_gaussian_ar,cholesky,44,36,3,3,10,8.0,0.03,0.05,20.0,,0.0,1e-06,0.1115799008127932,0.1000820009550326,0.09113104354726174,0.16268977326519152,0.0014545506610238402,0.09862745029400877,112,0.15535331156896862,0.8542053037202495,0.8544120658250866,0.8404152346232766
Cholesky mechanism,3,320,8,0.7,0.15,144,208,320,diag,bwar_barycenter,cholesky,44,36,3,3,10,8.0,0.03,0.05,20.0,,0.0,1e-06,0.10995314523111674,0.09967841228551806,0.09272353877001556,0.16372672937808302,0.00145455066102384,0.09822386162449422,112,0.17199693998007642,0.850760652546902,0.8509157670985598,0.8404152346232765
Cholesky mechanism,4,320,8,0.7,0.15,144,208,320,diag,persistence,cholesky,44,36,3,3,10,8.0,0.03,0.05,20.0,,0.0,,0.1118574143177135,0.12304374779043654,,,0.0016222210209448906,0.12142152676949165,112,0.1788392615438014,1.0,1.0,1.0
Cholesky mechanism,4,320,8,0.7,0.15,144,208,320,diag,euclidean_gaussian_ar,cholesky,44,36,3,3,10,8.0,0.03,0.05,20.0,,0.0,1e-06,0.09799721476370538,0.10600521397383689,0.09707535977250509,0.1637948837832902,0.001350677120234376,0.10465453685360251,112,0.25303111626774283,0.8615245868029066,0.8619108953577908,0.8326098002648559
Cholesky mechanism,4,320,8,0.7,0.15,144,208,320,diag,cholesky_gaussian_ar,cholesky,44,36,3,3,10,8.0,0.03,0.05,20.0,,0.0,1e-06,0.09604881519877237,0.10520498335276338,0.09584762131480792,0.16385823945691658,0.001350677120234376,0.10385430623252899,112,0.22495380148899347,0.8550209599592539,0.8553203784835244,0.8326098002648559
Cholesky mechanism,4,320,8,0.7,0.15,144,208,320,diag,log_euclidean_gaussian_ar,cholesky,44,36,3,3,10,8.0,0.03,0.05,20.0,,0.0,1e-06,0.09694472649286956,0.10566215016205605,0.09675593688798409,0.16528099947481578,0.001350677120234376,0.10431147304182167,112,0.22312371296566333,0.8587364417899219,0.8590855000517993,0.8326098002648559
Cholesky mechanism,4,320,8,0.7,0.15,144,208,320,diag,bwar_barycenter,cholesky,44,36,3,3,10,8.0,0.03,0.05,20.0,,0.0,1e-06,0.09745207270323321,0.10533451909660196,0.0964240963108634,0.16633242620832733,0.0013506771202343763,0.10398384197636758,112,0.2351799968340782,0.8560737216490165,0.8563872053245712,0.8326098002648561
Cholesky mechanism,5,320,8,0.7,0.15,144,208,320,diag,persistence,cholesky,44,36,3,3,10,8.0,0.03,0.05,20.0,,0.0,,0.11169099517914437,0.10423261379732993,,,0.001661578880670515,0.1025710349166594,112,0.21645228412116993,1.0,1.0,1.0
Cholesky mechanism,5,320,8,0.7,0.15,144,208,320,diag,euclidean_gaussian_ar,cholesky,44,36,3,3,10,8.0,0.03,0.05,20.0,,0.0,1e-06,0.09770420832840829,0.09079099267467391,0.08842724405950314,0.13872975732248027,0.00138840358378668,0.08940258909088723,112,0.3136650800837779,0.8710420795088961,0.8716163307070875,0.8355929411105674
Cholesky mechanism,5,320,8,0.7,0.15,144,208,320,diag,cholesky_gaussian_ar,cholesky,44,36,3,3,10,8.0,0.03,0.05,20.0,,0.0,1e-06,0.09875567549663875,0.09197089257095607,0.08719285041552921,0.14289008423624414,0.00138840358378668,0.09058248898716939,112,0.27486151392319036,0.8823619519873543,0.8831195771863772,0.8355929411105674
Cholesky mechanism,5,320,8,0.7,0.15,144,208,320,diag,log_euclidean_gaussian_ar,cholesky,44,36,3,3,10,8.0,0.03,0.05,20.0,,0.0,1e-06,0.10025272603161298,0.08992079215193498,0.0831507426127133,0.13861586821682922,0.00138840358378668,0.08853238856814831,112,0.2759028464063065,0.8626934399513104,0.8631324490396561,0.8355929411105674
Cholesky mechanism,5,320,8,0.7,0.15,144,208,320,diag,bwar_barycenter,cholesky,44,36,3,3,10,8.0,0.03,0.05,20.0,,0.0,1e-06,0.09764081137152435,0.08971822652899962,0.08746631140941673,0.13470620657793841,0.0013884035837866805,0.08832982294521294,112,0.28782530386090327,0.8607500403227717,0.8611575676991299,0.8355929411105677
Cholesky mechanism,6,320,8,0.7,0.15,144,208,320,diag,persistence,cholesky,44,36,3,3,10,8.0,0.03,0.05,20.0,,0.0,,0.09682671605539568,0.10003348817929203,,,0.0017120384285118848,0.09832144975078015,112,0.19427608072461316,1.0,1.0,1.0
Cholesky mechanism,6,320,8,0.7,0.15,144,208,320,diag,euclidean_gaussian_ar,cholesky,44,36,3,3,10,8.0,0.03,0.05,20.0,,0.0,1e-06,0.08240728307553036,0.087001761095422,0.07988103196373658,0.13593829599213939,0.0014199228598897938,0.08558183823553221,112,0.28654636540154205,0.8697263554329626,0.8704289700005481,0.8293755772316398
Cholesky mechanism,6,320,8,0.7,0.15,144,208,320,diag,cholesky_gaussian_ar,cholesky,44,36,3,3,10,8.0,0.03,0.05,20.0,,0.0,1e-06,0.08210112700870145,0.08605325420795307,0.07757465438053769,0.14154621503376363,0.0014199228598897938,0.08463333134806328,112,0.24732089909017135,0.8602444618717893,0.8607819714069233,0.8293755772316398
Cholesky mechanism,6,320,8,0.7,0.15,144,208,320,diag,log_euclidean_gaussian_ar,cholesky,44,36,3,3,10,8.0,0.03,0.05,20.0,,0.0,1e-06,0.08240694767728214,0.08616863720011549,0.07921769557865327,0.14196342735556855,0.0014199228598897938,0.08474871434022568,112,0.24998637598603513,0.8613979055261345,0.8619554995887683,0.8293755772316398
Cholesky mechanism,6,320,8,0.7,0.15,144,208,320,diag,bwar_barycenter,cholesky,44,36,3,3,10,8.0,0.03,0.05,20.0,,0.0,1e-06,0.08210003861347304,0.08596858297540441,0.0781059282942411,0.13869273283597233,0.0014199228598897942,0.08454866011551464,112,0.2641279158368821,0.8593980329999209,0.8599208039529926,0.82937557723164
Cholesky mechanism,7,320,8,0.7,0.15,144,208,320,diag,persistence,cholesky,44,36,3,3,10,8.0,0.03,0.05,20.0,,0.0,,0.11850250227164114,0.11190334750273878,,,0.0014522322520690034,0.11045111525066977,112,0.1986195009965662,1.0,1.0,1.0
Cholesky mechanism,7,320,8,0.7,0.15,144,208,320,diag,euclidean_gaussian_ar,cholesky,44,36,3,3,10,8.0,0.03,0.05,20.0,,0.0,1e-06,0.10327848037796672,0.10157955969339005,0.09460836931304412,0.15263561678379367,0.0012525630037523976,0.10032699668963765,112,0.29294498736252783,0.9077437088368062,0.9083384668587969,0.8625087357534335
Cholesky mechanism,7,320,8,0.7,0.15,144,208,320,diag,cholesky_gaussian_ar,cholesky,44,36,3,3,10,8.0,0.03,0.05,20.0,,0.0,1e-06,0.1021844937586428,0.09883772797819503,0.0933888625396449,0.15416077527494695,0.0012525630037523976,0.09758516497444263,112,0.24658809292669426,0.8832419242487453,0.8835145281509584,0.8625087357534335
Cholesky mechanism,7,320,8,0.7,0.15,144,208,320,diag,log_euclidean_gaussian_ar,cholesky,44,36,3,3,10,8.0,0.03,0.05,20.0,,0.0,1e-06,0.10183690009656717,0.0993918578656201,0.09323896926197969,0.16135834072203303,0.0012525630037523976,0.09813929486186772,112,0.250899846318374,0.8881937858310051,0.8885314977502919,0.8625087357534335
Cholesky mechanism,7,320,8,0.7,0.15,144,208,320,diag,bwar_barycenter,cholesky,44,36,3,3,10,8.0,0.03,0.05,20.0,,0.0,1e-06,0.10159209872154054,0.09944005564095862,0.0927494269794916,0.1536474233879855,0.0012525630037523979,0.0981874926372062,112,0.25849512438842964,0.8886244947991826,0.8889678697618294,0.8625087357534337
Cholesky mechanism,8,320,8,0.7,0.15,144,208,320,diag,persistence,cholesky,44,36,3,3,10,8.0,0.03,0.05,20.0,,0.0,,0.10114675490611874,0.10343991052427451,,,0.0014434214293753747,0.10199648909489913,112,0.16889758902745802,1.0,1.0,1.0
Cholesky mechanism,8,320,8,0.7,0.15,144,208,320,diag,euclidean_gaussian_ar,cholesky,44,36,3,3,10,8.0,0.03,0.05,20.0,,0.0,1e-06,0.08730066615373683,0.09465385170463585,0.0907530294075824,0.14775586974945343,0.0012906760084554372,0.09336317569618044,112,0.23861325754783344,0.9150612295089252,0.9153567590872063,0.8941782227896974
Cholesky mechanism,8,320,8,0.7,0.15,144,208,320,diag,cholesky_gaussian_ar,cholesky,44,36,3,3,10,8.0,0.03,0.05,20.0,,0.0,1e-06,0.08619985339078262,0.09402351290979054,0.08383797751603231,0.1409272259919848,0.0012906760084554372,0.09273283690133509,112,0.2115800750388128,0.9089674617199693,0.9091767542611688,0.8941782227896974
Cholesky mechanism,8,320,8,0.7,0.15,144,208,320,diag,log_euclidean_gaussian_ar,cholesky,44,36,3,3,10,8.0,0.03,0.05,20.0,,0.0,1e-06,0.08680438300200635,0.09360606857757968,0.08422681696590184,0.14314407748243174,0.0012906760084554372,0.09231539256912426,112,0.21334062689852842,0.9049318401683353,0.9050840218944456,0.8941782227896974
Cholesky mechanism,8,320,8,0.7,0.15,144,208,320,diag,bwar_barycenter,cholesky,44,36,3,3,10,8.0,0.03,0.05,20.0,,0.0,1e-06,0.08623885900603016,0.09290645152004562,0.08699988421715033,0.1378051642083878,0.0012906760084554368,0.09161577551159017,112,0.2212762841478418,0.8981683283479158,0.8982247950353411,0.894178222789697
Cholesky mechanism,9,320,8,0.7,0.15,144,208,320,diag,persistence,cholesky,44,36,3,3,10,8.0,0.03,0.05,20.0,,0.0,,0.12081211374985248,0.119082582027592,,,0.001600554463040087,0.11748202756455192,112,0.1542221336582954,1.0,1.0,1.0
Cholesky mechanism,9,320,8,0.7,0.15,144,208,320,diag,euclidean_gaussian_ar,cholesky,44,36,3,3,10,8.0,0.03,0.05,20.0,,0.0,1e-06,0.10638188322048336,0.10217913989090374,0.09171991668260902,0.15290492717629092,0.0013463914395464185,0.10083274845135733,112,0.22856583190818372,0.8580527743950693,0.8582823308522961,0.8412031396851611
Cholesky mechanism,9,320,8,0.7,0.15,144,208,320,diag,cholesky_gaussian_ar,cholesky,44,36,3,3,10,8.0,0.03,0.05,20.0,,0.0,1e-06,0.10614513447013524,0.10249572394757737,0.08884244840276093,0.15246813186536443,0.0013463914395464185,0.10114933250803095,112,0.2001773791570099,0.8607112996914076,0.8609770754292883,0.8412031396851611
Cholesky mechanism,9,320,8,0.7,0.15,144,208,320,diag,log_euclidean_gaussian_ar,cholesky,44,36,3,3,10,8.0,0.03,0.05,20.0,,0.0,1e-06,0.106119137033238,0.10281176970067392,0.08912687037258651,0.15192876316002718,0.0013463914395464185,0.10146537826112752,112,0.19904775828007137,0.8633653045652969,0.8636672379983921,0.8412031396851611
Cholesky mechanism,9,320,8,0.7,0.15,144,208,320,diag,bwar_barycenter,cholesky,44,36,3,3,10,8.0,0.03,0.05,20.0,,0.0,1e-06,0.105391311836476,0.1018980923062909,0.08847950626998144,0.15225047091336316,0.0013463914395464185,0.1005517008667445,112,0.20826324749522424,0.8556926678217359,0.85589007060246,0.8412031396851611
Cholesky mechanism,10,320,8,0.7,0.15,144,208,320,diag,persistence,cholesky,44,36,3,3,10,8.0,0.03,0.05,20.0,,0.0,,0.1243234957829264,0.1334519111279821,,,0.0014913203107116205,0.1319605908172705,112,0.15050547401689998,1.0,1.0,1.0
Cholesky mechanism,10,320,8,0.7,0.15,144,208,320,diag,euclidean_gaussian_ar,cholesky,44,36,3,3,10,8.0,0.03,0.05,20.0,,0.0,1e-06,0.10658593119600554,0.11495443050962488,0.11251942554570929,0.18513470077876995,0.0012602424320535491,0.11369418807757134,112,0.23548810158418107,0.8613921639487209,0.861576834215655,0.8450514775408599
Cholesky mechanism,10,320,8,0.7,0.15,144,208,320,diag,cholesky_gaussian_ar,cholesky,44,36,3,3,10,8.0,0.03,0.05,20.0,,0.0,1e-06,0.10808800058802369,0.11320994649542138,0.10737262883974227,0.18360965368588003,0.0012602424320535491,0.1119497040633678,112,0.20952309836720306,0.8483201592133932,0.8483570994190809,0.8450514775408599
Cholesky mechanism,10,320,8,0.7,0.15,144,208,320,diag,log_euclidean_gaussian_ar,cholesky,44,36,3,3,10,8.0,0.03,0.05,20.0,,0.0,1e-06,0.10832564624510257,0.11350815388013318,0.10404277971645551,0.18509213504619249,0.0012602424320535491,0.11224791144807963,112,0.20959744437069014,0.8505547273225439,0.8506169209526536,0.8450514775408599
Cholesky mechanism,10,320,8,0.7,0.15,144,208,320,diag,bwar_barycenter,cholesky,44,36,3,3,10,8.0,0.03,0.05,20.0,,0.0,1e-06,0.10661201313847907,0.11327989291211503,0.10749354628913302,0.17856659537702377,0.001260242432053549,0.11201965048006146,112,0.22031572797433663,0.8488442912104732,0.8488871547656087,0.8450514775408597
Cholesky mechanism,11,320,8,0.7,0.15,144,208,320,diag,persistence,cholesky,44,36,3,3,10,8.0,0.03,0.05,20.0,,0.0,,0.11992467553098037,0.12241024987271021,,,0.0015963042587668803,0.12081394561394333,112,0.2277607232854713,1.0,1.0,1.0
Cholesky mechanism,11,320,8,0.7,0.15,144,208,320,diag,euclidean_gaussian_ar,cholesky,44,36,3,3,10,8.0,0.03,0.05,20.0,,0.0,1e-06,0.1053694384558195,0.10567785124104793,0.09953932893719228,0.1662483019345743,0.0013913675951088302,0.10428648364593911,112,0.3020487132361521,0.8633088434255982,0.8631990546785291,0.8716180436576919
Cholesky mechanism,11,320,8,0.7,0.15,144,208,320,diag,cholesky_gaussian_ar,cholesky,44,36,3,3,10,8.0,0.03,0.05,20.0,,0.0,1e-06,0.10339674214841205,0.10487454414114428,0.09847149755283655,0.16053122295194389,0.0013913675951088302,0.10348317654603546,112,0.2663784797652313,0.8567464264650987,0.8565499290678932,0.8716180436576919
Cholesky mechanism,11,320,8,0.7,0.15,144,208,320,diag,log_euclidean_gaussian_ar,cholesky,44,36,3,3,10,8.0,0.03,0.05,20.0,,0.0,1e-06,0.10340172665839623,0.10438612441244258,0.09580213659238557,0.154960680599071,0.0013913675951088302,0.10299475681733375,112,0.2697022406291262,0.8527564033321536,0.8525071861029175,0.8716180436576919
Cholesky mechanism,11,320,8,0.7,0.15,144,208,320,diag,bwar_barycenter,cholesky,44,36,3,3,10,8.0,0.03,0.05,20.0,,0.0,1e-06,0.10383053904146297,0.10443698526746695,0.10019464997087196,0.16067990016358216,0.0013913675951088308,0.10304561767235813,112,0.2768689014657083,0.8531718983995786,0.8529281710708857,0.8716180436576922
Cholesky mechanism,12,320,8,0.7,0.15,144,208,320,diag,persistence,cholesky,44,36,3,3,10,8.0,0.03,0.05,20.0,,0.0,,0.10550566776158143,0.10064161102944492,,,0.0017433532367685755,0.09889825779267636,112,0.11372113170873348,1.0,1.0,1.0
Cholesky mechanism,12,320,8,0.7,0.15,144,208,320,diag,euclidean_gaussian_ar,cholesky,44,36,3,3,10,8.0,0.03,0.05,20.0,,0.0,1e-06,0.09084645655313425,0.08840936369434534,0.08622687522552269,0.12759118848826878,0.0014314700785640307,0.0869778936157813,112,0.20713403140212341,0.8784573576478145,0.8794684108401171,0.8211015693052307
Cholesky mechanism,12,320,8,0.7,0.15,144,208,320,diag,cholesky_gaussian_ar,cholesky,44,36,3,3,10,8.0,0.03,0.05,20.0,,0.0,1e-06,0.09089287263129092,0.08769837265728882,0.08449910543824314,0.13004236109381961,0.0014314700785640307,0.08626690257872476,112,0.16309479318782233,0.8713927744224079,0.8722792949454061,0.8211015693052307
Cholesky mechanism,12,320,8,0.7,0.15,144,208,320,diag,log_euclidean_gaussian_ar,cholesky,44,36,3,3,10,8.0,0.03,0.05,20.0,,0.0,1e-06,0.09138158634266333,0.08757607268571331,0.08458455246181192,0.12601802606439808,0.0014314700785640307,0.08614460260714926,112,0.16193263626091298,0.8701775715821063,0.8710426708197125,0.8211015693052307
Cholesky mechanism,12,320,8,0.7,0.15,144,208,320,diag,bwar_barycenter,cholesky,44,36,3,3,10,8.0,0.03,0.05,20.0,,0.0,1e-06,0.09123076780601103,0.0872186374341581,0.08440403253945006,0.12264134284161753,0.001431470078564031,0.08578716735559404,112,0.1787954947081175,0.866626006301115,0.8674284994527656,0.8211015693052308
Cholesky mechanism,13,320,8,0.7,0.15,144,208,320,diag,persistence,cholesky,44,36,3,3,10,8.0,0.03,0.05,20.0,,0.0,,0.12393758454350606,0.11878237941893796,,,0.001552717177275713,0.11722966224166223,112,0.13687035384246563,1.0,1.0,1.0
Cholesky mechanism,13,320,8,0.7,0.15,144,208,320,diag,euclidean_gaussian_ar,cholesky,44,36,3,3,10,8.0,0.03,0.05,20.0,,0.0,1e-06,0.10808738508388849,0.10490526812594993,0.10123212736007312,0.16962696413657494,0.0013227830854128048,0.10358248504053712,112,0.2089019539329541,0.8831719707849568,0.8835859718422439,0.8519150201800857
Cholesky mechanism,13,320,8,0.7,0.15,144,208,320,diag,cholesky_gaussian_ar,cholesky,44,36,3,3,10,8.0,0.03,0.05,20.0,,0.0,1e-06,0.10981286016118366,0.10391034893492461,0.09944141307872185,0.16774813468089375,0.0013227830854128048,0.1025875658495118,112,0.17868940710236705,0.8747959877823238,0.8750990482087495,0.8519150201800857
Cholesky mechanism,13,320,8,0.7,0.15,144,208,320,diag,log_euclidean_gaussian_ar,cholesky,44,36,3,3,10,8.0,0.03,0.05,20.0,,0.0,1e-06,0.11013021834551014,0.10501753911485141,0.10023061466306113,0.1659280376770175,0.0013227830854128048,0.10369475602943859,112,0.18172671992232803,0.884117152969812,0.8845436730481897,0.8519150201800857
Cholesky mechanism,13,320,8,0.7,0.15,144,208,320,diag,bwar_barycenter,cholesky,44,36,3,3,10,8.0,0.03,0.05,20.0,,0.0,1e-06,0.10840368745779913,0.10402694796424614,0.09884859249815915,0.1695579434077302,0.0013227830854128048,0.10270416487883331,112,0.19137378026058835,0.8757776066881912,0.876093668743279,0.8519150201800857
Cholesky mechanism,14,320,8,0.7,0.15,144,208,320,diag,persistence,cholesky,44,36,3,3,10,8.0,0.03,0.05,20.0,,0.0,,0.13882524412252334,0.14256750705315047,,,0.0015602621083826318,0.14100724494476785,112,0.15860956578273916,1.0,1.0,1.0
Cholesky mechanism,14,320,8,0.7,0.15,144,208,320,diag,euclidean_gaussian_ar,cholesky,44,36,3,3,10,8.0,0.03,0.05,20.0,,0.0,1e-06,0.11848456092794761,0.12414858821885096,0.11074109476036985,0.1963905538914805,0.0013957583176668327,0.12275282990118412,112,0.23435492429224414,0.8708056329593196,0.8705427153708738,0.8945665668402831
Cholesky mechanism,14,320,8,0.7,0.15,144,208,320,diag,cholesky_gaussian_ar,cholesky,44,36,3,3,10,8.0,0.03,0.05,20.0,,0.0,1e-06,0.1177626736883411,0.12305897667940854,0.10873153201098193,0.20255032902649497,0.0013957583176668327,0.1216632183617417,112,0.20551571430760626,0.863162856831964,0.8628153710073326,0.8945665668402831
Cholesky mechanism,14,320,8,0.7,0.15,144,208,320,diag,log_euclidean_gaussian_ar,cholesky,44,36,3,3,10,8.0,0.03,0.05,20.0,,0.0,1e-06,0.11849571109985127,0.12408301126313269,0.10803706570178676,0.20234044215003055,0.0013957583176668327,0.12268725294546587,112,0.20503909093225156,0.8703456617002737,0.8700776544745777,0.8945665668402831
Cholesky mechanism,14,320,8,0.7,0.15,144,208,320,diag,bwar_barycenter,cholesky,44,36,3,3,10,8.0,0.03,0.05,20.0,,0.0,1e-06,0.11797954613921575,0.1232171789847566,0.10896475402584437,0.19653188779569103,0.0013957583176668325,0.12182142066708977,112,0.21555204064685962,0.8642725227622877,0.86393731552451,0.894566566840283
Cholesky mechanism,15,320,8,0.7,0.15,144,208,320,diag,persistence,cholesky,44,36,3,3,10,8.0,0.03,0.05,20.0,,0.0,,0.11235442506430848,0.11197868078848575,,,0.0016693578946661207,0.11030932289381964,112,0.17581971862684553,1.0,1.0,1.0
Cholesky mechanism,15,320,8,0.7,0.15,144,208,320,diag,euclidean_gaussian_ar,cholesky,44,36,3,3,10,8.0,0.03,0.05,20.0,,0.0,1e-06,0.09846575007689977,0.09716962661128911,0.09254553049557476,0.14921020565669924,0.0014071890876063147,0.09576243752368278,112,0.25448516404868526,0.8677511284030113,0.8681264195217729,0.8429523064541885
Cholesky mechanism,15,320,8,0.7,0.15,144,208,320,diag,cholesky_gaussian_ar,cholesky,44,36,3,3,10,8.0,0.03,0.05,20.0,,0.0,1e-06,0.09883948287991076,0.09666813859555558,0.08979146370068802,0.14816501972194057,0.0014071890876063147,0.09526094950794928,112,0.2240956886251966,0.863272704365486,0.8635802215887458,0.8429523064541885
Cholesky mechanism,15,320,8,0.7,0.15,144,208,320,diag,log_euclidean_gaussian_ar,cholesky,44,36,3,3,10,8.0,0.03,0.05,20.0,,0.0,1e-06,0.09800600146342732,0.09679113701147382,0.09200936250124994,0.1503199237137244,0.0014071890876063147,0.09538394792386751,112,0.226153507324702,0.8643711135899219,0.8646952535070962,0.8429523064541885
Cholesky mechanism,15,320,8,0.7,0.15,144,208,320,diag,bwar_barycenter,cholesky,44,36,3,3,10,8.0,0.03,0.05,20.0,,0.0,1e-06,0.09732132247571118,0.09640942331621169,0.09234946066728114,0.14904341945460298,0.0014071890876063147,0.09500223422860536,112,0.23639871342544347,0.8609623067297738,0.8612348597230679,0.8429523064541885
Cholesky mechanism,16,320,8,0.7,0.15,144,208,320,diag,persistence,cholesky,44,36,3,3,10,8.0,0.03,0.05,20.0,,0.0,,0.1348814364657724,0.14851787544062178,,,0.0015280091630467077,0.14698986627757507,112,0.21665756555135102,1.0,1.0,1.0
Cholesky mechanism,16,320,8,0.7,0.15,144,208,320,diag,euclidean_gaussian_ar,cholesky,44,36,3,3,10,8.0,0.03,0.05,20.0,,0.0,1e-06,0.11757015105310512,0.12756680018469127,0.10783473483647073,0.21799719338251272,0.0013715804933421294,0.12619521969134914,112,0.29754930587903844,0.858932298931876,0.858530066644476,0.89762583007508
Cholesky mechanism,16,320,8,0.7,0.15,144,208,320,diag,cholesky_gaussian_ar,cholesky,44,36,3,3,10,8.0,0.03,0.05,20.0,,0.0,1e-06,0.11560346094275831,0.12705030788127739,0.11389345993785291,0.21533796205393618,0.0013715804933421294,0.12567872738793523,112,0.26321922618300725,0.8554546548982432,0.8550162713299162,0.89762583007508
Cholesky mechanism,16,320,8,0.7,0.15,144,208,320,diag,log_euclidean_gaussian_ar,cholesky,44,36,3,3,10,8.0,0.03,0.05,20.0,,0.0,1e-06,0.11585442140475191,0.12707456392305427,0.11245025784786397,0.21135523013540186,0.0013715804933421294,0.12570298342971212,112,0.2715417747671717,0.8556179755874527,0.855181289792693,0.89762583007508
Cholesky mechanism,16,320,8,0.7,0.15,144,208,320,diag,bwar_barycenter,cholesky,44,36,3,3,10,8.0,0.03,0.05,20.0,,0.0,1e-06,0.11565748818088079,0.12651968311136153,0.10886214130856556,0.21479364365263823,0.0013715804933421298,0.1251481026180194,112,0.27988723931137827,0.8518818541943441,0.8514063301594562,0.8976258300750803
Cholesky mechanism,17,320,8,0.7,0.15,144,208,320,diag,persistence,cholesky,44,36,3,3,10,8.0,0.03,0.05,20.0,,0.0,,0.12365408926496674,0.11280993708017999,,,0.0015550818578313017,0.1112548552223487,112,0.14664144771669682,1.0,1.0,1.0
Cholesky mechanism,17,320,8,0.7,0.15,144,208,320,diag,euclidean_gaussian_ar,cholesky,44,36,3,3,10,8.0,0.03,0.05,20.0,,0.0,1e-06,0.11025855786240622,0.09846948392719705,0.09493650295671852,0.1501549114583539,0.0013246494844679946,0.09714483444272905,112,0.2628754997974512,0.8728795217500174,0.8731738875447725,0.8518197790020743
Cholesky mechanism,17,320,8,0.7,0.15,144,208,320,diag,cholesky_gaussian_ar,cholesky,44,36,3,3,10,8.0,0.03,0.05,20.0,,0.0,1e-06,0.10986444564544656,0.09749841262217256,0.09379522735589815,0.14489019252641003,0.0013246494844679946,0.09617376313770458,112,0.21883391749045716,0.864271491906562,0.8644455376396495,0.8518197790020743
Cholesky mechanism,17,320,8,0.7,0.15,144,208,320,diag,log_euclidean_gaussian_ar,cholesky,44,36,3,3,10,8.0,0.03,0.05,20.0,,0.0,1e-06,0.11169219929807869,0.09787448832725791,0.09464370512102793,0.1414444141918027,0.0013246494844679946,0.09654983884278992,112,0.2144748079390049,0.8676052027020752,0.8678258458907702,0.8518197790020743
Cholesky mechanism,17,320,8,0.7,0.15,144,208,320,diag,bwar_barycenter,cholesky,44,36,3,3,10,8.0,0.03,0.05,20.0,,0.0,1e-06,0.1103047703722929,0.09749000652588737,0.0938599222414239,0.147367667039924,0.0013246494844679946,0.09616535704141936,112,0.2345059166833573,0.8641969763407993,0.8643699805211001,0.8518197790020743
Cholesky mechanism,18,320,8,0.7,0.15,144,208,320,diag,persistence,cholesky,44,36,3,3,10,8.0,0.03,0.05,20.0,,0.0,,0.09600219899890182,0.10578274441916372,,,0.0015161502335009366,0.1042665941856628,112,0.17738636374554062,1.0,1.0,1.0
Cholesky mechanism,18,320,8,0.7,0.15,144,208,320,diag,euclidean_gaussian_ar,cholesky,44,36,3,3,10,8.0,0.03,0.05,20.0,,0.0,1e-06,0.08317292450056629,0.09113176936539238,0.08324935793306094,0.14338107877191403,0.001279096401850591,0.0898526729635418,112,0.275462793915036,0.861499385989487,0.8617589714644867,0.8436475314831
Cholesky mechanism,18,320,8,0.7,0.15,144,208,320,diag,cholesky_gaussian_ar,cholesky,44,36,3,3,10,8.0,0.03,0.05,20.0,,0.0,1e-06,0.0829054175662477,0.09158458301229874,0.08250490691237816,0.14748685706168277,0.001279096401850591,0.09030548661044814,112,0.23758898685504423,0.8657799862839178,0.8661018163655106,0.8436475314831
Cholesky mechanism,18,320,8,0.7,0.15,144,208,320,diag,log_euclidean_gaussian_ar,cholesky,44,36,3,3,10,8.0,0.03,0.05,20.0,,0.0,1e-06,0.08302125815513854,0.0911653657229039,0.08415431403511102,0.14791228272864773,0.001279096401850591,0.0898862693210533,112,0.24371196405149476,0.8618169837006827,0.8620811873935088,0.8436475314831
Cholesky mechanism,18,320,8,0.7,0.15,144,208,320,diag,bwar_barycenter,cholesky,44,36,3,3,10,8.0,0.03,0.05,20.0,,0.0,1e-06,0.08253485645324785,0.09089650114618397,0.08254908651892515,0.14431967823384306,0.0012790964018505907,0.08961740474433337,112,0.2547061315940311,0.8592753160761923,0.8595025611439434,0.8436475314830999
Cholesky mechanism,19,320,8,0.7,0.15,144,208,320,diag,persistence,cholesky,44,36,3,3,10,8.0,0.03,0.05,20.0,,0.0,,0.10718175009020908,0.10943372305118805,,,0.0015024893411263187,0.10793123371006172,112,0.15452800655276364,1.0,1.0,1.0
Cholesky mechanism,19,320,8,0.7,0.15,144,208,320,diag,euclidean_gaussian_ar,cholesky,44,36,3,3,10,8.0,0.03,0.05,20.0,,0.0,1e-06,0.09182701462805215,0.09626741723579538,0.09388015474528386,0.14688633458292114,0.0013987831281955833,0.09486863410759981,112,0.22007839678468288,0.8796869424863295,0.8789729427391492,0.9309770724543087
Cholesky mechanism,19,320,8,0.7,0.15,144,208,320,diag,cholesky_gaussian_ar,cholesky,44,36,3,3,10,8.0,0.03,0.05,20.0,,0.0,1e-06,0.09364177617762717,0.09447359625689346,0.08954143047183408,0.14113924825931504,0.0013987831281955833,0.09307481312869788,112,0.19933164311650559,0.863295094261785,0.8623529068399884,0.9309770724543087
Cholesky mechanism,19,320,8,0.7,0.15,144,208,320,diag,log_euclidean_gaussian_ar,cholesky,44,36,3,3,10,8.0,0.03,0.05,20.0,,0.0,1e-06,0.0929708646202699,0.09529693747604494,0.09041556675198309,0.140101187126457,0.0013987831281955833,0.09389815434784933,112,0.2007015511119984,0.8708187459862754,0.8699812938309425,0.9309770724543087
Cholesky mechanism,19,320,8,0.7,0.15,144,208,320,diag,bwar_barycenter,cholesky,44,36,3,3,10,8.0,0.03,0.05,20.0,,0.0,1e-06,0.0918554197925159,0.09540911664412628,0.0912602934669311,0.14389891855115167,0.0013987831281955837,0.0940103335159307,112,0.2097533620334609,0.8718438337284595,0.8710206516166853,0.9309770724543089
Cholesky mechanism,20,320,8,0.7,0.15,144,208,320,diag,persistence,cholesky,44,36,3,3,10,8.0,0.03,0.05,20.0,,0.0,,0.12318837842611671,0.12904215522649912,,,0.0015454519577633337,0.1274967032687358,112,0.17835004498044157,1.0,1.0,1.0
Cholesky mechanism,20,320,8,0.7,0.15,144,208,320,diag,euclidean_gaussian_ar,cholesky,44,36,3,3,10,8.0,0.03,0.05,20.0,,0.0,1e-06,0.1063773946737013,0.1112205672156188,0.10095921046979037,0.17321294101594986,0.0013336098084908768,0.10988695740712794,112,0.2642421318285911,0.861893286115694,0.8618807748739175,0.8629254386017622
Cholesky mechanism,20,320,8,0.7,0.15,144,208,320,diag,cholesky_gaussian_ar,cholesky,44,36,3,3,10,8.0,0.03,0.05,20.0,,0.0,1e-06,0.10765081122072202,0.11078191794489754,0.10578283529497587,0.16675185478127372,0.0013336098084908768,0.10944830813640667,112,0.2318942891964979,0.8584940150019147,0.8584402994774935,0.8629254386017622
Cholesky mechanism,20,320,8,0.7,0.15,144,208,320,diag,log_euclidean_gaussian_ar,cholesky,44,36,3,3,10,8.0,0.03,0.05,20.0,,0.0,1e-06,0.10759023569594417,0.11139260137152156,0.10673771586277822,0.16774886595820387,0.0013336098084908768,0.11005899156303069,112,0.23143997522849508,0.8632264485663738,0.8632300972602394,0.8629254386017622
Cholesky mechanism,20,320,8,0.7,0.15,144,208,320,diag,bwar_barycenter,cholesky,44,36,3,3,10,8.0,0.03,0.05,20.0,,0.0,1e-06,0.10618644128285669,0.1110192874283223,0.10220653499750264,0.17095445970439818,0.0013336098084908768,0.10968567761983142,112,0.24219060884653096,0.860333487405395,0.8603020690553657,0.8629254386017622
Cholesky mechanism,21,320,8,0.7,0.15,144,208,320,diag,persistence,cholesky,44,36,3,3,10,8.0,0.03,0.05,20.0,,0.0,,0.12101443443570493,0.12047192697578711,,,0.00167762312385754,0.11879430385192959,112,0.16723248283903425,1.0,1.0,1.0
Cholesky mechanism,21,320,8,0.7,0.15,144,208,320,diag,euclidean_gaussian_ar,cholesky,44,36,3,3,10,8.0,0.03,0.05,20.0,,0.0,1e-06,0.10661822237420931,0.10381069633084673,0.09964848625159373,0.15368480846218024,0.0015339888341633187,0.10227670749668342,112,0.24325571170410298,0.8617003059286251,0.860956326863665,0.9143822664032268
Cholesky mechanism,21,320,8,0.7,0.15,144,208,320,diag,cholesky_gaussian_ar,cholesky,44,36,3,3,10,8.0,0.03,0.05,20.0,,0.0,1e-06,0.1038830329635839,0.10116290885292852,0.09492378760495462,0.15210623319701808,0.0015339888341633187,0.0996289200187652,112,0.20590704267743315,0.8397218455155997,0.8386674847890605,0.9143822664032268
Cholesky mechanism,21,320,8,0.7,0.15,144,208,320,diag,log_euclidean_gaussian_ar,cholesky,44,36,3,3,10,8.0,0.03,0.05,20.0,,0.0,1e-06,0.10350927585886116,0.10129732235511367,0.09650552386828293,0.15320075141654346,0.0015339888341633187,0.09976333352095033,112,0.20939640072931656,0.8408375701956919,0.8397989658266756,0.9143822664032268
Cholesky mechanism,21,320,8,0.7,0.15,144,208,320,diag,bwar_barycenter,cholesky,44,36,3,3,10,8.0,0.03,0.05,20.0,,0.0,1e-06,0.10428227132159384,0.10187327052741132,0.0976074379549704,0.15466486821476083,0.0015339888341633183,0.100339281693248,112,0.22230628034518393,0.8456183368585628,0.8446472468773862,0.9143822664032266
Cholesky mechanism,22,320,8,0.7,0.15,144,208,320,diag,persistence,cholesky,44,36,3,3,10,8.0,0.03,0.05,20.0,,0.0,,0.13401811674024044,0.12410079327877223,,,0.0016334395221663594,0.12246735375660586,112,0.15616736181890573,1.0,1.0,1.0
Cholesky mechanism,22,320,8,0.7,0.15,144,208,320,diag,euclidean_gaussian_ar,cholesky,44,36,3,3,10,8.0,0.03,0.05,20.0,,0.0,1e-06,0.11439967511500235,0.10935033534672414,0.10733787664030378,0.15858307559578763,0.0013577938885614223,0.10799254145816273,112,0.2784746327536,0.8811413082677595,0.8818067684616533,0.8312483383288287
Cholesky mechanism,22,320,8,0.7,0.15,144,208,320,diag,cholesky_gaussian_ar,cholesky,44,36,3,3,10,8.0,0.03,0.05,20.0,,0.0,1e-06,0.11452463910035537,0.10812486275077964,0.10625261897691671,0.1558431716413407,0.0013577938885614223,0.1067670688622182,112,0.21247419022217384,0.871266491487244,0.871800243797292,0.8312483383288287
Cholesky mechanism,22,320,8,0.7,0.15,144,208,320,diag,log_euclidean_gaussian_ar,cholesky,44,36,3,3,10,8.0,0.03,0.05,20.0,,0.0,1e-06,0.11552580929228154,0.10859157126268745,0.1070412689797734,0.1560993944352816,0.0013577938885614223,0.10723377737412602,112,0.21511862193964185,0.8750272129103491,0.875611124800203,0.8312483383288287
Cholesky mechanism,22,320,8,0.7,0.15,144,208,320,diag,bwar_barycenter,cholesky,44,36,3,3,10,8.0,0.03,0.05,20.0,,0.0,1e-06,0.114073495861341,0.10817272809729814,0.10687145892791736,0.1539806841116252,0.0013577938885614216,0.10681493420873671,112,0.22788796459577454,0.8716521888325541,0.8721910854791792,0.8312483383288284
Cholesky mechanism,23,320,8,0.7,0.15,144,208,320,diag,persistence,cholesky,44,36,3,3,10,8.0,0.03,0.05,20.0,,0.0,,0.12701009877229566,0.11676719065996331,,,0.0015644396774155984,0.1152027509825477,112,0.20898070331373722,1.0,1.0,1.0
Cholesky mechanism,23,320,8,0.7,0.15,144,208,320,diag,euclidean_gaussian_ar,cholesky,44,36,3,3,10,8.0,0.03,0.05,20.0,,0.0,1e-06,0.10900701743531462,0.10568153838940565,0.10390392621568614,0.16164815373142855,0.0013484074147787262,0.10433313097462693,112,0.30692034041112515,0.905061925289955,0.9056479127866709,0.861910774985105
Cholesky mechanism,23,320,8,0.7,0.15,144,208,320,diag,cholesky_gaussian_ar,cholesky,44,36,3,3,10,8.0,0.03,0.05,20.0,,0.0,1e-06,0.10788625712390743,0.10235349720578205,0.09724920065509932,0.1603088681728679,0.0013484074147787262,0.10100508979100331,112,0.2796751736473124,0.8765604158778192,0.876759356261421,0.861910774985105
Cholesky mechanism,23,320,8,0.7,0.15,144,208,320,diag,log_euclidean_gaussian_ar,cholesky,44,36,3,3,10,8.0,0.03,0.05,20.0,,0.0,1e-06,0.10796277879175868,0.10179939475272747,0.0952427178898298,0.16208751523230266,0.0013484074147787262,0.10045098733794873,112,0.28008759477389483,0.871815055045527,0.8719495539925627,0.861910774985105
Cholesky mechanism,23,320,8,0.7,0.15,144,208,320,diag,bwar_barycenter,cholesky,44,36,3,3,10,8.0,0.03,0.05,20.0,,0.0,1e-06,0.10766633751176596,0.10280101667330908,0.0980502458812316,0.16267924417600324,0.001348407414778727,0.10145260925853036,112,0.2866536392926172,0.8803929947469148,0.8806439810964204,0.8619107749851056
Cholesky mechanism,24,320,8,0.7,0.15,144,208,320,diag,persistence,cholesky,44,36,3,3,10,8.0,0.03,0.05,20.0,,0.0,,0.11956931925908706,0.12110635713821925,,,0.0015910883021248389,0.11951526883609441,112,0.18186735607900104,1.0,1.0,1.0
Cholesky mechanism,24,320,8,0.7,0.15,144,208,320,diag,euclidean_gaussian_ar,cholesky,44,36,3,3,10,8.0,0.03,0.05,20.0,,0.0,1e-06,0.1064774508019547,0.10743020232981362,0.10418251832034131,0.15438566435519854,0.0013354449539630202,0.10609475737585061,112,0.2916574329479117,0.8870731881333284,0.8877088125145838,0.8393279946685445
Cholesky mechanism,24,320,8,0.7,0.15,144,208,320,diag,cholesky_gaussian_ar,cholesky,44,36,3,3,10,8.0,0.03,0.05,20.0,,0.0,1e-06,0.10162819365005253,0.1079686856020624,0.10767938412012817,0.1599803670689437,0.0013354449539630202,0.1066332406480994,112,0.23071860627820603,0.8915195548226855,0.8922143729964606,0.8393279946685445
Cholesky mechanism,24,320,8,0.7,0.15,144,208,320,diag,log_euclidean_gaussian_ar,cholesky,44,36,3,3,10,8.0,0.03,0.05,20.0,,0.0,1e-06,0.10240646944141525,0.10879543619504263,0.10689376201823764,0.16248767176495987,0.0013354449539630202,0.10745999124107962,112,0.2368675356884185,0.8983462038320077,0.8991319041289391,0.8393279946685445
Cholesky mechanism,24,320,8,0.7,0.15,144,208,320,diag,bwar_barycenter,cholesky,44,36,3,3,10,8.0,0.03,0.05,20.0,,0.0,1e-06,0.10302308141005426,0.10726528269504912,0.10493426654196358,0.15922625673177687,0.0013354449539630209,0.1059298377410861,112,0.25557310373393016,0.8857114129246473,0.886328908203021,0.8393279946685449
Cholesky mechanism,25,320,8,0.7,0.15,144,208,320,diag,persistence,cholesky,44,36,3,3,10,8.0,0.03,0.05,20.0,,0.0,,0.12867871177140672,0.13175634198953592,,,0.0016201666741611656,0.13013617531537475,112,0.14647705091040597,1.0,1.0,1.0
Cholesky mechanism,25,320,8,0.7,0.15,144,208,320,diag,euclidean_gaussian_ar,cholesky,44,36,3,3,10,8.0,0.03,0.05,20.0,,0.0,1e-06,0.11095052311734806,0.11861515062938768,0.10856110088622448,0.19176493057390573,0.0013716097338490195,0.11724354089553866,112,0.2566970172017091,0.900261413137958,0.9009296654939197,0.8465855740176637
Cholesky mechanism,25,320,8,0.7,0.15,144,208,320,diag,cholesky_gaussian_ar,cholesky,44,36,3,3,10,8.0,0.03,0.05,20.0,,0.0,1e-06,0.10853976671137283,0.1178107114822923,0.10407390980928405,0.1969415463961692,0.0013716097338490195,0.11643910174844328,112,0.2008814568316332,0.8941559070579602,0.8947481472101229,0.8465855740176637
Cholesky mechanism,25,320,8,0.7,0.15,144,208,320,diag,log_euclidean_gaussian_ar,cholesky,44,36,3,3,10,8.0,0.03,0.05,20.0,,0.0,1e-06,0.10886417429753568,0.11886849494347348,0.10511781159022279,0.20452498746913575,0.0013716097338490195,0.11749688520962445,112,0.20639981525917,0.9021842375747955,0.9028764286708136,0.8465855740176637
Cholesky mechanism,25,320,8,0.7,0.15,144,208,320,diag,bwar_barycenter,cholesky,44,36,3,3,10,8.0,0.03,0.05,20.0,,0.0,1e-06,0.10907101662066081,0.11692838134191381,0.10623732107819768,0.19552497710589933,0.0013716097338490193,0.11555677160806478,112,0.22245951853410426,0.8874592264499894,0.887968094405895,0.8465855740176635
Cholesky mechanism,26,320,8,0.7,0.15,144,208,320,diag,persistence,cholesky,44,36,3,3,10,8.0,0.03,0.05,20.0,,0.0,,0.11120076811802147,0.12034227265549349,,,0.0015790960759831123,0.1187631765795104,112,0.1571128892477298,1.0,1.0,1.0
Cholesky mechanism,26,320,8,0.7,0.15,144,208,320,diag,euclidean_gaussian_ar,cholesky,44,36,3,3,10,8.0,0.03,0.05,20.0,,0.0,1e-06,0.09911659404559679,0.10428290323619324,0.09947868212581162,0.1649028155236667,0.0013252447038394372,0.10295765853235381,112,0.2545809469650835,0.8665525499483148,0.8669156677821345,0.8392426046745557
Cholesky mechanism,26,320,8,0.7,0.15,144,208,320,diag,cholesky_gaussian_ar,cholesky,44,36,3,3,10,8.0,0.03,0.05,20.0,,0.0,1e-06,0.09942555524287883,0.1036807462128694,0.09659803689475241,0.16085276514950836,0.0013252447038394372,0.10235550150902996,112,0.21147641227848082,0.8615488466773317,0.8618454343927412,0.8392426046745557
Cholesky mechanism,26,320,8,0.7,0.15,144,208,320,diag,log_euclidean_gaussian_ar,cholesky,44,36,3,3,10,8.0,0.03,0.05,20.0,,0.0,1e-06,0.09926839329965773,0.10349138798430325,0.0966990915884054,0.16294840610172173,0.0013252447038394372,0.10216614328046382,112,0.2149895783427992,0.8599753494814774,0.8602510157015286,0.8392426046745557
Cholesky mechanism,26,320,8,0.7,0.15,144,208,320,diag,bwar_barycenter,cholesky,44,36,3,3,10,8.0,0.03,0.05,20.0,,0.0,1e-06,0.09804535609163087,0.1028800315621753,0.0980269568874465,0.16417596291476946,0.0013252447038394368,0.10155478685833587,112,0.22654800830343821,0.8548952025917963,0.8551033222856436,0.8392426046745554
Cholesky mechanism,27,320,8,0.7,0.15,144,208,320,diag,persistence,cholesky,44,36,3,3,10,8.0,0.03,0.05,20.0,,0.0,,0.09706064527621712,0.10705223650283073,,,0.0016693735739312498,0.10538286292889949,112,0.19174225904231396,1.0,1.0,1.0
Cholesky mechanism,27,320,8,0.7,0.15,144,208,320,diag,euclidean_gaussian_ar,cholesky,44,36,3,3,10,8.0,0.03,0.05,20.0,,0.0,1e-06,0.08912063986349475,0.09101759735010971,0.08405448061292295,0.14161798897725522,0.0014093764624464507,0.08960822088766326,112,0.2627637440164022,0.850216682280178,0.8503111264695933,0.8442546859822841
Cholesky mechanism,27,320,8,0.7,0.15,144,208,320,diag,cholesky_gaussian_ar,cholesky,44,36,3,3,10,8.0,0.03,0.05,20.0,,0.0,1e-06,0.08799665499808636,0.09091959512698064,0.08033112616137951,0.14255179756279374,0.0014093764624464507,0.0895102186645342,112,0.2352014077267624,0.8493012205735327,0.8493811629024126,0.8442546859822841
Cholesky mechanism,27,320,8,0.7,0.15,144,208,320,diag,log_euclidean_gaussian_ar,cholesky,44,36,3,3,10,8.0,0.03,0.05,20.0,,0.0,1e-06,0.08777639654146227,0.09093283854847907,0.08134507326647593,0.1435133198704063,0.0014093764624464507,0.0895234620860326,112,0.23570562190838795,0.8494249304737747,0.8495068324954596,0.8442546859822841
Cholesky mechanism,27,320,8,0.7,0.15,144,208,320,diag,bwar_barycenter,cholesky,44,36,3,3,10,8.0,0.03,0.05,20.0,,0.0,1e-06,0.08752226227177456,0.09067581967380746,0.08240564020652497,0.14237276904296894,0.00140937646244645,0.08926644321136103,112,0.24439780706315167,0.847024057002394,0.8470679267044394,0.8442546859822837
Cholesky mechanism,28,320,8,0.7,0.15,144,208,320,diag,persistence,cholesky,44,36,3,3,10,8.0,0.03,0.05,20.0,,0.0,,0.12349757701852127,0.13115607007306002,,,0.0016713944962902982,0.1294846755767697,112,0.16451997440960053,1.0,1.0,1.0
Cholesky mechanism,28,320,8,0.7,0.15,144,208,320,diag,euclidean_gaussian_ar,cholesky,44,36,3,3,10,8.0,0.03,0.05,20.0,,0.0,1e-06,0.1081213150322598,0.11371696096149438,0.10276582930980856,0.17159927585343498,0.0014386196484050054,0.11227834131308935,112,0.2537311902998739,0.8670354402823198,0.8671168291766005,0.860730157720429
Cholesky mechanism,28,320,8,0.7,0.15,144,208,320,diag,cholesky_gaussian_ar,cholesky,44,36,3,3,10,8.0,0.03,0.05,20.0,,0.0,1e-06,0.1071237299138199,0.11429744046055688,0.09998157561695509,0.18394947892009225,0.0014386196484050054,0.11285882081215186,112,0.23139767395644678,0.8714613086293902,0.8715998268477677,0.860730157720429
Cholesky mechanism,28,320,8,0.7,0.15,144,208,320,diag,log_euclidean_gaussian_ar,cholesky,44,36,3,3,10,8.0,0.03,0.05,20.0,,0.0,1e-06,0.1071320968420943,0.11549567424034447,0.09905593626551185,0.18440913859330976,0.0014386196484050054,0.11405705459193947,112,0.22739319060018645,0.8805972470508457,0.8808536924071497,0.860730157720429
Cholesky mechanism,28,320,8,0.7,0.15,144,208,320,diag,bwar_barycenter,cholesky,44,36,3,3,10,8.0,0.03,0.05,20.0,,0.0,1e-06,0.10681861595600586,0.11341314403759366,0.10143503896695888,0.18234667436308272,0.0014386196484050054,0.11197452438918866,112,0.2404835522887215,0.8647189868865183,0.86477047488759,0.860730157720429
Cholesky mechanism,29,320,8,0.7,0.15,144,208,320,diag,persistence,cholesky,44,36,3,3,10,8.0,0.03,0.05,20.0,,0.0,,0.12504674475593489,0.14805425249597537,,,0.0015946892192644515,0.14645956327671092,112,0.22976782276578292,1.0,1.0,1.0
Cholesky mechanism,29,320,8,0.7,0.15,144,208,320,diag,euclidean_gaussian_ar,cholesky,44,36,3,3,10,8.0,0.03,0.05,20.0,,0.0,1e-06,0.10981148119540879,0.12880233592805254,0.1199583052041901,0.20920597550677145,0.0013806637473257049,0.12742167218072686,112,0.2930031001495556,0.8699671489108618,0.8700126460160533,0.8657886004663243
Cholesky mechanism,29,320,8,0.7,0.15,144,208,320,diag,cholesky_gaussian_ar,cholesky,44,36,3,3,10,8.0,0.03,0.05,20.0,,0.0,1e-06,0.10842799886265521,0.1257961222480191,0.11259206136401936,0.20637325181329183,0.0013806637473257049,0.12441545850069337,112,0.275060459496593,0.8496623374694264,0.8494867505895202,0.8657886004663243
Cholesky mechanism,29,320,8,0.7,0.15,144,208,320,diag,log_euclidean_gaussian_ar,cholesky,44,36,3,3,10,8.0,0.03,0.05,20.0,,0.0,1e-06,0.1068315006082923,0.12656041760245307,0.11301299724502278,0.21405411279283254,0.0013806637473257049,0.12517975385512736,112,0.27199081276586357,0.854824602933262,0.8547052241212894,0.8657886004663243
Cholesky mechanism,29,320,8,0.7,0.15,144,208,320,diag,bwar_barycenter,cholesky,44,36,3,3,10,8.0,0.03,0.05,20.0,,0.0,1e-06,0.10789658905964561,0.12673329476663273,0.11736341847261725,0.2099541331678106,0.001380663747325705,0.12535263101930702,112,0.27728921217427366,0.8559922638498869,0.8558855988289008,0.8657886004663244
Cholesky mechanism,30,320,8,0.7,0.15,144,208,320,diag,persistence,cholesky,44,36,3,3,10,8.0,0.03,0.05,20.0,,0.0,,0.1110906670836225,0.11004227292231958,,,0.001758065087402742,0.10828420783491681,112,0.16387551662005492,1.0,1.0,1.0
Cholesky mechanism,30,320,8,0.7,0.15,144,208,320,diag,euclidean_gaussian_ar,cholesky,44,36,3,3,10,8.0,0.03,0.05,20.0,,0.0,1e-06,0.09885471080198116,0.09824409270405145,0.09267056367111044,0.15357502347011237,0.0015810647092010098,0.09666302799485045,112,0.24218537017960798,0.8927850188391089,0.8926789042241204,0.8993209185086419
Cholesky mechanism,30,320,8,0.7,0.15,144,208,320,diag,cholesky_gaussian_ar,cholesky,44,36,3,3,10,8.0,0.03,0.05,20.0,,0.0,1e-06,0.09830881809606955,0.09622139886846755,0.08920933087633226,0.1601169695813965,0.0015810647092010098,0.09464033415926654,112,0.21760091054831474,0.8744039568902,0.8739994136868892,0.8993209185086419
Cholesky mechanism,30,320,8,0.7,0.15,144,208,320,diag,log_euclidean_gaussian_ar,cholesky,44,36,3,3,10,8.0,0.03,0.05,20.0,,0.0,1e-06,0.098359061946329,0.095984446126211,0.08916407523152456,0.15973894017152798,0.0015810647092010098,0.09440338141700999,112,0.2160434439808991,0.8722506685586893,0.871811165307977,0.8993209185086419
Cholesky mechanism,30,320,8,0.7,0.15,144,208,320,diag,bwar_barycenter,cholesky,44,36,3,3,10,8.0,0.03,0.05,20.0,,0.0,1e-06,0.09776226745196785,0.09634672656345199,0.08917325807172771,0.15570558867593629,0.00158106470920101,0.09476566185425098,112,0.22634778762475924,0.875542861891489,0.8751568095573516,0.899320918508642
Cholesky mechanism,31,320,8,0.7,0.15,144,208,320,diag,persistence,cholesky,44,36,3,3,10,8.0,0.03,0.05,20.0,,0.0,,0.10853143597709647,0.1031750489218158,,,0.0017353999215380838,0.1014396490002777,112,0.17562956325547002,1.0,1.0,1.0
Cholesky mechanism,31,320,8,0.7,0.15,144,208,320,diag,euclidean_gaussian_ar,cholesky,44,36,3,3,10,8.0,0.03,0.05,20.0,,0.0,1e-06,0.09407596268075782,0.08937993914599418,0.08914249130054971,0.12704307952347318,0.0014402100040233916,0.08793972914197079,112,0.2555136229195586,0.8662941290556082,0.8669167333350103,0.829900927243868
Cholesky mechanism,31,320,8,0.7,0.15,144,208,320,diag,cholesky_gaussian_ar,cholesky,44,36,3,3,10,8.0,0.03,0.05,20.0,,0.0,1e-06,0.09359186088525184,0.0892054469895772,0.08291424303548037,0.12609070416188511,0.0014402100040233916,0.08776523698555382,112,0.22385311664274127,0.8646029046923496,0.8651965759987355,0.829900927243868
Cholesky mechanism,31,320,8,0.7,0.15,144,208,320,diag,log_euclidean_gaussian_ar,cholesky,44,36,3,3,10,8.0,0.03,0.05,20.0,,0.0,1e-06,0.09360952336993755,0.08918327672917133,0.08597525188365698,0.12648943940967045,0.0014402100040233916,0.08774306672514794,112,0.22347916567460593,0.8643880246352276,0.8649780198362844,0.829900927243868
Cholesky mechanism,31,320,8,0.7,0.15,144,208,320,diag,bwar_barycenter,cholesky,44,36,3,3,10,8.0,0.03,0.05,20.0,,0.0,1e-06,0.09334792634679269,0.08887834591170492,0.08702790324877477,0.12507481228688686,0.0014402100040233916,0.08743813590768153,112,0.23623468416531118,0.8614325540960522,0.8619719879693408,0.829900927243868
Cholesky mechanism,32,320,8,0.7,0.15,144,208,320,diag,persistence,cholesky,44,36,3,3,10,8.0,0.03,0.05,20.0,,0.0,,0.10395943071372464,0.09543164560428459,,,0.001722267967475211,0.09370937763680938,112,0.2122503595720893,1.0,1.0,1.0
Cholesky mechanism,32,320,8,0.7,0.15,144,208,320,diag,euclidean_gaussian_ar,cholesky,44,36,3,3,10,8.0,0.03,0.05,20.0,,0.0,1e-06,0.09207272948635958,0.08357323505934408,0.07920560613689073,0.12602322631261317,0.0015193034920584774,0.08205393156728559,112,0.27537546800472806,0.8757392218288637,0.875621348007486,0.882152789664739
Cholesky mechanism,32,320,8,0.7,0.15,144,208,320,diag,cholesky_gaussian_ar,cholesky,44,36,3,3,10,8.0,0.03,0.05,20.0,,0.0,1e-06,0.09209743923431926,0.08219991852518138,0.07775031175687108,0.12927113238496712,0.0015193034920584774,0.08068061503312292,112,0.2551534433998168,0.8613486438872732,0.8609662881960203,0.882152789664739
Cholesky mechanism,32,320,8,0.7,0.15,144,208,320,diag,log_euclidean_gaussian_ar,cholesky,44,36,3,3,10,8.0,0.03,0.05,20.0,,0.0,1e-06,0.09194580989451502,0.08238697497472645,0.07740996243202536,0.13124714074162558,0.0015193034920584774,0.08086767148266796,112,0.25165222425828404,0.8633087531189709,0.8629624219263073,0.882152789664739
Cholesky mechanism,32,320,8,0.7,0.15,144,208,320,diag,bwar_barycenter,cholesky,44,36,3,3,10,8.0,0.03,0.05,20.0,,0.0,1e-06,0.09097482301992557,0.08257491971267358,0.07887598435637716,0.13069881210685605,0.001519303492058477,0.08105561622061509,112,0.2593676785961986,0.8652781704622122,0.864968034840263,0.8821527896647388
Cholesky mechanism,33,320,8,0.7,0.15,144,208,320,diag,persistence,cholesky,44,36,3,3,10,8.0,0.03,0.05,20.0,,0.0,,0.12119344000116522,0.11962676220660685,,,0.0017845746458593442,0.1178421875607475,112,0.23450849958425568,1.0,1.0,1.0
Cholesky mechanism,33,320,8,0.7,0.15,144,208,320,diag,euclidean_gaussian_ar,cholesky,44,36,3,3,10,8.0,0.03,0.05,20.0,,0.0,1e-06,0.10328329900218025,0.10086582862413808,0.08858616245169851,0.16938430831746953,0.0014461428635965975,0.09941968576054148,112,0.317450781614981,0.84317109953986,0.8436680260139499,0.810357172198993
Cholesky mechanism,33,320,8,0.7,0.15,144,208,320,diag,cholesky_gaussian_ar,cholesky,44,36,3,3,10,8.0,0.03,0.05,20.0,,0.0,1e-06,0.10259971063448457,0.10005081034727263,0.09071935922114474,0.17317516630040874,0.0014461428635965975,0.09860466748367605,112,0.29542361361804526,0.8363580899604666,0.8367518418040693,0.810357172198993
Cholesky mechanism,33,320,8,0.7,0.15,144,208,320,diag,log_euclidean_gaussian_ar,cholesky,44,36,3,3,10,8.0,0.03,0.05,20.0,,0.0,1e-06,0.10282030399721323,0.10010929950846127,0.09306174713475189,0.17298077005467521,0.0014461428635965975,0.09866315664486468,112,0.29690145621913416,0.8368470203645815,0.8372481764563641,0.810357172198993
Cholesky mechanism,33,320,8,0.7,0.15,144,208,320,diag,bwar_barycenter,cholesky,44,36,3,3,10,8.0,0.03,0.05,20.0,,0.0,1e-06,0.10198842724484536,0.10001433224572572,0.09056144218533957,0.16446646580236002,0.0014461428635965975,0.09856818938212912,112,0.3011350057683371,0.8360531573444361,0.8364422913595128,0.810357172198993
Cholesky mechanism,34,320,8,0.7,0.15,144,208,320,diag,persistence,cholesky,44,36,3,3,10,8.0,0.03,0.05,20.0,,0.0,,0.11178860356246648,0.11181738252273422,,,0.0017516750011202335,0.11006570752161397,112,0.14515982479498069,1.0,1.0,1.0
Cholesky mechanism,34,320,8,0.7,0.15,144,208,320,diag,euclidean_gaussian_ar,cholesky,44,36,3,3,10,8.0,0.03,0.05,20.0,,0.0,1e-06,0.1015700175870251,0.09603149919174148,0.0936463202146212,0.14346110943129006,0.001471445431336205,0.09456005376040529,112,0.24328861759091158,0.8588244244781599,0.8591236624889383,0.8400219392268453
Cholesky mechanism,34,320,8,0.7,0.15,144,208,320,diag,cholesky_gaussian_ar,cholesky,44,36,3,3,10,8.0,0.03,0.05,20.0,,0.0,1e-06,0.10245248813229449,0.0951600573142007,0.08982178412406455,0.136277794992176,0.001471445431336205,0.0936886118828645,112,0.20409203813078752,0.8510309861246589,0.8512061930321626,0.8400219392268453
Cholesky mechanism,34,320,8,0.7,0.15,144,208,320,diag,log_euclidean_gaussian_ar,cholesky,44,36,3,3,10,8.0,0.03,0.05,20.0,,0.0,1e-06,0.1026993065540285,0.09470608917298844,0.08914720901736381,0.1359762433447547,0.001471445431336205,0.09323464374165223,112,0.19859077060066208,0.8469710794181147,0.8470816736751856,0.8400219392268453
Cholesky mechanism,34,320,8,0.7,0.15,144,208,320,diag,bwar_barycenter,cholesky,44,36,3,3,10,8.0,0.03,0.05,20.0,,0.0,1e-06,0.10115972238214099,0.09493773958336182,0.09046806800622978,0.14020151151657193,0.0014714454313362053,0.0934662941520256,112,0.2134101265891886,0.8490427645635462,0.8491863292994443,0.8400219392268454
Cholesky mechanism,35,320,8,0.7,0.15,144,208,320,diag,persistence,cholesky,44,36,3,3,10,8.0,0.03,0.05,20.0,,0.0,,0.12241920396774672,0.12206991841810473,,,0.0018409964555737015,0.12022892196253103,112,0.23496435876155652,1.0,1.0,1.0
Cholesky mechanism,35,320,8,0.7,0.15,144,208,320,diag,euclidean_gaussian_ar,cholesky,44,36,3,3,10,8.0,0.03,0.05,20.0,,0.0,1e-06,0.10466066995005269,0.10655182679638633,0.09798212030116854,0.1577857804502392,0.0015267980199505946,0.10502502877643574,112,0.26713688589172135,0.872875383036081,0.8735421316442185,0.8293324060066185
Cholesky mechanism,35,320,8,0.7,0.15,144,208,320,diag,cholesky_gaussian_ar,cholesky,44,36,3,3,10,8.0,0.03,0.05,20.0,,0.0,1e-06,0.10518004232528576,0.10561903661325545,0.100801294205903,0.16052120038606021,0.0015267980199505946,0.10409223859330487,112,0.2708014808470602,0.8652339411868618,0.8657836807831055,0.8293324060066185
Cholesky mechanism,35,320,8,0.7,0.15,144,208,320,diag,log_euclidean_gaussian_ar,cholesky,44,36,3,3,10,8.0,0.03,0.05,20.0,,0.0,1e-06,0.10546534706811628,0.10644655735103113,0.10094949653840044,0.16099655464955664,0.0015267980199505946,0.10491975933108054,112,0.2696407393518774,0.8720130129557256,0.8726665565859307,0.8293324060066185
Cholesky mechanism,35,320,8,0.7,0.15,144,208,320,diag,bwar_barycenter,cholesky,44,36,3,3,10,8.0,0.03,0.05,20.0,,0.0,1e-06,0.10434102148715191,0.10631095287431018,0.10157584587949825,0.16124037324579057,0.0015267980199505943,0.10478415485435957,112,0.2730756949206812,0.8709021374961674,0.8715386709282417,0.8293324060066184
Cholesky mechanism,36,320,8,0.7,0.15,144,208,320,diag,persistence,cholesky,44,36,3,3,10,8.0,0.03,0.05,20.0,,0.0,,0.12107728028249642,0.12602835891741088,,,0.001597508968726039,0.12443084994868482,112,0.17326677485429343,1.0,1.0,1.0
Cholesky mechanism,36,320,8,0.7,0.15,144,208,320,diag,euclidean_gaussian_ar,cholesky,44,36,3,3,10,8.0,0.03,0.05,20.0,,0.0,1e-06,0.10411265482634069,0.10851860140196176,0.10406261588746937,0.17697777351758595,0.0013339005261679881,0.10718470087579378,112,0.24168605206021862,0.8610649407335087,0.8613997326225503,0.834987816833185
Cholesky mechanism,36,320,8,0.7,0.15,144,208,320,diag,cholesky_gaussian_ar,cholesky,44,36,3,3,10,8.0,0.03,0.05,20.0,,0.0,1e-06,0.10328797692045671,0.10761705184157878,0.09864763847674846,0.16819718024319244,0.0013339005261679881,0.1062831513154108,112,0.2172803550845859,0.8539113955463197,0.8541543464441647,0.834987816833185
Cholesky mechanism,36,320,8,0.7,0.15,144,208,320,diag,log_euclidean_gaussian_ar,cholesky,44,36,3,3,10,8.0,0.03,0.05,20.0,,0.0,1e-06,0.10408727345367258,0.10809081208591491,0.10072993316567826,0.1695219829647969,0.0013339005261679881,0.10675691155974694,112,0.21500873888887,0.857670551409379,0.8579617643355599,0.834987816833185
Cholesky mechanism,36,320,8,0.7,0.15,144,208,320,diag,bwar_barycenter,cholesky,44,36,3,3,10,8.0,0.03,0.05,20.0,,0.0,1e-06,0.10363254555239505,0.10780649455896288,0.10037177853199158,0.1692994792527957,0.001333900526167988,0.1064725940327949,112,0.2229995986167228,0.8554145708555232,0.8556768203118769,0.8349878168331849
Cholesky mechanism,37,320,8,0.7,0.15,144,208,320,diag,persistence,cholesky,44,36,3,3,10,8.0,0.03,0.05,20.0,,0.0,,0.11378996088006776,0.12798449929120986,,,0.0018267558564957595,0.12615774343471411,112,0.21771511286123657,1.0,1.0,1.0
Cholesky mechanism,37,320,8,0.7,0.15,144,208,320,diag,euclidean_gaussian_ar,cholesky,44,36,3,3,10,8.0,0.03,0.05,20.0,,0.0,1e-06,0.09748778261838276,0.11055146322114119,0.09942778912105787,0.17811559896631177,0.0015518101221227204,0.10899965309901848,112,0.29866726135843774,0.8637879105156135,0.8639949489539273,0.8494896111073849
Cholesky mechanism,37,320,8,0.7,0.15,144,208,320,diag,cholesky_gaussian_ar,cholesky,44,36,3,3,10,8.0,0.03,0.05,20.0,,0.0,1e-06,0.09633361608990092,0.11135573175429093,0.09765842851503054,0.18947625414204114,0.0015518101221227204,0.10980392163216823,112,0.27154198110719846,0.8700720194319578,0.8703700513555168,0.8494896111073849
Cholesky mechanism,37,320,8,0.7,0.15,144,208,320,diag,log_euclidean_gaussian_ar,cholesky,44,36,3,3,10,8.0,0.03,0.05,20.0,,0.0,1e-06,0.09633564432590237,0.11172127357197482,0.0968488951189464,0.19019089260646382,0.0015518101221227204,0.11016946344985211,112,0.27467308511689004,0.8729281607592927,0.8732675494220785,0.8494896111073849
Cholesky mechanism,37,320,8,0.7,0.15,144,208,320,diag,bwar_barycenter,cholesky,44,36,3,3,10,8.0,0.03,0.05,20.0,,0.0,1e-06,0.09619187654614514,0.11070168884946273,0.09547124371413332,0.18588195632470814,0.00155181012212272,0.10914987872734001,112,0.2795562373391519,0.8649616903807809,0.8651857250746121,0.8494896111073845
Cholesky mechanism,38,320,8,0.7,0.15,144,208,320,diag,persistence,cholesky,44,36,3,3,10,8.0,0.03,0.05,20.0,,0.0,,0.10400825052271703,0.11202404578813238,,,0.0016376173203853518,0.11038642846774703,112,0.14752230948264042,1.0,1.0,1.0
Cholesky mechanism,38,320,8,0.7,0.15,144,208,320,diag,euclidean_gaussian_ar,cholesky,44,36,3,3,10,8.0,0.03,0.05,20.0,,0.0,1e-06,0.092458002971397,0.09530707724113008,0.09004017222216856,0.14092133573638496,0.0013728811174403162,0.09393419612368976,112,0.22115826484021286,0.8507733903967494,0.8509578344690777,0.8383406186234401
Cholesky mechanism,38,320,8,0.7,0.15,144,208,320,diag,cholesky_gaussian_ar,cholesky,44,36,3,3,10,8.0,0.03,0.05,20.0,,0.0,1e-06,0.0894556185927898,0.09754250867826508,0.09455258154400023,0.14971964441989466,0.0013728811174403162,0.09616962756082477,112,0.19202034194041231,0.8707283154434916,0.8712087970934203,0.8383406186234401
Cholesky mechanism,38,320,8,0.7,0.15,144,208,320,diag,log_euclidean_gaussian_ar,cholesky,44,36,3,3,10,8.0,0.03,0.05,20.0,,0.0,1e-06,0.08987503026087978,0.09705219109850273,0.09361149968248794,0.1468419045051301,0.0013728811174403162,0.09567930998106242,112,0.1942493434192892,0.8663514196055242,0.8667669686316396,0.8383406186234401
Cholesky mechanism,38,320,8,0.7,0.15,144,208,320,diag,bwar_barycenter,cholesky,44,36,3,3,10,8.0,0.03,0.05,20.0,,0.0,1e-06,0.09023137282509677,0.09602030021952494,0.08963928131584345,0.14086933806913915,0.001372881117440316,0.09464741910208464,112,0.2053691568508351,0.8571400858091233,0.8574189818066172,0.83834061862344
Cholesky mechanism,39,320,8,0.7,0.15,144,208,320,diag,persistence,cholesky,44,36,3,3,10,8.0,0.03,0.05,20.0,,0.0,,0.10800560826815123,0.11085690032579668,,,0.001513270174743069,0.10934363015105361,112,0.13969443626045464,1.0,1.0,1.0
Cholesky mechanism,39,320,8,0.7,0.15,144,208,320,diag,euclidean_gaussian_ar,cholesky,44,36,3,3,10,8.0,0.03,0.05,20.0,,0.0,1e-06,0.09203255674541888,0.09889741158425254,0.09089059825085632,0.15899319104228954,0.0012661943188990582,0.09763121726535348,112,0.21985776623820755,0.892117777906504,0.8928843603461863,0.8367272018124849
Cholesky mechanism,39,320,8,0.7,0.15,144,208,320,diag,cholesky_gaussian_ar,cholesky,44,36,3,3,10,8.0,0.03,0.05,20.0,,0.0,1e-06,0.09030944568422997,0.09928621087580715,0.08926298129450133,0.1653504430675644,0.0012661943188990582,0.09802001655690808,112,0.18378952426462844,0.8956249956837644,0.8964401165527206,0.8367272018124849
Cholesky mechanism,39,320,8,0.7,0.15,144,208,320,diag,log_euclidean_gaussian_ar,cholesky,44,36,3,3,10,8.0,0.03,0.05,20.0,,0.0,1e-06,0.09158529570314015,0.10050029700985316,0.08954396909394524,0.1634988055694512,0.0012661943188990582,0.0992341026909541,112,0.1924959017611303,0.9065768275542023,0.907543517202295,0.8367272018124849
Cholesky mechanism,39,320,8,0.7,0.15,144,208,320,diag,bwar_barycenter,cholesky,44,36,3,3,10,8.0,0.03,0.05,20.0,,0.0,1e-06,0.09112438334552947,0.09841657225765009,0.0937696805658676,0.16305359973631114,0.0012661943188990584,0.09715037793875103,112,0.20293485333101494,0.8877803002647036,0.8884868538253383,0.836727201812485
Cholesky mechanism,40,320,8,0.7,0.15,144,208,320,diag,persistence,cholesky,44,36,3,3,10,8.0,0.03,0.05,20.0,,0.0,,0.13826217754614226,0.13640052143448397,,,0.0016889249605637616,0.13471159647392023,112,0.17372394477018055,1.0,1.0,1.0
Cholesky mechanism,40,320,8,0.7,0.15,144,208,320,diag,euclidean_gaussian_ar,cholesky,44,36,3,3,10,8.0,0.03,0.05,20.0,,0.0,1e-06,0.11673681849013609,0.11755190230244938,0.10520357738753428,0.2018808042055372,0.0015032878535873133,0.11604861444886207,112,0.2631711050490432,0.86181417098843,0.8614597220019491,0.8900856394978716
Cholesky mechanism,40,320,8,0.7,0.15,144,208,320,diag,cholesky_gaussian_ar,cholesky,44,36,3,3,10,8.0,0.03,0.05,20.0,,0.0,0.0001,0.11675955350447403,0.11549777657435244,0.10181717921196065,0.19591702004747566,0.0015584275461902723,0.11393934902816216,112,0.21645405032511222,0.8467546557718142,0.8458020839372985,0.9227334443977135
Cholesky mechanism,40,320,8,0.7,0.15,144,208,320,diag,log_euclidean_gaussian_ar,cholesky,44,36,3,3,10,8.0,0.03,0.05,20.0,,0.0,1e-06,0.11662793117612114,0.11587944631297072,0.10282426085975267,0.19057478147888232,0.0015032878535873133,0.1143761584593834,112,0.22106762205386488,0.8495528103140723,0.8490446364914567,0.8900856394978716
Cholesky mechanism,40,320,8,0.7,0.15,144,208,320,diag,bwar_barycenter,cholesky,44,36,3,3,10,8.0,0.03,0.05,20.0,,0.0,1e-06,0.1156206009120937,0.11579852800455047,0.10178983443529854,0.19450719183767642,0.0015032878535873129,0.11429524015096315,112,0.23573198201501044,0.848959569851578,0.8484439583721389,0.8900856394978713
Cholesky mechanism,41,320,8,0.7,0.15,144,208,320,diag,persistence,cholesky,44,36,3,3,10,8.0,0.03,0.05,20.0,,0.0,,0.10347480813353038,0.1036817944837859,,,0.0019872690090608288,0.10169452547472509,112,0.19147946643657573,1.0,1.0,1.0
Cholesky mechanism,41,320,8,0.7,0.15,144,208,320,diag,euclidean_gaussian_ar,cholesky,44,36,3,3,10,8.0,0.03,0.05,20.0,,0.0,1e-06,0.08934226432479464,0.09039314710775247,0.08171005399559453,0.14217077376674214,0.0016805619572955479,0.08871258515045691,112,0.2643212829178883,0.8718323940842715,0.8723437641931405,0.8456640493225279
Cholesky mechanism,41,320,8,0.7,0.15,144,208,320,diag,cholesky_gaussian_ar,cholesky,44,36,3,3,10,8.0,0.03,0.05,20.0,,0.0,1e-06,0.09006597532637084,0.09088071758791834,0.08364709888578653,0.13869618490705765,0.0016805619572955479,0.08920015563062278,112,0.23942785133742572,0.8765349600708403,0.8771382256244695,0.8456640493225279
Cholesky mechanism,41,320,8,0.7,0.15,144,208,320,diag,log_euclidean_gaussian_ar,cholesky,44,36,3,3,10,8.0,0.03,0.05,20.0,,0.0,1e-06,0.08961238536427626,0.09084084831450212,0.07906924986308594,0.13922495178154018,0.0016805619572955479,0.08916028635720656,112,0.23832791869863632,0.8761504251231697,0.8767461762665508,0.8456640493225279
Cholesky mechanism,41,320,8,0.7,0.15,144,208,320,diag,bwar_barycenter,cholesky,44,36,3,3,10,8.0,0.03,0.05,20.0,,0.0,1e-06,0.08857416574389607,0.0900825735467374,0.08075476402779899,0.14068791765909633,0.0016805619572955485,0.08840201158944186,112,0.24842951096337906,0.8688369447620317,0.869289779137748,0.8456640493225283
Cholesky mechanism,42,320,8,0.7,0.15,144,208,320,diag,persistence,cholesky,44,36,3,3,10,8.0,0.03,0.05,20.0,,0.0,,0.1234020405703254,0.12891257226103123,,,0.001701779794784582,0.12721079246624664,112,0.20238576429117816,1.0,1.0,1.0
Cholesky mechanism,42,320,8,0.7,0.15,144,208,320,diag,euclidean_gaussian_ar,cholesky,44,36,3,3,10,8.0,0.03,0.05,20.0,,0.0,1e-06,0.10838091978471828,0.10983122513704933,0.10426467414524196,0.1586213599878678,0.0014199673552132152,0.10841125778183612,112,0.300057062096242,0.851982263720992,0.8522174548248438,0.8344013482619591
Cholesky mechanism,42,320,8,0.7,0.15,144,208,320,diag,cholesky_gaussian_ar,cholesky,44,36,3,3,10,8.0,0.03,0.05,20.0,,0.0,1e-06,0.10571501562994867,0.1089106670196748,0.10505395643407635,0.15150979791647853,0.0014199673552132152,0.10749069966446158,112,0.26184532711059155,0.8448413146170479,0.8449809766964743,0.8344013482619591
Cholesky mechanism,42,320,8,0.7,0.15,144,208,320,diag,log_euclidean_gaussian_ar,cholesky,44,36,3,3,10,8.0,0.03,0.05,20.0,,0.0,1e-06,0.10523188513448742,0.10891641064052407,0.10327047416170221,0.15035183669902613,0.0014199673552132152,0.10749644328531087,112,0.2610997795448735,0.8448858690057202,0.845026127117582,0.8344013482619591
Cholesky mechanism,42,320,8,0.7,0.15,144,208,320,diag,bwar_barycenter,cholesky,44,36,3,3,10,8.0,0.03,0.05,20.0,,0.0,1e-06,0.10585931529092443,0.10870105765954874,0.10379407809073127,0.15677759228829644,0.0014199673552132152,0.10728109030433554,112,0.27167007125215237,0.8432153338732796,0.8433332441726662,0.8344013482619591
Cholesky mechanism,43,320,8,0.7,0.15,144,208,320,diag,persistence,cholesky,44,36,3,3,10,8.0,0.03,0.05,20.0,,0.0,,0.12883595144748525,0.12793283075690604,,,0.0016324054707598235,0.12630042528614618,112,0.23705093907645314,1.0,1.0,1.0
Cholesky mechanism,43,320,8,0.7,0.15,144,208,320,diag,euclidean_gaussian_ar,cholesky,44,36,3,3,10,8.0,0.03,0.05,20.0,,0.0,1e-06,0.1106513354967231,0.10983003157126243,0.10201255324908758,0.1759414266484768,0.001388824175168734,0.10844120739609371,112,0.30692408350539235,0.8584976266175023,0.8585973257842114,0.8507838279433654
Cholesky mechanism,43,320,8,0.7,0.15,144,208,320,diag,cholesky_gaussian_ar,cholesky,44,36,3,3,10,8.0,0.03,0.05,20.0,,0.0,1e-06,0.1101356300505941,0.10700491743557669,0.10161566496429941,0.17003619745428972,0.001388824175168734,0.10561609326040793,112,0.2776102097365492,0.8364148342727137,0.8362291181611159,0.8507838279433654
Cholesky mechanism,43,320,8,0.7,0.15,144,208,320,diag,log_euclidean_gaussian_ar,cholesky,44,36,3,3,10,8.0,0.03,0.05,20.0,,0.0,1e-06,0.11138969361388303,0.10702931277643628,0.09949129882545099,0.16864391538026466,0.001388824175168734,0.10564048860126754,112,0.2799726642109753,0.8366055229389087,0.8364222714367627,0.8507838279433654
Cholesky mechanism,43,320,8,0.7,0.15,144,208,320,diag,bwar_barycenter,cholesky,44,36,3,3,10,8.0,0.03,0.05,20.0,,0.0,1e-06,0.11062643626438973,0.1076767024146742,0.10045409822585201,0.1696703526798909,0.0013888241751687336,0.10628787823950546,112,0.2854691316897199,0.8416659099748844,0.8415480628723118,0.8507838279433652
Cholesky mechanism,44,320,8,0.7,0.15,144,208,320,diag,persistence,cholesky,44,36,3,3,10,8.0,0.03,0.05,20.0,,0.0,,0.12077315854429807,0.11833191321505633,,,0.0015187114763779877,0.11681320173867836,112,0.22839807437445517,1.0,1.0,1.0
Cholesky mechanism,44,320,8,0.7,0.15,144,208,320,diag,euclidean_gaussian_ar,cholesky,44,36,3,3,10,8.0,0.03,0.05,20.0,,0.0,1e-06,0.10762465763853474,0.1019760094819228,0.09765067829386488,0.15008878087112443,0.0013909353433717902,0.10058507413855101,112,0.30321172294604704,0.8617794364280384,0.8610762537231782,0.9158654326423252
Cholesky mechanism,44,320,8,0.7,0.15,144,208,320,diag,cholesky_gaussian_ar,cholesky,44,36,3,3,10,8.0,0.03,0.05,20.0,,0.0,1e-06,0.1096762429371935,0.10157100461904574,0.09734624428987684,0.14976058878151385,0.0013909353433717902,0.10018006927567395,112,0.2728315022106971,0.8583568190472055,0.8576091382186902,0.9158654326423252
Cholesky mechanism,44,320,8,0.7,0.15,144,208,320,diag,log_euclidean_gaussian_ar,cholesky,44,36,3,3,10,8.0,0.03,0.05,20.0,,0.0,1e-06,0.1091948145053502,0.1018144943976579,0.10007079123691123,0.15083089289012044,0.0013909353433717902,0.10042355905428611,112,0.28049162309763415,0.8604145038424277,0.8596935753797986,0.9158654326423252
Cholesky mechanism,44,320,8,0.7,0.15,144,208,320,diag,bwar_barycenter,cholesky,44,36,3,3,10,8.0,0.03,0.05,20.0,,0.0,1e-06,0.10778812127925674,0.10124376726809946,0.0991083577541371,0.14881332854880583,0.0013909353433717898,0.09985283192472767,112,0.28493255078558916,0.8555913997950757,0.8548077652054041,0.915865432642325
Cholesky mechanism,45,320,8,0.7,0.15,144,208,320,diag,persistence,cholesky,44,36,3,3,10,8.0,0.03,0.05,20.0,,0.0,,0.12129255573677133,0.12058923878213604,,,0.0017321514218306372,0.11885708736030541,112,0.16655276048242385,1.0,1.0,1.0
Cholesky mechanism,45,320,8,0.7,0.15,144,208,320,diag,euclidean_gaussian_ar,cholesky,44,36,3,3,10,8.0,0.03,0.05,20.0,,0.0,1e-06,0.10332534970054147,0.10527154552241076,0.09724544139868366,0.1634557960865993,0.0014722317476520686,0.10379931377475869,112,0.2779911167870486,0.8729762836682371,0.8733119419298883,0.8499440228476847
Cholesky mechanism,45,320,8,0.7,0.15,144,208,320,diag,cholesky_gaussian_ar,cholesky,44,36,3,3,10,8.0,0.03,0.05,20.0,,0.0,1e-06,0.10563906051892988,0.10451098720667347,0.09632233471743998,0.16480524013074366,0.0014722317476520686,0.1030387554590214,112,0.23279187461799142,0.8666692671929829,0.8669130108048833,0.8499440228476847
Cholesky mechanism,45,320,8,0.7,0.15,144,208,320,diag,log_euclidean_gaussian_ar,cholesky,44,36,3,3,10,8.0,0.03,0.05,20.0,,0.0,1e-06,0.10604937982845936,0.10441913194284161,0.09586732874222778,0.16671478805342746,0.0014722317476520686,0.10294690019518955,112,0.2326603130766376,0.8659075469536022,0.8661401897146828,0.8499440228476847
Cholesky mechanism,45,320,8,0.7,0.15,144,208,320,diag,bwar_barycenter,cholesky,44,36,3,3,10,8.0,0.03,0.05,20.0,,0.0,1e-06,0.10391357564208573,0.104071566615306,0.09666779652271962,0.1653715697121623,0.001472231747652069,0.10259933486765392,112,0.2469523775156372,0.863025321880737,0.8632159608339766,0.8499440228476849
Cholesky mechanism,46,320,8,0.7,0.15,144,208,320,diag,persistence,cholesky,44,36,3,3,10,8.0,0.03,0.05,20.0,,0.0,,0.11714604954414254,0.1185682511093743,,,0.0017465745710496439,0.11682167653832465,112,0.15622790407809917,1.0,1.0,1.0
Cholesky mechanism,46,320,8,0.7,0.15,144,208,320,diag,euclidean_gaussian_ar,cholesky,44,36,3,3,10,8.0,0.03,0.05,20.0,,0.0,1e-06,0.1039516762945891,0.10276772520675037,0.09647146219800813,0.163104729292419,0.0014344261878717936,0.1013332990188786,112,0.23366556948456038,0.8667389815166574,0.8674186334385903,0.8212796703033083
Cholesky mechanism,46,320,8,0.7,0.15,144,208,320,diag,cholesky_gaussian_ar,cholesky,44,36,3,3,10,8.0,0.03,0.05,20.0,,0.0,1e-06,0.1030345634971313,0.10228653649088053,0.09551654636879404,0.1653533233876707,0.0014344261878717936,0.10085211030300875,112,0.2038740736767215,0.8626806546764819,0.863299631467993,0.8212796703033083
Cholesky mechanism,46,320,8,0.7,0.15,144,208,320,diag,log_euclidean_gaussian_ar,cholesky,44,36,3,3,10,8.0,0.03,0.05,20.0,,0.0,1e-06,0.10320876435450599,0.10236991946166007,0.09565955444378124,0.16593927586741133,0.0014344261878717936,0.10093549327378828,112,0.20477591421956254,0.863383903396096,0.8640133943008024,0.8212796703033083
Cholesky mechanism,46,320,8,0.7,0.15,144,208,320,diag,bwar_barycenter,cholesky,44,36,3,3,10,8.0,0.03,0.05,20.0,,0.0,1e-06,0.10273277669691144,0.10188079293560148,0.09495266259598095,0.16196654466734173,0.0014344261878717936,0.1004463667477297,112,0.2132233758559992,0.8592586293747444,0.8598264442368037,0.8212796703033083
Cholesky mechanism,47,320,8,0.7,0.15,144,208,320,diag,persistence,cholesky,44,36,3,3,10,8.0,0.03,0.05,20.0,,0.0,,0.09951702404864785,0.10716296587810915,,,0.001435449026322436,0.10572751685178672,112,0.19690612038906322,1.0,1.0,1.0
Cholesky mechanism,47,320,8,0.7,0.15,144,208,320,diag,euclidean_gaussian_ar,cholesky,44,36,3,3,10,8.0,0.03,0.05,20.0,,0.0,1e-06,0.08740776940740126,0.09011792306958176,0.08239464949649988,0.13121348092796198,0.0012200951735178655,0.08889782789606389,112,0.26375801326933546,0.8409427858882236,0.8408201624623853,0.849974573213304
Cholesky mechanism,47,320,8,0.7,0.15,144,208,320,diag,cholesky_gaussian_ar,cholesky,44,36,3,3,10,8.0,0.03,0.05,20.0,,0.0,1e-06,0.08799739896666325,0.09085874042594407,0.08234541595713907,0.13592183931835902,0.0012200951735178655,0.0896386452524262,112,0.24226612922673152,0.8478557837722588,0.8478270172379573,0.849974573213304
Cholesky mechanism,47,320,8,0.7,0.15,144,208,320,diag,log_euclidean_gaussian_ar,cholesky,44,36,3,3,10,8.0,0.03,0.05,20.0,,0.0,1e-06,0.08815600515814258,0.09107780402178796,0.08317453264234193,0.13484055606134043,0.0012200951735178655,0.08985770884827009,112,0.2362484851546175,0.8498999936730287,0.849898981116112,0.849974573213304
Cholesky mechanism,47,320,8,0.7,0.15,144,208,320,diag,bwar_barycenter,cholesky,44,36,3,3,10,8.0,0.03,0.05,20.0,,0.0,1e-06,0.08721144179575141,0.09015135840246773,0.08215018855849981,0.1329853773154054,0.0012200951735178655,0.08893126322894987,112,0.244461979017936,0.8412547904376684,0.8411364030578478,0.849974573213304
Cholesky mechanism,48,320,8,0.7,0.15,144,208,320,diag,persistence,cholesky,44,36,3,3,10,8.0,0.03,0.05,20.0,,0.0,,0.13432802726871138,0.11786384391112091,,,0.0014498517759476775,0.11641399213517323,112,0.16340388473882164,1.0,1.0,1.0
Cholesky mechanism,48,320,8,0.7,0.15,144,208,320,diag,euclidean_gaussian_ar,cholesky,44,36,3,3,10,8.0,0.03,0.05,20.0,,0.0,1e-06,0.11710391461925784,0.10196737890239736,0.09580145222684991,0.1656621182721276,0.0012355440282280355,0.10073183487416933,112,0.25852172825942743,0.8651285713987845,0.865289756210794,0.852186443279995
Cholesky mechanism,48,320,8,0.7,0.15,144,208,320,diag,cholesky_gaussian_ar,cholesky,44,36,3,3,10,8.0,0.03,0.05,20.0,,0.0,1e-06,0.11836609561308617,0.1018015372214214,0.09217977232654023,0.16774001933428195,0.0012355440282280355,0.10056599319319338,112,0.2353116727071194,0.8637215098651304,0.8638651707470176,0.852186443279995
Cholesky mechanism,48,320,8,0.7,0.15,144,208,320,diag,log_euclidean_gaussian_ar,cholesky,44,36,3,3,10,8.0,0.03,0.05,20.0,,0.0,1e-06,0.11844028277709447,0.10234841055955084,0.09247103535945195,0.16620032159098386,0.0012355440282280355,0.1011128665313228,112,0.2374430808372538,0.8683613834682841,0.8685628306081657,0.852186443279995
Cholesky mechanism,48,320,8,0.7,0.15,144,208,320,diag,bwar_barycenter,cholesky,44,36,3,3,10,8.0,0.03,0.05,20.0,,0.0,1e-06,0.11715938003744278,0.10153166068835813,0.09224312949423845,0.16706094976686928,0.001235544028228035,0.1002961166601301,112,0.2437757735109141,0.8614317785607043,0.8615469225011373,0.8521864432799947
Cholesky mechanism,49,320,8,0.7,0.15,144,208,320,diag,persistence,cholesky,44,36,3,3,10,8.0,0.03,0.05,20.0,,0.0,,0.11740659546554166,0.1275433883859293,,,0.001819686011140665,0.12572370237478864,112,0.20491306741395843,1.0,1.0,1.0
Cholesky mechanism,49,320,8,0.7,0.15,144,208,320,diag,euclidean_gaussian_ar,cholesky,44,36,3,3,10,8.0,0.03,0.05,20.0,,0.0,0.0001,0.10299260485369316,0.10841373981874873,0.09484791408085366,0.16194589266833065,0.0015672558472008917,0.10684648397154785,112,0.286198812143702,0.8500145808476031,0.8498515550634449,0.8612781752487407
Cholesky mechanism,49,320,8,0.7,0.15,144,208,320,diag,cholesky_gaussian_ar,cholesky,44,36,3,3,10,8.0,0.03,0.05,20.0,,0.0,1e-06,0.10223273975578732,0.1085967039309369,0.09576377241398285,0.16905230083014688,0.0015325455364496253,0.10706415839448728,112,0.259732961983025,0.8514491053220081,0.8515829264661939,0.8422032851090356
Cholesky mechanism,49,320,8,0.7,0.15,144,208,320,diag,log_euclidean_gaussian_ar,cholesky,44,36,3,3,10,8.0,0.03,0.05,20.0,,0.0,1e-06,0.10305684664179321,0.10920459180764595,0.09706243586728375,0.16736316080975444,0.0015325455364496253,0.10767204627119634,112,0.26082695355978947,0.8562152314568232,0.8564180360376327,0.8422032851090356
Cholesky mechanism,49,320,8,0.7,0.15,144,208,320,diag,bwar_barycenter,cholesky,44,36,3,3,10,8.0,0.03,0.05,20.0,,0.0,1e-06,0.10210798029474598,0.10798073595258138,0.093843472556181,0.1668527503096327,0.0015325455364496245,0.10644819041613175,112,0.26791215587349354,0.846619627399627,0.8466835481729958,0.8422032851090352
Cholesky mechanism,50,320,8,0.7,0.15,144,208,320,diag,persistence,cholesky,44,36,3,3,10,8.0,0.03,0.05,20.0,,0.0,,0.14511122261623732,0.12749038157691964,,,0.001690992180236471,0.12579938939668317,112,0.1967618932201395,1.0,1.0,1.0
Cholesky mechanism,50,320,8,0.7,0.15,144,208,320,diag,euclidean_gaussian_ar,cholesky,44,36,3,3,10,8.0,0.03,0.05,20.0,,0.0,1e-06,0.12494950566588131,0.1094619950683567,0.10511050802015526,0.16547917726887337,0.0014076268324875938,0.10805436823586911,112,0.25330247271863626,0.8585902223715147,0.8589419134232942,0.8324265770943713
Cholesky mechanism,50,320,8,0.7,0.15,144,208,320,diag,cholesky_gaussian_ar,cholesky,44,36,3,3,10,8.0,0.03,0.05,20.0,,0.0,1e-06,0.12644963797117337,0.10965609499585881,0.10040863372379388,0.16823707310655397,0.0014076268324875938,0.1082484681633712,112,0.22937007432579204,0.8601126895968952,0.860484845614245,0.8324265770943713
Cholesky mechanism,50,320,8,0.7,0.15,144,208,320,diag,log_euclidean_gaussian_ar,cholesky,44,36,3,3,10,8.0,0.03,0.05,20.0,,0.0,1e-06,0.12758738596636646,0.1093961391640358,0.09763464639546035,0.17056800423148824,0.0014076268324875938,0.1079885123315482,112,0.23327377519615705,0.8580736665066226,0.8584184140276553,0.8324265770943713
Cholesky mechanism,50,320,8,0.7,0.15,144,208,320,diag,bwar_barycenter,cholesky,44,36,3,3,10,8.0,0.03,0.05,20.0,,0.0,1e-06,0.12537255090132454,0.10840230528554537,0.09640105404160801,0.1673443061448485,0.0014076268324875942,0.10699467845305777,112,0.23828802345138128,0.8502783029176383,0.8505182653603468,0.8324265770943715
Cholesky mechanism,51,320,8,0.7,0.15,144,208,320,diag,persistence,cholesky,44,36,3,3,10,8.0,0.03,0.05,20.0,,0.0,,0.12649517549516728,0.12547115618146867,,,0.0017697983230577623,0.1237013578584109,112,0.1862991548449952,1.0,1.0,1.0
Cholesky mechanism,51,320,8,0.7,0.15,144,208,320,diag,euclidean_gaussian_ar,cholesky,44,36,3,3,10,8.0,0.03,0.05,20.0,,0.0,1e-06,0.10881936102675407,0.10629144912323367,0.10017655418165368,0.16323987069437765,0.0014923777976751543,0.10479907132555852,112,0.27478504543370014,0.8471385165966318,0.8471941871932561,0.8432473792249414
Cholesky mechanism,51,320,8,0.7,0.15,144,208,320,diag,cholesky_gaussian_ar,cholesky,44,36,3,3,10,8.0,0.03,0.05,20.0,,0.0,1e-06,0.10919885161047167,0.10632406579039168,0.10336765597635095,0.16697569504069681,0.0014923777976751543,0.10483168799271654,112,0.23843449214084841,0.8473984701042796,0.8474578598620344,0.8432473792249414
Cholesky mechanism,51,320,8,0.7,0.15,144,208,320,diag,log_euclidean_gaussian_ar,cholesky,44,36,3,3,10,8.0,0.03,0.05,20.0,,0.0,1e-06,0.10917279566003277,0.10609333793894275,0.10162948808478608,0.16917346172459555,0.0014923777976751543,0.1046009601412676,112,0.24489770311271306,0.8455595785337323,0.8455926592252472,0.8432473792249414
Cholesky mechanism,51,320,8,0.7,0.15,144,208,320,diag,bwar_barycenter,cholesky,44,36,3,3,10,8.0,0.03,0.05,20.0,,0.0,1e-06,0.10829872527153213,0.1054837146352369,0.10156775946458993,0.162041677455865,0.0014923777976751543,0.10399133683756175,112,0.25749871544481595,0.840700905654173,0.8406644731951178,0.8432473792249414
Cholesky mechanism,52,320,8,0.7,0.15,144,208,320,diag,persistence,cholesky,44,36,3,3,10,8.0,0.03,0.05,20.0,,0.0,,0.08841543773474253,0.08509954976584666,,,0.0016805246407015193,0.08341902512514517,112,0.17802339801311107,1.0,1.0,1.0
Cholesky mechanism,52,320,8,0.7,0.15,144,208,320,diag,euclidean_gaussian_ar,cholesky,44,36,3,3,10,8.0,0.03,0.05,20.0,,0.0,1e-06,0.08380681586170688,0.07435117266596779,0.06998340083478505,0.11450835003164068,0.0014213619901800782,0.07292981067578772,112,0.25467954226991846,0.8736964281308975,0.8742587265480322,0.8457846768534998
Cholesky mechanism,52,320,8,0.7,0.15,144,208,320,diag,cholesky_gaussian_ar,cholesky,44,36,3,3,10,8.0,0.03,0.05,20.0,,0.0,1e-06,0.07923538447504397,0.07364237626774116,0.07083025035204428,0.10934939336920543,0.0014213619901800782,0.07222101427756107,112,0.23075811120013365,0.8653674017121104,0.8657619070615504,0.8457846768534998
Cholesky mechanism,52,320,8,0.7,0.15,144,208,320,diag,log_euclidean_gaussian_ar,cholesky,44,36,3,3,10,8.0,0.03,0.05,20.0,,0.0,1e-06,0.0806922743202077,0.07272626425110361,0.06965586723983203,0.10664412813443287,0.0014213619901800782,0.07130490226092354,112,0.23043025492475602,0.8546022211775688,0.8547798557217849,0.8457846768534998
Cholesky mechanism,52,320,8,0.7,0.15,144,208,320,diag,bwar_barycenter,cholesky,44,36,3,3,10,8.0,0.03,0.05,20.0,,0.0,1e-06,0.08111925637202284,0.0729977423339686,0.06926712416413137,0.11187348601609695,0.0014213619901800782,0.07157638034378852,112,0.23832591573598708,0.8577923447870587,0.8580342462215266,0.8457846768534998
Cholesky mechanism,53,320,8,0.7,0.15,144,208,320,diag,persistence,cholesky,44,36,3,3,10,8.0,0.03,0.05,20.0,,0.0,,0.11405141844398026,0.10708630543927712,,,0.0016093534808914618,0.10547695195838568,112,0.196577411891276,1.0,1.0,1.0
Cholesky mechanism,53,320,8,0.7,0.15,144,208,320,diag,euclidean_gaussian_ar,cholesky,44,36,3,3,10,8.0,0.03,0.05,20.0,,0.0,1e-06,0.10189166850262188,0.0892151082269733,0.08328991192519479,0.13958935958435675,0.0013736458457198942,0.08784146238125341,112,0.25453105119506503,0.8331140743067506,0.8328024345632392,0.8535389285385563
Cholesky mechanism,53,320,8,0.7,0.15,144,208,320,diag,cholesky_gaussian_ar,cholesky,44,36,3,3,10,8.0,0.03,0.05,20.0,,0.0,1e-06,0.10262492568576734,0.08915110409885034,0.08398636626986639,0.13966356058285118,0.0013736458457198942,0.08777745825313044,112,0.2318231124242159,0.8325163869753928,0.8321956277970726,0.8535389285385563
Cholesky mechanism,53,320,8,0.7,0.15,144,208,320,diag,log_euclidean_gaussian_ar,cholesky,44,36,3,3,10,8.0,0.03,0.05,20.0,,0.0,1e-06,0.10185139424858675,0.08926982079024962,0.08354471717123088,0.13607908767238755,0.0013736458457198942,0.08789617494452973,112,0.23460401324367022,0.8336249945691676,0.833321150379922,0.8535389285385563
Cholesky mechanism,53,320,8,0.7,0.15,144,208,320,diag,bwar_barycenter,cholesky,44,36,3,3,10,8.0,0.03,0.05,20.0,,0.0,1e-06,0.10038708272392133,0.08903157705668273,0.08217612458388171,0.13998244647876462,0.0013736458457198942,0.08765793121096281,112,0.24085183112031827,0.8314002121136558,0.8310624224858802,0.8535389285385563
Cholesky mechanism,54,320,8,0.7,0.15,144,208,320,diag,persistence,cholesky,44,36,3,3,10,8.0,0.03,0.05,20.0,,0.0,,0.10079671468124893,0.10217726651234374,,,0.001526476365278233,0.10065079014706553,112,0.19530024757707942,1.0,1.0,1.0
Cholesky mechanism,54,320,8,0.7,0.15,144,208,320,diag,euclidean_gaussian_ar,cholesky,44,36,3,3,10,8.0,0.03,0.05,20.0,,0.0,1e-06,0.09014774797119601,0.0877182568027332,0.08573073132012085,0.13789177426374197,0.0013740260206901891,0.08634423078204301,112,0.2687068453910362,0.8584909324437271,0.8578594430891348,0.9001292466390356
Cholesky mechanism,54,320,8,0.7,0.15,144,208,320,diag,cholesky_gaussian_ar,cholesky,44,36,3,3,10,8.0,0.03,0.05,20.0,,0.0,1e-06,0.0878644304733584,0.08830759642186933,0.08196997943175607,0.13315981081838327,0.0013740260206901891,0.08693357040117913,112,0.23538959143643243,0.864258747920225,0.8637147336265961,0.9001292466390356
Cholesky mechanism,54,320,8,0.7,0.15,144,208,320,diag,log_euclidean_gaussian_ar,cholesky,44,36,3,3,10,8.0,0.03,0.05,20.0,,0.0,1e-06,0.08886201737272278,0.08778034675362302,0.08478134963350187,0.13412463817087492,0.0013740260206901891,0.08640632073293283,112,0.2377207067238267,0.8590986013803621,0.8584763279719966,0.9001292466390356
Cholesky mechanism,54,320,8,0.7,0.15,144,208,320,diag,bwar_barycenter,cholesky,44,36,3,3,10,8.0,0.03,0.05,20.0,,0.0,1e-06,0.088789395458467,0.08730236017207073,0.08624785589740308,0.13907725050246744,0.001374026020690189,0.08592833415138054,112,0.2459888542689057,0.8544205883754385,0.8537273679205765,0.9001292466390355
Cholesky mechanism,55,320,8,0.7,0.15,144,208,320,diag,persistence,cholesky,44,36,3,3,10,8.0,0.03,0.05,20.0,,0.0,,0.11752394456314265,0.11200247589742361,,,0.001591733111972002,0.11041074278545161,112,0.22342360691024574,1.0,1.0,1.0
Cholesky mechanism,55,320,8,0.7,0.15,144,208,320,diag,euclidean_gaussian_ar,cholesky,44,36,3,3,10,8.0,0.03,0.05,20.0,,0.0,1e-06,0.10190223418247321,0.09737859491817612,0.08880640330414066,0.1494128602796434,0.0013934432613015508,0.09598515165687457,112,0.2704311549316394,0.8694325204682025,0.869346127336462,0.8754251895754123
Cholesky mechanism,55,320,8,0.7,0.15,144,208,320,diag,cholesky_gaussian_ar,cholesky,44,36,3,3,10,8.0,0.03,0.05,20.0,,0.0,1e-06,0.10110817165967116,0.09720726435516809,0.08905144585270547,0.1506823852717992,0.0013934432613015508,0.09581382109386653,112,0.2568922347503549,0.8679028171144576,0.8677943710608886,0.8754251895754123
Cholesky mechanism,55,320,8,0.7,0.15,144,208,320,diag,log_euclidean_gaussian_ar,cholesky,44,36,3,3,10,8.0,0.03,0.05,20.0,,0.0,1e-06,0.10131263066691443,0.09765876705315901,0.09018098972375976,0.15039139131698556,0.0013934432613015508,0.09626532379185745,112,0.25736241157832024,0.8719340020893721,0.8718836714912669,0.8754251895754123
Cholesky mechanism,55,320,8,0.7,0.15,144,208,320,diag,bwar_barycenter,cholesky,44,36,3,3,10,8.0,0.03,0.05,20.0,,0.0,1e-06,0.10122021935851314,0.09724610336649245,0.08778195174501904,0.1499465702220916,0.0013934432613015514,0.09585266010519089,112,0.26124188045359276,0.8682495863355231,0.8681461394698724,0.8754251895754126
Cholesky mechanism,56,320,8,0.7,0.15,144,208,320,diag,persistence,cholesky,44,36,3,3,10,8.0,0.03,0.05,20.0,,0.0,,0.12261642863850078,0.13556870247526076,,,0.001584455189532009,0.13398424728572872,112,0.1929307314795471,1.0,1.0,1.0
Cholesky mechanism,56,320,8,0.7,0.15,144,208,320,diag,euclidean_gaussian_ar,cholesky,44,36,3,3,10,8.0,0.03,0.05,20.0,,0.0,1e-06,0.11211797428978286,0.11772534086268822,0.1026244839609584,0.1845089539950368,0.001310803688699708,0.11641453717398852,112,0.2673799505303988,0.8683814089330192,0.8688673447239522,0.8272898453422796
Cholesky mechanism,56,320,8,0.7,0.15,144,208,320,diag,cholesky_gaussian_ar,cholesky,44,36,3,3,10,8.0,0.03,0.05,20.0,,0.0,1e-06,0.10834920343658741,0.11516064289749042,0.09898883592106299,0.1827038636973198,0.001310803688699708,0.11384983920879073,112,0.2358586147079463,0.8494633406888695,0.8497255574082506,0.8272898453422796
Cholesky mechanism,56,320,8,0.7,0.15,144,208,320,diag,log_euclidean_gaussian_ar,cholesky,44,36,3,3,10,8.0,0.03,0.05,20.0,,0.0,1e-06,0.10737374922032591,0.11601612114723657,0.10026614916259725,0.1821202722261791,0.001310803688699708,0.11470531745853686,112,0.2367067703685001,0.8557736338031837,0.8561104740464117,0.8272898453422796
Cholesky mechanism,56,320,8,0.7,0.15,144,208,320,diag,bwar_barycenter,cholesky,44,36,3,3,10,8.0,0.03,0.05,20.0,,0.0,1e-06,0.10858469636801589,0.11639478054532695,0.10108335995063261,0.186129100245805,0.001310803688699708,0.11508397685662726,112,0.242976323568149,0.8585667519136081,0.8589366226852355,0.8272898453422796
Cholesky mechanism,57,320,8,0.7,0.15,144,208,320,diag,persistence,cholesky,44,36,3,3,10,8.0,0.03,0.05,20.0,,0.0,,0.10988212897187376,0.09969597243529094,,,0.0016941692354472085,0.09800180319984375,112,0.15220096930440835,1.0,1.0,1.0
Cholesky mechanism,57,320,8,0.7,0.15,144,208,320,diag,euclidean_gaussian_ar,cholesky,44,36,3,3,10,8.0,0.03,0.05,20.0,,0.0,1e-06,0.09453365431065816,0.0869211760811227,0.07948180938818412,0.11877379513269896,0.0014627057979462778,0.08545847028317641,112,0.23496021482483698,0.8718624630251749,0.8720091620039973,0.8633764368647436
Cholesky mechanism,57,320,8,0.7,0.15,144,208,320,diag,cholesky_gaussian_ar,cholesky,44,36,3,3,10,8.0,0.03,0.05,20.0,,0.0,1e-06,0.09764470742197141,0.08629630300848021,0.07803970559732473,0.1262030918884617,0.0014627057979462778,0.08483359721053393,112,0.20613846659521562,0.8655946765000164,0.8656330234816454,0.8633764368647436
Cholesky mechanism,57,320,8,0.7,0.15,144,208,320,diag,log_euclidean_gaussian_ar,cholesky,44,36,3,3,10,8.0,0.03,0.05,20.0,,0.0,1e-06,0.09634939888184454,0.08663178492779135,0.07867233142288804,0.130090144975112,0.0014627057979462778,0.08516907912984507,112,0.2039015523542778,0.8689597263723058,0.8690562453852978,0.8633764368647436
Cholesky mechanism,57,320,8,0.7,0.15,144,208,320,diag,bwar_barycenter,cholesky,44,36,3,3,10,8.0,0.03,0.05,20.0,,0.0,1e-06,0.09468317352978153,0.0861592192219658,0.07834501865527133,0.12214333416174263,0.001462705797946278,0.08469651342401951,112,0.21548934002257414,0.8642196582002212,0.8642342350712435,0.8633764368647437
Cholesky mechanism,58,320,8,0.7,0.15,144,208,320,diag,persistence,cholesky,44,36,3,3,10,8.0,0.03,0.05,20.0,,0.0,,0.11521660884773553,0.1151433537693238,,,0.001725280477131363,0.11341807329219245,112,0.17999869854186454,1.0,1.0,1.0
Cholesky mechanism,58,320,8,0.7,0.15,144,208,320,diag,euclidean_gaussian_ar,cholesky,44,36,3,3,10,8.0,0.03,0.05,20.0,,0.0,1e-06,0.09963624078829848,0.09994577220577708,0.09201215116280924,0.16548601791579537,0.0014800692558733577,0.09846570294990371,112,0.27387131532323256,0.8680116475155544,0.8681658935982116,0.8578716768036929
Cholesky mechanism,58,320,8,0.7,0.15,144,208,320,diag,cholesky_gaussian_ar,cholesky,44,36,3,3,10,8.0,0.03,0.05,20.0,,0.0,1e-06,0.09969350700756582,0.09863454811762727,0.08665476464905952,0.16831097515178656,0.0014800692558733577,0.09715447886175389,112,0.2344611010874967,0.8566238943780464,0.8566049134996361,0.8578716768036929
Cholesky mechanism,58,320,8,0.7,0.15,144,208,320,diag,log_euclidean_gaussian_ar,cholesky,44,36,3,3,10,8.0,0.03,0.05,20.0,,0.0,1e-06,0.09979643360313553,0.09838218075958492,0.08675926391244126,0.1678641114760322,0.0014800692558733577,0.09690211150371157,112,0.23623457486848037,0.854432127769025,0.8543798064182262,0.8578716768036929
Cholesky mechanism,58,320,8,0.7,0.15,144,208,320,diag,bwar_barycenter,cholesky,44,36,3,3,10,8.0,0.03,0.05,20.0,,0.0,1e-06,0.0990870949251276,0.09867828530161891,0.08896385296988318,0.1658800470036027,0.0014800692558733577,0.09719821604574556,112,0.24766261037206722,0.8570037442135764,0.8569905414927954,0.8578716768036929
Cholesky mechanism,59,320,8,0.7,0.15,144,208,320,diag,persistence,cholesky,44,36,3,3,10,8.0,0.03,0.05,20.0,,0.0,,0.11340538856936486,0.12544726487428384,,,0.001663431589664288,0.12378383328461953,112,0.19714626812915523,1.0,1.0,1.0
Cholesky mechanism,59,320,8,0.7,0.15,144,208,320,diag,euclidean_gaussian_ar,cholesky,44,36,3,3,10,8.0,0.03,0.05,20.0,,0.0,1e-06,0.09792874900805962,0.1084116820316116,0.1010718677305596,0.18021659859153294,0.001501989042407099,0.1069096929892045,112,0.26711648829160417,0.8642012413762521,0.863680580511545,0.9029460855136391
Cholesky mechanism,59,320,8,0.7,0.15,144,208,320,diag,cholesky_gaussian_ar,cholesky,44,36,3,3,10,8.0,0.03,0.05,20.0,,0.0,1e-06,0.09645032967723992,0.10863713110128163,0.09863466572922897,0.17852805496716598,0.001501989042407099,0.10713514205887455,112,0.23948065809293712,0.8659984034737754,0.8655018932281391,0.9029460855136391
Cholesky mechanism,59,320,8,0.7,0.15,144,208,320,diag,log_euclidean_gaussian_ar,cholesky,44,36,3,3,10,8.0,0.03,0.05,20.0,,0.0,1e-06,0.09594803941396175,0.10865120170600037,0.09949547533360664,0.17922637211262776,0.001501989042407099,0.10714921266359327,112,0.24510387981707113,0.8661105669771634,0.8656155640068294,0.9029460855136391
Cholesky mechanism,59,320,8,0.7,0.15,144,208,320,diag,bwar_barycenter,cholesky,44,36,3,3,10,8.0,0.03,0.05,20.0,,0.0,1e-06,0.09668682746350721,0.10776206591628082,0.09997268693165415,0.17769973099037548,0.0015019890424070991,0.10626007687387373,112,0.25038657719235907,0.8590228413849745,0.8584325921588407,0.9029460855136393
Cholesky mechanism,60,320,8,0.7,0.15,144,208,320,diag,persistence,cholesky,44,36,3,3,10,8.0,0.03,0.05,20.0,,0.0,,0.1314831742795051,0.11870149790661413,,,0.0017464119942260082,0.11695508591238811,112,0.20013818207473147,1.0,1.0,1.0
Cholesky mechanism,60,320,8,0.7,0.15,144,208,320,diag,euclidean_gaussian_ar,cholesky,44,36,3,3,10,8.0,0.03,0.05,20.0,,0.0,1e-06,0.11409555142652326,0.10199140050402136,0.09533365326820212,0.165738941021716,0.0014259690485807432,0.10056543145544063,112,0.2859774297308326,0.859225892703232,0.8598636875934998,0.8165135450828818
Cholesky mechanism,60,320,8,0.7,0.15,144,208,320,diag,cholesky_gaussian_ar,cholesky,44,36,3,3,10,8.0,0.03,0.05,20.0,,0.0,1e-06,0.11426177634466023,0.10119882117665505,0.09622292274910992,0.16676470636265656,0.0014259690485807432,0.0997728521280743,112,0.256465224304323,0.8525488132952715,0.8530869038291746,0.8165135450828818
Cholesky mechanism,60,320,8,0.7,0.15,144,208,320,diag,log_euclidean_gaussian_ar,cholesky,44,36,3,3,10,8.0,0.03,0.05,20.0,,0.0,1e-06,0.11496595129410675,0.10131459725361193,0.09497342779965422,0.17118020694008504,0.0014259690485807432,0.09988862820503118,112,0.25712569285708964,0.8535241681054355,0.8540768229596998,0.8165135450828818
Cholesky mechanism,60,320,8,0.7,0.15,144,208,320,diag,bwar_barycenter,cholesky,44,36,3,3,10,8.0,0.03,0.05,20.0,,0.0,1e-06,0.11403037136508697,0.10119085275623128,0.09567884745987962,0.16638368776796938,0.0014259690485807434,0.09976488370765055,112,0.2682360041861429,0.8524816833890422,0.8530187715170005,0.8165135450828819
Cholesky mechanism,61,320,8,0.7,0.15,144,208,320,diag,persistence,cholesky,44,36,3,3,10,8.0,0.03,0.05,20.0,,0.0,,0.12271316708766801,0.11639732236611332,,,0.0016871903775702165,0.1147101319885431,112,0.16942271936285563,1.0,1.0,1.0
Cholesky mechanism,61,320,8,0.7,0.15,144,208,320,diag,euclidean_gaussian_ar,cholesky,44,36,3,3,10,8.0,0.03,0.05,20.0,,0.0,1e-06,0.11188950721438476,0.10219412798296602,0.09396073967384527,0.16341431654580166,0.0014007827539448592,0.10079334522902117,112,0.25108790106151924,0.8779766227055215,0.8786786614375799,0.8302458172871853
Cholesky mechanism,61,320,8,0.7,0.15,144,208,320,diag,cholesky_gaussian_ar,cholesky,44,36,3,3,10,8.0,0.03,0.05,20.0,,0.0,1e-06,0.11589684654908894,0.10099995964996486,0.09204227148429903,0.15741618814420927,0.0014007827539448592,0.09959917689602,112,0.2260718331581445,0.8677172085821875,0.8682683488322345,0.8302458172871853
Cholesky mechanism,61,320,8,0.7,0.15,144,208,320,diag,log_euclidean_gaussian_ar,cholesky,44,36,3,3,10,8.0,0.03,0.05,20.0,,0.0,1e-06,0.11837305167361875,0.1010563320885336,0.09108589134604579,0.15740117401105364,0.0014007827539448592,0.09965554933458874,112,0.2246696990008997,0.8682015190235516,0.8687597826540905,0.8302458172871853
Cholesky mechanism,61,320,8,0.7,0.15,144,208,320,diag,bwar_barycenter,cholesky,44,36,3,3,10,8.0,0.03,0.05,20.0,,0.0,1e-06,0.11382354123781765,0.10090717239187542,0.09169764106859535,0.1569242243517397,0.0014007827539448587,0.09950638963793057,112,0.23300541970806102,0.8669200488520212,0.8674594642421731,0.830245817287185
Cholesky mechanism,62,320,8,0.7,0.15,144,208,320,diag,persistence,cholesky,44,36,3,3,10,8.0,0.03,0.05,20.0,,0.0,,0.12337983300749371,0.12222593487900447,,,0.001659622432893252,0.12056631244611124,112,0.14791687973691553,1.0,1.0,1.0
Cholesky mechanism,62,320,8,0.7,0.15,144,208,320,diag,euclidean_gaussian_ar,cholesky,44,36,3,3,10,8.0,0.03,0.05,20.0,,0.0,1e-06,0.10988463159052528,0.10644924092440648,0.09619871207023627,0.16352339725021436,0.0015135367606184992,0.10493570416378799,112,0.21554122161237552,0.8709218794667771,0.870356752518996,0.9119765620303898
Cholesky mechanism,62,320,8,0.7,0.15,144,208,320,diag,cholesky_gaussian_ar,cholesky,44,36,3,3,10,8.0,0.03,0.05,20.0,,0.0,1e-06,0.1072420049266031,0.10498305850836,0.09819612030957368,0.15901685003004382,0.0015135367606184992,0.10346952174774149,112,0.18709278924641284,0.858926205901278,0.8581959558063833,0.9119765620303898
Cholesky mechanism,62,320,8,0.7,0.15,144,208,320,diag,log_euclidean_gaussian_ar,cholesky,44,36,3,3,10,8.0,0.03,0.05,20.0,,0.0,1e-06,0.10777014342331978,0.10586048747281289,0.0982557039548427,0.16349543339185144,0.0015135367606184992,0.10434695071219438,112,0.19039252201727272,0.8661049520922685,0.865473519054783,0.9119765620303898
Cholesky mechanism,62,320,8,0.7,0.15,144,208,320,diag,bwar_barycenter,cholesky,44,36,3,3,10,8.0,0.03,0.05,20.0,,0.0,1e-06,0.10742723536531767,0.10499724792414011,0.09798929290127971,0.15824319802639106,0.0015135367606184987,0.10348371116352162,112,0.20183989420713438,0.8590422975948631,0.8583136455282654,0.9119765620303895
Cholesky mechanism,63,320,8,0.7,0.15,144,208,320,diag,persistence,cholesky,44,36,3,3,10,8.0,0.03,0.05,20.0,,0.0,,0.1035568184382715,0.10624147546244887,,,0.00155021195427642,0.10469126350817246,112,0.20615960028962657,1.0,1.0,1.0
Cholesky mechanism,63,320,8,0.7,0.15,144,208,320,diag,euclidean_gaussian_ar,cholesky,44,36,3,3,10,8.0,0.03,0.05,20.0,,0.0,1e-06,0.08917047216112348,0.09037814940831199,0.08029121605452491,0.1410959169753493,0.0012631996244127151,0.08911494978389925,112,0.2834869492058887,0.8506861281332281,0.8512166803387823,0.8148560723764569
Cholesky mechanism,63,320,8,0.7,0.15,144,208,320,diag,cholesky_gaussian_ar,cholesky,44,36,3,3,10,8.0,0.03,0.05,20.0,,0.0,1e-06,0.0902890869470507,0.089902005381214,0.08218935877802236,0.14296778579068628,0.0012631996244127151,0.08863880575680128,112,0.2576850035534927,0.8462044130118461,0.8466686023889846,0.8148560723764569
Cholesky mechanism,63,320,8,0.7,0.15,144,208,320,diag,log_euclidean_gaussian_ar,cholesky,44,36,3,3,10,8.0,0.03,0.05,20.0,,0.0,1e-06,0.08930092205515103,0.08952834953485819,0.08170441742028163,0.13924566532525576,0.0012631996244127151,0.08826514991044547,112,0.25744694731986384,0.8426873699292896,0.8430994808230132,0.8148560723764569
Cholesky mechanism,63,320,8,0.7,0.15,144,208,320,diag,bwar_barycenter,cholesky,44,36,3,3,10,8.0,0.03,0.05,20.0,,0.0,1e-06,0.08864678721026864,0.0895332610448456,0.08103421973041261,0.13921654072222794,0.0012631996244127151,0.0882700614204329,112,0.26643828424847554,0.8427335996146929,0.8431463950527478,0.8148560723764569
Cholesky mechanism,64,320,8,0.7,0.15,144,208,320,diag,persistence,cholesky,44,36,3,3,10,8.0,0.03,0.05,20.0,,0.0,,0.11984207169695367,0.10914398672689041,,,0.001802832373426443,0.10734115435346395,112,0.13309516710864286,1.0,1.0,1.0
Cholesky mechanism,64,320,8,0.7,0.15,144,208,320,diag,euclidean_gaussian_ar,cholesky,44,36,3,3,10,8.0,0.03,0.05,20.0,,0.0,1e-06,0.10396127473696512,0.09878224613815544,0.09523383580167491,0.1555860031580106,0.0015147528297969994,0.09726749330835845,112,0.2391877874738035,0.9050635687821903,0.9061528534346304,0.8402072495059966
Cholesky mechanism,64,320,8,0.7,0.15,144,208,320,diag,cholesky_gaussian_ar,cholesky,44,36,3,3,10,8.0,0.03,0.05,20.0,,0.0,1e-06,0.10047272322478168,0.0949815829043955,0.09226373286837308,0.146376686531244,0.0015147528297969994,0.09346683007459851,112,0.18476448145184407,0.8702410985047366,0.8707455275431579,0.8402072495059966
Cholesky mechanism,64,320,8,0.7,0.15,144,208,320,diag,log_euclidean_gaussian_ar,cholesky,44,36,3,3,10,8.0,0.03,0.05,20.0,,0.0,1e-06,0.10067439847330728,0.09491341034601063,0.09278864942513758,0.14906946879632102,0.0015147528297969994,0.09339865751621361,112,0.1902353705057365,0.869616487287671,0.8701104257614087,0.8402072495059966
Cholesky mechanism,64,320,8,0.7,0.15,144,208,320,diag,bwar_barycenter,cholesky,44,36,3,3,10,8.0,0.03,0.05,20.0,,0.0,1e-06,0.10155315688066463,0.09590376475424646,0.09255812968569978,0.15142627271048725,0.0015147528297969983,0.09438901192444947,112,0.20920860288557083,0.878690321201343,0.8793366579013643,0.840207249505996
Cholesky mechanism,65,320,8,0.7,0.15,144,208,320,diag,persistence,cholesky,44,36,3,3,10,8.0,0.03,0.05,20.0,,0.0,,0.10431426305459413,0.11772282985065094,,,0.001493791266904183,0.11622903858374675,112,0.1924368904964393,1.0,1.0,1.0
Cholesky mechanism,65,320,8,0.7,0.15,144,208,320,diag,euclidean_gaussian_ar,cholesky,44,36,3,3,10,8.0,0.03,0.05,20.0,,0.0,1e-06,0.0919816076985867,0.1020180972769591,0.09133732718602991,0.15749669616439155,0.0012739056087792652,0.10074419166817983,112,0.2667485737380493,0.8665956926654274,0.8667729931844046,0.8528002787292891
Cholesky mechanism,65,320,8,0.7,0.15,144,208,320,diag,cholesky_gaussian_ar,cholesky,44,36,3,3,10,8.0,0.03,0.05,20.0,,0.0,1e-06,0.08967190143775454,0.10281711635676001,0.09406263819387972,0.16234872380725493,0.0012739056087792652,0.10154321074798071,112,0.23592951800396478,0.8733829834637762,0.873647515158749,0.8528002787292891
Cholesky mechanism,65,320,8,0.7,0.15,144,208,320,diag,log_euclidean_gaussian_ar,cholesky,44,36,3,3,10,8.0,0.03,0.05,20.0,,0.0,1e-06,0.09021533018350036,0.10300622247701798,0.09342635572424729,0.16235730828507242,0.0012739056087792652,0.10173231686823869,112,0.23550509912315715,0.8749893508990296,0.8752745278447545,0.8528002787292891
Cholesky mechanism,65,320,8,0.7,0.15,144,208,320,diag,bwar_barycenter,cholesky,44,36,3,3,10,8.0,0.03,0.05,20.0,,0.0,1e-06,0.0902548906338187,0.10187175212992436,0.09161012012101805,0.15719002849855904,0.0012739056087792652,0.10059784652114509,112,0.24400384147133733,0.8653525595601461,0.8655138831649297,0.8528002787292891
Cholesky mechanism,66,320,8,0.7,0.15,144,208,320,diag,persistence,cholesky,44,36,3,3,10,8.0,0.03,0.05,20.0,,0.0,,0.11623538496387778,0.11387597157522876,,,0.0014744667757946213,0.11240150479943416,112,0.15610906104055403,1.0,1.0,1.0
Cholesky mechanism,66,320,8,0.7,0.15,144,208,320,diag,euclidean_gaussian_ar,cholesky,44,36,3,3,10,8.0,0.03,0.05,20.0,,0.0,1e-06,0.10551063880617723,0.0995384922061002,0.09805697996295892,0.15313450833334397,0.001195854099222993,0.09834263810687718,112,0.23896046062723172,0.8740956571364404,0.8749227893555056,0.8110417398713661
Cholesky mechanism,66,320,8,0.7,0.15,144,208,320,diag,cholesky_gaussian_ar,cholesky,44,36,3,3,10,8.0,0.03,0.05,20.0,,0.0,1e-06,0.10613037514344466,0.09880631244558925,0.09396714468382855,0.1519270179806472,0.001195854099222993,0.09761045834636627,112,0.20985942017776474,0.8676660324282355,0.868408821755006,0.8110417398713661
Cholesky mechanism,66,320,8,0.7,0.15,144,208,320,diag,log_euclidean_gaussian_ar,cholesky,44,36,3,3,10,8.0,0.03,0.05,20.0,,0.0,1e-06,0.10709706986927603,0.09923066347577057,0.09358708762180695,0.15527887471191648,0.001195854099222993,0.0980348093765476,112,0.20530141575112626,0.8713924641267873,0.8721841362486912,0.8110417398713661
Cholesky mechanism,66,320,8,0.7,0.15,144,208,320,diag,bwar_barycenter,cholesky,44,36,3,3,10,8.0,0.03,0.05,20.0,,0.0,1e-06,0.10532833125298416,0.09920959424676322,0.0942627493613154,0.15405681734902593,0.0011958540992229928,0.0980137401475402,112,0.21710400144784045,0.8712074450335061,0.8719966901015512,0.8110417398713659
Cholesky mechanism,67,320,8,0.7,0.15,144,208,320,diag,persistence,cholesky,44,36,3,3,10,8.0,0.03,0.05,20.0,,0.0,,0.12753512264963002,0.12348922897346944,,,0.00172008502993528,0.12176914394353415,112,0.21808950111409076,1.0,1.0,1.0
Cholesky mechanism,67,320,8,0.7,0.15,144,208,320,diag,euclidean_gaussian_ar,cholesky,44,36,3,3,10,8.0,0.03,0.05,20.0,,0.0,1e-06,0.10841457761518183,0.10665504761413633,0.09609330710295466,0.17135620931119006,0.0014160391276805036,0.10523900848645584,112,0.31295809272853126,0.8636789499839717,0.8642502121494462,0.8232378650105359
Cholesky mechanism,67,320,8,0.7,0.15,144,208,320,diag,cholesky_gaussian_ar,cholesky,44,36,3,3,10,8.0,0.03,0.05,20.0,,0.0,1e-06,0.1084769680638743,0.10562726335137354,0.09317703091071565,0.17019645725599442,0.0014160391276805036,0.10421122422369303,112,0.2933184174216828,0.8553560843275377,0.8558097794628257,0.8232378650105359
Cholesky mechanism,67,320,8,0.7,0.15,144,208,320,diag,log_euclidean_gaussian_ar,cholesky,44,36,3,3,10,8.0,0.03,0.05,20.0,,0.0,1e-06,0.10744153664411132,0.10624559925796796,0.09688736351250093,0.17344858931560045,0.0014160391276805036,0.10482956013028746,112,0.2911778863970867,0.860363289504333,0.8608877153550346,0.8232378650105359
Cholesky mechanism,67,320,8,0.7,0.15,144,208,320,diag,bwar_barycenter,cholesky,44,36,3,3,10,8.0,0.03,0.05,20.0,,0.0,1e-06,0.1074527087730436,0.10535469113090919,0.0968291697118857,0.1733058719446089,0.0014160391276805036,0.10393865200322867,112,0.298021315271156,0.853148829308374,0.8535713452286919,0.8232378650105359
Cholesky mechanism,68,320,8,0.7,0.15,144,208,320,diag,persistence,cholesky,44,36,3,3,10,8.0,0.03,0.05,20.0,,0.0,,0.1330955032403013,0.13224082827493427,,,0.001643813832730415,0.13059701444220387,112,0.23785185651356272,1.0,1.0,1.0
Cholesky mechanism,68,320,8,0.7,0.15,144,208,320,diag,euclidean_gaussian_ar,cholesky,44,36,3,3,10,8.0,0.03,0.05,20.0,,0.0,0.0001,0.11018120255511452,0.11754851363643305,0.10068948542953202,0.19912378587019158,0.001511705974948157,0.11603680766148487,112,0.3186402989055483,0.8888972881510143,0.888510416238017,0.9196333215162062
Cholesky mechanism,68,320,8,0.7,0.15,144,208,320,diag,cholesky_gaussian_ar,cholesky,44,36,3,3,10,8.0,0.03,0.05,20.0,,0.0,0.0001,0.11078253885720481,0.11584315723205615,0.10190620951615696,0.19997929417444815,0.001511705974948157,0.11433145125710799,112,0.2895971887128452,0.8760014493497676,0.8754522585790485,0.9196333215162062
Cholesky mechanism,68,320,8,0.7,0.15,144,208,320,diag,log_euclidean_gaussian_ar,cholesky,44,36,3,3,10,8.0,0.03,0.05,20.0,,0.0,1e-06,0.11068636337668876,0.11666317398967392,0.10170327724494027,0.20658152605916713,0.0014474811407525485,0.11521569284892134,112,0.2921885105021086,0.8822023841768917,0.8822230227928405,0.8805626962928319
Cholesky mechanism,68,320,8,0.7,0.15,144,208,320,diag,bwar_barycenter,cholesky,44,36,3,3,10,8.0,0.03,0.05,20.0,,0.0,1e-06,0.11000432912476338,0.11614561851434842,0.10087154478987445,0.19922700769818452,0.0014474811407525485,0.11469813737359584,112,0.30011083887220497,0.8782886498024405,0.8782600265671148,0.8805626962928319
Cholesky mechanism,69,320,8,0.7,0.15,144,208,320,diag,persistence,cholesky,44,36,3,3,10,8.0,0.03,0.05,20.0,,0.0,,0.11606786695768001,0.12068158406894443,,,0.0016533028776365391,0.11902828119130789,112,0.20471404416259134,1.0,1.0,1.0
Cholesky mechanism,69,320,8,0.7,0.15,144,208,320,diag,euclidean_gaussian_ar,cholesky,44,36,3,3,10,8.0,0.03,0.05,20.0,,0.0,1e-06,0.10382175506886644,0.10414530918911787,0.09480057332104197,0.16303420386466727,0.0013955455225066224,0.10274976366661123,112,0.2641092455315066,0.86297598753444,0.8632382374863243,0.8440955020302203
Cholesky mechanism,69,320,8,0.7,0.15,144,208,320,diag,cholesky_gaussian_ar,cholesky,44,36,3,3,10,8.0,0.03,0.05,20.0,,0.0,1e-06,0.10260031374994621,0.10293339258903202,0.09334613286202989,0.15278687165573274,0.0013955455225066224,0.10153784706652538,112,0.24452523369338341,0.852933721272891,0.8530564841420246,0.8440955020302203
Cholesky mechanism,69,320,8,0.7,0.15,144,208,320,diag,log_euclidean_gaussian_ar,cholesky,44,36,3,3,10,8.0,0.03,0.05,20.0,,0.0,1e-06,0.10348841080000148,0.10331720968648561,0.09504188129881239,0.15556600478510635,0.0013955455225066224,0.10192166416397899,112,0.24466651371729656,0.8561141327699288,0.8562810715561427,0.8440955020302203
Cholesky mechanism,69,320,8,0.7,0.15,144,208,320,diag,bwar_barycenter,cholesky,44,36,3,3,10,8.0,0.03,0.05,20.0,,0.0,1e-06,0.10271971501795357,0.10315797032322051,0.09412708556956947,0.1516461336153686,0.0013955455225066224,0.10176242480071389,112,0.25203193254504175,0.8547946326614936,0.8549432435906262,0.8440955020302203
Cholesky mechanism,70,320,8,0.7,0.15,144,208,320,diag,persistence,cholesky,44,36,3,3,10,8.0,0.03,0.05,20.0,,0.0,,0.09663526417304112,0.10253011358531827,,,0.0017050756768693018,0.10082503790844896,112,0.17202102100439418,1.0,1.0,1.0
Cholesky mechanism,70,320,8,0.7,0.15,144,208,320,diag,euclidean_gaussian_ar,cholesky,44,36,3,3,10,8.0,0.03,0.05,20.0,,0.0,1e-06,0.08184440673073709,0.09184348462807639,0.08646656177592649,0.13262986169156635,0.001512567335088232,0.09033091729298816,112,0.25743455525085984,0.8957708268961466,0.8959175138124951,0.8870968928871618
Cholesky mechanism,70,320,8,0.7,0.15,144,208,320,diag,cholesky_gaussian_ar,cholesky,44,36,3,3,10,8.0,0.03,0.05,20.0,,0.0,1e-06,0.08136720246024845,0.08969734797639052,0.0830989453554731,0.1372601715014544,0.001512567335088232,0.08818478064130231,112,0.2301729309675139,0.8748390579100526,0.874631762810501,0.8870968928871618
Cholesky mechanism,70,320,8,0.7,0.15,144,208,320,diag,log_euclidean_gaussian_ar,cholesky,44,36,3,3,10,8.0,0.03,0.05,20.0,,0.0,1e-06,0.08136119563320131,0.0896552480603485,0.08380253514078145,0.13639567766260843,0.001512567335088232,0.08814268072526026,112,0.22346026377069028,0.8744284476554663,0.874214208630355,0.8870968928871618
Cholesky mechanism,70,320,8,0.7,0.15,144,208,320,diag,bwar_barycenter,cholesky,44,36,3,3,10,8.0,0.03,0.05,20.0,,0.0,1e-06,0.08133469473045454,0.09035833135923908,0.08600945090407068,0.13405807464190356,0.0015125673350882324,0.08884576402415086,112,0.23431468907611944,0.8812857822892131,0.8811875092457142,0.8870968928871621
Cholesky mechanism,71,320,8,0.7,0.15,144,208,320,diag,persistence,cholesky,44,36,3,3,10,8.0,0.03,0.05,20.0,,0.0,,0.11500995867788671,0.12532688387994204,,,0.0017559382739874196,0.12357094560595462,112,0.17458304518367043,1.0,1.0,1.0
Cholesky mechanism,71,320,8,0.7,0.15,144,208,320,diag,euclidean_gaussian_ar,cholesky,44,36,3,3,10,8.0,0.03,0.05,20.0,,0.0,1e-06,0.10429857991886818,0.10822800333351422,0.1032550342843308,0.16339854051666755,0.001501728239374444,0.10672627509413976,112,0.26929743640363873,0.8635657409083287,0.8636842145278271,0.8552283765444042
Cholesky mechanism,71,320,8,0.7,0.15,144,208,320,diag,cholesky_gaussian_ar,cholesky,44,36,3,3,10,8.0,0.03,0.05,20.0,,0.0,1e-06,0.10262085494913062,0.10701430057467243,0.10086532169346064,0.160769384296287,0.001501728239374444,0.105512572335298,112,0.23077443745583973,0.8538814439620768,0.8538623041030898,0.8552283765444042
Cholesky mechanism,71,320,8,0.7,0.15,144,208,320,diag,log_euclidean_gaussian_ar,cholesky,44,36,3,3,10,8.0,0.03,0.05,20.0,,0.0,1e-06,0.10265052357196398,0.1072905560172462,0.1014284485874137,0.15988807457939352,0.001501728239374444,0.10578882777787173,112,0.2246281591300686,0.8560857231559839,0.8560979060175937,0.8552283765444042
Cholesky mechanism,71,320,8,0.7,0.15,144,208,320,diag,bwar_barycenter,cholesky,44,36,3,3,10,8.0,0.03,0.05,20.0,,0.0,1e-06,0.10275506568760745,0.10741632507030678,0.10031813009362744,0.16064643113942464,0.001501728239374444,0.10591459683093234,112,0.23531105714409523,0.8570892512831259,0.8571156942399293,0.8552283765444042
Cholesky mechanism,72,320,8,0.7,0.15,144,208,320,diag,persistence,cholesky,44,36,3,3,10,8.0,0.03,0.05,20.0,,0.0,,0.11129835435004887,0.10512425610128091,,,0.001733139975975712,0.1033911161253052,112,0.17425250347299684,1.0,1.0,1.0
Cholesky mechanism,72,320,8,0.7,0.15,144,208,320,diag,euclidean_gaussian_ar,cholesky,44,36,3,3,10,8.0,0.03,0.05,20.0,,0.0,1e-06,0.09783108379510318,0.08992468762747682,0.07738048350815152,0.14533577554307153,0.00148587713229241,0.08843881049518441,112,0.2541850054895023,0.8554133076655476,0.8553811372729617,0.8573324445164334
Cholesky mechanism,72,320,8,0.7,0.15,144,208,320,diag,cholesky_gaussian_ar,cholesky,44,36,3,3,10,8.0,0.03,0.05,20.0,,0.0,1e-06,0.09774808672874674,0.08994809983213738,0.07876963806074938,0.1429971372305236,0.00148587713229241,0.08846222269984498,112,0.22706232745044755,0.8556360174903667,0.85560758037115,0.8573324445164334
Cholesky mechanism,72,320,8,0.7,0.15,144,208,320,diag,log_euclidean_gaussian_ar,cholesky,44,36,3,3,10,8.0,0.03,0.05,20.0,,0.0,1e-06,0.09852838771027254,0.09014736737577976,0.07695468642402081,0.14389564171105218,0.00148587713229241,0.08866149024348735,112,0.22329944485694597,0.8575315604509789,0.8575348982211757,0.8573324445164334
Cholesky mechanism,72,320,8,0.7,0.15,144,208,320,diag,bwar_barycenter,cholesky,44,36,3,3,10,8.0,0.03,0.05,20.0,,0.0,1e-06,0.0973739498472217,0.08956307922443998,0.07716219268880606,0.14675056680006604,0.0014858771322924097,0.08807720209214757,112,0.23331214556963056,0.8519734887650604,0.8518836568646974,0.8573324445164333
Cholesky mechanism,73,320,8,0.7,0.15,144,208,320,diag,persistence,cholesky,44,36,3,3,10,8.0,0.03,0.05,20.0,,0.0,,0.10831276863589227,0.10925484764260197,,,0.0016866606092668403,0.10756818703333512,112,0.17711273408998104,1.0,1.0,1.0
Cholesky mechanism,73,320,8,0.7,0.15,144,208,320,diag,euclidean_gaussian_ar,cholesky,44,36,3,3,10,8.0,0.03,0.05,20.0,,0.0,1e-06,0.09378888390953638,0.0961133953619993,0.08698439534274902,0.14234674222176077,0.0014655394834356633,0.09464785587856363,112,0.27975417658487584,0.87971744445069,0.8798870603743882,0.868900047456913
Cholesky mechanism,73,320,8,0.7,0.15,144,208,320,diag,cholesky_gaussian_ar,cholesky,44,36,3,3,10,8.0,0.03,0.05,20.0,,0.0,1e-06,0.09503553977466848,0.09375189498528712,0.08786926408535731,0.13988703146319414,0.0014655394834356633,0.09228635550185145,112,0.23614547810683797,0.8581028394453616,0.8579335400832974,0.868900047456913
Cholesky mechanism,73,320,8,0.7,0.15,144,208,320,diag,log_euclidean_gaussian_ar,cholesky,44,36,3,3,10,8.0,0.03,0.05,20.0,,0.0,1e-06,0.09570535466665814,0.09406059897988081,0.08882361128403418,0.14204805718423946,0.0014655394834356633,0.09259505949644516,112,0.23393751172102697,0.8609283799248425,0.8608033848125577,0.868900047456913
Cholesky mechanism,73,320,8,0.7,0.15,144,208,320,diag,bwar_barycenter,cholesky,44,36,3,3,10,8.0,0.03,0.05,20.0,,0.0,1e-06,0.09388705805116918,0.09435613346963047,0.08740745478061479,0.1412898884573947,0.0014655394834356638,0.09289059398619481,112,0.24573737649322544,0.8636333810861312,0.8635508001767125,0.8689000474569133
Cholesky mechanism,74,320,8,0.7,0.15,144,208,320,diag,persistence,cholesky,44,36,3,3,10,8.0,0.03,0.05,20.0,,0.0,,0.12498501465295553,0.13759101497859014,,,0.0017246768650513358,0.13586633811353882,112,0.23403406288883005,1.0,1.0,1.0
Cholesky mechanism,74,320,8,0.7,0.15,144,208,320,diag,euclidean_gaussian_ar,cholesky,44,36,3,3,10,8.0,0.03,0.05,20.0,,0.0,1e-06,0.10656860331114622,0.11840604457296457,0.10782222095781901,0.19975967953556098,0.0014198130511946692,0.11698623152176992,112,0.3092453361358778,0.860565238154462,0.8610391149572939,0.8232342417096248
Cholesky mechanism,74,320,8,0.7,0.15,144,208,320,diag,cholesky_gaussian_ar,cholesky,44,36,3,3,10,8.0,0.03,0.05,20.0,,0.0,1e-06,0.10597710598252594,0.11707091238263527,0.10457790157883645,0.2014035268302391,0.0014198130511946692,0.11565109933144062,112,0.2851136573713592,0.8508616089564577,0.8512123086352337,0.8232342417096248
Cholesky mechanism,74,320,8,0.7,0.15,144,208,320,diag,log_euclidean_gaussian_ar,cholesky,44,36,3,3,10,8.0,0.03,0.05,20.0,,0.0,1e-06,0.10654514323351555,0.11722694663422437,0.10262896110984876,0.19879560420940204,0.0014198130511946692,0.1158071335830297,112,0.2874825928624401,0.8519956528590582,0.852360748004069,0.8232342417096248
Cholesky mechanism,74,320,8,0.7,0.15,144,208,320,diag,bwar_barycenter,cholesky,44,36,3,3,10,8.0,0.03,0.05,20.0,,0.0,1e-06,0.10572624459787788,0.1169439686030159,0.10522133908646333,0.19998087124836333,0.0014198130511946688,0.11552415555182123,112,0.29205572640612787,0.8499389921733841,0.8502779802255483,0.8232342417096244
Cholesky mechanism,75,320,8,0.7,0.15,144,208,320,diag,persistence,cholesky,44,36,3,3,10,8.0,0.03,0.05,20.0,,0.0,,0.13382729175150299,0.1199611783899343,,,0.001539256532541974,0.11842192185739232,112,0.21662145474207686,1.0,1.0,1.0
Cholesky mechanism,75,320,8,0.7,0.15,144,208,320,diag,euclidean_gaussian_ar,cholesky,44,36,3,3,10,8.0,0.03,0.05,20.0,,0.0,1e-06,0.11805640810034321,0.10349050699755953,0.09740738927365379,0.16655831677519758,0.0013221748072415735,0.10216833219031796,112,0.31696718033321514,0.8626999866670467,0.8627484724775242,0.858969755390997
Cholesky mechanism,75,320,8,0.7,0.15,144,208,320,diag,cholesky_gaussian_ar,cholesky,44,36,3,3,10,8.0,0.03,0.05,20.0,,0.0,1e-06,0.11606915794677158,0.10175554253875682,0.09885804509696386,0.16444378363625617,0.0013221748072415735,0.10043336773151525,112,0.29896768657589934,0.8482372706276694,0.8480977690301337,0.858969755390997
Cholesky mechanism,75,320,8,0.7,0.15,144,208,320,diag,log_euclidean_gaussian_ar,cholesky,44,36,3,3,10,8.0,0.03,0.05,20.0,,0.0,1e-06,0.1160112221214239,0.10135527646316449,0.09610351503221176,0.16332599670523185,0.0013221748072415735,0.10003310165592293,112,0.3022481227992812,0.8449006405531359,0.8447177692014335,0.858969755390997
Cholesky mechanism,75,320,8,0.7,0.15,144,208,320,diag,bwar_barycenter,cholesky,44,36,3,3,10,8.0,0.03,0.05,20.0,,0.0,1e-06,0.11593254295858767,0.10180057477857558,0.09752029217660771,0.16424362887321445,0.0013221748072415735,0.10047839997133401,112,0.3100352866641494,0.8486126607365626,0.8484780384862651,0.858969755390997
Cholesky mechanism,76,320,8,0.7,0.15,144,208,320,diag,persistence,cholesky,44,36,3,3,10,8.0,0.03,0.05,20.0,,0.0,,0.12163051157743439,0.11501201358862072,,,0.0014320322275361047,0.11357998136108462,112,0.22519094013857088,1.0,1.0,1.0
Cholesky mechanism,76,320,8,0.7,0.15,144,208,320,diag,euclidean_gaussian_ar,cholesky,44,36,3,3,10,8.0,0.03,0.05,20.0,,0.0,1e-06,0.10913762266654904,0.09807323103123766,0.09280578655446373,0.14122934691638725,0.001194965610714045,0.09687826542052361,112,0.31170467891143905,0.8527216242124903,0.8529519397660031,0.8344544122237062
Cholesky mechanism,76,320,8,0.7,0.15,144,208,320,diag,cholesky_gaussian_ar,cholesky,44,36,3,3,10,8.0,0.03,0.05,20.0,,0.0,1e-06,0.10971914169485879,0.09803837741352364,0.09445616176643637,0.14475928813275282,0.001194965610714045,0.09684341180280961,112,0.2848593216285591,0.8524185809335622,0.8526450756751984,0.8344544122237062
Cholesky mechanism,76,320,8,0.7,0.15,144,208,320,diag,log_euclidean_gaussian_ar,cholesky,44,36,3,3,10,8.0,0.03,0.05,20.0,,0.0,1e-06,0.1100266234347118,0.09798534494343537,0.09496379954516022,0.14503425348860843,0.001194965610714045,0.09679037933272132,112,0.28303161710995306,0.8519574771894094,0.8521781582708039,0.8344544122237062
Cholesky mechanism,76,320,8,0.7,0.15,144,208,320,diag,bwar_barycenter,cholesky,44,36,3,3,10,8.0,0.03,0.05,20.0,,0.0,1e-06,0.10914529109860002,0.09765021622799903,0.09337909757045738,0.13972145910768147,0.001194965610714045,0.09645525061728498,112,0.2919210311280404,0.8490436188455754,0.8492275615950488,0.8344544122237062
Cholesky mechanism,77,320,8,0.7,0.15,144,208,320,diag,persistence,cholesky,44,36,3,3,10,8.0,0.03,0.05,20.0,,0.0,,0.12246450089779651,0.13989320175599534,,,0.001627474380928858,0.13826572737506646,112,0.2162205379864066,1.0,1.0,1.0
Cholesky mechanism,77,320,8,0.7,0.15,144,208,320,diag,euclidean_gaussian_ar,cholesky,44,36,3,3,10,8.0,0.03,0.05,20.0,,0.0,1e-06,0.10652447711443568,0.11826146674879366,0.10056588945046724,0.1871592854334269,0.001365346691277845,0.11689612005751582,112,0.29597967892102917,0.845369648162516,0.8454453773668554,0.8389359041698664
Cholesky mechanism,77,320,8,0.7,0.15,144,208,320,diag,cholesky_gaussian_ar,cholesky,44,36,3,3,10,8.0,0.03,0.05,20.0,,0.0,1e-06,0.10503735562468791,0.11727808422608245,0.09751716087112744,0.18686198501881357,0.001365346691277845,0.1159127375348046,112,0.2656874819041634,0.8383401248521093,0.8383331121556535,0.8389359041698664
Cholesky mechanism,77,320,8,0.7,0.15,144,208,320,diag,log_euclidean_gaussian_ar,cholesky,44,36,3,3,10,8.0,0.03,0.05,20.0,,0.0,1e-06,0.10541590479324013,0.11776183354227512,0.09791456597721379,0.1878554566370538,0.001365346691277845,0.11639648685099727,112,0.26799443037004306,0.8417981150197548,0.8418318050376605,0.8389359041698664
Cholesky mechanism,77,320,8,0.7,0.15,144,208,320,diag,bwar_barycenter,cholesky,44,36,3,3,10,8.0,0.03,0.05,20.0,,0.0,1e-06,0.1053297333879481,0.11748235003844767,0.09984364450086407,0.189318384668252,0.0013653466912778454,0.11611700334716983,112,0.27487253337354733,0.8398002802406571,0.8398104544894563,0.8389359041698666
Cholesky mechanism,78,320,8,0.7,0.15,144,208,320,diag,persistence,cholesky,44,36,3,3,10,8.0,0.03,0.05,20.0,,0.0,,0.12488884022604521,0.1361508893481415,,,0.0016706909411526233,0.13448019840698885,112,0.1832141053873079,1.0,1.0,1.0
Cholesky mechanism,78,320,8,0.7,0.15,144,208,320,diag,euclidean_gaussian_ar,cholesky,44,36,3,3,10,8.0,0.03,0.05,20.0,,0.0,1e-06,0.10558999551255346,0.11818738572440855,0.10452191377758357,0.1828297181127869,0.0013903181712375443,0.11679706755317101,112,0.2960720188310246,0.8680617973945084,0.8685075493397036,0.8321815465632156
Cholesky mechanism,78,320,8,0.7,0.15,144,208,320,diag,cholesky_gaussian_ar,cholesky,44,36,3,3,10,8.0,0.03,0.05,20.0,,0.0,1e-06,0.10231294754096296,0.11943370406424204,0.10413348112908831,0.18957361639651224,0.0013903181712375443,0.11804338589300449,112,0.23380521988094527,0.8772157467061917,0.8777752211203598,0.8321815465632156
Cholesky mechanism,78,320,8,0.7,0.15,144,208,320,diag,log_euclidean_gaussian_ar,cholesky,44,36,3,3,10,8.0,0.03,0.05,20.0,,0.0,1e-06,0.10241199308148476,0.11944221941286488,0.10285119824907958,0.18699458200510294,0.0013903181712375443,0.11805190124162733,112,0.2325568057190636,0.8772782901729558,0.8778385415848126,0.8321815465632156
Cholesky mechanism,78,320,8,0.7,0.15,144,208,320,diag,bwar_barycenter,cholesky,44,36,3,3,10,8.0,0.03,0.05,20.0,,0.0,1e-06,0.10347957911293855,0.11807540648462285,0.10318084590748676,0.18874022014318062,0.0013903181712375445,0.11668508831338531,112,0.24668285230513207,0.867239333139432,0.8676748673455352,0.8321815465632157
Cholesky mechanism,79,320,8,0.7,0.15,144,208,320,diag,persistence,cholesky,44,36,3,3,10,8.0,0.03,0.05,20.0,,0.0,,0.14626300107712875,0.1381685243345216,,,0.001694426584263453,0.13647409775025815,112,0.19351317576728516,1.0,1.0,1.0
Cholesky mechanism,79,320,8,0.7,0.15,144,208,320,diag,euclidean_gaussian_ar,cholesky,44,36,3,3,10,8.0,0.03,0.05,20.0,,0.0,1e-06,0.12266790430316682,0.12152197570419464,0.11526025144439474,0.19158566155810733,0.0014454209157450655,0.12007655478844957,112,0.25594375147350656,0.8795199651258938,0.8798486802102521,0.8530442859956502
Cholesky mechanism,79,320,8,0.7,0.15,144,208,320,diag,cholesky_gaussian_ar,cholesky,44,36,3,3,10,8.0,0.03,0.05,20.0,,0.0,0.0001,0.1227245613999769,0.11973600655441878,0.11563862221016383,0.18288226232085872,0.001460052206386679,0.1182759543480321,112,0.23378312881836627,0.8665939448301871,0.8666549645521169,0.8616792370625761
Cholesky mechanism,79,320,8,0.7,0.15,144,208,320,diag,log_euclidean_gaussian_ar,cholesky,44,36,3,3,10,8.0,0.03,0.05,20.0,,0.0,0.0001,0.12319228544247712,0.11947498213041649,0.11614563478494519,0.17814276400095186,0.001460052206386679,0.11801492992402982,112,0.23829704539669191,0.8647047705391575,0.8647423347688451,0.8616792370625761
Cholesky mechanism,79,320,8,0.7,0.15,144,208,320,diag,bwar_barycenter,cholesky,44,36,3,3,10,8.0,0.03,0.05,20.0,,0.0,0.0001,0.12240292894978846,0.12047653558260144,0.1148571073039871,0.18549852321179983,0.0014600522063866787,0.11901648337621475,112,0.24834969069029245,0.8719535521050666,0.872081115304458,0.861679237062576
