origin,fit_end,val_end,test_end,horizon,source_index,target_index,method,window_length,ridge,raw_rmse,w2,min_pred_eig,reference_residual,reference_refreshed,reference_fallback
0,127,181,224,3,178,181,cholesky_gaussian_ar,181.0,0.1,0.1552652276295809,8.181785860365608,0.10597704299656212,,,
0,127,181,224,3,178,181,euclidean_gaussian_ar,181.0,1.0,0.2187005446282735,7.886485698528588,0.18057234860318738,,,
0,127,181,224,3,178,181,fixed_bwar,181.0,0.1,0.152641193770156,6.948494016682662,0.09751250909618625,,,
0,127,181,224,3,178,181,local_bwar,48.0,0.1,0.19516260903055507,8.554965278542923,0.10515401073679805,6.646974118442254e-11,1.0,0.0
0,127,181,224,3,178,181,log_euclidean_gaussian_ar,181.0,0.1,0.14581184212715198,7.489127976481299,0.08833056144123792,,,
0,127,181,224,3,178,181,persistence,,,0.15559363219926212,11.886337637353648,0.04253534473373748,,,
0,127,181,224,3,178,181,raw_var_window_ar,72.0,10.0,0.5871146668923554,86.1565450097291,9.999999983064013e-09,,,
0,127,181,224,3,179,182,cholesky_gaussian_ar,181.0,0.1,0.31332681760024933,11.93835744751765,0.11384855902892999,,,
0,127,181,224,3,179,182,euclidean_gaussian_ar,181.0,1.0,0.31203347384978514,11.35537177223295,0.1860787136538623,,,
0,127,181,224,3,179,182,fixed_bwar,181.0,0.1,0.32829829296556173,11.944111416194628,0.10465333200086023,,,
0,127,181,224,3,179,182,local_bwar,48.0,0.1,0.2915053749054145,10.241060404499784,0.10524972696873951,7.431375595062332e-11,1.0,0.0
0,127,181,224,3,179,182,log_euclidean_gaussian_ar,181.0,0.1,0.30406943121665436,10.70757939274283,0.09642110114632436,,,
0,127,181,224,3,179,182,persistence,,,0.5158154813891338,33.466793269153605,0.031071602170496242,,,
0,127,181,224,3,179,182,raw_var_window_ar,72.0,10.0,0.735547735834514,91.23714465437183,9.999999994067244e-09,,,
0,127,181,224,3,180,183,cholesky_gaussian_ar,181.0,0.1,0.4689660515908695,19.005483381515727,0.13061036888750893,,,
0,127,181,224,3,180,183,euclidean_gaussian_ar,181.0,1.0,0.4829563183433403,20.068732475621204,0.20159380391786322,,,
0,127,181,224,3,180,183,fixed_bwar,181.0,0.1,0.49469218927297615,20.46298432998426,0.11685269179734066,,,
0,127,181,224,3,180,183,local_bwar,48.0,0.1,0.4577823522234423,17.880761187419285,0.09140205625413995,7.493237051940271e-11,1.0,0.0
0,127,181,224,3,180,183,log_euclidean_gaussian_ar,181.0,0.1,0.47137109472127287,17.9096578911125,0.0987970336000552,,,
0,127,181,224,3,180,183,persistence,,,0.618739007405732,32.492747570726515,0.035558803873924905,,,
0,127,181,224,3,180,183,raw_var_window_ar,72.0,10.0,0.8583752140756757,97.1984687150574,9.999999947788643e-09,,,
0,127,181,224,3,181,184,cholesky_gaussian_ar,181.0,0.1,0.5977568813099396,27.75400878635659,0.15618549129751075,,,
0,127,181,224,3,181,184,euclidean_gaussian_ar,181.0,1.0,0.6185472267096351,29.82435623146972,0.20750801291024482,,,
0,127,181,224,3,181,184,fixed_bwar,181.0,0.1,0.6024791376513209,28.871276438969264,0.12424209685145764,,,
0,127,181,224,3,181,184,local_bwar,48.0,0.1,0.5749470688983623,25.418583386416444,0.09197800346015798,6.383840960710602e-11,1.0,0.0
0,127,181,224,3,181,184,log_euclidean_gaussian_ar,181.0,0.1,0.6088143549656535,27.921572057743262,0.10789910491874422,,,
0,127,181,224,3,181,184,persistence,,,0.50981870020101,32.57470689532012,0.037531691814572235,,,
0,127,181,224,3,181,184,raw_var_window_ar,72.0,10.0,0.9876448391288613,106.17503080901665,9.999999974904474e-09,,,
0,127,181,224,3,182,185,cholesky_gaussian_ar,181.0,0.1,0.7865531135247681,43.498573621324866,0.14429891654294916,,,
0,127,181,224,3,182,185,euclidean_gaussian_ar,181.0,1.0,0.8067510490734316,45.48821045300486,0.17959319475789023,,,
0,127,181,224,3,182,185,fixed_bwar,181.0,0.1,0.779881592319808,43.73550328067218,0.1174417304602455,,,
0,127,181,224,3,182,185,local_bwar,48.0,0.1,0.7588259767735047,39.99647502214148,0.08870850703986362,6.161668012922845e-11,1.0,0.0
0,127,181,224,3,182,185,log_euclidean_gaussian_ar,181.0,0.1,0.7935571019035643,42.23398635614244,0.10380185997779132,,,
0,127,181,224,3,182,185,persistence,,,0.6816791323040724,44.77456731053782,0.04072622436026174,,,
0,127,181,224,3,182,185,raw_var_window_ar,72.0,10.0,1.1638874642404187,134.23624759854565,9.999999988877452e-09,,,
0,127,181,224,3,183,186,cholesky_gaussian_ar,181.0,0.1,0.7202046692366645,48.26055683376664,0.005034352066054961,,,
0,127,181,224,3,183,186,euclidean_gaussian_ar,181.0,1.0,0.7041589526496992,38.46147591347837,0.14130533220162833,,,
0,127,181,224,3,183,186,fixed_bwar,181.0,0.1,0.6825885831130236,36.50087751418366,0.09514185618050702,,,
0,127,181,224,3,183,186,local_bwar,48.0,0.1,0.624311584195832,32.31175949856228,0.07333387179168945,5.6011798672765696e-11,1.0,0.0
0,127,181,224,3,183,186,log_euclidean_gaussian_ar,181.0,0.1,0.656314767337934,68.08719502293418,0.014528964601799072,,,
0,127,181,224,3,183,186,persistence,,,0.3896297731615597,24.540266219648814,9.999999999038756e-06,,,
0,127,181,224,3,183,186,raw_var_window_ar,72.0,10.0,1.0501972693046027,123.14548102653893,9.999999986380495e-09,,,
0,127,181,224,3,184,187,cholesky_gaussian_ar,181.0,0.1,0.4751377833247438,30.965567798497677,0.004129219229674405,,,
0,127,181,224,3,184,187,euclidean_gaussian_ar,181.0,1.0,0.4334867718736389,18.547884309716203,9.999999471460411e-09,,,
0,127,181,224,3,184,187,fixed_bwar,181.0,0.1,0.45203136797454097,19.58479458672381,0.09438798616307299,,,
0,127,181,224,3,184,187,local_bwar,48.0,0.1,0.2602623850824051,10.483295505909972,0.06022063431771269,6.859273023704806e-11,1.0,0.0
0,127,181,224,3,184,187,log_euclidean_gaussian_ar,181.0,0.1,0.43456296859455584,54.52628385326338,0.010194467886786273,,,
0,127,181,224,3,184,187,persistence,,,0.21192256823801936,11.033771846103805,9.999999999843752e-06,,,
0,127,181,224,3,184,187,raw_var_window_ar,72.0,10.0,0.8078239570002415,106.37927322019694,9.999999999011523e-09,,,
0,127,181,224,3,185,188,cholesky_gaussian_ar,181.0,0.1,0.3258574754050476,12.871903315444818,0.0033859288409506926,,,
0,127,181,224,3,185,188,euclidean_gaussian_ar,181.0,1.0,0.5313920325929009,20.720581074062004,9.999999896862307e-09,,,
0,127,181,224,3,185,188,fixed_bwar,181.0,0.1,0.459373850912196,15.13432207133966,0.09301294561192047,,,
0,127,181,224,3,185,188,local_bwar,48.0,0.1,0.7066676253326749,32.033464361907136,0.05289287423630171,9.129926765371926e-11,1.0,0.0
0,127,181,224,3,185,188,log_euclidean_gaussian_ar,181.0,0.1,0.4446353803359064,29.650064881365942,0.009327498349441197,,,
0,127,181,224,3,185,188,persistence,,,0.8924562980394541,53.45455559518646,9.999999999558016e-06,,,
0,127,181,224,3,185,188,raw_var_window_ar,72.0,10.0,0.34476498423043017,55.842854689945185,9.99999998771157e-09,,,
0,127,181,224,3,186,189,cholesky_gaussian_ar,181.0,0.1,0.30002266000937083,14.418873394294524,0.0027611659440156394,,,
0,127,181,224,3,186,189,euclidean_gaussian_ar,181.0,1.0,0.5505771411672263,20.79082120022366,1.0000000165500644e-08,,,
0,127,181,224,3,186,189,fixed_bwar,181.0,0.1,0.38700536235410193,11.902009029972858,0.09345856920033158,,,
0,127,181,224,3,186,189,local_bwar,48.0,0.1,0.6441384764324218,30.40334545098585,0.07445709184399094,1.250597622872581e-10,1.0,0.0
0,127,181,224,3,186,189,log_euclidean_gaussian_ar,181.0,0.1,0.4580665472327906,40.77577146291743,0.007542595451113074,,,
0,127,181,224,3,186,189,persistence,,,0.8492634833702957,57.02287805298671,9.999999999558107e-06,,,
0,127,181,224,3,186,189,raw_var_window_ar,72.0,10.0,0.4755599770852347,69.34179840308855,9.999999995228793e-09,,,
0,127,181,224,3,187,190,cholesky_gaussian_ar,181.0,0.1,0.2617832540148638,10.016360638451514,0.11110860598586411,,,
0,127,181,224,3,187,190,euclidean_gaussian_ar,181.0,1.0,0.35783567493722956,13.024708998783773,1.0000000213653137e-08,,,
0,127,181,224,3,187,190,fixed_bwar,181.0,0.1,0.34061421506253775,11.101413049414381,0.10753269514100496,,,
0,127,181,224,3,187,190,local_bwar,48.0,0.1,0.439626740365732,16.72930022275064,0.09288193811659957,1.2602522495138373e-10,1.0,0.0
0,127,181,224,3,187,190,log_euclidean_gaussian_ar,181.0,0.1,0.3027544628931503,11.960227576267538,0.08937293686656339,,,
0,127,181,224,3,187,190,persistence,,,0.5878985462153022,32.65412947055406,0.038615806960128424,,,
0,127,181,224,3,187,190,raw_var_window_ar,72.0,10.0,0.5366475133070988,78.390356045011,9.999999933621688e-09,,,
0,127,181,224,3,188,191,cholesky_gaussian_ar,181.0,0.1,0.4019665803569825,18.21543690317785,0.10383029640382091,,,
0,127,181,224,3,188,191,euclidean_gaussian_ar,181.0,1.0,0.4745842864411892,16.375961928794144,0.1613884526132082,,,
0,127,181,224,3,188,191,fixed_bwar,181.0,0.1,0.3368615180648675,12.72431295422729,0.09777377828485065,,,
0,127,181,224,3,188,191,local_bwar,48.0,0.1,0.2302498826372057,9.352931381456015,0.08472662458794376,1.1970271116290268e-10,1.0,0.0
0,127,181,224,3,188,191,log_euclidean_gaussian_ar,181.0,0.1,0.32342945753522234,21.369865737908906,0.0889556085337796,,,
0,127,181,224,3,188,191,persistence,,,0.45185054576518086,19.85366156380678,0.03657682181150887,,,
0,127,181,224,3,188,191,raw_var_window_ar,72.0,10.0,0.7743649331866845,92.5130745948769,9.999999941810843e-09,,,
0,127,181,224,3,189,192,cholesky_gaussian_ar,181.0,0.1,0.586527282140968,31.57575905573332,0.10581144327755124,,,
0,127,181,224,3,189,192,euclidean_gaussian_ar,181.0,1.0,0.5900336672087747,24.578350126300496,0.1908132517456457,,,
0,127,181,224,3,189,192,fixed_bwar,181.0,0.1,0.60080277775073,28.74683897768398,0.09383938785786601,,,
0,127,181,224,3,189,192,local_bwar,48.0,0.1,0.3694726400877523,14.771375139920966,0.08219334413893725,1.1093065663458076e-10,1.0,0.0
0,127,181,224,3,189,192,log_euclidean_gaussian_ar,181.0,0.1,0.5574919387737353,37.96311709903889,0.07449415735890375,,,
0,127,181,224,3,189,192,persistence,,,0.6903893010587754,33.24945968957603,0.026875865375861435,,,
0,127,181,224,3,189,192,raw_var_window_ar,72.0,10.0,0.960783116745106,122.4798868043975,9.99999997368924e-09,,,
0,127,181,224,3,190,193,cholesky_gaussian_ar,181.0,0.1,0.5150496114523692,25.634208526772127,0.11561200197487168,,,
0,127,181,224,3,190,193,euclidean_gaussian_ar,181.0,1.0,0.5035950778542051,23.032466846703265,0.19080276640705704,,,
0,127,181,224,3,190,193,fixed_bwar,181.0,0.1,0.5414704053997857,25.383699034010732,0.0978850902965904,,,
0,127,181,224,3,190,193,local_bwar,48.0,0.1,0.3734010405230465,15.183776451981624,0.08417664505395031,1.0556461770007871e-10,1.0,0.0
0,127,181,224,3,190,193,log_euclidean_gaussian_ar,181.0,0.1,0.5115629373431552,28.198239078144415,0.07923580420210583,,,
0,127,181,224,3,190,193,persistence,,,0.697146369605924,40.1693274686491,0.032326855367465254,,,
0,127,181,224,3,190,193,raw_var_window_ar,72.0,10.0,0.9435824275446714,110.42040194800941,9.999999998749249e-09,,,
0,127,181,224,3,191,194,cholesky_gaussian_ar,181.0,0.1,0.3381963195026202,16.05099387508892,0.1291323886304929,,,
0,127,181,224,3,191,194,euclidean_gaussian_ar,181.0,1.0,0.3545773654204059,16.309059495185565,0.20252807669410103,,,
0,127,181,224,3,191,194,fixed_bwar,181.0,0.1,0.37242657898266834,17.261838871839593,0.10454132586651292,,,
0,127,181,224,3,191,194,local_bwar,48.0,0.1,0.28603713296730415,12.375120557527746,0.08375294522917764,9.240659003770794e-11,1.0,0.0
0,127,181,224,3,191,194,log_euclidean_gaussian_ar,181.0,0.1,0.3401127597316992,16.50131406347963,0.08191197209598866,,,
0,127,181,224,3,191,194,persistence,,,0.41593949795438256,25.216786955521336,0.03602546388772396,,,
0,127,181,224,3,191,194,raw_var_window_ar,72.0,10.0,0.8345222904192797,111.80196248310682,9.999999998860273e-09,,,
0,127,181,224,3,192,195,cholesky_gaussian_ar,181.0,0.1,0.2593632947450864,10.329235686088742,0.13627772108281438,,,
0,127,181,224,3,192,195,euclidean_gaussian_ar,181.0,1.0,0.1724128102454851,8.767955863531062,0.16189401058329383,,,
0,127,181,224,3,192,195,fixed_bwar,181.0,0.1,0.32291442589096075,11.190306097565951,0.12398123632292342,,,
0,127,181,224,3,192,195,local_bwar,48.0,0.1,0.23511203534395958,9.614716076272941,0.08783653495461943,9.258367307164161e-11,1.0,0.0
0,127,181,224,3,192,195,log_euclidean_gaussian_ar,181.0,0.1,0.2429178019263648,9.392727302489899,0.10516350056868341,,,
0,127,181,224,3,192,195,persistence,,,0.43275206681282347,20.737807975187096,0.03798753098823863,,,
0,127,181,224,3,192,195,raw_var_window_ar,72.0,10.0,0.587122762465185,90.68197371010083,9.999999975741796e-09,,,
0,127,181,224,3,193,196,cholesky_gaussian_ar,181.0,0.1,0.29677900377741984,17.336188035961424,0.11240854742480316,,,
0,127,181,224,3,193,196,euclidean_gaussian_ar,181.0,1.0,0.28837631887769327,15.673068314931031,0.055630058300687485,,,
0,127,181,224,3,193,196,fixed_bwar,181.0,0.1,0.293998322045906,14.82397370257928,0.10959031392719026,,,
0,127,181,224,3,193,196,local_bwar,48.0,0.1,0.3077440757991403,15.330430742329767,0.09370288369031919,9.609644581528959e-11,1.0,0.0
0,127,181,224,3,193,196,log_euclidean_gaussian_ar,181.0,0.1,0.28007783371785305,16.5043262924075,0.09659529839831711,,,
0,127,181,224,3,193,196,persistence,,,0.6204432347370552,42.954459932777084,0.01922086688389354,,,
0,127,181,224,3,193,196,raw_var_window_ar,72.0,10.0,0.7890223951031281,111.6645560084374,9.999999976503905e-09,,,
0,127,181,224,3,194,197,cholesky_gaussian_ar,181.0,0.1,0.2968168951955725,18.324837124819382,0.12589758978152552,,,
0,127,181,224,3,194,197,euclidean_gaussian_ar,181.0,1.0,0.30649201497593676,17.605992114420353,0.019889283339525485,,,
0,127,181,224,3,194,197,fixed_bwar,181.0,0.1,0.29354022174544064,16.29595838092709,0.11278178560460704,,,
0,127,181,224,3,194,197,local_bwar,48.0,0.1,0.33506286370215693,17.751781595836455,0.09551088988983258,9.402508367359398e-11,1.0,0.0
0,127,181,224,3,194,197,log_euclidean_gaussian_ar,181.0,0.1,0.28026608218130583,16.109929638119517,0.09740141266489644,,,
0,127,181,224,3,194,197,persistence,,,0.5630609969879007,39.9598168107952,0.015871445187360958,,,
0,127,181,224,3,194,197,raw_var_window_ar,72.0,10.0,0.8727440105493932,119.78681697616294,9.999999914274635e-09,,,
0,127,181,224,3,195,198,cholesky_gaussian_ar,181.0,0.1,0.3263116660149981,16.34143218997998,0.12355163009697577,,,
0,127,181,224,3,195,198,euclidean_gaussian_ar,181.0,1.0,0.2510508768466129,11.748983252687337,0.20334939400421187,,,
0,127,181,224,3,195,198,fixed_bwar,181.0,0.1,0.34539926656012726,14.894090116184785,0.10468377676383545,,,
0,127,181,224,3,195,198,local_bwar,48.0,0.1,0.29520053317591843,13.22989059833964,0.09726777174970007,1.1085179623043317e-10,1.0,0.0
0,127,181,224,3,195,198,log_euclidean_gaussian_ar,181.0,0.1,0.303556918898442,15.134800878091708,0.09070086155304097,,,
0,127,181,224,3,195,198,persistence,,,0.3336157885980393,15.483284655878922,0.01985175650150109,,,
0,127,181,224,3,195,198,raw_var_window_ar,72.0,10.0,0.9149526743760543,114.33493661046109,9.999999987725978e-09,,,
0,127,181,224,3,196,199,cholesky_gaussian_ar,181.0,0.1,0.38872542893775985,15.370191897656795,0.117834873827345,,,
0,127,181,224,3,196,199,euclidean_gaussian_ar,181.0,1.0,0.28396052750221096,12.04311955548948,0.22372067999578069,,,
0,127,181,224,3,196,199,fixed_bwar,181.0,0.1,0.36506658939030273,12.888021785821039,0.10832744113993874,,,
0,127,181,224,3,196,199,local_bwar,48.0,0.1,0.3357301697143238,12.42867967027846,0.08513801147103797,1.2759251100176161e-10,1.0,0.0
0,127,181,224,3,196,199,log_euclidean_gaussian_ar,181.0,0.1,0.3571566951335176,13.699697989481514,0.08132104650521323,,,
0,127,181,224,3,196,199,persistence,,,0.530278804975373,29.605715550299117,0.04019884868911989,,,
0,127,181,224,3,196,199,raw_var_window_ar,72.0,10.0,1.0734268764306938,127.45316509505668,9.99999999574669e-09,,,
0,127,181,224,3,197,200,cholesky_gaussian_ar,181.0,0.1,0.4764417420462508,16.961890379118422,0.12504745620297716,,,
0,127,181,224,3,197,200,euclidean_gaussian_ar,181.0,1.0,0.5091940177448078,23.776004135254748,0.23314009586013948,,,
0,127,181,224,3,197,200,fixed_bwar,181.0,0.1,0.44852900076043783,17.091553172605096,0.11511738084292746,,,
0,127,181,224,3,197,200,local_bwar,48.0,0.1,0.4426275136178583,16.556847749223675,0.0888645342705531,1.2721233432435906e-10,1.0,0.0
0,127,181,224,3,197,200,log_euclidean_gaussian_ar,181.0,0.1,0.4327212207454069,13.639673538795165,0.08475358246916631,,,
0,127,181,224,3,197,200,persistence,,,0.6998287022062896,49.98736966141418,0.05067816859772769,,,
0,127,181,224,3,197,200,raw_var_window_ar,72.0,10.0,1.1821197373595393,128.31397336502468,9.999999979777843e-09,,,
0,127,181,224,3,198,201,cholesky_gaussian_ar,181.0,0.1,0.4284666436952435,14.541261484043416,0.12546439946789562,,,
0,127,181,224,3,198,201,euclidean_gaussian_ar,181.0,1.0,0.40339446572820997,15.78626459654797,0.22615444099781265,,,
0,127,181,224,3,198,201,fixed_bwar,181.0,0.1,0.3700157004760097,12.894256919029573,0.11778772041887715,,,
0,127,181,224,3,198,201,local_bwar,48.0,0.1,0.3863690509934354,13.060216877611936,0.08573764203375131,1.4437599285174437e-10,1.0,0.0
0,127,181,224,3,198,201,log_euclidean_gaussian_ar,181.0,0.1,0.3864127741190729,11.578684228190154,0.08515044975924338,,,
0,127,181,224,3,198,201,persistence,,,0.503044255897485,29.429280307258196,0.05534240930857545,,,
0,127,181,224,3,198,201,raw_var_window_ar,72.0,10.0,1.0500533225607616,127.73963886949467,9.999999996918428e-09,,,
0,127,181,224,3,199,202,cholesky_gaussian_ar,181.0,0.1,0.1658388059388536,8.428929935321262,0.13639940628993363,,,
0,127,181,224,3,199,202,euclidean_gaussian_ar,181.0,1.0,0.1858851557875573,8.27814927602738,0.22349067406050713,,,
0,127,181,224,3,199,202,fixed_bwar,181.0,0.1,0.2035628564935911,8.729327516702368,0.1246538509639827,,,
0,127,181,224,3,199,202,local_bwar,48.0,0.1,0.1840101235994319,8.734993201587633,0.08899468778414388,1.2416202540512942e-10,1.0,0.0
0,127,181,224,3,199,202,log_euclidean_gaussian_ar,181.0,0.1,0.17711518949033678,9.671388406326606,0.08647556434838007,,,
0,127,181,224,3,199,202,persistence,,,0.30133833341790156,16.207711374994275,0.04448702088367999,,,
0,127,181,224,3,199,202,raw_var_window_ar,72.0,10.0,0.6605088411346617,94.50600370270601,9.999999981750136e-09,,,
0,127,181,224,3,200,203,cholesky_gaussian_ar,181.0,0.1,0.30087114367044493,15.790610877765555,0.12449946784084827,,,
0,127,181,224,3,200,203,euclidean_gaussian_ar,181.0,1.0,0.3708382052869165,18.548278887923445,0.20819181566030845,,,
0,127,181,224,3,200,203,fixed_bwar,181.0,0.1,0.3170931045082217,15.32811976318164,0.12139718753188046,,,
0,127,181,224,3,200,203,local_bwar,48.0,0.1,0.3449494030908655,17.712795976468424,0.08922061415951223,9.952064408821812e-11,1.0,0.0
0,127,181,224,3,200,203,log_euclidean_gaussian_ar,181.0,0.1,0.30346621189329825,16.8005234037308,0.08862336118917011,,,
0,127,181,224,3,200,203,persistence,,,0.7114628296881536,49.15477589747138,0.047019594503139195,,,
0,127,181,224,3,200,203,raw_var_window_ar,72.0,10.0,0.7371065747693598,106.65742296512416,9.999999994687664e-09,,,
0,127,181,224,3,201,204,cholesky_gaussian_ar,181.0,0.1,0.34516453917096673,18.42821692043134,0.13050252905691534,,,
0,127,181,224,3,201,204,euclidean_gaussian_ar,181.0,1.0,0.37689220313566074,19.94164534150572,0.21354461277927972,,,
0,127,181,224,3,201,204,fixed_bwar,181.0,0.1,0.35097145597127843,17.4720049898169,0.12679486914559504,,,
0,127,181,224,3,201,204,local_bwar,48.0,0.1,0.4100542214079598,22.01543661173009,0.0975277088081637,1.0622378088863468e-10,1.0,0.0
0,127,181,224,3,201,204,log_euclidean_gaussian_ar,181.0,0.1,0.34939180378972684,21.322127588030433,0.0937427826478871,,,
0,127,181,224,3,201,204,persistence,,,0.6684472357840767,46.03777171222204,0.03952098487615551,,,
0,127,181,224,3,201,204,raw_var_window_ar,72.0,10.0,0.8337371211813942,110.16193160847533,9.999999960980574e-09,,,
0,127,181,224,3,202,205,cholesky_gaussian_ar,181.0,0.1,0.33703711982948975,13.946943569289552,0.1315149827772471,,,
0,127,181,224,3,202,205,euclidean_gaussian_ar,181.0,1.0,0.2718300452481741,11.163149917480627,0.21571584598189023,,,
0,127,181,224,3,202,205,fixed_bwar,181.0,0.1,0.3479213201074071,12.56086056087249,0.11315446391271616,,,
0,127,181,224,3,202,205,local_bwar,48.0,0.1,0.2728837081618146,11.889294322450754,0.10378464253010643,1.05301408149784e-10,1.0,0.0
0,127,181,224,3,202,205,log_euclidean_gaussian_ar,181.0,0.1,0.3875408316016718,16.910633807788493,0.0881980973808156,,,
0,127,181,224,3,202,205,persistence,,,0.21170952345056118,13.65137798271051,0.04223678446629988,,,
0,127,181,224,3,202,205,raw_var_window_ar,72.0,10.0,0.9387777151414702,109.49577883546075,9.999999982116931e-09,,,
0,127,181,224,3,203,206,cholesky_gaussian_ar,181.0,0.1,0.5632703123687552,26.701583016282434,0.127404524946607,,,
0,127,181,224,3,203,206,euclidean_gaussian_ar,181.0,1.0,0.4556669969018468,19.475690748229372,0.22875699148436074,,,
0,127,181,224,3,203,206,fixed_bwar,181.0,0.1,0.5524772699082247,24.362313339583938,0.10777522125230697,,,
0,127,181,224,3,203,206,local_bwar,48.0,0.1,0.3170945888244193,13.160574027737317,0.10066484251306253,9.53007220932167e-11,1.0,0.0
0,127,181,224,3,203,206,log_euclidean_gaussian_ar,181.0,0.1,0.5435795164176217,23.262583917705975,0.07851023071739585,,,
0,127,181,224,3,203,206,persistence,,,0.586766525043878,37.38989416919928,0.032898128118625775,,,
0,127,181,224,3,203,206,raw_var_window_ar,72.0,10.0,1.0888913296706002,140.34217024953324,9.999999982883312e-09,,,
0,127,181,224,3,204,207,cholesky_gaussian_ar,181.0,0.1,0.5375968164900545,24.753320849706455,0.11932778426237034,,,
0,127,181,224,3,204,207,euclidean_gaussian_ar,181.0,1.0,0.4567509023269654,22.90061315951256,0.22926455013929123,,,
0,127,181,224,3,204,207,fixed_bwar,181.0,0.1,0.519902240889742,22.795766505960408,0.10564098027693297,,,
0,127,181,224,3,204,207,local_bwar,48.0,0.1,0.30321468097617177,13.388546988508171,0.09864148799603638,9.056290858258525e-11,1.0,0.0
0,127,181,224,3,204,207,log_euclidean_gaussian_ar,181.0,0.1,0.4989659996637213,18.9343534718194,0.0783933153901889,,,
0,127,181,224,3,204,207,persistence,,,0.7038829710178393,53.58203114215182,0.05066011877411176,,,
0,127,181,224,3,204,207,raw_var_window_ar,72.0,10.0,1.0371178381043216,119.35008819180428,9.99999999449302e-09,,,
0,127,181,224,3,205,208,cholesky_gaussian_ar,181.0,0.1,0.29664090366365814,13.8901127912219,0.12761125515044364,,,
0,127,181,224,3,205,208,euclidean_gaussian_ar,181.0,1.0,0.3624643318589126,17.033666189885437,0.23178077576551956,,,
0,127,181,224,3,205,208,fixed_bwar,181.0,0.1,0.3060152523126462,14.236799614540267,0.11308105477003598,,,
0,127,181,224,3,205,208,local_bwar,48.0,0.1,0.24256461709951574,11.124366941345706,0.09865126844556767,9.418350385187143e-11,1.0,0.0
0,127,181,224,3,205,208,log_euclidean_gaussian_ar,181.0,0.1,0.27761441114441315,10.925001669973916,0.07889623748638604,,,
0,127,181,224,3,205,208,persistence,,,0.4337764511654065,28.636418143796547,0.07569220471851602,,,
0,127,181,224,3,205,208,raw_var_window_ar,72.0,10.0,0.6652029563028382,90.11046063474167,9.999999974080984e-09,,,
0,127,181,224,3,206,209,cholesky_gaussian_ar,181.0,0.1,0.25680823372871536,10.76881534929204,0.12723809952329213,,,
0,127,181,224,3,206,209,euclidean_gaussian_ar,181.0,1.0,0.2646068436952728,10.712601313820088,0.19114139231216803,,,
0,127,181,224,3,206,209,fixed_bwar,181.0,0.1,0.3980521797657777,15.562080285733396,0.13008691620665425,,,
0,127,181,224,3,206,209,local_bwar,48.0,0.1,0.2524480472017828,9.871023306263407,0.10424304644026966,9.77424564697266e-11,1.0,0.0
0,127,181,224,3,206,209,log_euclidean_gaussian_ar,181.0,0.1,0.24056390730430433,11.414695943978922,0.09319233012022612,,,
0,127,181,224,3,206,209,persistence,,,0.5796790799955877,32.65033305450456,0.06398795189497107,,,
0,127,181,224,3,206,209,raw_var_window_ar,72.0,10.0,0.5204431854306022,78.67365429405447,9.999999982525383e-09,,,
0,127,181,224,3,207,210,cholesky_gaussian_ar,181.0,0.1,0.28739151031843524,15.387785974046526,0.12278555121396414,,,
0,127,181,224,3,207,210,euclidean_gaussian_ar,181.0,1.0,0.2734781865128907,14.144058695172479,0.17150206486725195,,,
0,127,181,224,3,207,210,fixed_bwar,181.0,0.1,0.3081860917505409,14.155026980831332,0.12277748598981506,,,
0,127,181,224,3,207,210,local_bwar,48.0,0.1,0.2686597101011793,12.365785340007175,0.11049801564429945,8.946107904407259e-11,1.0,0.0
0,127,181,224,3,207,210,log_euclidean_gaussian_ar,181.0,0.1,0.28756566612052137,15.6298752072499,0.09791137036501554,,,
0,127,181,224,3,207,210,persistence,,,0.6610921775283234,47.12567976324309,0.03412547261151572,,,
0,127,181,224,3,207,210,raw_var_window_ar,72.0,10.0,0.7557067437810545,114.36590367494586,9.99999999744576e-09,,,
0,127,181,224,3,208,211,cholesky_gaussian_ar,181.0,0.1,0.388662525405936,20.964769724763443,0.12471333448970671,,,
0,127,181,224,3,208,211,euclidean_gaussian_ar,181.0,1.0,0.5017032846550348,23.436230340214653,0.07942543928904024,,,
0,127,181,224,3,208,211,fixed_bwar,181.0,0.1,0.321786498503756,15.969796277317988,0.1192747281166873,,,
0,127,181,224,3,208,211,local_bwar,48.0,0.1,0.33912892200756195,15.834463149593976,0.11225612283709092,7.853322655625132e-11,1.0,0.0
0,127,181,224,3,208,211,log_euclidean_gaussian_ar,181.0,0.1,0.3744001731910967,20.24373189797271,0.10015925239040366,,,
0,127,181,224,3,208,211,persistence,,,0.5642028913881848,39.21300750749849,0.028809862308647557,,,
0,127,181,224,3,208,211,raw_var_window_ar,72.0,10.0,0.9041505657188749,128.45225840175044,9.99999997549197e-09,,,
0,127,181,224,3,209,212,cholesky_gaussian_ar,181.0,0.1,0.4347020710493464,20.276307878986955,0.12204577056565082,,,
0,127,181,224,3,209,212,euclidean_gaussian_ar,181.0,1.0,0.5173469035176286,19.978448778866387,0.1996299940194637,,,
0,127,181,224,3,209,212,fixed_bwar,181.0,0.1,0.4128340894532487,17.24936878677218,0.10510196159417806,,,
0,127,181,224,3,209,212,local_bwar,48.0,0.1,0.30134938568895675,13.132423203464576,0.11582810445469661,7.09396336003613e-11,1.0,0.0
0,127,181,224,3,209,212,log_euclidean_gaussian_ar,181.0,0.1,0.4257775714390537,21.912879815798245,0.08892292043682365,,,
0,127,181,224,3,209,212,persistence,,,0.3619136149557858,17.64875216467254,0.038430199688810236,,,
0,127,181,224,3,209,212,raw_var_window_ar,72.0,10.0,0.9132551613457813,114.4789141965505,9.999999992151143e-09,,,
0,127,181,224,3,210,213,cholesky_gaussian_ar,181.0,0.1,0.4581196923871012,21.123630997625007,0.12765742625457444,,,
0,127,181,224,3,210,213,euclidean_gaussian_ar,181.0,1.0,0.4360375692975236,19.8524032857447,0.2357537715636821,,,
0,127,181,224,3,210,213,fixed_bwar,181.0,0.1,0.42008871764234135,17.86889094832926,0.11076318332329799,,,
0,127,181,224,3,210,213,local_bwar,48.0,0.1,0.24274514663074512,10.858004513714532,0.1127108844770201,7.577857621905595e-11,1.0,0.0
0,127,181,224,3,210,213,log_euclidean_gaussian_ar,181.0,0.1,0.4656840228768087,20.77695545058056,0.08507844593471664,,,
0,127,181,224,3,210,213,persistence,,,0.4680115939519258,29.692163185828736,0.031146684897890076,,,
0,127,181,224,3,210,213,raw_var_window_ar,72.0,10.0,0.9721148201935667,129.29390428909076,9.999999999228087e-09,,,
0,127,181,224,3,211,214,cholesky_gaussian_ar,181.0,0.1,0.5798775328268638,28.505996619780603,0.13752405545477492,,,
0,127,181,224,3,211,214,euclidean_gaussian_ar,181.0,1.0,0.6189645485216525,35.776965895330044,0.24977206203779476,,,
0,127,181,224,3,211,214,fixed_bwar,181.0,0.1,0.5348902538281318,26.200185862352413,0.11387801391592217,,,
0,127,181,224,3,211,214,local_bwar,48.0,0.1,0.35268318552875727,17.11826558405245,0.11119678428409964,7.784257769013866e-11,1.0,0.0
0,127,181,224,3,211,214,log_euclidean_gaussian_ar,181.0,0.1,0.5759587888353154,24.849290886541667,0.08861104569723717,,,
0,127,181,224,3,211,214,persistence,,,0.6961103070623832,54.59995470741902,0.05389140002494086,,,
0,127,181,224,3,211,214,raw_var_window_ar,72.0,10.0,1.2245617440117322,140.2212607196098,9.999999899095563e-09,,,
0,127,181,224,3,212,215,cholesky_gaussian_ar,181.0,0.1,0.5057512125427565,24.95560509489036,0.1449534187266389,,,
0,127,181,224,3,212,215,euclidean_gaussian_ar,181.0,1.0,0.5610083941621204,30.33532999328655,0.2339184621246483,,,
0,127,181,224,3,212,215,fixed_bwar,181.0,0.1,0.48555513943956513,23.58980190540128,0.11447011108701899,,,
0,127,181,224,3,212,215,local_bwar,48.0,0.1,0.3434845288717683,17.091461616418616,0.11193651181640867,8.471348860036515e-11,1.0,0.0
0,127,181,224,3,212,215,log_euclidean_gaussian_ar,181.0,0.1,0.508924657320575,22.13336799636511,0.09654367279870221,,,
0,127,181,224,3,212,215,persistence,,,0.5924209709657083,40.369120409481944,0.03800966231091705,,,
0,127,181,224,3,212,215,raw_var_window_ar,72.0,10.0,1.0046026164918191,134.5472393817781,9.999999992897578e-09,,,
0,127,181,224,3,213,216,cholesky_gaussian_ar,181.0,0.1,0.2179806397383007,10.352143928838657,0.13727737977153134,,,
0,127,181,224,3,213,216,euclidean_gaussian_ar,181.0,1.0,0.20450964400079152,10.695127018208062,0.20633055635885242,,,
0,127,181,224,3,213,216,fixed_bwar,181.0,0.1,0.35280661831242077,13.11482236647476,0.13126500684910744,,,
0,127,181,224,3,213,216,local_bwar,48.0,0.1,0.18648075088630348,8.768792756077548,0.1089525745194408,8.971577976028958e-11,1.0,0.0
0,127,181,224,3,213,216,log_euclidean_gaussian_ar,181.0,0.1,0.22904819559737916,11.740365834686356,0.10604735372149397,,,
0,127,181,224,3,213,216,persistence,,,0.39488559328104633,17.09083433902525,0.06482568259984384,,,
0,127,181,224,3,213,216,raw_var_window_ar,72.0,10.0,0.5995368533848089,95.1975488275765,9.999999883569884e-09,,,
0,127,181,224,3,214,217,cholesky_gaussian_ar,181.0,0.1,0.3400856889465139,15.412829209917524,0.11897501551229578,,,
0,127,181,224,3,214,217,euclidean_gaussian_ar,181.0,1.0,0.25630271722502346,13.357096792442864,0.1737071868477628,,,
0,127,181,224,3,214,217,fixed_bwar,181.0,0.1,0.44800130215845846,19.017785932027703,0.130369282250391,,,
0,127,181,224,3,214,217,local_bwar,48.0,0.1,0.3064677758844558,13.0324960915036,0.11072960735813286,9.043772930958577e-11,1.0,0.0
0,127,181,224,3,214,217,log_euclidean_gaussian_ar,181.0,0.1,0.3109135578677499,13.980490233154443,0.1099140808793241,,,
0,127,181,224,3,214,217,persistence,,,0.7811998252512773,58.49207575132306,0.02751197228497289,,,
0,127,181,224,3,214,217,raw_var_window_ar,72.0,10.0,0.6749425943916795,97.56391984663826,9.999999960351367e-09,,,
0,127,181,224,3,215,218,cholesky_gaussian_ar,181.0,0.1,0.3564492352391243,18.004447267879893,0.11934300270409345,,,
0,127,181,224,3,215,218,euclidean_gaussian_ar,181.0,1.0,0.31913516934471675,17.26929938607515,0.17868227923654234,,,
0,127,181,224,3,215,218,fixed_bwar,181.0,0.1,0.37976202131870157,18.454268330953358,0.12840326453962506,,,
0,127,181,224,3,215,218,local_bwar,48.0,0.1,0.3543151716303027,17.184354721126233,0.11619158336479256,9.219664042151202e-11,1.0,0.0
0,127,181,224,3,215,218,log_euclidean_gaussian_ar,181.0,0.1,0.32054029145876917,16.013532099951895,0.10412913778859215,,,
0,127,181,224,3,215,218,persistence,,,0.7364554955524217,59.563379119399656,0.02656423534199123,,,
0,127,181,224,3,215,218,raw_var_window_ar,72.0,10.0,0.7843273718486377,107.74481273156242,9.999999995741817e-09,,,
0,127,181,224,3,216,219,cholesky_gaussian_ar,181.0,0.1,0.403846357693733,17.82031349741417,0.1161370055003342,,,
0,127,181,224,3,216,219,euclidean_gaussian_ar,181.0,1.0,0.3605074772419134,14.638500770040224,0.19388872188901649,,,
0,127,181,224,3,216,219,fixed_bwar,181.0,0.1,0.3751062499796293,15.050691644694137,0.10722079895920392,,,
0,127,181,224,3,216,219,local_bwar,48.0,0.1,0.2587917720921481,12.279040922060942,0.12934117088797714,9.565180050430346e-11,1.0,0.0
0,127,181,224,3,216,219,log_euclidean_gaussian_ar,181.0,0.1,0.401207150356374,18.649564388420636,0.08132517343676803,,,
0,127,181,224,3,216,219,persistence,,,0.3227206979335944,19.821356835353967,0.04168441687548404,,,
0,127,181,224,3,216,219,raw_var_window_ar,72.0,10.0,0.9204583631917266,108.82514182287184,9.999999983662495e-09,,,
0,127,181,224,3,217,220,cholesky_gaussian_ar,181.0,0.1,0.46547676513070435,23.16759858320154,0.1338388471383845,,,
0,127,181,224,3,217,220,euclidean_gaussian_ar,181.0,1.0,0.338473023086393,16.18070674039707,0.22204723257340173,,,
0,127,181,224,3,217,220,fixed_bwar,181.0,0.1,0.5366955818460549,25.080278134317517,0.10070829399245709,,,
0,127,181,224,3,217,220,local_bwar,48.0,0.1,0.2265387115399442,11.059708914228093,0.11010465297922957,1.014822187478178e-10,1.0,0.0
0,127,181,224,3,217,220,log_euclidean_gaussian_ar,181.0,0.1,0.5160213667781501,25.97542089876002,0.07684377895080134,,,
0,127,181,224,3,217,220,persistence,,,0.5672968114477908,36.41342513657699,0.048305238570760904,,,
0,127,181,224,3,217,220,raw_var_window_ar,72.0,10.0,1.0514395063001039,138.4686354076358,9.999999981217524e-09,,,
0,127,181,224,3,218,221,cholesky_gaussian_ar,181.0,0.1,0.646622590698169,38.327574343608234,0.12833014035587648,,,
0,127,181,224,3,218,221,euclidean_gaussian_ar,181.0,1.0,0.578957950488287,34.39948449660006,0.22991429680324912,,,
0,127,181,224,3,218,221,fixed_bwar,181.0,0.1,0.6815431536630705,38.68001981611207,0.10250494829930892,,,
0,127,181,224,3,218,221,local_bwar,48.0,0.1,0.4051958761714847,21.704779921522,0.10373057733767008,1.0424413230494388e-10,1.0,0.0
0,127,181,224,3,218,221,log_euclidean_gaussian_ar,181.0,0.1,0.671128992891306,40.92512411587814,0.07454658514180025,,,
0,127,181,224,3,218,221,persistence,,,0.8297907768980153,73.04816693236205,0.034271008874507715,,,
0,127,181,224,3,218,221,raw_var_window_ar,72.0,10.0,1.176838783246097,163.56763194460586,9.999999998687458e-09,,,
0,127,181,224,3,219,222,cholesky_gaussian_ar,181.0,0.1,0.47391211754213186,26.19995628000966,0.13438991813896328,,,
0,127,181,224,3,219,222,euclidean_gaussian_ar,181.0,1.0,0.4201157357580341,24.29385673055177,0.22403768237779192,,,
0,127,181,224,3,219,222,fixed_bwar,181.0,0.1,0.4973423968660637,27.495587674347306,0.11575138739724158,,,
0,127,181,224,3,219,222,local_bwar,48.0,0.1,0.34025655774860625,19.273091833368134,0.10477344499803705,1.100482224500189e-10,1.0,0.0
0,127,181,224,3,219,222,log_euclidean_gaussian_ar,181.0,0.1,0.49366043791423986,21.523996225000634,0.08717290987807413,,,
0,127,181,224,3,219,222,persistence,,,0.5524935440219109,45.67348070351508,0.04000944432383261,,,
0,127,181,224,3,219,222,raw_var_window_ar,72.0,10.0,1.0281914073152618,146.79441728038492,9.999999987852674e-09,,,
0,127,181,224,3,220,223,cholesky_gaussian_ar,181.0,0.1,0.16702872860533188,9.96121493645072,0.1235519278926207,,,
0,127,181,224,3,220,223,euclidean_gaussian_ar,181.0,1.0,0.19951129964142494,9.375058033214735,0.19350088681131478,,,
0,127,181,224,3,220,223,fixed_bwar,181.0,0.1,0.19167621778925198,9.233854252768593,0.12322134403930611,,,
0,127,181,224,3,220,223,local_bwar,48.0,0.1,0.14654333025497482,8.939830636597858,0.11250052734575461,1.1379257337328353e-10,1.0,0.0
0,127,181,224,3,220,223,log_euclidean_gaussian_ar,181.0,0.1,0.16696017273097843,11.914178816788324,0.09117739426205088,,,
0,127,181,224,3,220,223,persistence,,,0.24575892286077922,12.550939690767242,0.042736961091727366,,,
0,127,181,224,3,220,223,raw_var_window_ar,72.0,10.0,0.8179338033649882,118.48646671390634,9.999999995158009e-09,,,
0,127,181,224,4,177,181,cholesky_gaussian_ar,181.0,0.1,0.1954572469393935,9.617420517200948,0.10761452343428095,,,
0,127,181,224,4,177,181,euclidean_gaussian_ar,181.0,0.01,0.19337506780427227,6.937873455882474,0.11066746514572166,,,
0,127,181,224,4,177,181,fixed_bwar,181.0,0.1,0.20847292429614478,8.355492307500082,0.09716284965381201,,,
0,127,181,224,4,177,181,local_bwar,24.0,0.1,0.19469609832708862,9.377757259338317,0.09845722563996157,5.4219547916106385e-11,1.0,0.0
0,127,181,224,4,177,181,log_euclidean_gaussian_ar,181.0,0.1,0.17660563390014603,8.680332666030063,0.08448466661346635,,,
0,127,181,224,4,177,181,persistence,,,0.33076564436506495,17.82876889989533,0.04078058952838831,,,
0,127,181,224,4,177,181,raw_var_window_ar,72.0,10.0,0.7001546918883806,101.63541610698802,9.999999999964274e-09,,,
0,127,181,224,4,178,182,cholesky_gaussian_ar,181.0,0.1,0.3169092321429073,12.288522964238666,0.11896318569253198,,,
0,127,181,224,4,178,182,euclidean_gaussian_ar,181.0,0.01,0.4653069466786518,18.66410035111703,0.0980779300994718,,,
0,127,181,224,4,178,182,fixed_bwar,181.0,0.1,0.32242967384789123,11.680443865585099,0.10786296228230001,,,
0,127,181,224,4,178,182,local_bwar,24.0,0.1,0.301616826671944,11.191285160958518,0.09815387897399064,5.468124700803897e-11,1.0,0.0
0,127,181,224,4,178,182,log_euclidean_gaussian_ar,181.0,0.1,0.312395458420069,11.368028894537519,0.0949633989492781,,,
0,127,181,224,4,178,182,persistence,,,0.32833124057979135,17.653281175232223,0.04253534473373748,,,
0,127,181,224,4,178,182,raw_var_window_ar,72.0,10.0,0.6824061440547355,94.62016368224617,9.999999998733165e-09,,,
0,127,181,224,4,179,183,cholesky_gaussian_ar,181.0,0.1,0.47639138046469376,19.987265228664164,0.1301453939893125,,,
0,127,181,224,4,179,183,euclidean_gaussian_ar,181.0,0.01,0.5428691079006008,24.679923367651718,0.0894116212001064,,,
0,127,181,224,4,179,183,fixed_bwar,181.0,0.1,0.4816788033104351,19.171678855441794,0.11544525974278708,,,
0,127,181,224,4,179,183,local_bwar,24.0,0.1,0.45580226434658727,18.03999243492227,0.09091459016117881,9.739157678321313e-10,1.0,0.0
0,127,181,224,4,179,183,log_euclidean_gaussian_ar,181.0,0.1,0.4781589727208126,19.047531995817508,0.10378409249106132,,,
0,127,181,224,4,179,183,persistence,,,0.5655076015552937,34.34486681400689,0.031071602170496242,,,
0,127,181,224,4,179,183,raw_var_window_ar,72.0,10.0,0.8012570533172788,101.80390617807757,9.999999999884068e-09,,,
0,127,181,224,4,180,184,cholesky_gaussian_ar,181.0,0.1,0.5971488919048453,28.029087021567808,0.1355854140664975,,,
0,127,181,224,4,180,184,euclidean_gaussian_ar,181.0,0.01,0.6082153216087232,31.740289998895726,0.027694533742071016,,,
0,127,181,224,4,180,184,fixed_bwar,181.0,0.1,0.6052793336807708,28.776667210724085,0.12197129084295466,,,
0,127,181,224,4,180,184,local_bwar,24.0,0.1,0.5688448613372987,26.05969768017593,0.08675298063903487,9.156377426307832e-10,1.0,0.0
0,127,181,224,4,180,184,log_euclidean_gaussian_ar,181.0,0.1,0.6027968499722469,26.556412259963786,0.09676931360737723,,,
0,127,181,224,4,180,184,persistence,,,0.6189493378726062,31.001351757529807,0.035558803873924905,,,
0,127,181,224,4,180,184,raw_var_window_ar,72.0,10.0,0.965272156962305,109.16834301359435,9.999999997858127e-09,,,
0,127,181,224,4,181,185,cholesky_gaussian_ar,181.0,0.1,0.7892872177161017,43.83607354616986,0.14342439169410112,,,
0,127,181,224,4,181,185,euclidean_gaussian_ar,181.0,0.01,0.756663456639472,44.7401446753325,9.999999196409022e-09,,,
0,127,181,224,4,181,185,fixed_bwar,181.0,0.1,0.779613143683484,43.87651173247942,0.1187756952045061,,,
0,127,181,224,4,181,185,local_bwar,24.0,0.1,0.7281332835046277,38.83384776082393,0.08481094769696614,9.606182869187867e-10,1.0,0.0
0,127,181,224,4,181,185,log_euclidean_gaussian_ar,181.0,0.1,0.8038724488837636,41.952693376554734,0.09380767364375847,,,
0,127,181,224,4,181,185,persistence,,,0.7000304501884125,49.0067509973384,0.037531691814572235,,,
0,127,181,224,4,181,185,raw_var_window_ar,72.0,10.0,1.1822097968200405,137.82640222552635,9.999999999871154e-09,,,
0,127,181,224,4,182,186,cholesky_gaussian_ar,181.0,0.1,0.6895930398959068,37.45183234403851,0.13123538496017925,,,
0,127,181,224,4,182,186,euclidean_gaussian_ar,181.0,0.01,0.6661797937108888,42.09579156357867,9.999997608849502e-09,,,
0,127,181,224,4,182,186,fixed_bwar,181.0,0.1,0.6870293137937364,37.60188068097099,0.1111000814511634,,,
0,127,181,224,4,182,186,local_bwar,24.0,0.1,0.6391788571686269,33.89927299469463,0.08378532729585757,4.540174321174041e-11,1.0,0.0
0,127,181,224,4,182,186,log_euclidean_gaussian_ar,181.0,0.1,0.6939219664278984,34.76079080508396,0.08945262382910443,,,
0,127,181,224,4,182,186,persistence,,,0.5782193689438341,39.26399644108713,0.04072622436026174,,,
0,127,181,224,4,182,186,raw_var_window_ar,72.0,10.0,1.041401237266893,124.62130799936428,9.999999999976591e-09,,,
0,127,181,224,4,183,187,cholesky_gaussian_ar,181.0,0.1,0.5014471927215083,32.115866443538366,0.009962484329685552,,,
0,127,181,224,4,183,187,euclidean_gaussian_ar,181.0,0.01,0.572956999414102,30.612503301565777,9.999999597963888e-09,,,
0,127,181,224,4,183,187,fixed_bwar,181.0,0.1,0.46488576810471577,20.28742181194871,0.09817074522965578,,,
0,127,181,224,4,183,187,local_bwar,24.0,0.1,0.44277397336520424,18.930513502357563,0.09071619705132604,7.03769051433883e-11,1.0,0.0
0,127,181,224,4,183,187,log_euclidean_gaussian_ar,181.0,0.1,0.4746569188384839,54.19030309511831,0.017996877987890902,,,
0,127,181,224,4,183,187,persistence,,,0.22466784820833147,13.659678458010385,9.999999999038756e-06,,,
0,127,181,224,4,183,187,raw_var_window_ar,72.0,10.0,0.8060877302533384,107.50139259080139,9.999999999996433e-09,,,
0,127,181,224,4,184,188,cholesky_gaussian_ar,181.0,0.1,0.26522963713807235,11.973018328373294,0.008063926282962592,,,
0,127,181,224,4,184,188,euclidean_gaussian_ar,181.0,0.01,1.0184273918313793,64.89278679824396,9.999998785181072e-09,,,
0,127,181,224,4,184,188,fixed_bwar,181.0,0.1,0.3667587730016618,11.407921218337478,0.10236687516949988,,,
0,127,181,224,4,184,188,local_bwar,24.0,0.1,0.45424084106704055,15.004659739023829,0.07844321630102168,1.6890097184843776e-10,1.0,0.0
0,127,181,224,4,184,188,log_euclidean_gaussian_ar,181.0,0.1,0.37078818011672443,27.55704268032561,0.012611293379877245,,,
0,127,181,224,4,184,188,persistence,,,0.6600256194069143,31.76227588024934,9.999999999843752e-06,,,
0,127,181,224,4,184,188,raw_var_window_ar,72.0,10.0,0.3662606370786265,60.15183718547496,9.999999999999704e-09,,,
0,127,181,224,4,185,189,cholesky_gaussian_ar,181.0,0.1,0.29613118521614845,12.897017517757668,0.007233221995701786,,,
0,127,181,224,4,185,189,euclidean_gaussian_ar,181.0,0.01,1.0529120003723877,67.1084248868311,9.999995609237247e-09,,,
0,127,181,224,4,185,189,fixed_bwar,181.0,0.1,0.39000949305219507,11.62001837907891,0.10651255841603699,,,
0,127,181,224,4,185,189,local_bwar,24.0,0.1,0.6464345010512847,28.748359759625934,0.0792479608048347,3.3961041573034585e-10,1.0,0.0
0,127,181,224,4,185,189,log_euclidean_gaussian_ar,181.0,0.1,0.42087754332350413,36.071191243196076,0.01075966297354927,,,
0,127,181,224,4,185,189,persistence,,,0.9720644751670652,65.64818813271316,9.999999999558016e-06,,,
0,127,181,224,4,185,189,raw_var_window_ar,72.0,10.0,0.4237081850014655,74.2970474037376,9.99999999971332e-09,,,
0,127,181,224,4,186,190,cholesky_gaussian_ar,181.0,0.1,0.27046855335351155,16.483935430924955,0.005943780135911776,,,
0,127,181,224,4,186,190,euclidean_gaussian_ar,181.0,0.01,0.8773045930150632,51.89941736832986,9.999998506006423e-09,,,
0,127,181,224,4,186,190,fixed_bwar,181.0,0.1,0.28740107615925425,9.645114086435447,0.10306310232800403,,,
0,127,181,224,4,186,190,local_bwar,24.0,0.1,0.579585530013165,26.7315592552984,0.07758762526575942,5.663169327523186e-10,1.0,0.0
0,127,181,224,4,186,190,log_euclidean_gaussian_ar,181.0,0.1,0.39316543744571386,43.179890191477554,0.008854181901983659,,,
0,127,181,224,4,186,190,persistence,,,0.8405700315013298,57.39851691825882,9.999999999558107e-06,,,
0,127,181,224,4,186,190,raw_var_window_ar,72.0,10.0,0.49061195176344297,83.77358249531959,9.999999999668352e-09,,,
0,127,181,224,4,187,191,cholesky_gaussian_ar,181.0,0.1,0.22355993480738498,10.442699856427264,0.11269397702909385,,,
0,127,181,224,4,187,191,euclidean_gaussian_ar,181.0,0.01,0.39380550022321786,21.23890133261832,9.999996095485226e-09,,,
0,127,181,224,4,187,191,fixed_bwar,181.0,0.1,0.18360020485633044,7.901396052734965,0.10714453780730186,,,
0,127,181,224,4,187,191,local_bwar,24.0,0.1,0.3094756235830032,13.553510989371537,0.08405369903284214,5.82168564957197e-10,1.0,0.0
0,127,181,224,4,187,191,log_euclidean_gaussian_ar,181.0,0.1,0.21176482843112665,13.28924661807416,0.08499798070907304,,,
0,127,181,224,4,187,191,persistence,,,0.4780089455146604,27.05231462546753,0.038615806960128424,,,
0,127,181,224,4,187,191,raw_var_window_ar,72.0,10.0,0.6957634853911042,99.36667011248694,9.99999999980145e-09,,,
0,127,181,224,4,188,192,cholesky_gaussian_ar,181.0,0.1,0.6639380891497446,36.92074113115801,0.09725847240425695,,,
0,127,181,224,4,188,192,euclidean_gaussian_ar,181.0,0.01,0.48527945589406224,19.240361800030854,1.000000013220749e-08,,,
0,127,181,224,4,188,192,fixed_bwar,181.0,0.1,0.5898058315658455,27.39413054049446,0.09100636730813637,,,
0,127,181,224,4,188,192,local_bwar,24.0,0.1,0.21896169435670448,10.320646456200693,0.07627667581039255,7.312239710168073e-10,1.0,0.0
0,127,181,224,4,188,192,log_euclidean_gaussian_ar,181.0,0.1,0.5847234334534736,40.8413406940109,0.0732854039202318,,,
0,127,181,224,4,188,192,persistence,,,0.7121695094362935,35.26392695164446,0.03657682181150887,,,
0,127,181,224,4,188,192,raw_var_window_ar,72.0,10.0,0.9527100230887422,125.32675095339411,9.999999999204517e-09,,,
0,127,181,224,4,189,193,cholesky_gaussian_ar,181.0,0.1,0.5796437110039352,30.24471167285813,0.09744055504250254,,,
0,127,181,224,4,189,193,euclidean_gaussian_ar,181.0,0.01,0.3025575911413324,13.376500821318107,9.99999880465768e-09,,,
0,127,181,224,4,189,193,fixed_bwar,181.0,0.1,0.5903624966539279,28.153892962276057,0.08661258733480176,,,
0,127,181,224,4,189,193,local_bwar,24.0,0.1,0.28822705277134425,12.727436758104552,0.07918082889914056,8.731063394404038e-10,1.0,0.0
0,127,181,224,4,189,193,log_euclidean_gaussian_ar,181.0,0.1,0.5485828747060132,35.5977990959099,0.06694675836559119,,,
0,127,181,224,4,189,193,persistence,,,0.7357928594789853,41.46312620059568,0.026875865375861435,,,
0,127,181,224,4,189,193,raw_var_window_ar,72.0,10.0,0.9137806335386796,114.00381495089968,9.999999999982907e-09,,,
0,127,181,224,4,190,194,cholesky_gaussian_ar,181.0,0.1,0.4231710965727231,22.319870158721457,0.10729561694946911,,,
0,127,181,224,4,190,194,euclidean_gaussian_ar,181.0,0.01,0.2867411445188787,14.708324744874446,9.999999268252962e-09,,,
0,127,181,224,4,190,194,fixed_bwar,181.0,0.1,0.4455664460027341,21.43380483303624,0.09109117558238036,,,
0,127,181,224,4,190,194,local_bwar,24.0,0.1,0.27006611514444456,11.779448821732528,0.08158042715429113,7.850768970677918e-10,1.0,0.0
0,127,181,224,4,190,194,log_euclidean_gaussian_ar,181.0,0.1,0.4240337738168552,26.485340873689122,0.0704510784931505,,,
0,127,181,224,4,190,194,persistence,,,0.5960265186161607,33.88070716298127,0.032326855367465254,,,
0,127,181,224,4,190,194,raw_var_window_ar,72.0,10.0,0.8159567573969982,114.79555482776674,9.999999999951398e-09,,,
0,127,181,224,4,191,195,cholesky_gaussian_ar,181.0,0.1,0.21168535707739713,10.62795031989578,0.12594203971072226,,,
0,127,181,224,4,191,195,euclidean_gaussian_ar,181.0,0.01,0.3283914072821726,16.56647326404974,9.99999544087182e-09,,,
0,127,181,224,4,191,195,fixed_bwar,181.0,0.1,0.19550429342480174,9.66104063208296,0.10028643901832689,,,
0,127,181,224,4,191,195,local_bwar,24.0,0.1,0.25061241953587765,10.376975009296554,0.08449727049878698,7.559820781063786e-10,1.0,0.0
0,127,181,224,4,191,195,log_euclidean_gaussian_ar,181.0,0.1,0.20388389466149973,12.207342563093498,0.07580496885884948,,,
0,127,181,224,4,191,195,persistence,,,0.18788376401884763,11.055901819361605,0.03602546388772396,,,
0,127,181,224,4,191,195,raw_var_window_ar,72.0,10.0,0.5690228833551336,94.87042831221147,9.999999999943568e-09,,,
0,127,181,224,4,192,196,cholesky_gaussian_ar,181.0,0.1,0.323410555872234,18.019245434938842,0.13559107990773164,,,
0,127,181,224,4,192,196,euclidean_gaussian_ar,181.0,0.01,0.4115076941181286,24.90092033420253,9.99999867086152e-09,,,
0,127,181,224,4,192,196,fixed_bwar,181.0,0.1,0.33824200983435826,16.46161025162619,0.12105609228435585,,,
0,127,181,224,4,192,196,local_bwar,24.0,0.1,0.3300665551662371,16.831137293119983,0.08445808148693797,7.765616868295323e-10,1.0,0.0
0,127,181,224,4,192,196,log_euclidean_gaussian_ar,181.0,0.1,0.3178933337679097,17.455309427424794,0.09834624205236045,,,
0,127,181,224,4,192,196,persistence,,,0.49210385963779835,28.48043021348593,0.03798753098823863,,,
0,127,181,224,4,192,196,raw_var_window_ar,72.0,10.0,0.7210570642153228,119.09041290960485,9.99999999996221e-09,,,
0,127,181,224,4,193,197,cholesky_gaussian_ar,181.0,0.1,0.3306619480991583,20.06235112176817,0.12151972786044826,,,
0,127,181,224,4,193,197,euclidean_gaussian_ar,181.0,0.01,0.3729139233483303,22.103206792585073,9.99999479261628e-09,,,
0,127,181,224,4,193,197,fixed_bwar,181.0,0.1,0.30304049418142814,16.803301897656485,0.11462522902156705,,,
0,127,181,224,4,193,197,local_bwar,24.0,0.1,0.3042575940043552,15.843731736252185,0.0939244281301406,7.724068707450165e-10,1.0,0.0
0,127,181,224,4,193,197,log_euclidean_gaussian_ar,181.0,0.1,0.3138048094339583,19.975086356407303,0.10210261900127929,,,
0,127,181,224,4,193,197,persistence,,,0.6296784927693712,46.70956607768862,0.01922086688389354,,,
0,127,181,224,4,193,197,raw_var_window_ar,72.0,10.0,0.7987273514004763,127.44750120260586,9.999999999057314e-09,,,
0,127,181,224,4,194,198,cholesky_gaussian_ar,181.0,0.1,0.30461344206593793,15.266158497108371,0.12496507870060096,,,
0,127,181,224,4,194,198,euclidean_gaussian_ar,181.0,0.01,0.3871170487042864,22.055059711775563,9.999997174720174e-09,,,
0,127,181,224,4,194,198,fixed_bwar,181.0,0.1,0.2434804442038465,11.571515147878834,0.11396754626811675,,,
0,127,181,224,4,194,198,local_bwar,24.0,0.1,0.2974001976428539,13.691159739570509,0.08708427649860993,8.517283026958661e-10,1.0,0.0
0,127,181,224,4,194,198,log_euclidean_gaussian_ar,181.0,0.1,0.24649611999506268,11.976224516348914,0.10308119608278367,,,
0,127,181,224,4,194,198,persistence,,,0.48379437136893355,31.745522812767234,0.015871445187360958,,,
0,127,181,224,4,194,198,raw_var_window_ar,72.0,10.0,0.845019734226951,120.43020236302048,9.999999998895777e-09,,,
0,127,181,224,4,195,199,cholesky_gaussian_ar,181.0,0.1,0.47901505951354384,19.89336684469876,0.11594347498097086,,,
0,127,181,224,4,195,199,euclidean_gaussian_ar,181.0,0.01,0.2855440376160485,14.15879521615808,9.999999258727458e-09,,,
0,127,181,224,4,195,199,fixed_bwar,181.0,0.1,0.500916488896968,18.62215679142141,0.10039350764085042,,,
0,127,181,224,4,195,199,local_bwar,24.0,0.1,0.34375694293002923,12.379133785582168,0.08665321964216735,9.413343072904368e-10,1.0,0.0
0,127,181,224,4,195,199,log_euclidean_gaussian_ar,181.0,0.1,0.44346713262310034,18.164841933621105,0.08216607050913859,,,
0,127,181,224,4,195,199,persistence,,,0.5106586592441668,23.916552259718507,0.01985175650150109,,,
0,127,181,224,4,195,199,raw_var_window_ar,72.0,10.0,1.018035008396215,131.75365031018575,9.999999999613646e-09,,,
0,127,181,224,4,196,200,cholesky_gaussian_ar,181.0,0.1,0.5384674299370666,20.369510441680312,0.11412856413478835,,,
0,127,181,224,4,196,200,euclidean_gaussian_ar,181.0,0.01,0.3151913204519125,14.880085655285795,1.000000000749196e-08,,,
0,127,181,224,4,196,200,fixed_bwar,181.0,0.1,0.5217695255677773,19.23117721369563,0.10250931954672485,,,
0,127,181,224,4,196,200,local_bwar,24.0,0.1,0.4749142541055814,17.147453268094253,0.0783506056954938,9.679365609318891e-10,1.0,0.0
0,127,181,224,4,196,200,log_euclidean_gaussian_ar,181.0,0.1,0.5094537648890821,17.646756586099613,0.07771045340440491,,,
0,127,181,224,4,196,200,persistence,,,0.7261608287707731,49.59673663565613,0.04019884868911989,,,
0,127,181,224,4,196,200,raw_var_window_ar,72.0,10.0,1.1298873830823897,131.81504492824925,9.999999999719922e-09,,,
0,127,181,224,4,197,201,cholesky_gaussian_ar,181.0,0.1,0.420125223992556,13.910032081605381,0.12399122807495287,,,
0,127,181,224,4,197,201,euclidean_gaussian_ar,181.0,0.01,0.3000063753223974,15.115573390945467,9.99999929391619e-09,,,
0,127,181,224,4,197,201,fixed_bwar,181.0,0.1,0.379907148073214,12.637797028669741,0.1091237862810393,,,
0,127,181,224,4,197,201,local_bwar,24.0,0.1,0.4395213143400598,15.964511907539999,0.08255743079084123,8.708066523427746e-10,1.0,0.0
0,127,181,224,4,197,201,log_euclidean_gaussian_ar,181.0,0.1,0.3922756615773484,11.526761538986335,0.08032961815260942,,,
0,127,181,224,4,197,201,persistence,,,0.6289498772415805,41.92498001932444,0.05067816859772769,,,
0,127,181,224,4,197,201,raw_var_window_ar,72.0,10.0,1.0502247277296846,129.3583494533872,9.999999999121261e-09,,,
0,127,181,224,4,198,202,cholesky_gaussian_ar,181.0,0.1,0.1896514391302581,9.37706953777835,0.1269174509378344,,,
0,127,181,224,4,198,202,euclidean_gaussian_ar,181.0,0.01,0.31175059686254114,15.148359234101273,9.99999989842707e-09,,,
0,127,181,224,4,198,202,fixed_bwar,181.0,0.1,0.1840527760643496,8.312440136656713,0.11385447012562802,,,
0,127,181,224,4,198,202,local_bwar,24.0,0.1,0.22305942969568798,10.191873418734723,0.08096015327440151,8.471197780571607e-10,1.0,0.0
0,127,181,224,4,198,202,log_euclidean_gaussian_ar,181.0,0.1,0.19199807325074475,10.041475596987521,0.0872854019265402,,,
0,127,181,224,4,198,202,persistence,,,0.21399508788362676,14.475612902956094,0.05534240930857545,,,
0,127,181,224,4,198,202,raw_var_window_ar,72.0,10.0,0.749433844241717,108.37574095235674,9.999999999992623e-09,,,
0,127,181,224,4,199,203,cholesky_gaussian_ar,181.0,0.1,0.2944291458603807,15.935647297272688,0.13968015464213485,,,
0,127,181,224,4,199,203,euclidean_gaussian_ar,181.0,0.01,0.31759600352810674,19.713115809170205,9.999998858980969e-09,,,
0,127,181,224,4,199,203,fixed_bwar,181.0,0.1,0.3381984077576957,16.567540053274598,0.12361480637513361,,,
0,127,181,224,4,199,203,local_bwar,24.0,0.1,0.32666094736034806,15.809569556656111,0.08327575281910476,9.100139405026132e-10,1.0,0.0
0,127,181,224,4,199,203,log_euclidean_gaussian_ar,181.0,0.1,0.30501571481450773,16.85326106345046,0.09402381429095023,,,
0,127,181,224,4,199,203,persistence,,,0.5090353415431399,31.067907953958404,0.04448702088367999,,,
0,127,181,224,4,199,203,raw_var_window_ar,72.0,10.0,0.6950848015522412,108.55050905454947,9.999999998673581e-09,,,
0,127,181,224,4,200,204,cholesky_gaussian_ar,181.0,0.1,0.325739734714111,17.26576403051712,0.13741233523686208,,,
0,127,181,224,4,200,204,euclidean_gaussian_ar,181.0,0.01,0.31692297094513927,18.607771981095823,9.99999991335404e-09,,,
0,127,181,224,4,200,204,fixed_bwar,181.0,0.1,0.34193428405125115,17.214152394584556,0.1248190430014234,,,
0,127,181,224,4,200,204,local_bwar,24.0,0.1,0.3710588924199989,18.85415357044538,0.0833715681692608,9.974245441608353e-10,1.0,0.0
0,127,181,224,4,200,204,log_euclidean_gaussian_ar,181.0,0.1,0.3283791537625823,17.012747119393133,0.10181395060508891,,,
0,127,181,224,4,200,204,persistence,,,0.7339361157315387,53.272452358429135,0.047019594503139195,,,
0,127,181,224,4,200,204,raw_var_window_ar,72.0,10.0,0.7652105555364002,117.16908001974542,9.99999999995804e-09,,,
0,127,181,224,4,201,205,cholesky_gaussian_ar,181.0,0.1,0.2711618768952105,11.743719173741257,0.13788654896883779,,,
0,127,181,224,4,201,205,euclidean_gaussian_ar,181.0,0.01,0.38288790979795057,17.59913493349138,9.99999966030808e-09,,,
0,127,181,224,4,201,205,fixed_bwar,181.0,0.1,0.23571900275862087,10.216466612875601,0.12391411092272259,,,
0,127,181,224,4,201,205,local_bwar,24.0,0.1,0.31733017058969676,14.23372654257768,0.08379629439040515,9.77795486644746e-10,1.0,0.0
0,127,181,224,4,201,205,log_euclidean_gaussian_ar,181.0,0.1,0.2797866060576916,12.399717883329256,0.09714399303221617,,,
0,127,181,224,4,201,205,persistence,,,0.4700134598980647,28.02152970235038,0.03952098487615551,,,
0,127,181,224,4,201,205,raw_var_window_ar,72.0,10.0,0.8666006846226405,118.29504943075273,9.999999999843051e-09,,,
0,127,181,224,4,202,206,cholesky_gaussian_ar,181.0,0.1,0.5392728359876927,25.744596137557366,0.12385685546382395,,,
0,127,181,224,4,202,206,euclidean_gaussian_ar,181.0,0.01,0.6539224689773695,31.15902107460846,9.999999416095335e-09,,,
0,127,181,224,4,202,206,fixed_bwar,181.0,0.1,0.5493286745652474,23.750407413099246,0.10518971871462758,,,
0,127,181,224,4,202,206,local_bwar,24.0,0.1,0.3345723418837161,13.067188876554436,0.08605798450274658,8.886634028325199e-11,1.0,0.0
0,127,181,224,4,202,206,log_euclidean_gaussian_ar,181.0,0.1,0.5771331491541706,28.430802424075218,0.08069703599339693,,,
0,127,181,224,4,202,206,persistence,,,0.39358854919332453,23.781548216760655,0.04223678446629988,,,
0,127,181,224,4,202,206,raw_var_window_ar,72.0,10.0,1.073147740699193,143.48747380169738,9.999999999687885e-09,,,
0,127,181,224,4,203,207,cholesky_gaussian_ar,181.0,0.1,0.5203084719398707,23.47644142370585,0.11542569206322785,,,
0,127,181,224,4,203,207,euclidean_gaussian_ar,181.0,0.01,0.35411287286687904,16.135003277784982,9.999999123373872e-09,,,
0,127,181,224,4,203,207,fixed_bwar,181.0,0.1,0.5185481417465503,22.45905399096897,0.0989845768036226,,,
0,127,181,224,4,203,207,local_bwar,24.0,0.1,0.28809494428973237,11.710284194986741,0.08232186950349368,9.515380083546373e-11,1.0,0.0
0,127,181,224,4,203,207,log_euclidean_gaussian_ar,181.0,0.1,0.5004835588847623,19.16517999651504,0.07086221455559764,,,
0,127,181,224,4,203,207,persistence,,,0.670695934715233,48.98112721832526,0.032898128118625775,,,
0,127,181,224,4,203,207,raw_var_window_ar,72.0,10.0,1.0030041027173875,122.43089502290015,9.999999999937495e-09,,,
0,127,181,224,4,204,208,cholesky_gaussian_ar,181.0,0.1,0.3227085510475337,15.627516865310914,0.11236145816375843,,,
0,127,181,224,4,204,208,euclidean_gaussian_ar,181.0,0.01,0.313667345195534,16.612696319586803,9.999994789268114e-09,,,
0,127,181,224,4,204,208,fixed_bwar,181.0,0.1,0.3250512489485764,14.932171705937876,0.1006973809778279,,,
0,127,181,224,4,204,208,local_bwar,24.0,0.1,0.26855855531744066,11.59227603670356,0.08572261592490903,9.849618838825432e-10,1.0,0.0
0,127,181,224,4,204,208,log_euclidean_gaussian_ar,181.0,0.1,0.30394479655850565,12.763965044327362,0.07055280522127079,,,
0,127,181,224,4,204,208,persistence,,,0.5604952697785314,43.426992283145324,0.05066011877411176,,,
0,127,181,224,4,204,208,raw_var_window_ar,72.0,10.0,0.7619578608843355,104.20094475028164,9.99999999993807e-09,,,
0,127,181,224,4,205,209,cholesky_gaussian_ar,181.0,0.1,0.19012609962573926,9.677736469014548,0.12569248392018142,,,
0,127,181,224,4,205,209,euclidean_gaussian_ar,181.0,0.01,0.593770102860041,29.09520134810751,9.999998480236183e-09,,,
0,127,181,224,4,205,209,fixed_bwar,181.0,0.1,0.2201610305732823,9.673364251319907,0.11206402803833743,,,
0,127,181,224,4,205,209,local_bwar,24.0,0.1,0.3108062342644161,12.34955928227464,0.09765407263597484,7.61351786648465e-10,1.0,0.0
0,127,181,224,4,205,209,log_euclidean_gaussian_ar,181.0,0.1,0.19671383619832616,11.532391640369454,0.07614422240843699,,,
0,127,181,224,4,205,209,persistence,,,0.35659019189514796,16.91359368057668,0.07569220471851602,,,
0,127,181,224,4,205,209,raw_var_window_ar,72.0,10.0,0.5341416398027128,81.70603219951617,9.999999996813973e-09,,,
0,127,181,224,4,206,210,cholesky_gaussian_ar,181.0,0.1,0.316073814640498,16.818581404694417,0.13391200933249833,,,
0,127,181,224,4,206,210,euclidean_gaussian_ar,181.0,0.01,0.729181741953203,34.884134185709904,9.999999477809912e-09,,,
0,127,181,224,4,206,210,fixed_bwar,181.0,0.1,0.3688768487603941,16.899776909173987,0.1271023978802476,,,
0,127,181,224,4,206,210,local_bwar,24.0,0.1,0.2832750452979708,13.264503657248618,0.1056361544645729,6.563319330738443e-10,1.0,0.0
0,127,181,224,4,206,210,log_euclidean_gaussian_ar,181.0,0.1,0.31691551808386875,17.990741919739552,0.0937179777832646,,,
0,127,181,224,4,206,210,persistence,,,0.5719877177466418,33.786823726900586,0.06398795189497107,,,
0,127,181,224,4,206,210,raw_var_window_ar,72.0,10.0,0.7259236147915594,118.35055033887869,9.999999999887553e-09,,,
0,127,181,224,4,207,211,cholesky_gaussian_ar,181.0,0.1,0.3641213135494254,19.335083295811955,0.1330915201627757,,,
0,127,181,224,4,207,211,euclidean_gaussian_ar,181.0,0.01,0.4988875160402982,23.110481056327075,9.999992439006995e-09,,,
0,127,181,224,4,207,211,fixed_bwar,181.0,0.1,0.3279860171131445,16.19002913062901,0.12337671480416644,,,
0,127,181,224,4,207,211,local_bwar,24.0,0.1,0.3452835086262766,15.733803937127506,0.10778860970690993,3.2187406401785714e-10,1.0,0.0
0,127,181,224,4,207,211,log_euclidean_gaussian_ar,181.0,0.1,0.3637410003862422,19.443756491867155,0.10563370425722537,,,
0,127,181,224,4,207,211,persistence,,,0.6715534091760909,50.09340525012317,0.03412547261151572,,,
0,127,181,224,4,207,211,raw_var_window_ar,72.0,10.0,0.8627642074191162,134.35680547927586,9.999999999984848e-09,,,
0,127,181,224,4,208,212,cholesky_gaussian_ar,181.0,0.1,0.37360584870729396,17.195119006873682,0.1240638827312215,,,
0,127,181,224,4,208,212,euclidean_gaussian_ar,181.0,0.01,0.291000621951472,17.47425122687545,9.99999653073021e-09,,,
0,127,181,224,4,208,212,fixed_bwar,181.0,0.1,0.30136619617715665,13.181663501233842,0.1151994258224188,,,
0,127,181,224,4,208,212,local_bwar,24.0,0.1,0.34108933342013575,14.996221290262081,0.10941188138156772,1.5478732501733475e-10,1.0,0.0
0,127,181,224,4,208,212,log_euclidean_gaussian_ar,181.0,0.1,0.3551119423204774,15.83826230712414,0.10300958150638927,,,
0,127,181,224,4,208,212,persistence,,,0.5004325823789444,31.56856162316232,0.028809862308647557,,,
0,127,181,224,4,208,212,raw_var_window_ar,72.0,10.0,0.854006863030516,120.50933649513357,9.999999999668916e-09,,,
0,127,181,224,4,209,213,cholesky_gaussian_ar,181.0,0.1,0.5604122298284685,27.802748748661017,0.1137715628148385,,,
0,127,181,224,4,209,213,euclidean_gaussian_ar,181.0,0.01,0.732026015689983,33.321950541365915,9.999998297876314e-09,,,
0,127,181,224,4,209,213,fixed_bwar,181.0,0.1,0.5317660661482391,23.346388608662405,0.09944731016025729,,,
0,127,181,224,4,209,213,local_bwar,24.0,0.1,0.31133934370739297,13.017330043760348,0.09602500883906664,6.094862659626756e-11,1.0,0.0
0,127,181,224,4,209,213,log_euclidean_gaussian_ar,181.0,0.1,0.5523738413898611,31.472841016153318,0.08389949319394811,,,
0,127,181,224,4,209,213,persistence,,,0.49733639070211455,27.728158763481673,0.038430199688810236,,,
0,127,181,224,4,209,213,raw_var_window_ar,72.0,10.0,1.0071312253094122,134.45631257377738,9.999999999862721e-09,,,
0,127,181,224,4,210,214,cholesky_gaussian_ar,181.0,0.1,0.6242764012996314,31.790784919902073,0.11679584133721904,,,
0,127,181,224,4,210,214,euclidean_gaussian_ar,181.0,0.01,0.4286115711264718,24.14467607692994,9.999994934292822e-09,,,
0,127,181,224,4,210,214,fixed_bwar,181.0,0.1,0.5986251244847514,29.459340215533025,0.10486811157924647,,,
0,127,181,224,4,210,214,local_bwar,24.0,0.1,0.4474786257823202,20.57255096752705,0.10338658503338714,8.857168874880913e-10,1.0,0.0
0,127,181,224,4,210,214,log_euclidean_gaussian_ar,181.0,0.1,0.6405534337166151,32.93537200490642,0.08318127008587892,,,
0,127,181,224,4,210,214,persistence,,,0.7224445548767405,54.97047827330006,0.031146684897890076,,,
0,127,181,224,4,210,214,raw_var_window_ar,72.0,10.0,1.1375092939288687,144.99977410694999,9.999999999905764e-09,,,
0,127,181,224,4,211,215,cholesky_gaussian_ar,181.0,0.1,0.5049458666998412,24.609850014006444,0.1253798661743759,,,
0,127,181,224,4,211,215,euclidean_gaussian_ar,181.0,0.01,0.34211299391256533,21.41787599664764,9.999999879782818e-09,,,
0,127,181,224,4,211,215,fixed_bwar,181.0,0.1,0.47145178173789215,23.006127342721534,0.10970212000634749,,,
0,127,181,224,4,211,215,local_bwar,24.0,0.1,0.4069822973502516,20.639718295905148,0.11424103238319963,8.809116365861258e-10,1.0,0.0
0,127,181,224,4,211,215,log_euclidean_gaussian_ar,181.0,0.1,0.5217751678676347,22.704725278532393,0.08173975468043376,,,
0,127,181,224,4,211,215,persistence,,,0.6618208322484765,50.903639067261736,0.05389140002494086,,,
0,127,181,224,4,211,215,raw_var_window_ar,72.0,10.0,1.0586672323863606,142.30516608209192,9.999999998779106e-09,,,
0,127,181,224,4,212,216,cholesky_gaussian_ar,181.0,0.1,0.1970437833225596,10.951537710597025,0.1340930733593457,,,
0,127,181,224,4,212,216,euclidean_gaussian_ar,181.0,0.01,0.4806050379254493,26.00567838234821,9.999998321547472e-09,,,
0,127,181,224,4,212,216,fixed_bwar,181.0,0.1,0.21876679515450317,10.155438273021254,0.11319617848386734,,,
0,127,181,224,4,212,216,local_bwar,24.0,0.1,0.1851849133696216,9.083946559528687,0.1242953348682471,8.811005194716779e-10,1.0,0.0
0,127,181,224,4,212,216,log_euclidean_gaussian_ar,181.0,0.1,0.20123003354042623,11.183445664589154,0.08038830462662003,,,
0,127,181,224,4,212,216,persistence,,,0.3551025223104843,19.106986680545816,0.03800966231091705,,,
0,127,181,224,4,212,216,raw_var_window_ar,72.0,10.0,0.652854751468006,107.24218884429622,9.999999999914041e-09,,,
0,127,181,224,4,213,217,cholesky_gaussian_ar,181.0,0.1,0.3346923527822293,15.634467762948992,0.13992656133679462,,,
0,127,181,224,4,213,217,euclidean_gaussian_ar,181.0,0.01,0.5636402164623064,35.20878065096986,9.999998905407592e-09,,,
0,127,181,224,4,213,217,fixed_bwar,181.0,0.1,0.4413463607904481,19.17504377766388,0.12943556349950697,,,
0,127,181,224,4,213,217,local_bwar,24.0,0.1,0.24848431497594362,10.097337252544673,0.1270865533907718,8.536607723974579e-10,1.0,0.0
0,127,181,224,4,213,217,log_euclidean_gaussian_ar,181.0,0.1,0.34420889888051137,21.883198856001833,0.0932456938409255,,,
0,127,181,224,4,213,217,persistence,,,0.5452184933455125,34.2014706212157,0.06482568259984384,,,
0,127,181,224,4,213,217,raw_var_window_ar,72.0,10.0,0.6299044661102349,103.54537628421963,9.999999999900874e-09,,,
0,127,181,224,4,214,218,cholesky_gaussian_ar,181.0,0.1,0.3359950409826391,16.809399193886435,0.13428456170071695,,,
0,127,181,224,4,214,218,euclidean_gaussian_ar,181.0,0.01,0.47019014475985343,35.759082147729984,9.999997586398133e-09,,,
0,127,181,224,4,214,218,fixed_bwar,181.0,0.1,0.40734306441421314,19.854516573518353,0.13348669702381846,,,
0,127,181,224,4,214,218,local_bwar,24.0,0.1,0.22074134518486588,10.52880420762544,0.11590631458669401,9.081238590359876e-10,1.0,0.0
0,127,181,224,4,214,218,log_euclidean_gaussian_ar,181.0,0.1,0.32853077735062114,17.634415202947082,0.10570359071796467,,,
0,127,181,224,4,214,218,persistence,,,0.7906444314117475,64.39243436816983,0.02751197228497289,,,
0,127,181,224,4,214,218,raw_var_window_ar,72.0,10.0,0.7373768936691556,113.11010157150781,9.999999999921544e-09,,,
0,127,181,224,4,215,219,cholesky_gaussian_ar,181.0,0.1,0.28860980226612815,13.134437724138115,0.13074268268240846,,,
0,127,181,224,4,215,219,euclidean_gaussian_ar,181.0,0.01,0.34428428466256505,27.01184315674554,9.999999854123501e-09,,,
0,127,181,224,4,215,219,fixed_bwar,181.0,0.1,0.23823395166743336,11.978087631756974,0.12820530404716576,,,
0,127,181,224,4,215,219,local_bwar,24.0,0.1,0.2185535090246572,10.527646073560234,0.1277430522415561,9.248441330489828e-10,1.0,0.0
0,127,181,224,4,215,219,log_euclidean_gaussian_ar,181.0,0.1,0.2795336800449519,12.917195244063901,0.10184405215145712,,,
0,127,181,224,4,215,219,persistence,,,0.579025304132888,42.59780747897824,0.02656423534199123,,,
0,127,181,224,4,215,219,raw_var_window_ar,72.0,10.0,0.8514313475338506,116.16052111826149,9.999999999474631e-09,,,
0,127,181,224,4,216,220,cholesky_gaussian_ar,181.0,0.1,0.5560777124557976,29.66902121846588,0.11521916440361167,,,
0,127,181,224,4,216,220,euclidean_gaussian_ar,181.0,0.01,0.3369225337503245,18.31308358452353,9.999998616663161e-09,,,
0,127,181,224,4,216,220,fixed_bwar,181.0,0.1,0.5208956971889496,24.16174563680694,0.10404626458295076,,,
0,127,181,224,4,216,220,local_bwar,24.0,0.1,0.23580333328099237,10.791155553794496,0.12004984488370113,8.84330266182373e-10,1.0,0.0
0,127,181,224,4,216,220,log_euclidean_gaussian_ar,181.0,0.1,0.5471159250471207,31.345242705762782,0.08041284258577573,,,
0,127,181,224,4,216,220,persistence,,,0.41648388524124963,18.78680021614194,0.04168441687548404,,,
0,127,181,224,4,216,220,raw_var_window_ar,72.0,10.0,1.0242108046476444,142.78285662048515,9.999999999845135e-09,,,
0,127,181,224,4,217,221,cholesky_gaussian_ar,181.0,0.1,0.6608904114482533,38.53378638169529,0.12138293484069602,,,
0,127,181,224,4,217,221,euclidean_gaussian_ar,181.0,0.01,0.24105970227132664,20.895508774474738,9.99999668148595e-09,,,
0,127,181,224,4,217,221,fixed_bwar,181.0,0.1,0.7288460819764824,41.97150564012191,0.0964385112996345,,,
0,127,181,224,4,217,221,local_bwar,24.0,0.1,0.40635821418519935,21.159553313339593,0.10657557585651502,9.003097641144808e-10,1.0,0.0
0,127,181,224,4,217,221,log_euclidean_gaussian_ar,181.0,0.1,0.7071761851326152,42.65024874193273,0.07275836019271889,,,
0,127,181,224,4,217,221,persistence,,,0.8282544255990084,67.07759527575449,0.048305238570760904,,,
0,127,181,224,4,217,221,raw_var_window_ar,72.0,10.0,1.1862825553227907,164.9415658581558,9.999999999974326e-09,,,
0,127,181,224,4,218,222,cholesky_gaussian_ar,181.0,0.1,0.5391622451746738,30.94864239080843,0.11672980858418465,,,
0,127,181,224,4,218,222,euclidean_gaussian_ar,181.0,0.01,0.33327700479521855,19.55334441965342,9.999999752439876e-09,,,
0,127,181,224,4,218,222,fixed_bwar,181.0,0.1,0.5850366458923263,32.115097330150064,0.09857290793294624,,,
0,127,181,224,4,218,222,local_bwar,24.0,0.1,0.3457150947323905,19.695987890240456,0.11080267767071328,9.960517040499352e-10,1.0,0.0
0,127,181,224,4,218,222,log_euclidean_gaussian_ar,181.0,0.1,0.5753899405690547,35.61209343181431,0.06875405154288039,,,
0,127,181,224,4,218,222,persistence,,,0.7281173274849844,63.48179575240575,0.034271008874507715,,,
0,127,181,224,4,218,222,raw_var_window_ar,72.0,10.0,1.0781964187860975,158.08033863607707,9.999999999995312e-09,,,
0,127,181,224,4,219,223,cholesky_gaussian_ar,181.0,0.1,0.22671514117570424,11.553658939963817,0.12990662323282212,,,
0,127,181,224,4,219,223,euclidean_gaussian_ar,181.0,0.01,0.4193348114936873,17.017292071492545,9.999998473205201e-09,,,
0,127,181,224,4,219,223,fixed_bwar,181.0,0.1,0.23891222091206593,10.830445969784861,0.11134786797580976,,,
0,127,181,224,4,219,223,local_bwar,24.0,0.1,0.1471065201298822,9.435417215200513,0.12863794905252715,9.92968320235356e-10,1.0,0.0
0,127,181,224,4,219,223,log_euclidean_gaussian_ar,181.0,0.1,0.2449508646675633,10.621313332138477,0.08106604930136331,,,
0,127,181,224,4,219,223,persistence,,,0.25671634691605355,20.285989482188125,0.04000944432383261,,,
0,127,181,224,4,219,223,raw_var_window_ar,72.0,10.0,0.8219984211068019,122.5223605707051,9.999999999413068e-09,,,
0,127,181,224,5,176,181,cholesky_gaussian_ar,181.0,0.1,0.17247432870334262,8.72041883418926,0.11696941645974568,,,
0,127,181,224,5,176,181,euclidean_gaussian_ar,181.0,1.0,0.17256950387765382,7.4886528396294985,0.20211173686894968,,,
0,127,181,224,5,176,181,fixed_bwar,181.0,0.1,0.18582485401816,7.863603389793126,0.10275238942654966,,,
0,127,181,224,5,176,181,local_bwar,24.0,0.1,0.17973986302113526,8.227915445559404,0.09591813088402014,4.7148366877900284e-11,1.0,0.0
0,127,181,224,5,176,181,log_euclidean_gaussian_ar,181.0,0.1,0.17795695819039742,8.074364363522585,0.09110569890028204,,,
0,127,181,224,5,176,181,persistence,,,0.30791066287002816,17.594104486958067,0.04463591871922293,,,
0,127,181,224,5,176,181,raw_var_window_ar,72.0,10.0,0.6960699081066186,101.895699664685,9.999999999998655e-09,,,
0,127,181,224,5,177,182,cholesky_gaussian_ar,181.0,0.1,0.33232694025588283,13.210531848046951,0.11561608328289069,,,
0,127,181,224,5,177,182,euclidean_gaussian_ar,181.0,1.0,0.33131035215229776,11.896535145230198,0.19282265177008273,,,
0,127,181,224,5,177,182,fixed_bwar,181.0,0.1,0.339119252635608,12.165595328528646,0.10315936658280604,,,
0,127,181,224,5,177,182,local_bwar,24.0,0.1,0.3328234877842527,12.97596629461936,0.09663880078115011,5.4219547916106385e-11,1.0,0.0
0,127,181,224,5,177,182,log_euclidean_gaussian_ar,181.0,0.1,0.320437568316299,11.815124754231622,0.09274160603551043,,,
0,127,181,224,5,177,182,persistence,,,0.29119785951958477,13.812924055692825,0.04078058952838831,,,
0,127,181,224,5,177,182,raw_var_window_ar,72.0,10.0,0.695847637294642,96.52937367868626,9.999999999997555e-09,,,
0,127,181,224,5,178,183,cholesky_gaussian_ar,181.0,0.1,0.4788899841367649,20.192284890180474,0.12547059346622713,,,
0,127,181,224,5,178,183,euclidean_gaussian_ar,181.0,1.0,0.4963423928693777,19.620943467014133,0.19021651434009113,,,
0,127,181,224,5,178,183,fixed_bwar,181.0,0.1,0.4823727510294492,19.216488219835398,0.11227112792195157,,,
0,127,181,224,5,178,183,local_bwar,24.0,0.1,0.4652956665864628,18.708656668964384,0.09599978228839223,5.468124700803897e-11,1.0,0.0
0,127,181,224,5,178,183,log_euclidean_gaussian_ar,181.0,0.1,0.4798988079469374,18.778689046059714,0.09699152312113389,,,
0,127,181,224,5,178,183,persistence,,,0.459196589432739,21.19947517417239,0.04253534473373748,,,
0,127,181,224,5,178,183,raw_var_window_ar,72.0,10.0,0.795748357651079,101.81219262859132,9.999999999942423e-09,,,
0,127,181,224,5,179,184,cholesky_gaussian_ar,181.0,0.1,0.6284589504523247,30.46712628663406,0.13236805316931094,,,
0,127,181,224,5,179,184,euclidean_gaussian_ar,181.0,1.0,0.643186292939549,30.572757681619372,0.20106125944816583,,,
0,127,181,224,5,179,184,fixed_bwar,181.0,0.1,0.6241442381981311,29.117775048696803,0.1165990108967202,,,
0,127,181,224,5,179,184,local_bwar,24.0,0.1,0.579746853314587,27.060334143423592,0.09181843750050421,9.739157678321313e-10,1.0,0.0
0,127,181,224,5,179,184,log_euclidean_gaussian_ar,181.0,0.1,0.6270201484313795,29.349282890326343,0.09984486379867086,,,
0,127,181,224,5,179,184,persistence,,,0.6027621703929543,29.94389648154756,0.031071602170496242,,,
0,127,181,224,5,179,184,raw_var_window_ar,72.0,10.0,0.9577958805798011,109.71424010297478,9.99999999999748e-09,,,
0,127,181,224,5,180,185,cholesky_gaussian_ar,181.0,0.1,0.7993977641260962,45.69908941961198,0.1337217825590614,,,
0,127,181,224,5,180,185,euclidean_gaussian_ar,181.0,1.0,0.8086729519294154,47.571518130372866,0.2112320925244952,,,
0,127,181,224,5,180,185,fixed_bwar,181.0,0.1,0.796093297756413,45.37808074306948,0.12067536279080866,,,
0,127,181,224,5,180,185,local_bwar,24.0,0.1,0.7548403975552941,41.83357911828783,0.08823753064722424,9.156377426307832e-10,1.0,0.0
0,127,181,224,5,180,185,log_euclidean_gaussian_ar,181.0,0.1,0.8027991523658834,43.892094841033796,0.0926211684168288,,,
0,127,181,224,5,180,185,persistence,,,0.7084932174842411,39.03315451097418,0.035558803873924905,,,
0,127,181,224,5,180,185,raw_var_window_ar,72.0,10.0,1.179531685355292,138.03368543983467,9.999999999993244e-09,,,
0,127,181,224,5,181,186,cholesky_gaussian_ar,181.0,0.1,0.6973221604202376,38.3593015990747,0.1365200936108841,,,
0,127,181,224,5,181,186,euclidean_gaussian_ar,181.0,1.0,0.7306039162235406,42.396507739728435,0.2028900749325111,,,
0,127,181,224,5,181,186,fixed_bwar,181.0,0.1,0.694491951904907,38.49738281985857,0.11482063565082931,,,
0,127,181,224,5,181,186,local_bwar,24.0,0.1,0.6408057014764387,34.10508709933845,0.08418144883330078,9.606182869187867e-10,1.0,0.0
0,127,181,224,5,181,186,log_euclidean_gaussian_ar,181.0,0.1,0.7054354330078397,35.684653702524244,0.08746711209183024,,,
0,127,181,224,5,181,186,persistence,,,0.6090304689430256,43.80288372554988,0.037531691814572235,,,
0,127,181,224,5,181,186,raw_var_window_ar,72.0,10.0,1.0441969472972268,125.06929425854915,9.99999999999631e-09,,,
0,127,181,224,5,182,187,cholesky_gaussian_ar,181.0,0.1,0.4772315520596225,21.212047398538694,0.1279328320876895,,,
0,127,181,224,5,182,187,euclidean_gaussian_ar,181.0,1.0,0.4923516119779925,21.757376455260815,0.18777386697633527,,,
0,127,181,224,5,182,187,fixed_bwar,181.0,0.1,0.48007776725537166,20.68337229040122,0.10844955772065698,,,
0,127,181,224,5,182,187,local_bwar,24.0,0.1,0.44270197771822933,18.482454555210445,0.08365299354530571,4.540174321174041e-11,1.0,0.0
0,127,181,224,5,182,187,log_euclidean_gaussian_ar,181.0,0.1,0.47947334544392656,19.77834814361755,0.08383973612715181,,,
0,127,181,224,5,182,187,persistence,,,0.3611216919703736,20.57394748467533,0.04072622436026174,,,
0,127,181,224,5,182,187,raw_var_window_ar,72.0,10.0,0.8049494772112314,107.51273063694491,9.999999999999727e-09,,,
0,127,181,224,5,183,188,cholesky_gaussian_ar,181.0,0.1,0.2642290600985803,12.026875759798758,0.015480651897509794,,,
0,127,181,224,5,183,188,euclidean_gaussian_ar,181.0,1.0,0.29107556402845935,10.364096644528168,0.17268473349891447,,,
0,127,181,224,5,183,188,fixed_bwar,181.0,0.1,0.355978172682758,11.28833334351756,0.10047371245924619,,,
0,127,181,224,5,183,188,local_bwar,24.0,0.1,0.514727920800172,17.747341742456555,0.09073625709007947,7.03769051433883e-11,1.0,0.0
0,127,181,224,5,183,188,log_euclidean_gaussian_ar,181.0,0.1,0.3225739847991871,24.872611854009644,0.020154452778561423,,,
0,127,181,224,5,183,188,persistence,,,0.4893653656939754,20.693389148866796,9.999999999038756e-06,,,
0,127,181,224,5,183,188,raw_var_window_ar,72.0,10.0,0.3661602032346571,60.16156401551927,9.999999999999972e-09,,,
0,127,181,224,5,184,189,cholesky_gaussian_ar,181.0,0.1,0.3009491716726681,14.371589656145613,0.0133776751346882,,,
0,127,181,224,5,184,189,euclidean_gaussian_ar,181.0,1.0,0.3116118579032397,10.450500119718825,0.17814299964997532,,,
0,127,181,224,5,184,189,fixed_bwar,181.0,0.1,0.3226037436091019,9.722077555271165,0.10433573533629212,,,
0,127,181,224,5,184,189,local_bwar,24.0,0.1,0.4472014420901809,14.104684402548614,0.08254501189732416,1.6890097184843776e-10,1.0,0.0
0,127,181,224,5,184,189,log_euclidean_gaussian_ar,181.0,0.1,0.39454038639913647,34.43458662018296,0.015480968439182648,,,
0,127,181,224,5,184,189,persistence,,,0.7379680048198416,40.643863151136955,9.999999999843752e-06,,,
0,127,181,224,5,184,189,raw_var_window_ar,72.0,10.0,0.4273947677499883,74.85709041077943,9.999999999999974e-09,,,
0,127,181,224,5,185,190,cholesky_gaussian_ar,181.0,0.1,0.27361755165865836,15.280053453749561,0.01316282532312763,,,
0,127,181,224,5,185,190,euclidean_gaussian_ar,181.0,1.0,0.35521811422622396,12.37836454284801,0.09513007978076546,,,
0,127,181,224,5,185,190,fixed_bwar,181.0,0.1,0.3036633668946408,9.899189097637787,0.11046228512992516,,,
0,127,181,224,5,185,190,local_bwar,24.0,0.1,0.5705396764089163,24.17462641718727,0.08310145684909244,3.3961041573034585e-10,1.0,0.0
0,127,181,224,5,185,190,log_euclidean_gaussian_ar,181.0,0.1,0.36513960146866237,38.07826505269811,0.013585286466050206,,,
0,127,181,224,5,185,190,persistence,,,0.9561002926350289,65.07367909621023,9.999999999558016e-06,,,
0,127,181,224,5,185,190,raw_var_window_ar,72.0,10.0,0.4838760702938832,84.25295202245547,9.999999999988924e-09,,,
0,127,181,224,5,186,191,cholesky_gaussian_ar,181.0,0.1,0.4042859484727705,22.94346687877242,0.010685948750950362,,,
0,127,181,224,5,186,191,euclidean_gaussian_ar,181.0,1.0,0.17984129987532368,8.446336634509732,0.12558676508145555,,,
0,127,181,224,5,186,191,fixed_bwar,181.0,0.1,0.20240681496556412,8.165224820660452,0.10588869834682298,,,
0,127,181,224,5,186,191,local_bwar,24.0,0.1,0.34991585484426563,15.819400052574933,0.07997371809712221,5.663169327523186e-10,1.0,0.0
0,127,181,224,5,186,191,log_euclidean_gaussian_ar,181.0,0.1,0.4221198400436001,48.56503485623481,0.010951423344903014,,,
0,127,181,224,5,186,191,persistence,,,0.6980441025728191,47.300195461957216,9.999999999558107e-06,,,
0,127,181,224,5,186,191,raw_var_window_ar,72.0,10.0,0.6894024763691302,99.79904731027895,9.999999999996902e-09,,,
0,127,181,224,5,187,192,cholesky_gaussian_ar,181.0,0.1,0.4686845416687927,23.032504373656163,0.11033567362445104,,,
0,127,181,224,5,187,192,euclidean_gaussian_ar,181.0,1.0,0.3801923600564006,15.095367598999026,0.1857452074166139,,,
0,127,181,224,5,187,192,fixed_bwar,181.0,0.1,0.3684226133443436,15.20017559142235,0.10591779190691217,,,
0,127,181,224,5,187,192,local_bwar,24.0,0.1,0.2616142503914857,10.811222724064718,0.08469072029187825,5.82168564957197e-10,1.0,0.0
0,127,181,224,5,187,192,log_euclidean_gaussian_ar,181.0,0.1,0.415026081850148,25.612342250187893,0.07936538048060347,,,
0,127,181,224,5,187,192,persistence,,,0.4800897928968408,23.02472913255782,0.038615806960128424,,,
0,127,181,224,5,187,192,raw_var_window_ar,72.0,10.0,0.9425210932831772,125.93701215356813,9.999999999984365e-09,,,
0,127,181,224,5,188,193,cholesky_gaussian_ar,181.0,0.1,0.657758340395664,36.37234301777649,0.09341265046595973,,,
0,127,181,224,5,188,193,euclidean_gaussian_ar,181.0,1.0,0.7227111116769896,33.775389862756015,0.1639079907557367,,,
0,127,181,224,5,188,193,fixed_bwar,181.0,0.1,0.5917404514134346,28.26124078480748,0.08875931607763385,,,
0,127,181,224,5,188,193,local_bwar,24.0,0.1,0.29786844248952493,13.189144946766575,0.07774196782918472,7.312239710168073e-10,1.0,0.0
0,127,181,224,5,188,193,log_euclidean_gaussian_ar,181.0,0.1,0.5843144100192169,39.00309921555491,0.06512799746443455,,,
0,127,181,224,5,188,193,persistence,,,0.7122580680178286,37.91838910285733,0.03657682181150887,,,
0,127,181,224,5,188,193,raw_var_window_ar,72.0,10.0,0.9135100358334634,114.02268539758035,9.999999999993444e-09,,,
0,127,181,224,5,189,194,cholesky_gaussian_ar,181.0,0.1,0.5017216574235575,28.400197601997544,0.09543739231704189,,,
0,127,181,224,5,189,194,euclidean_gaussian_ar,181.0,1.0,0.5118263736314217,22.720123007956218,0.17604354991890947,,,
0,127,181,224,5,189,194,fixed_bwar,181.0,0.1,0.5067605110742376,25.476077826478498,0.0861507215155036,,,
0,127,181,224,5,189,194,local_bwar,24.0,0.1,0.26549970503736336,11.941915581785976,0.08097936721897338,8.731063394404038e-10,1.0,0.0
0,127,181,224,5,189,194,log_euclidean_gaussian_ar,181.0,0.1,0.48164773896476465,35.35662067075216,0.0668647085659963,,,
0,127,181,224,5,189,194,persistence,,,0.6286930152414604,34.48309471819406,0.026875865375861435,,,
0,127,181,224,5,189,194,raw_var_window_ar,72.0,10.0,0.812199441019962,115.08819034056259,9.99999999999991e-09,,,
0,127,181,224,5,190,195,cholesky_gaussian_ar,181.0,0.1,0.2138213959815193,12.455580809564168,0.10695224810295773,,,
0,127,181,224,5,190,195,euclidean_gaussian_ar,181.0,1.0,0.18804232997502615,9.535211351957242,0.18464320965635034,,,
0,127,181,224,5,190,195,fixed_bwar,181.0,0.1,0.22609374266518684,11.228812343455418,0.09147304802854832,,,
0,127,181,224,5,190,195,local_bwar,24.0,0.1,0.27425593218500854,11.204272404239934,0.08226071130032003,7.850768970677918e-10,1.0,0.0
0,127,181,224,5,190,195,log_euclidean_gaussian_ar,181.0,0.1,0.23141817733773232,16.71576171249573,0.07134589897510916,,,
0,127,181,224,5,190,195,persistence,,,0.24433563342651438,11.610999607906129,0.032326855367465254,,,
0,127,181,224,5,190,195,raw_var_window_ar,72.0,10.0,0.5668497081977749,95.03631085327804,9.999999999995815e-09,,,
0,127,181,224,5,191,196,cholesky_gaussian_ar,181.0,0.1,0.3354974529835604,19.44156113267115,0.12691232331837335,,,
0,127,181,224,5,191,196,euclidean_gaussian_ar,181.0,1.0,0.3129163165550589,16.723746883844875,0.20133810898941001,,,
0,127,181,224,5,191,196,fixed_bwar,181.0,0.1,0.35215471521111397,18.685717279715604,0.10105797814787758,,,
0,127,181,224,5,191,196,local_bwar,24.0,0.1,0.3472106843983767,17.959267169104262,0.08678650917949206,7.559820781063786e-10,1.0,0.0
0,127,181,224,5,191,196,log_euclidean_gaussian_ar,181.0,0.1,0.36699987337029516,23.26111777447437,0.07814325697382261,,,
0,127,181,224,5,191,196,persistence,,,0.19556015687152303,12.674353688648171,0.03602546388772396,,,
0,127,181,224,5,191,196,raw_var_window_ar,72.0,10.0,0.7196782445102213,119.20250112583795,9.999999999998123e-09,,,
0,127,181,224,5,192,197,cholesky_gaussian_ar,181.0,0.1,0.33676111172854184,20.21534534389002,0.13279814253281508,,,
0,127,181,224,5,192,197,euclidean_gaussian_ar,181.0,1.0,0.3445998438557111,18.80811735927633,0.18732090281320346,,,
0,127,181,224,5,192,197,fixed_bwar,181.0,0.1,0.33089639801879633,18.48707750241123,0.11695198290656422,,,
0,127,181,224,5,192,197,local_bwar,24.0,0.1,0.3619150412322557,19.652885353929143,0.09043006936403762,7.765616868295323e-10,1.0,0.0
0,127,181,224,5,192,197,log_euclidean_gaussian_ar,181.0,0.1,0.3494689383264923,21.710189610609962,0.0910197267573018,,,
0,127,181,224,5,192,197,persistence,,,0.48567151983277174,30.077835730618343,0.03798753098823863,,,
0,127,181,224,5,192,197,raw_var_window_ar,72.0,10.0,0.7905986848881592,128.0479742974979,9.999999999999886e-09,,,
0,127,181,224,5,193,198,cholesky_gaussian_ar,181.0,0.1,0.3298511030235364,16.257213062376906,0.12078605134883943,,,
0,127,181,224,5,193,198,euclidean_gaussian_ar,181.0,1.0,0.31973109514009607,13.412259111802111,0.18577625070268933,,,
0,127,181,224,5,193,198,fixed_bwar,181.0,0.1,0.2675340646885763,12.223790611125658,0.11250759488548026,,,
0,127,181,224,5,193,198,local_bwar,24.0,0.1,0.2768579128106666,12.686653859879733,0.0939114676677154,7.724068707450165e-10,1.0,0.0
0,127,181,224,5,193,198,log_euclidean_gaussian_ar,181.0,0.1,0.31949133587148176,17.111581550987182,0.09450179144976534,,,
0,127,181,224,5,193,198,persistence,,,0.5310530121040814,35.79955518898903,0.01922086688389354,,,
0,127,181,224,5,193,198,raw_var_window_ar,72.0,10.0,0.8356401455500275,121.01859397352472,9.99999999999646e-09,,,
0,127,181,224,5,194,199,cholesky_gaussian_ar,181.0,0.1,0.4664796099823783,19.47431236785674,0.11903406734226138,,,
0,127,181,224,5,194,199,euclidean_gaussian_ar,181.0,1.0,0.44010079305993394,15.536462547718273,0.18225388790220987,,,
0,127,181,224,5,194,199,fixed_bwar,181.0,0.1,0.38039910246779063,13.749703246856953,0.1103563728771021,,,
0,127,181,224,5,194,199,local_bwar,24.0,0.1,0.3547911663397937,12.633477731196912,0.08754576214489448,8.517283026958661e-10,1.0,0.0
0,127,181,224,5,194,199,log_euclidean_gaussian_ar,181.0,0.1,0.4016153196154685,15.797792159041537,0.09779597218255975,,,
0,127,181,224,5,194,199,persistence,,,0.41319844396804345,21.374729737792546,0.015871445187360958,,,
0,127,181,224,5,194,199,raw_var_window_ar,72.0,10.0,1.008924641412115,132.27941145536036,9.999999999982006e-09,,,
0,127,181,224,5,195,200,cholesky_gaussian_ar,181.0,0.1,0.6351432309626509,27.25447532556478,0.11424197665462012,,,
0,127,181,224,5,195,200,euclidean_gaussian_ar,181.0,1.0,0.5871385273032628,23.671825567245072,0.19413854357204466,,,
0,127,181,224,5,195,200,fixed_bwar,181.0,0.1,0.6532104605084323,26.7541976028312,0.09962770203277256,,,
0,127,181,224,5,195,200,local_bwar,24.0,0.1,0.47647077481249384,17.336493514538184,0.08538785466160077,9.413343072904368e-10,1.0,0.0
0,127,181,224,5,195,200,log_euclidean_gaussian_ar,181.0,0.1,0.6028067873436778,25.07473269337595,0.08093330260526173,,,
0,127,181,224,5,195,200,persistence,,,0.6629815482224755,37.06043647504549,0.01985175650150109,,,
0,127,181,224,5,195,200,raw_var_window_ar,72.0,10.0,1.1229491440662407,132.21054373768123,9.999999999982424e-09,,,
0,127,181,224,5,196,201,cholesky_gaussian_ar,181.0,0.1,0.4947240506630183,18.259097075209805,0.11819344008691898,,,
0,127,181,224,5,196,201,euclidean_gaussian_ar,181.0,1.0,0.38963779299659346,14.320831635971452,0.2037572371838667,,,
0,127,181,224,5,196,201,fixed_bwar,181.0,0.1,0.4718993689468327,16.26124830732879,0.10367611384108005,,,
0,127,181,224,5,196,201,local_bwar,24.0,0.1,0.45911306928808887,16.473783853905697,0.08585829855691152,9.679365609318891e-10,1.0,0.0
0,127,181,224,5,196,201,log_euclidean_gaussian_ar,181.0,0.1,0.48080062409720575,18.2289030703444,0.08261595856948163,,,
0,127,181,224,5,196,201,persistence,,,0.6541509874710704,41.803467683373945,0.04019884868911989,,,
0,127,181,224,5,196,201,raw_var_window_ar,72.0,10.0,1.0433463901728282,129.7776408305768,9.99999999999336e-09,,,
0,127,181,224,5,197,202,cholesky_gaussian_ar,181.0,0.1,0.19218572572874185,9.125595558698047,0.12954033517524627,,,
0,127,181,224,5,197,202,euclidean_gaussian_ar,181.0,1.0,0.17061737133612928,8.158073952743006,0.2062465510610091,,,
0,127,181,224,5,197,202,fixed_bwar,181.0,0.1,0.17726005333988845,8.06586778953456,0.10966763859227928,,,
0,127,181,224,5,197,202,local_bwar,24.0,0.1,0.2157900385053626,9.97606942321968,0.08526956109604034,8.708066523427746e-10,1.0,0.0
0,127,181,224,5,197,202,log_euclidean_gaussian_ar,181.0,0.1,0.19327993215704742,9.786950848052198,0.08546042347237906,,,
0,127,181,224,5,197,202,persistence,,,0.308427796098938,19.292764864403456,0.05067816859772769,,,
0,127,181,224,5,197,202,raw_var_window_ar,72.0,10.0,0.7495604647747248,108.36740593168534,9.999999999996835e-09,,,
0,127,181,224,5,198,203,cholesky_gaussian_ar,181.0,0.1,0.3140918565692448,17.353069144848185,0.13127220553599223,,,
0,127,181,224,5,198,203,euclidean_gaussian_ar,181.0,1.0,0.31595912670540544,16.38945734323225,0.2129313161620792,,,
0,127,181,224,5,198,203,fixed_bwar,181.0,0.1,0.33322218072809456,16.83739788648693,0.11393143905283469,,,
0,127,181,224,5,198,203,local_bwar,24.0,0.1,0.3482203693442122,17.242805958635703,0.08605067831130689,8.471197780571607e-10,1.0,0.0
0,127,181,224,5,198,203,log_euclidean_gaussian_ar,181.0,0.1,0.31441796303940966,17.36706252493364,0.09089061149067408,,,
0,127,181,224,5,198,203,persistence,,,0.2228001073186815,14.223929744199179,0.05534240930857545,,,
0,127,181,224,5,198,203,raw_var_window_ar,72.0,10.0,0.7066434949444578,110.36122562908318,9.999999999999676e-09,,,
0,127,181,224,5,199,204,cholesky_gaussian_ar,181.0,0.1,0.35244975856487504,19.362183491440888,0.1386595039251671,,,
0,127,181,224,5,199,204,euclidean_gaussian_ar,181.0,1.0,0.34550387224462703,18.373236431000755,0.22035632702338415,,,
0,127,181,224,5,199,204,fixed_bwar,181.0,0.1,0.37180237284693424,19.283985197238906,0.12111452869819948,,,
0,127,181,224,5,199,204,local_bwar,24.0,0.1,0.4006255240697243,20.534342036684027,0.0903154202939052,9.100139405026132e-10,1.0,0.0
0,127,181,224,5,199,204,log_euclidean_gaussian_ar,181.0,0.1,0.35125763877202243,19.04016237696753,0.09742083938944286,,,
0,127,181,224,5,199,204,persistence,,,0.5297938174108582,34.15334284079342,0.04448702088367999,,,
0,127,181,224,5,199,204,raw_var_window_ar,72.0,10.0,0.7602581535909708,117.17689122812989,9.99999999998209e-09,,,
0,127,181,224,5,200,205,cholesky_gaussian_ar,181.0,0.1,0.28518094580383113,12.178329578991276,0.1375193161215722,,,
0,127,181,224,5,200,205,euclidean_gaussian_ar,181.0,1.0,0.2262064276775264,10.538498699071607,0.22397048816876086,,,
0,127,181,224,5,200,205,fixed_bwar,181.0,0.1,0.2454100074235974,10.23297249236465,0.1220887085043173,,,
0,127,181,224,5,200,205,local_bwar,24.0,0.1,0.3277310402836185,13.171673124344938,0.09093183015750389,9.974245441608353e-10,1.0,0.0
0,127,181,224,5,200,205,log_euclidean_gaussian_ar,181.0,0.1,0.2836643951280439,11.96543306692553,0.10327218483218473,,,
0,127,181,224,5,200,205,persistence,,,0.5311774733175989,33.11116121838549,0.047019594503139195,,,
0,127,181,224,5,200,205,raw_var_window_ar,72.0,10.0,0.8575188217282486,118.8520000796696,9.999999999998922e-09,,,
0,127,181,224,5,201,206,cholesky_gaussian_ar,181.0,0.1,0.4679453755791553,21.449404737526596,0.136334391734086,,,
0,127,181,224,5,201,206,euclidean_gaussian_ar,181.0,1.0,0.4099183023559698,17.295528015723146,0.22057690084837353,,,
0,127,181,224,5,201,206,fixed_bwar,181.0,0.1,0.39427174276113747,16.366883982136194,0.11900641115579239,,,
0,127,181,224,5,201,206,local_bwar,24.0,0.1,0.40269778707286485,15.773576072958948,0.0857937467238586,9.77795486644746e-10,1.0,0.0
0,127,181,224,5,201,206,log_euclidean_gaussian_ar,181.0,0.1,0.4658759146987932,19.677784462458604,0.09712007202855101,,,
0,127,181,224,5,201,206,persistence,,,0.27003676300173246,18.167775783584656,0.03952098487615551,,,
0,127,181,224,5,201,206,raw_var_window_ar,72.0,10.0,1.0652294862782052,143.94304115711734,9.999999999980738e-09,,,
0,127,181,224,5,202,207,cholesky_gaussian_ar,181.0,0.1,0.5228072913308234,24.763273260905173,0.11975814928528417,,,
0,127,181,224,5,202,207,euclidean_gaussian_ar,181.0,1.0,0.4891158360594101,22.639937425714336,0.20802758874993013,,,
0,127,181,224,5,202,207,fixed_bwar,181.0,0.1,0.5323070762144986,23.512775523570532,0.10241771472557813,,,
0,127,181,224,5,202,207,local_bwar,24.0,0.1,0.3438595642998802,13.657499725858065,0.08489745539760837,8.886634028325199e-11,1.0,0.0
0,127,181,224,5,202,207,log_euclidean_gaussian_ar,181.0,0.1,0.5490676291262666,26.051734847890142,0.08014059960855816,,,
0,127,181,224,5,202,207,persistence,,,0.4326579842653882,28.937137767256914,0.04223678446629988,,,
0,127,181,224,5,202,207,raw_var_window_ar,72.0,10.0,1.0016566405813108,122.51281240592479,9.999999999987045e-09,,,
0,127,181,224,5,203,208,cholesky_gaussian_ar,181.0,0.1,0.3252626396408194,15.960824299662345,0.11539585782180546,,,
0,127,181,224,5,203,208,euclidean_gaussian_ar,181.0,1.0,0.3061425838291616,14.334198769456219,0.20544738387985903,,,
0,127,181,224,5,203,208,fixed_bwar,181.0,0.1,0.3277830207851723,15.135073437792526,0.09880442567675875,,,
0,127,181,224,5,203,208,local_bwar,24.0,0.1,0.23490340296552065,10.53096086733867,0.08465591131775424,9.515380083546373e-11,1.0,0.0
0,127,181,224,5,203,208,log_euclidean_gaussian_ar,181.0,0.1,0.3165766675992872,14.87902468432109,0.07684030304112066,,,
0,127,181,224,5,203,208,persistence,,,0.5139176560916333,38.337224507257716,0.032898128118625775,,,
0,127,181,224,5,203,208,raw_var_window_ar,72.0,10.0,0.7576289699677011,104.50116970058502,9.999999999998922e-09,,,
0,127,181,224,5,204,209,cholesky_gaussian_ar,181.0,0.1,0.16661313032494535,8.986530366384567,0.11598237939177625,,,
0,127,181,224,5,204,209,euclidean_gaussian_ar,181.0,1.0,0.23623576178014494,10.594618337305965,0.20816260444824797,,,
0,127,181,224,5,204,209,fixed_bwar,181.0,0.1,0.16793909807286278,8.183587215726117,0.10226722741745231,,,
0,127,181,224,5,204,209,local_bwar,24.0,0.1,0.33520484467073,14.075596653645892,0.08720988885039031,9.849618838825432e-10,1.0,0.0
0,127,181,224,5,204,209,log_euclidean_gaussian_ar,181.0,0.1,0.16336516570965537,9.486800517920852,0.07657070811108169,,,
0,127,181,224,5,204,209,persistence,,,0.33640551799619756,18.36016172534334,0.05066011877411176,,,
0,127,181,224,5,204,209,raw_var_window_ar,72.0,10.0,0.547393068556483,83.27782946156344,9.99999999999902e-09,,,
0,127,181,224,5,205,210,cholesky_gaussian_ar,181.0,0.1,0.3340662349939223,18.297992810764658,0.12984848726780657,,,
0,127,181,224,5,205,210,euclidean_gaussian_ar,181.0,1.0,0.31708718578518713,15.836125183285493,0.2168448277904875,,,
0,127,181,224,5,205,210,fixed_bwar,181.0,0.1,0.3173391434724793,15.772938579693658,0.11305859941758403,,,
0,127,181,224,5,205,210,local_bwar,24.0,0.1,0.34637842210536096,16.670308828476713,0.10089436937026239,7.61351786648465e-10,1.0,0.0
0,127,181,224,5,205,210,log_euclidean_gaussian_ar,181.0,0.1,0.3350964117819907,19.405988577432712,0.08354509444271374,,,
0,127,181,224,5,205,210,persistence,,,0.2596074525152089,14.884487332851483,0.07569220471851602,,,
0,127,181,224,5,205,210,raw_var_window_ar,72.0,10.0,0.7284836147686287,118.77520710544852,9.999999999984507e-09,,,
0,127,181,224,5,206,211,cholesky_gaussian_ar,181.0,0.1,0.36878371304753305,19.949114659349885,0.13697314874174263,,,
0,127,181,224,5,206,211,euclidean_gaussian_ar,181.0,1.0,0.35606377188050625,17.652947788688188,0.20004213037065552,,,
0,127,181,224,5,206,211,fixed_bwar,181.0,0.1,0.363721440703845,18.24483758844996,0.1219857341864645,,,
0,127,181,224,5,206,211,local_bwar,24.0,0.1,0.35129449871441826,16.56229839401709,0.11233252323678782,6.563319330738443e-10,1.0,0.0
0,127,181,224,5,206,211,log_euclidean_gaussian_ar,181.0,0.1,0.38640749089353355,21.59210624927001,0.09409078216048039,,,
0,127,181,224,5,206,211,persistence,,,0.551117903163024,34.41995615857414,0.06398795189497107,,,
0,127,181,224,5,206,211,raw_var_window_ar,72.0,10.0,0.8597752704564985,134.43251925620564,9.999999999999152e-09,,,
0,127,181,224,5,207,212,cholesky_gaussian_ar,181.0,0.1,0.3459664199188945,15.80066590437383,0.13267057017628905,,,
0,127,181,224,5,207,212,euclidean_gaussian_ar,181.0,1.0,0.38709948053152515,15.21060473853629,0.19119094869642891,,,
0,127,181,224,5,207,212,fixed_bwar,181.0,0.1,0.2954398420002475,12.982294086986787,0.11820889477832774,,,
0,127,181,224,5,207,212,local_bwar,24.0,0.1,0.32177683190337203,13.92128677211529,0.11339980160173804,3.2187406401785714e-10,1.0,0.0
0,127,181,224,5,207,212,log_euclidean_gaussian_ar,181.0,0.1,0.34902796885067816,15.891157827901882,0.10044303661311045,,,
0,127,181,224,5,207,212,persistence,,,0.6015000565259019,39.95902072821784,0.03412547261151572,,,
0,127,181,224,5,207,212,raw_var_window_ar,72.0,10.0,0.8496183944114102,120.79204538098332,9.999999999999201e-09,,,
0,127,181,224,5,208,213,cholesky_gaussian_ar,181.0,0.1,0.4935282172394045,24.068268058686193,0.12037489497142309,,,
0,127,181,224,5,208,213,euclidean_gaussian_ar,181.0,1.0,0.6670357362306094,27.915425413131835,0.16824127563828065,,,
0,127,181,224,5,208,213,fixed_bwar,181.0,0.1,0.3621264023544496,15.427331192523095,0.10881458157182637,,,
0,127,181,224,5,208,213,local_bwar,24.0,0.1,0.33007894944555116,14.043472748596436,0.10709889907768678,1.5478732501733475e-10,1.0,0.0
0,127,181,224,5,208,213,log_euclidean_gaussian_ar,181.0,0.1,0.4737742512521309,22.53699785122413,0.09563239732172894,,,
0,127,181,224,5,208,213,persistence,,,0.3988330086179672,18.161887619222306,0.028809862308647557,,,
0,127,181,224,5,208,213,raw_var_window_ar,72.0,10.0,0.9997194888272108,134.87563339437614,9.99999999999604e-09,,,
0,127,181,224,5,209,214,cholesky_gaussian_ar,181.0,0.1,0.7335536395330537,41.966730165555134,0.1118424057675154,,,
0,127,181,224,5,209,214,euclidean_gaussian_ar,181.0,1.0,0.8572906329876299,43.822333021801505,0.1758155755156171,,,
0,127,181,224,5,209,214,fixed_bwar,181.0,0.1,0.7048351429089061,36.45717259469174,0.09725028795546244,,,
0,127,181,224,5,209,214,local_bwar,24.0,0.1,0.4660022647745695,21.199235342603007,0.09993215936961553,6.094862659626756e-11,1.0,0.0
0,127,181,224,5,209,214,log_euclidean_gaussian_ar,181.0,0.1,0.733724545775413,46.50721744041914,0.08051531218370564,,,
0,127,181,224,5,209,214,persistence,,,0.6872075385450712,46.66338094959097,0.038430199688810236,,,
0,127,181,224,5,209,214,raw_var_window_ar,72.0,10.0,1.1426775375568032,145.7197524627026,9.999999999996973e-09,,,
0,127,181,224,5,210,215,cholesky_gaussian_ar,181.0,0.1,0.5627240454423699,29.82621868209321,0.11743172540248809,,,
0,127,181,224,5,210,215,euclidean_gaussian_ar,181.0,1.0,0.5513069146033472,26.514627198281275,0.19424154474553396,,,
0,127,181,224,5,210,215,fixed_bwar,181.0,0.1,0.5354569588906879,26.71045467662124,0.10327601985704377,,,
0,127,181,224,5,210,215,local_bwar,24.0,0.1,0.4518130816461173,23.230179148204996,0.11336717372109151,8.857168874880913e-10,1.0,0.0
0,127,181,224,5,210,215,log_euclidean_gaussian_ar,181.0,0.1,0.5896288343425493,33.23198385504805,0.08537931501691916,,,
0,127,181,224,5,210,215,persistence,,,0.6673545585160479,49.829909539198,0.031146684897890076,,,
0,127,181,224,5,210,215,raw_var_window_ar,72.0,10.0,1.047437996645548,142.90202462842294,9.999999999998247e-09,,,
0,127,181,224,5,211,216,cholesky_gaussian_ar,181.0,0.1,0.1953235889494096,11.126726492372567,0.12775308995621348,,,
0,127,181,224,5,211,216,euclidean_gaussian_ar,181.0,1.0,0.19161232869418263,9.915617667980667,0.20257387852817194,,,
0,127,181,224,5,211,216,fixed_bwar,181.0,0.1,0.198015243483053,9.898909234676754,0.10990267777423189,,,
0,127,181,224,5,211,216,local_bwar,24.0,0.1,0.1585367423991266,9.24732777660399,0.12362085333183034,8.809116365861258e-10,1.0,0.0
0,127,181,224,5,211,216,log_euclidean_gaussian_ar,181.0,0.1,0.20157048135152847,11.023971777913095,0.08457846750874258,,,
0,127,181,224,5,211,216,persistence,,,0.40024853564303103,23.81731943229012,0.05389140002494086,,,
0,127,181,224,5,211,216,raw_var_window_ar,72.0,10.0,0.6604426813875128,108.08062129070018,9.999999999996556e-09,,,
0,127,181,224,5,212,217,cholesky_gaussian_ar,181.0,0.1,0.31846786918023007,16.016370142536648,0.13525740363615774,,,
0,127,181,224,5,212,217,euclidean_gaussian_ar,181.0,1.0,0.305313995179398,15.117898489924757,0.2029207379947797,,,
0,127,181,224,5,212,217,fixed_bwar,181.0,0.1,0.32430444362787064,14.694381503212282,0.11413251734948178,,,
0,127,181,224,5,212,217,local_bwar,24.0,0.1,0.31612627877790317,13.130406413626707,0.12484294342087818,8.811005194716779e-10,1.0,0.0
0,127,181,224,5,212,217,log_euclidean_gaussian_ar,181.0,0.1,0.3157031863912689,17.98773425168758,0.08096247122197896,,,
0,127,181,224,5,212,217,persistence,,,0.31530396122752014,16.35060958124768,0.03800966231091705,,,
0,127,181,224,5,212,217,raw_var_window_ar,72.0,10.0,0.6349098513336916,104.34590437562026,9.999999999992863e-09,,,
0,127,181,224,5,213,218,cholesky_gaussian_ar,181.0,0.1,0.35947119002388256,18.84962044195107,0.14193441336405896,,,
0,127,181,224,5,213,218,euclidean_gaussian_ar,181.0,1.0,0.36896215567304597,18.89587856537329,0.1935973884856814,,,
0,127,181,224,5,213,218,fixed_bwar,181.0,0.1,0.42235082770435206,21.43898415045036,0.12586535294558593,,,
0,127,181,224,5,213,218,local_bwar,24.0,0.1,0.28679907733630894,13.176120161002002,0.13114873885688327,8.536607723974579e-10,1.0,0.0
0,127,181,224,5,213,218,log_euclidean_gaussian_ar,181.0,0.1,0.374356398633356,25.067728030282808,0.08955957423181565,,,
0,127,181,224,5,213,218,persistence,,,0.53213281113564,37.47919318142389,0.06482568259984384,,,
0,127,181,224,5,213,218,raw_var_window_ar,72.0,10.0,0.7333641455063662,113.23925618042458,9.999999999981139e-09,,,
0,127,181,224,5,214,219,cholesky_gaussian_ar,181.0,0.1,0.2944076028347977,13.217550624747087,0.1380109916931104,,,
0,127,181,224,5,214,219,euclidean_gaussian_ar,181.0,1.0,0.4081974543941342,15.933725248424354,0.1890890876174262,,,
0,127,181,224,5,214,219,fixed_bwar,181.0,0.1,0.25517675449271693,12.980442231060536,0.12865517148698818,,,
0,127,181,224,5,214,219,local_bwar,24.0,0.1,0.1919367778013694,9.756370582502903,0.1271300252579879,9.081238590359876e-10,1.0,0.0
0,127,181,224,5,214,219,log_euclidean_gaussian_ar,181.0,0.1,0.29340469645067196,14.383638598426979,0.0967000902655555,,,
0,127,181,224,5,214,219,persistence,,,0.6175026143002316,45.79435373913378,0.02751197228497289,,,
0,127,181,224,5,214,219,raw_var_window_ar,72.0,10.0,0.8453143103094851,116.54256666379621,9.999999999996261e-09,,,
0,127,181,224,5,215,220,cholesky_gaussian_ar,181.0,0.1,0.4258988882522361,21.57530802125885,0.13161846590114523,,,
0,127,181,224,5,215,220,euclidean_gaussian_ar,181.0,1.0,0.4907758958887821,21.122055242160688,0.19293759960082077,,,
0,127,181,224,5,215,220,fixed_bwar,181.0,0.1,0.2912206030203103,14.002981088611888,0.12239500690123864,,,
0,127,181,224,5,215,220,local_bwar,24.0,0.1,0.2974507065352444,13.512853354221544,0.1333654934027174,9.248441330489828e-10,1.0,0.0
0,127,181,224,5,215,220,log_euclidean_gaussian_ar,181.0,0.1,0.4120856688246207,18.853784432994114,0.09423542080607539,,,
0,127,181,224,5,215,220,persistence,,,0.3500999926573932,19.368763920033587,0.02656423534199123,,,
0,127,181,224,5,215,220,raw_var_window_ar,72.0,10.0,1.0158450726933086,143.3303907357627,9.999999999996058e-09,,,
0,127,181,224,5,216,221,cholesky_gaussian_ar,181.0,0.1,0.7604300938053759,49.172288437496675,0.11417338006966771,,,
0,127,181,224,5,216,221,euclidean_gaussian_ar,181.0,1.0,0.7405649500417624,41.68161858265297,0.1910920447762696,,,
0,127,181,224,5,216,221,fixed_bwar,181.0,0.1,0.7298017471258065,42.96285105094931,0.10251016288970481,,,
0,127,181,224,5,216,221,local_bwar,24.0,0.1,0.4260185300327499,22.227398473072476,0.10824706466424744,8.84330266182373e-10,1.0,0.0
0,127,181,224,5,216,221,log_euclidean_gaussian_ar,181.0,0.1,0.7514393175722041,52.14076276135084,0.0826587594209192,,,
0,127,181,224,5,216,221,persistence,,,0.6206546147320824,37.60016374425302,0.04168441687548404,,,
0,127,181,224,5,216,221,raw_var_window_ar,72.0,10.0,1.1835143512467758,165.13764346961878,9.999999999987177e-09,,,
0,127,181,224,5,217,222,cholesky_gaussian_ar,181.0,0.1,0.5787454115533324,34.069986675301905,0.11965341211569626,,,
0,127,181,224,5,217,222,euclidean_gaussian_ar,181.0,1.0,0.4794565580430679,25.98145157698236,0.20635275903287467,,,
0,127,181,224,5,217,222,fixed_bwar,181.0,0.1,0.6458185136740352,37.127285974360156,0.09844065995741579,,,
0,127,181,224,5,217,222,local_bwar,24.0,0.1,0.3370551688484768,18.317582652017567,0.10233195956780494,9.003097641144808e-10,1.0,0.0
0,127,181,224,5,217,222,log_euclidean_gaussian_ar,181.0,0.1,0.6318824489939691,41.65519048138082,0.07830388334336066,,,
0,127,181,224,5,217,222,persistence,,,0.7194540532986872,56.73577466210611,0.048305238570760904,,,
0,127,181,224,5,217,222,raw_var_window_ar,72.0,10.0,1.0796372624838606,158.22228274621418,9.999999999997871e-09,,,
0,127,181,224,5,218,223,cholesky_gaussian_ar,181.0,0.1,0.30733902137461594,15.128912709165812,0.11693593326173453,,,
0,127,181,224,5,218,223,euclidean_gaussian_ar,181.0,1.0,0.2194286384475393,10.143818085716017,0.20533547097484742,,,
0,127,181,224,5,218,223,fixed_bwar,181.0,0.1,0.34769382543968136,14.718792593946183,0.10125549006057744,,,
0,127,181,224,5,218,223,local_bwar,24.0,0.1,0.14751523024593688,9.275831140586252,0.1133499415325903,9.960517040499352e-10,1.0,0.0
0,127,181,224,5,218,223,log_euclidean_gaussian_ar,181.0,0.1,0.3497831359547149,19.905580558194846,0.07444406518679185,,,
0,127,181,224,5,218,223,persistence,,,0.3967442948218751,28.566049176672482,0.034271008874507715,,,
0,127,181,224,5,218,223,raw_var_window_ar,72.0,10.0,0.829309018004265,123.76210742919235,9.999999999999825e-09,,,
1,170,224,267,3,221,224,cholesky_gaussian_ar,224.0,0.01,0.2057440960304581,7.523276763608034,0.10109571768783848,,,
1,170,224,267,3,221,224,euclidean_gaussian_ar,224.0,0.1,0.2887372111187452,14.214625491111107,0.002263958524083074,,,
1,170,224,267,3,221,224,fixed_bwar,224.0,0.01,0.22686280128194683,9.009726698304641,0.10251356408377614,,,
1,170,224,267,3,221,224,local_bwar,48.0,0.01,0.2741247555186462,11.090838421027481,0.08817531684514927,1.0961141561225875e-10,1.0,0.0
1,170,224,267,3,221,224,log_euclidean_gaussian_ar,224.0,0.01,0.24382837425077522,9.08858818157477,0.0856401675501209,,,
1,170,224,267,3,221,224,persistence,,,0.7393475926396585,56.83133063269409,0.034911774369126194,,,
1,170,224,267,3,221,224,raw_var_window_ar,72.0,1e-06,0.6377129441691791,95.81479830437326,9.99999992581652e-09,,,
1,170,224,267,3,222,225,cholesky_gaussian_ar,224.0,0.01,0.37615579202948746,12.4465322966363,0.08132471685589353,,,
1,170,224,267,3,222,225,euclidean_gaussian_ar,224.0,0.1,0.36066150490206395,14.661899332395961,1.0000000708110837e-08,,,
1,170,224,267,3,222,225,fixed_bwar,224.0,0.01,0.4027885621486212,13.509187818400726,0.10877300388690274,,,
1,170,224,267,3,222,225,local_bwar,48.0,0.01,0.3429336246660429,11.927664264638135,0.11947032646165777,1.0702956240852152e-10,1.0,0.0
1,170,224,267,3,222,225,log_euclidean_gaussian_ar,224.0,0.01,0.4073427809015031,16.012514983003808,0.08478267464206941,,,
1,170,224,267,3,222,225,persistence,,,0.7440853499580488,53.36618454189039,0.03328484022159631,,,
1,170,224,267,3,222,225,raw_var_window_ar,72.0,1e-06,0.49999969029300123,84.3576121366982,9.999999997849852e-09,,,
1,170,224,267,3,223,226,cholesky_gaussian_ar,224.0,0.01,0.5447493843649129,21.476982072266747,0.08487550022690939,,,
1,170,224,267,3,223,226,euclidean_gaussian_ar,224.0,0.1,0.4111828229989148,16.758336684659085,0.18272432414976436,,,
1,170,224,267,3,223,226,fixed_bwar,224.0,0.01,0.5293721758810757,20.11640333564582,0.09549454023420492,,,
1,170,224,267,3,223,226,local_bwar,48.0,0.01,0.5049537001599572,20.456787670988277,0.0942944330952569,1.0344362860095621e-10,1.0,0.0
1,170,224,267,3,223,226,log_euclidean_gaussian_ar,224.0,0.01,0.5117997443315367,23.596111878409335,0.06314629299174715,,,
1,170,224,267,3,223,226,persistence,,,0.43651904864201396,22.42479080113048,0.057994038866868866,,,
1,170,224,267,3,223,226,raw_var_window_ar,72.0,1e-06,0.4504924672131903,63.63213465071688,9.999999978667365e-09,,,
1,170,224,267,3,224,227,cholesky_gaussian_ar,224.0,0.01,0.6276029614933955,28.558056001707886,0.06278129114049529,,,
1,170,224,267,3,224,227,euclidean_gaussian_ar,224.0,0.1,0.48384496100073104,23.00206887446036,1.000000091470622e-08,,,
1,170,224,267,3,224,227,fixed_bwar,224.0,0.01,0.4655583676483864,19.116675522748828,0.05354753954813881,,,
1,170,224,267,3,224,227,local_bwar,48.0,0.01,0.534912698273421,23.561789882070695,0.06820033765263107,1.0313769375047309e-10,1.0,0.0
1,170,224,267,3,224,227,log_euclidean_gaussian_ar,224.0,0.01,0.49158085530904255,19.584398227359095,0.03365087128916955,,,
1,170,224,267,3,224,227,persistence,,,0.4909203955051304,25.22080870783841,0.055045118406649086,,,
1,170,224,267,3,224,227,raw_var_window_ar,72.0,1e-06,0.32208361780103917,43.15487466959506,9.99999996871151e-09,,,
1,170,224,267,3,225,228,cholesky_gaussian_ar,224.0,0.01,0.2642518472146978,10.001559910156454,0.06004865605996407,,,
1,170,224,267,3,225,228,euclidean_gaussian_ar,224.0,0.1,0.2642703460034253,16.930960372710945,1.0000000076324174e-08,,,
1,170,224,267,3,225,228,fixed_bwar,224.0,0.01,0.18100255607505544,8.720840196817377,0.05481972292739977,,,
1,170,224,267,3,225,228,local_bwar,48.0,0.01,0.35547174812493704,17.464640944403044,0.1242329487684927,1.0286809378378291e-10,1.0,0.0
1,170,224,267,3,225,228,log_euclidean_gaussian_ar,224.0,0.01,0.18398903063925745,6.855190529471332,0.03964561097409971,,,
1,170,224,267,3,225,228,persistence,,,0.48382021550056103,31.017655000272452,0.033982016676451135,,,
1,170,224,267,3,225,228,raw_var_window_ar,72.0,1e-06,0.522731739336128,53.5160920731951,9.999999989244783e-09,,,
1,170,224,267,3,226,229,cholesky_gaussian_ar,224.0,0.01,0.1541234845542245,6.824091640670508,0.06955431521189413,,,
1,170,224,267,3,226,229,euclidean_gaussian_ar,224.0,0.1,0.23020548578893407,11.28713306703804,9.999999736454103e-09,,,
1,170,224,267,3,226,229,fixed_bwar,224.0,0.01,0.12377447993188344,6.096449099918719,0.06178131724749833,,,
1,170,224,267,3,226,229,local_bwar,48.0,0.01,0.3190945015204113,14.079421401288704,0.13393323099251903,1.064090545511832e-10,1.0,0.0
1,170,224,267,3,226,229,log_euclidean_gaussian_ar,224.0,0.01,0.11555306728587983,5.706440703130923,0.044444776805647686,,,
1,170,224,267,3,226,229,persistence,,,0.36192775009667794,17.61610352934128,0.0480599362194913,,,
1,170,224,267,3,226,229,raw_var_window_ar,72.0,1e-06,0.4497691946106146,57.66183349697738,9.999999992698254e-09,,,
1,170,224,267,3,227,230,cholesky_gaussian_ar,224.0,0.01,0.1571192257090413,7.125820549029525,0.10137028799112137,,,
1,170,224,267,3,227,230,euclidean_gaussian_ar,224.0,0.1,0.3520243628066995,9.947083885488269,0.1440602696773656,,,
1,170,224,267,3,227,230,fixed_bwar,224.0,0.01,0.14299235714524425,6.217361560571646,0.09050199330459166,,,
1,170,224,267,3,227,230,local_bwar,48.0,0.01,0.3538891558020486,14.62305015278629,0.08434780929442637,1.0631821645568128e-10,1.0,0.0
1,170,224,267,3,227,230,log_euclidean_gaussian_ar,224.0,0.01,0.1509153426874989,7.172694981998531,0.06471227286450515,,,
1,170,224,267,3,227,230,persistence,,,0.22612373531343122,11.877312000531516,0.040532793409307225,,,
1,170,224,267,3,227,230,raw_var_window_ar,72.0,1e-06,0.4300426481997583,63.61465410108697,9.999999996494733e-09,,,
1,170,224,267,3,228,231,cholesky_gaussian_ar,224.0,0.01,0.17142642004038763,8.422950105647505,0.1487830760340221,,,
1,170,224,267,3,228,231,euclidean_gaussian_ar,224.0,0.1,0.2612491534685502,10.653191110169521,0.20588703772810893,,,
1,170,224,267,3,228,231,fixed_bwar,224.0,0.01,0.19171715303342995,8.656885674292287,0.12226843094816192,,,
1,170,224,267,3,228,231,local_bwar,48.0,0.01,0.20439526818210682,10.186526340435226,0.1339234747936228,1.1040051694190929e-10,1.0,0.0
1,170,224,267,3,228,231,log_euclidean_gaussian_ar,224.0,0.01,0.18227928227139958,9.580161615512926,0.10521479627061964,,,
1,170,224,267,3,228,231,persistence,,,0.39219209573528985,20.854448598840683,0.02795272703189784,,,
1,170,224,267,3,228,231,raw_var_window_ar,72.0,1e-06,0.5289387314249967,64.7248952421258,9.999999981244462e-09,,,
1,170,224,267,3,229,232,cholesky_gaussian_ar,224.0,0.01,0.2189487814758762,9.323049923966126,0.07396229197593246,,,
1,170,224,267,3,229,232,euclidean_gaussian_ar,224.0,0.1,0.25188510904301536,11.5429727789414,0.20865579468251397,,,
1,170,224,267,3,229,232,fixed_bwar,224.0,0.01,0.2114482693435344,8.95848416923868,0.11880889307888345,,,
1,170,224,267,3,229,232,local_bwar,48.0,0.01,0.3070523671589018,13.644411821819034,0.11249593912699661,1.0944881147254035e-10,1.0,0.0
1,170,224,267,3,229,232,log_euclidean_gaussian_ar,224.0,0.01,0.22094282897898077,9.89543904578599,0.09768487920212725,,,
1,170,224,267,3,229,232,persistence,,,0.3593064556194804,17.242933839525335,0.014622172262076329,,,
1,170,224,267,3,229,232,raw_var_window_ar,72.0,1e-06,0.5563191805911998,71.01609148889904,9.99999997942481e-09,,,
1,170,224,267,3,230,233,cholesky_gaussian_ar,224.0,0.01,0.17390150990811365,8.247706068645199,0.1337664781127569,,,
1,170,224,267,3,230,233,euclidean_gaussian_ar,224.0,0.1,0.2017653999657846,11.229982538388974,0.20288573434113136,,,
1,170,224,267,3,230,233,fixed_bwar,224.0,0.01,0.1799815921016146,7.721901311497246,0.11935178495937762,,,
1,170,224,267,3,230,233,local_bwar,48.0,0.01,0.2657162012979071,11.046545094770888,0.11901804046636906,1.107483081651525e-10,1.0,0.0
1,170,224,267,3,230,233,log_euclidean_gaussian_ar,224.0,0.01,0.20336853415963874,9.81253058522245,0.08793701333639893,,,
1,170,224,267,3,230,233,persistence,,,0.1996148627714857,9.833338179188953,0.03482255696480181,,,
1,170,224,267,3,230,233,raw_var_window_ar,72.0,1e-06,0.6024967047095027,75.23375481433933,9.999999878411829e-09,,,
1,170,224,267,3,231,234,cholesky_gaussian_ar,224.0,0.01,0.30161279586988704,12.349503127037279,0.08094121519280705,,,
1,170,224,267,3,231,234,euclidean_gaussian_ar,224.0,0.1,0.2068398270774196,9.282515140775445,0.164515151692066,,,
1,170,224,267,3,231,234,fixed_bwar,224.0,0.01,0.35868844458225785,12.96978058126274,0.10819664706366958,,,
1,170,224,267,3,231,234,local_bwar,48.0,0.01,0.2219311193216687,8.595942422412755,0.06590072414577876,6.749373691430928e-11,1.0,0.0
1,170,224,267,3,231,234,log_euclidean_gaussian_ar,224.0,0.01,0.41813025098664225,17.856797291055692,0.06385026003898411,,,
1,170,224,267,3,231,234,persistence,,,0.46525755077419945,25.343467156727836,0.03756632539683551,,,
1,170,224,267,3,231,234,raw_var_window_ar,72.0,1e-06,0.8229261713617501,101.99368600550379,9.999999983772457e-09,,,
1,170,224,267,3,232,235,cholesky_gaussian_ar,224.0,0.01,0.43838214179929946,18.190275407223734,0.07042414618710646,,,
1,170,224,267,3,232,235,euclidean_gaussian_ar,224.0,0.1,0.3098851936465614,13.147020382313201,0.15956015016103292,,,
1,170,224,267,3,232,235,fixed_bwar,224.0,0.01,0.4714259018196753,18.98902229643158,0.11425620920860714,,,
1,170,224,267,3,232,235,local_bwar,48.0,0.01,0.33776571432433916,12.498545430895492,0.07851757695719314,8.971006627263896e-10,1.0,0.0
1,170,224,267,3,232,235,log_euclidean_gaussian_ar,224.0,0.01,0.5199771566900938,25.020643434388067,0.06972020943011571,,,
1,170,224,267,3,232,235,persistence,,,0.6150950620049723,35.761442557981546,0.030511289456567028,,,
1,170,224,267,3,232,235,raw_var_window_ar,72.0,1e-06,0.9342363527331004,109.09898892117914,9.999999993568345e-09,,,
1,170,224,267,3,233,236,cholesky_gaussian_ar,224.0,0.01,0.35071447291879815,15.641208926538813,0.06903550335102597,,,
1,170,224,267,3,233,236,euclidean_gaussian_ar,224.0,0.1,0.24915592381121657,10.96719545454143,0.20708411643595634,,,
1,170,224,267,3,233,236,fixed_bwar,224.0,0.01,0.3641641544468383,13.982663835204635,0.10483321054425357,,,
1,170,224,267,3,233,236,local_bwar,48.0,0.01,0.27709205004890813,12.40621043568002,0.10350877844007961,6.036738771358502e-10,1.0,0.0
1,170,224,267,3,233,236,log_euclidean_gaussian_ar,224.0,0.01,0.37170511079143514,19.618768173479424,0.05314315235268973,,,
1,170,224,267,3,233,236,persistence,,,0.3823381704301584,21.289729512630746,0.03325541968921727,,,
1,170,224,267,3,233,236,raw_var_window_ar,72.0,1e-06,0.8205605735145042,101.98753359205455,9.999999939466966e-09,,,
1,170,224,267,3,234,237,cholesky_gaussian_ar,224.0,0.01,0.16457124713370122,7.657998273083555,0.10553145261439116,,,
1,170,224,267,3,234,237,euclidean_gaussian_ar,224.0,0.1,0.2717773541147952,10.314966732388333,0.2568272456002896,,,
1,170,224,267,3,234,237,fixed_bwar,224.0,0.01,0.23028919372931406,8.390689104096252,0.13940350345302452,,,
1,170,224,267,3,234,237,local_bwar,48.0,0.01,0.18121216478525565,7.99767067041211,0.07538245042972731,4.814975875371643e-10,1.0,0.0
1,170,224,267,3,234,237,log_euclidean_gaussian_ar,224.0,0.01,0.21541873722403093,8.997942235858035,0.09499861866137013,,,
1,170,224,267,3,234,237,persistence,,,0.4263913143682077,22.142320803069186,0.03947710705442082,,,
1,170,224,267,3,234,237,raw_var_window_ar,72.0,1e-06,0.5058411783192559,72.78245200570058,9.999999950099867e-09,,,
1,170,224,267,3,235,238,cholesky_gaussian_ar,224.0,0.01,0.2629597834207425,11.908478759493494,0.17005015078426958,,,
1,170,224,267,3,235,238,euclidean_gaussian_ar,224.0,0.1,0.3706407744037731,17.737757520282457,0.2650830395157308,,,
1,170,224,267,3,235,238,fixed_bwar,224.0,0.01,0.3478281996283962,14.57547964276046,0.15411385284654772,,,
1,170,224,267,3,235,238,local_bwar,48.0,0.01,0.3094665264669255,13.78386743589536,0.10258788109130741,4.95271465943576e-10,1.0,0.0
1,170,224,267,3,235,238,log_euclidean_gaussian_ar,224.0,0.01,0.29151189157468416,11.00207134282969,0.11351282245690412,,,
1,170,224,267,3,235,238,persistence,,,0.8231232862669089,59.37001247704862,0.03759778266026028,,,
1,170,224,267,3,235,238,raw_var_window_ar,72.0,1e-06,0.5301407773784923,85.70149583064311,9.999999994363125e-09,,,
1,170,224,267,3,236,239,cholesky_gaussian_ar,224.0,0.01,0.27181064720684467,11.158695580542007,0.17560351422659687,,,
1,170,224,267,3,236,239,euclidean_gaussian_ar,224.0,0.1,0.3410094849743634,17.35170786320397,0.23646839485546864,,,
1,170,224,267,3,236,239,fixed_bwar,224.0,0.01,0.3544161539961607,14.399004760261292,0.1671743811176583,,,
1,170,224,267,3,236,239,local_bwar,48.0,0.01,0.3858096519459053,18.50874962795676,0.10316378505241228,5.374929112250832e-10,1.0,0.0
1,170,224,267,3,236,239,log_euclidean_gaussian_ar,224.0,0.01,0.3189797744878859,11.171564741739353,0.14071278205058077,,,
1,170,224,267,3,236,239,persistence,,,0.654839070037139,47.38296037140318,0.03369965470600946,,,
1,170,224,267,3,236,239,raw_var_window_ar,72.0,1e-06,0.6047092799625364,98.93714112539986,9.999999971826746e-09,,,
1,170,224,267,3,237,240,cholesky_gaussian_ar,224.0,0.01,0.3010662864027892,13.638857862848957,0.1394318807837884,,,
1,170,224,267,3,237,240,euclidean_gaussian_ar,224.0,0.1,0.35374751975297364,18.298092019522684,0.21137326807724383,,,
1,170,224,267,3,237,240,fixed_bwar,224.0,0.01,0.3241517554235656,14.56282915567452,0.11525587191492587,,,
1,170,224,267,3,237,240,local_bwar,48.0,0.01,0.3248060415940189,15.079734162757966,0.09326870397994826,5.49318038955511e-10,1.0,0.0
1,170,224,267,3,237,240,log_euclidean_gaussian_ar,224.0,0.01,0.3323744660099098,15.291535542208688,0.07579781939782128,,,
1,170,224,267,3,237,240,persistence,,,0.2711485005487269,14.520387417062217,0.04590815177754432,,,
1,170,224,267,3,237,240,raw_var_window_ar,72.0,1e-06,0.66661617929687,87.3474787939024,9.999999966123229e-09,,,
1,170,224,267,3,238,241,cholesky_gaussian_ar,224.0,0.01,0.3503157146191232,20.2196633648189,0.05953271115113418,,,
1,170,224,267,3,238,241,euclidean_gaussian_ar,224.0,0.1,0.24098238381335663,11.818773885861372,1.0000001027787926e-08,,,
1,170,224,267,3,238,241,fixed_bwar,224.0,0.01,0.28452206691488907,12.334587355899,0.06860139428919469,,,
1,170,224,267,3,238,241,local_bwar,48.0,0.01,0.2852210889614538,14.539387677702756,0.04577542945410126,5.965624315113499e-10,1.0,0.0
1,170,224,267,3,238,241,log_euclidean_gaussian_ar,224.0,0.01,0.32829835526631634,18.130975504922205,0.03580292217341658,,,
1,170,224,267,3,238,241,persistence,,,0.6136261774385846,40.350964771660884,0.04548151533717569,,,
1,170,224,267,3,238,241,raw_var_window_ar,72.0,1e-06,0.7984650831278071,113.1652020835471,9.999999989874737e-09,,,
1,170,224,267,3,239,242,cholesky_gaussian_ar,224.0,0.01,0.5077724524584645,30.443590340102077,0.04911744429297888,,,
1,170,224,267,3,239,242,euclidean_gaussian_ar,224.0,0.1,0.4188540869924132,21.420847015974687,0.14334428578850097,,,
1,170,224,267,3,239,242,fixed_bwar,224.0,0.01,0.4498467206796713,19.69391321889013,0.072480628414261,,,
1,170,224,267,3,239,242,local_bwar,48.0,0.01,0.42950027748147923,20.853243294727726,0.08743847565320641,6.872107103968496e-10,1.0,0.0
1,170,224,267,3,239,242,log_euclidean_gaussian_ar,224.0,0.01,0.4380294926224319,21.461535102289478,0.031516369007232134,,,
1,170,224,267,3,239,242,persistence,,,0.9583380911359404,86.29595244583558,0.02312652412910367,,,
1,170,224,267,3,239,242,raw_var_window_ar,72.0,1e-06,1.1138003516079862,149.8244928938287,9.999999979518348e-09,,,
1,170,224,267,3,240,243,cholesky_gaussian_ar,224.0,0.01,0.8586813249884802,60.24691407439538,0.05737353442142428,,,
1,170,224,267,3,240,243,euclidean_gaussian_ar,224.0,0.1,0.7179880810276245,42.938881223533755,0.1659126981754599,,,
1,170,224,267,3,240,243,fixed_bwar,224.0,0.01,0.6768313659764211,36.87455144653893,0.10444772560974794,,,
1,170,224,267,3,240,243,local_bwar,48.0,0.01,0.8820893806078705,58.23696655544029,0.10877903146016221,7.048620126013557e-10,1.0,0.0
1,170,224,267,3,240,243,log_euclidean_gaussian_ar,224.0,0.01,0.7315939075289397,32.66437270898858,0.059367250651885,,,
1,170,224,267,3,240,243,persistence,,,1.110929859274802,97.61576649218516,0.030209295526772612,,,
1,170,224,267,3,240,243,raw_var_window_ar,72.0,1e-06,1.3745311926607005,177.38754788904168,9.99999999200603e-09,,,
1,170,224,267,3,241,244,cholesky_gaussian_ar,224.0,0.01,0.5046956932030413,38.27586849039514,0.035641515944773945,,,
1,170,224,267,3,241,244,euclidean_gaussian_ar,224.0,0.1,0.5190357472536381,28.66242355736516,0.09441158206581374,,,
1,170,224,267,3,241,244,fixed_bwar,224.0,0.01,0.4197591165649449,24.54979148775604,0.14857799820031653,,,
1,170,224,267,3,241,244,local_bwar,48.0,0.01,0.5407976408574449,32.30193995946867,0.11469593157366977,7.01855277196794e-10,1.0,0.0
1,170,224,267,3,241,244,log_euclidean_gaussian_ar,224.0,0.01,0.4239067750342375,27.374155469964467,0.0870682733345681,,,
1,170,224,267,3,241,244,persistence,,,0.33070233423855055,20.530849828647533,0.029272035076379054,,,
1,170,224,267,3,241,244,raw_var_window_ar,72.0,1e-06,0.9603214044967234,166.3735820214315,9.999999992497365e-09,,,
1,170,224,267,3,242,245,cholesky_gaussian_ar,224.0,0.01,0.43622601874333516,35.78107791661565,0.012824971153397162,,,
1,170,224,267,3,242,245,euclidean_gaussian_ar,224.0,0.1,0.3885730785108973,23.862411579212022,0.057000325349627214,,,
1,170,224,267,3,242,245,fixed_bwar,224.0,0.01,0.25682401772187485,15.87709738599481,0.1523426139726718,,,
1,170,224,267,3,242,245,local_bwar,48.0,0.01,0.26819991026184364,17.98120542628444,0.05824779803935558,7.427804596105751e-10,1.0,0.0
1,170,224,267,3,242,245,log_euclidean_gaussian_ar,224.0,0.01,0.3845581097630232,23.484951899871973,0.09586331168004611,,,
1,170,224,267,3,242,245,persistence,,,0.6501789481274695,54.31743592341128,0.036403726459588746,,,
1,170,224,267,3,242,245,raw_var_window_ar,72.0,1e-06,0.8197948429788665,153.6702477193993,9.999999983836027e-09,,,
1,170,224,267,3,243,246,cholesky_gaussian_ar,224.0,0.01,0.4314822594087151,22.709501057656116,0.041596458146132276,,,
1,170,224,267,3,243,246,euclidean_gaussian_ar,224.0,0.1,0.348246686077789,23.269475361760108,1.0000000780779228e-08,,,
1,170,224,267,3,243,246,fixed_bwar,224.0,0.01,0.2968256671075161,13.218039174650874,0.16279604722478416,,,
1,170,224,267,3,243,246,local_bwar,48.0,0.01,0.6034748325930854,36.58088215544451,0.09380219074651971,8.709688984947927e-10,1.0,0.0
1,170,224,267,3,243,246,log_euclidean_gaussian_ar,224.0,0.01,0.37539607385037765,15.255343827610183,0.06658170507171152,,,
1,170,224,267,3,243,246,persistence,,,1.259809288918275,135.33075661686775,0.027006291008976103,,,
1,170,224,267,3,243,246,raw_var_window_ar,72.0,1e-06,0.8607620721018747,142.05977419700667,9.999999984728817e-09,,,
1,170,224,267,3,244,247,cholesky_gaussian_ar,224.0,0.01,0.3999654986547799,18.271116883189364,0.11407957278344313,,,
1,170,224,267,3,244,247,euclidean_gaussian_ar,224.0,0.1,0.4511977717158978,25.39793794598023,1.0000000312139423e-08,,,
1,170,224,267,3,244,247,fixed_bwar,224.0,0.01,0.4252339959144237,19.691927380324127,0.15281039013114722,,,
1,170,224,267,3,244,247,local_bwar,48.0,0.01,0.5906230840161232,35.06095514408944,0.13037839699196271,8.323485887976386e-10,1.0,0.0
1,170,224,267,3,244,247,log_euclidean_gaussian_ar,224.0,0.01,0.4233987247066422,20.270372697814707,0.08893105207419509,,,
1,170,224,267,3,244,247,persistence,,,0.8049353632053099,66.84953158635894,0.049371665918962235,,,
1,170,224,267,3,244,247,raw_var_window_ar,72.0,1e-06,0.7771021970426557,117.15060521939881,9.999999988331182e-09,,,
1,170,224,267,3,245,248,cholesky_gaussian_ar,224.0,0.01,0.4792202968966744,22.59583027378936,0.15206377673018898,,,
1,170,224,267,3,245,248,euclidean_gaussian_ar,224.0,0.1,0.6188748036434338,31.337968111523857,0.19910036793593064,,,
1,170,224,267,3,245,248,fixed_bwar,224.0,0.01,0.5594845665762008,29.026063924358482,0.12952235717606292,,,
1,170,224,267,3,245,248,local_bwar,48.0,0.01,0.5603843560762513,31.454254690104246,0.09217829219748501,8.21848967338148e-10,1.0,0.0
1,170,224,267,3,245,248,log_euclidean_gaussian_ar,224.0,0.01,0.5394564301550604,37.82978998247718,0.09409868347797068,,,
1,170,224,267,3,245,248,persistence,,,0.35942908538502855,23.90475275590505,0.049532498688033444,,,
1,170,224,267,3,245,248,raw_var_window_ar,72.0,1e-06,0.6660968728723269,93.87624195232858,9.999999963944483e-09,,,
1,170,224,267,3,246,249,cholesky_gaussian_ar,224.0,0.01,0.47748806950303935,23.07106530234005,0.08512899365359805,,,
1,170,224,267,3,246,249,euclidean_gaussian_ar,224.0,0.1,0.6485979720958421,32.061646088403755,1.000000083693865e-08,,,
1,170,224,267,3,246,249,fixed_bwar,224.0,0.01,0.42454581461772656,18.275701693386672,0.09808866944939917,,,
1,170,224,267,3,246,249,local_bwar,48.0,0.01,0.45917939155533877,21.107190313467015,0.06238834619546109,7.915324230532879e-10,1.0,0.0
1,170,224,267,3,246,249,log_euclidean_gaussian_ar,224.0,0.01,0.467958519295255,18.659978270573493,0.0654265934433487,,,
1,170,224,267,3,246,249,persistence,,,0.7256415130294593,58.0461976577892,0.030347360356998997,,,
1,170,224,267,3,246,249,raw_var_window_ar,72.0,1e-06,0.6931328424608586,84.05336896483128,9.99999996876592e-09,,,
1,170,224,267,3,247,250,cholesky_gaussian_ar,224.0,0.01,0.356183430993517,18.451695481223435,0.09541664894592902,,,
1,170,224,267,3,247,250,euclidean_gaussian_ar,224.0,0.1,0.48051257223261196,23.27737581688459,9.999997327286914e-09,,,
1,170,224,267,3,247,250,fixed_bwar,224.0,0.01,0.318618002119202,15.114912290922115,0.08579491727643085,,,
1,170,224,267,3,247,250,local_bwar,48.0,0.01,0.19152789345419977,9.820352650740347,0.04654792747394618,7.877196254345386e-10,1.0,0.0
1,170,224,267,3,247,250,log_euclidean_gaussian_ar,224.0,0.01,0.3862183439483071,18.394634412913412,0.05311830311368379,,,
1,170,224,267,3,247,250,persistence,,,0.5703017154277931,34.74955273311851,0.03927848730734144,,,
1,170,224,267,3,247,250,raw_var_window_ar,72.0,1e-06,0.6981511680201674,96.59193323587351,9.999999995742444e-09,,,
1,170,224,267,3,248,251,cholesky_gaussian_ar,224.0,0.01,0.3779560433837267,23.43030658112192,0.12597308986788602,,,
1,170,224,267,3,248,251,euclidean_gaussian_ar,224.0,0.1,0.3633651875823521,19.630990348472185,0.17915804448213035,,,
1,170,224,267,3,248,251,fixed_bwar,224.0,0.01,0.32803358552482315,19.021098930907534,0.10231777589665811,,,
1,170,224,267,3,248,251,local_bwar,48.0,0.01,0.18961629041028866,11.914798233025014,0.09037265430824497,8.002242298790293e-10,1.0,0.0
1,170,224,267,3,248,251,log_euclidean_gaussian_ar,224.0,0.01,0.42463803277303175,26.96220786064507,0.06899360510088991,,,
1,170,224,267,3,248,251,persistence,,,0.19031905108039224,13.432934951781373,0.04888013932993535,,,
1,170,224,267,3,248,251,raw_var_window_ar,72.0,1e-06,0.7215572286899076,114.02550198353278,9.999999862504621e-09,,,
1,170,224,267,3,249,252,cholesky_gaussian_ar,224.0,0.01,0.5666477517736885,33.416882496344584,0.08779855440810515,,,
1,170,224,267,3,249,252,euclidean_gaussian_ar,224.0,0.1,0.5814272137035212,33.47190219705198,0.172303242199265,,,
1,170,224,267,3,249,252,fixed_bwar,224.0,0.01,0.5004974228689937,26.387755763296994,0.10027271922057414,,,
1,170,224,267,3,249,252,local_bwar,48.0,0.01,0.5382895547507884,30.874128494659317,0.07379912256913539,7.736897326248355e-10,1.0,0.0
1,170,224,267,3,249,252,log_euclidean_gaussian_ar,224.0,0.01,0.5918784839678864,40.77129179133643,0.05418013944500173,,,
1,170,224,267,3,249,252,persistence,,,0.7163927660431924,53.831658231494835,0.03104025961064521,,,
1,170,224,267,3,249,252,raw_var_window_ar,72.0,1e-06,0.9042375659626329,135.72976726750656,9.999999898824896e-09,,,
1,170,224,267,3,250,253,cholesky_gaussian_ar,224.0,0.01,0.6440892385647848,42.976269729310516,0.0443535700057952,,,
1,170,224,267,3,250,253,euclidean_gaussian_ar,224.0,0.1,0.5601306113210572,32.44109775530505,0.24020033309938546,,,
1,170,224,267,3,250,253,fixed_bwar,224.0,0.01,0.5533935945552836,31.231579227335985,0.11050492420370468,,,
1,170,224,267,3,250,253,local_bwar,48.0,0.01,0.5502218254930895,29.95871320470262,0.10308631904437911,7.271139755316979e-10,1.0,0.0
1,170,224,267,3,250,253,log_euclidean_gaussian_ar,224.0,0.01,0.6387271052792521,44.768404355598676,0.04808961349382215,,,
1,170,224,267,3,250,253,persistence,,,0.7169191078705986,48.02137180316549,0.03649803054920925,,,
1,170,224,267,3,250,253,raw_var_window_ar,72.0,1e-06,0.9663161127315684,155.4162449933829,9.99999997962702e-09,,,
1,170,224,267,3,251,254,cholesky_gaussian_ar,224.0,0.01,0.6642160482461984,44.88643284283857,0.022447707195204294,,,
1,170,224,267,3,251,254,euclidean_gaussian_ar,224.0,0.1,0.6721255644419377,37.669724686521505,0.24910929161610776,,,
1,170,224,267,3,251,254,fixed_bwar,224.0,0.01,0.5307336699959478,28.603406621452727,0.10932595701712781,,,
1,170,224,267,3,251,254,local_bwar,48.0,0.01,0.5767013510691603,32.37579311534647,0.10706250928924443,6.482790327901598e-10,1.0,0.0
1,170,224,267,3,251,254,log_euclidean_gaussian_ar,224.0,0.01,0.6234728604340096,44.88640286478245,0.061504751217697294,,,
1,170,224,267,3,251,254,persistence,,,0.3305355358047294,15.428394626769634,0.04210654256070883,,,
1,170,224,267,3,251,254,raw_var_window_ar,72.0,1e-06,0.8984494321655228,138.35272086115285,9.999999982151262e-09,,,
1,170,224,267,3,252,255,cholesky_gaussian_ar,224.0,0.01,0.5986575512333769,38.088813828242934,0.03989187871507508,,,
1,170,224,267,3,252,255,euclidean_gaussian_ar,224.0,0.1,0.6668998408594777,33.12701550200946,0.04121565124290046,,,
1,170,224,267,3,252,255,fixed_bwar,224.0,0.01,0.44657423709853017,22.379244695856453,0.060611593257995394,,,
1,170,224,267,3,252,255,local_bwar,48.0,0.01,0.39343091304961225,17.943458957686744,0.07059064231540943,7.946359774128635e-10,1.0,0.0
1,170,224,267,3,252,255,log_euclidean_gaussian_ar,224.0,0.01,0.5445710628324628,31.674575043181015,0.04638806516211669,,,
1,170,224,267,3,252,255,persistence,,,0.4797071416651759,25.617116826267498,0.04213519715097564,,,
1,170,224,267,3,252,255,raw_var_window_ar,72.0,1e-06,0.9624088739545236,125.61152036371693,9.999999912204603e-09,,,
1,170,224,267,3,253,256,cholesky_gaussian_ar,224.0,0.01,0.4219378107768671,19.527309324746334,0.03512145206939171,,,
1,170,224,267,3,253,256,euclidean_gaussian_ar,224.0,0.1,0.5853573257739784,25.82956276679425,0.032362217528828174,,,
1,170,224,267,3,253,256,fixed_bwar,224.0,0.01,0.2937298933918821,11.55001975999378,0.07767560129882645,,,
1,170,224,267,3,253,256,local_bwar,48.0,0.01,0.24513574926126844,12.164525700243555,0.0722543678654876,9.950603123167677e-10,1.0,0.0
1,170,224,267,3,253,256,log_euclidean_gaussian_ar,224.0,0.01,0.43708004745506823,20.914546542535074,0.042321712228842484,,,
1,170,224,267,3,253,256,persistence,,,0.7832989222820927,63.501582839084634,0.04328280081379504,,,
1,170,224,267,3,253,256,raw_var_window_ar,72.0,1e-06,0.9972064344052972,113.04709643386067,9.999999988087268e-09,,,
1,170,224,267,3,254,257,cholesky_gaussian_ar,224.0,0.01,0.38128627147714866,19.539131941787165,0.06720117994664432,,,
1,170,224,267,3,254,257,euclidean_gaussian_ar,224.0,0.1,0.3889140528413416,15.677683404168675,0.0667189708565649,,,
1,170,224,267,3,254,257,fixed_bwar,224.0,0.01,0.2917083197907955,12.455078041020887,0.07784760467744148,,,
1,170,224,267,3,254,257,local_bwar,48.0,0.01,0.24672374401882652,8.75765320638765,0.0705121359936165,4.618431963327881e-11,1.0,0.0
1,170,224,267,3,254,257,log_euclidean_gaussian_ar,224.0,0.01,0.4566723143541865,22.810993496747226,0.03296770966250647,,,
1,170,224,267,3,254,257,persistence,,,0.5847418169397725,36.25167938753444,0.06266135484489746,,,
1,170,224,267,3,254,257,raw_var_window_ar,72.0,1e-06,0.9257127457167859,120.99179745552351,9.999999996024433e-09,,,
1,170,224,267,3,255,258,cholesky_gaussian_ar,224.0,0.01,0.4451800052875271,27.200977408986656,0.05719774826151328,,,
1,170,224,267,3,255,258,euclidean_gaussian_ar,224.0,0.1,0.37399010110165853,17.715258164556467,0.22478256332666144,,,
1,170,224,267,3,255,258,fixed_bwar,224.0,0.01,0.320470163211883,17.257473506099995,0.10752772628436254,,,
1,170,224,267,3,255,258,local_bwar,48.0,0.01,0.21360735068704442,9.495295901219702,0.08526971817636486,4.3002850926373375e-11,1.0,0.0
1,170,224,267,3,255,258,log_euclidean_gaussian_ar,224.0,0.01,0.47949940816033676,36.20478200456482,0.04724653085978457,,,
1,170,224,267,3,255,258,persistence,,,0.20900533119178513,11.586566926792695,0.060734376696955625,,,
1,170,224,267,3,255,258,raw_var_window_ar,72.0,1e-06,0.722293317875828,117.0113230769677,9.999999977236721e-09,,,
1,170,224,267,3,256,259,cholesky_gaussian_ar,224.0,0.01,0.6055207174420058,38.135765330198495,0.0461790366533162,,,
1,170,224,267,3,256,259,euclidean_gaussian_ar,224.0,0.1,0.5209702406242146,28.65945826593036,0.2072389164910617,,,
1,170,224,267,3,256,259,fixed_bwar,224.0,0.01,0.4985907312124685,26.82012899802697,0.11342747609008048,,,
1,170,224,267,3,256,259,local_bwar,48.0,0.01,0.4098955909214696,18.99075024154507,0.10831416169228981,4.291580366357503e-11,1.0,0.0
1,170,224,267,3,256,259,log_euclidean_gaussian_ar,224.0,0.01,0.5963017806781387,41.4153285579415,0.06438900278159412,,,
1,170,224,267,3,256,259,persistence,,,0.7456959652290738,54.86192897651188,0.029844652383867167,,,
1,170,224,267,3,256,259,raw_var_window_ar,72.0,1e-06,0.9169352358296473,141.36280059171887,9.999999985235516e-09,,,
1,170,224,267,3,257,260,cholesky_gaussian_ar,224.0,0.01,0.6543562663172603,44.002774156517475,0.07353996391026722,,,
1,170,224,267,3,257,260,euclidean_gaussian_ar,224.0,0.1,0.6542798246737074,40.667587635750124,0.2291815176644214,,,
1,170,224,267,3,257,260,fixed_bwar,224.0,0.01,0.5496242498747693,31.791567878626093,0.13740210840808023,,,
1,170,224,267,3,257,260,local_bwar,48.0,0.01,0.42297267592221377,19.533368487365877,0.13065759688455567,8.4597210257873e-10,1.0,0.0
1,170,224,267,3,257,260,log_euclidean_gaussian_ar,224.0,0.01,0.6192595244710114,40.68930195057933,0.09169052197462516,,,
1,170,224,267,3,257,260,persistence,,,0.7643926546875784,55.431326168623784,0.02675857845489213,,,
1,170,224,267,3,257,260,raw_var_window_ar,72.0,1e-06,0.9557231174894801,153.3799030026994,9.999999980290518e-09,,,
1,170,224,267,3,258,261,cholesky_gaussian_ar,224.0,0.01,0.6537797028983435,43.80282509358085,0.09937859688994426,,,
1,170,224,267,3,258,261,euclidean_gaussian_ar,224.0,0.1,0.7957451036545483,49.02527221720208,0.23515642200500725,,,
1,170,224,267,3,258,261,fixed_bwar,224.0,0.01,0.57466970238796,34.21722394950803,0.11047953660687286,,,
1,170,224,267,3,258,261,local_bwar,48.0,0.01,0.3882915942463501,18.006440985961223,0.09808298664676082,7.477844010771439e-10,1.0,0.0
1,170,224,267,3,258,261,log_euclidean_gaussian_ar,224.0,0.01,0.6764498547907157,48.79895206779756,0.05749454578205302,,,
1,170,224,267,3,258,261,persistence,,,0.3259794764827565,18.95280214460509,0.037141296500875796,,,
1,170,224,267,3,258,261,raw_var_window_ar,72.0,1e-06,0.9248633674613415,132.9321971357841,9.999999992094723e-09,,,
1,170,224,267,3,259,262,cholesky_gaussian_ar,224.0,0.01,0.5308627966198487,33.32023206489392,0.05731184035202911,,,
1,170,224,267,3,259,262,euclidean_gaussian_ar,224.0,0.1,0.6381282058213644,28.836673073107807,9.99999912719666e-09,,,
1,170,224,267,3,259,262,fixed_bwar,224.0,0.01,0.40800651028127305,20.847670887082813,0.08056573860120761,,,
1,170,224,267,3,259,262,local_bwar,48.0,0.01,0.235194160865296,12.853248017329527,0.06952078423047958,8.065619190903927e-10,1.0,0.0
1,170,224,267,3,259,262,log_euclidean_gaussian_ar,224.0,0.01,0.5614823911012299,40.86411531462505,0.0385355457194071,,,
1,170,224,267,3,259,262,persistence,,,0.4830124665567871,30.026463458034286,0.05354800905402779,,,
1,170,224,267,3,259,262,raw_var_window_ar,72.0,1e-06,0.9883302166147535,137.79226066060872,9.999999893572483e-09,,,
1,170,224,267,3,260,263,cholesky_gaussian_ar,224.0,0.01,0.45121015003915804,20.62584977286173,0.022864797411209795,,,
1,170,224,267,3,260,263,euclidean_gaussian_ar,224.0,0.1,0.8926872785989275,40.780229835129916,1.0000000947058681e-08,,,
1,170,224,267,3,260,263,fixed_bwar,224.0,0.01,0.2814099148495408,12.100657047171865,0.045427251132801154,,,
1,170,224,267,3,260,263,local_bwar,48.0,0.01,0.36353409252771884,15.708686725802169,0.08050010543916732,4.2167036792552787e-11,1.0,0.0
1,170,224,267,3,260,263,log_euclidean_gaussian_ar,224.0,0.01,0.407342150412737,18.23464131964461,0.027586023864816636,,,
1,170,224,267,3,260,263,persistence,,,0.7726304156865154,62.842218096368995,0.05137207979134407,,,
1,170,224,267,3,260,263,raw_var_window_ar,72.0,1e-06,0.6367694088589677,92.8703544812007,9.999999907814663e-09,,,
1,170,224,267,3,261,264,cholesky_gaussian_ar,224.0,0.01,0.45705106329331063,18.557886773708354,0.060554580604528736,,,
1,170,224,267,3,261,264,euclidean_gaussian_ar,224.0,0.1,0.7809351646612416,31.39443924839235,9.999999774293573e-09,,,
1,170,224,267,3,261,264,fixed_bwar,224.0,0.01,0.3394154416659562,12.26794716472851,0.07741197565793115,,,
1,170,224,267,3,261,264,local_bwar,48.0,0.01,0.4803656489107094,20.232446700356512,0.11729010566826997,4.499305731457915e-11,1.0,0.0
1,170,224,267,3,261,264,log_euclidean_gaussian_ar,224.0,0.01,0.4045455536735254,17.722325921996053,0.040225042986707246,,,
1,170,224,267,3,261,264,persistence,,,0.6605324103235413,43.184470280531535,0.06526129592928037,,,
1,170,224,267,3,261,264,raw_var_window_ar,72.0,1e-06,0.3887391361820237,93.29268303039481,9.99999999441247e-09,,,
1,170,224,267,3,262,265,cholesky_gaussian_ar,224.0,0.01,0.9099117008405208,48.306836337124196,0.09777044694281696,,,
1,170,224,267,3,262,265,euclidean_gaussian_ar,224.0,0.1,1.2371906993293975,86.26770905835737,0.28840311369441735,,,
1,170,224,267,3,262,265,fixed_bwar,224.0,0.01,0.8961941332216743,54.855537317898275,0.10019325478601099,,,
1,170,224,267,3,262,265,local_bwar,48.0,0.01,0.7635083465266698,37.20115215095119,0.14235394363906653,9.386947017097751e-10,1.0,0.0
1,170,224,267,3,262,265,log_euclidean_gaussian_ar,224.0,0.01,0.8514545501304148,46.83332823602562,0.05115129370479352,,,
1,170,224,267,3,262,265,persistence,,,0.9883642791927233,64.42293332178387,0.07284730533096838,,,
1,170,224,267,3,262,265,raw_var_window_ar,72.0,1e-06,0.29025704812492903,50.25432981316299,9.999999955094122e-09,,,
1,170,224,267,3,263,266,cholesky_gaussian_ar,224.0,0.01,0.48483789078586276,21.92842686446883,0.113105987087362,,,
1,170,224,267,3,263,266,euclidean_gaussian_ar,224.0,0.1,0.6763505202986333,36.42719890524275,0.23014466933084132,,,
1,170,224,267,3,263,266,fixed_bwar,224.0,0.01,0.557301044560181,27.185363859003388,0.11344603693229306,,,
1,170,224,267,3,263,266,local_bwar,48.0,0.01,0.47201832084614387,22.83392242748109,0.0655885787165668,8.21329134168534e-10,1.0,0.0
1,170,224,267,3,263,266,log_euclidean_gaussian_ar,224.0,0.01,0.5929706385073227,29.104934583155053,0.077568361817445,,,
1,170,224,267,3,263,266,persistence,,,0.6726986075878166,50.759967528648374,0.03231715167812055,,,
1,170,224,267,3,263,266,raw_var_window_ar,72.0,1e-06,0.616133245502735,94.88684420011458,9.99999995248073e-09,,,
1,170,224,267,4,220,224,cholesky_gaussian_ar,224.0,0.01,0.22592870808463805,8.227972093717511,0.1127393047327963,,,
1,170,224,267,4,220,224,euclidean_gaussian_ar,224.0,0.1,0.27987140898148677,13.13423218369493,0.1608416001572589,,,
1,170,224,267,4,220,224,fixed_bwar,224.0,0.01,0.25409090421809705,10.168645227867303,0.1105096381729408,,,
1,170,224,267,4,220,224,local_bwar,48.0,0.01,0.1637780544144153,7.194809536680102,0.11907677449064842,1.1379257337328353e-10,1.0,0.0
1,170,224,267,4,220,224,log_euclidean_gaussian_ar,224.0,0.01,0.2595925186026579,9.994960127891112,0.0935349353738339,,,
1,170,224,267,4,220,224,persistence,,,0.47063819392278,29.166000258195822,0.042736961091727366,,,
1,170,224,267,4,220,224,raw_var_window_ar,72.0,1e-06,0.6399900380765433,101.06557001556952,9.999999999958424e-09,,,
1,170,224,267,4,221,225,cholesky_gaussian_ar,224.0,0.01,0.37998985429774734,12.544574067947602,0.08475449872667065,,,
1,170,224,267,4,221,225,euclidean_gaussian_ar,224.0,0.1,0.38008275648962564,15.078778830945655,0.040435624425562006,,,
1,170,224,267,4,221,225,fixed_bwar,224.0,0.01,0.40804291933668557,13.643982290774161,0.10828420541387751,,,
1,170,224,267,4,221,225,local_bwar,48.0,0.01,0.20971186088775684,8.652310127375275,0.10144785064628344,1.0961141561225875e-10,1.0,0.0
1,170,224,267,4,221,225,log_euclidean_gaussian_ar,224.0,0.01,0.401487338602354,14.546852069523126,0.08486265850172521,,,
1,170,224,267,4,221,225,persistence,,,0.8557602978657642,63.241002921197406,0.034911774369126194,,,
1,170,224,267,4,221,225,raw_var_window_ar,72.0,1e-06,0.4715086809282721,88.94439019279294,9.999999999888698e-09,,,
1,170,224,267,4,222,226,cholesky_gaussian_ar,224.0,0.01,0.4926232701987955,17.50004535602817,0.07931316702836541,,,
1,170,224,267,4,222,226,euclidean_gaussian_ar,224.0,0.1,0.4430838291736029,18.013558244573225,0.055991060697182495,,,
1,170,224,267,4,222,226,fixed_bwar,224.0,0.01,0.5287772259091966,19.91242000404818,0.10834762549489298,,,
1,170,224,267,4,222,226,local_bwar,48.0,0.01,0.35982723806365513,11.517039857577274,0.11777640704031042,1.0702956240852152e-10,1.0,0.0
1,170,224,267,4,222,226,log_euclidean_gaussian_ar,224.0,0.01,0.47951706813085576,19.290311465077615,0.07089298907567142,,,
1,170,224,267,4,222,226,persistence,,,0.7471746334905027,51.02129194931403,0.03328484022159631,,,
1,170,224,267,4,222,226,raw_var_window_ar,72.0,1e-06,0.3693287648513804,73.013635260347,9.999999999904118e-09,,,
1,170,224,267,4,223,227,cholesky_gaussian_ar,224.0,0.01,0.5765845406820065,26.467696265415668,0.08132953375293862,,,
1,170,224,267,4,223,227,euclidean_gaussian_ar,224.0,0.1,0.4688738343825478,21.726842095465656,0.22100200894440544,,,
1,170,224,267,4,223,227,fixed_bwar,224.0,0.01,0.5959418257955739,26.563005074442337,0.09556257732491406,,,
1,170,224,267,4,223,227,local_bwar,48.0,0.01,0.530672276551643,23.521029487247624,0.08196068741928014,1.0344362860095621e-10,1.0,0.0
1,170,224,267,4,223,227,log_euclidean_gaussian_ar,224.0,0.01,0.46549020271931474,23.996820129762895,0.0625317306380481,,,
1,170,224,267,4,223,227,persistence,,,0.5002959918898912,28.5185089494824,0.057994038866868866,,,
1,170,224,267,4,223,227,raw_var_window_ar,72.0,1e-06,0.24930627487938484,49.924757339240465,9.999999999652331e-09,,,
1,170,224,267,4,224,228,cholesky_gaussian_ar,224.0,0.01,0.28659019223485366,13.023985964766354,0.07765687411878537,,,
1,170,224,267,4,224,228,euclidean_gaussian_ar,224.0,0.1,0.3464005192189706,21.0976441807109,1.0000001012272514e-08,,,
1,170,224,267,4,224,228,fixed_bwar,224.0,0.01,0.19235124084088814,10.326303995677499,0.07004779379348802,,,
1,170,224,267,4,224,228,local_bwar,48.0,0.01,0.312302109310272,15.691792111846334,0.0738748580556619,1.0313769375047309e-10,1.0,0.0
1,170,224,267,4,224,228,log_euclidean_gaussian_ar,224.0,0.01,0.21783492176963393,8.38660369870449,0.04649007052248613,,,
1,170,224,267,4,224,228,persistence,,,0.5135741477647762,32.76766439450886,0.055045118406649086,,,
1,170,224,267,4,224,228,raw_var_window_ar,72.0,1e-06,0.4671378786447713,58.34886912956731,9.999999999151693e-09,,,
1,170,224,267,4,225,229,cholesky_gaussian_ar,224.0,0.01,0.22187319313368234,7.9854931573276104,0.06707361894235404,,,
1,170,224,267,4,225,229,euclidean_gaussian_ar,224.0,0.1,0.2325681815875812,13.254778580329441,1.0000001074651865e-08,,,
1,170,224,267,4,225,229,fixed_bwar,224.0,0.01,0.1593054701440333,7.342235665868163,0.06705126572423072,,,
1,170,224,267,4,225,229,local_bwar,48.0,0.01,0.37969899770402216,15.525842988073094,0.1192502364502122,1.0286809378378291e-10,1.0,0.0
1,170,224,267,4,225,229,log_euclidean_gaussian_ar,224.0,0.01,0.18743155730034697,7.56382121045454,0.04378446722846231,,,
1,170,224,267,4,225,229,persistence,,,0.44269490112271104,25.166146442974703,0.033982016676451135,,,
1,170,224,267,4,225,229,raw_var_window_ar,72.0,1e-06,0.42566060715691995,60.28937456463274,9.999999999811231e-09,,,
1,170,224,267,4,226,230,cholesky_gaussian_ar,224.0,0.01,0.17132393728006445,7.417036462322733,0.07196803404613744,,,
1,170,224,267,4,226,230,euclidean_gaussian_ar,224.0,0.1,0.15890454958342454,8.55834526659906,9.999999500961477e-09,,,
1,170,224,267,4,226,230,fixed_bwar,224.0,0.01,0.14429307908135733,6.370545543898817,0.07942782848526755,,,
1,170,224,267,4,226,230,local_bwar,48.0,0.01,0.26626925279788394,10.502360008195904,0.12698926041634992,1.064090545511832e-10,1.0,0.0
1,170,224,267,4,226,230,log_euclidean_gaussian_ar,224.0,0.01,0.18718237785317035,9.458289161757104,0.05725950177055599,,,
1,170,224,267,4,226,230,persistence,,,0.24379320497483956,12.980836821945271,0.0480599362194913,,,
1,170,224,267,4,226,230,raw_var_window_ar,72.0,1e-06,0.39652370237869516,68.80897682518892,9.999999999829867e-09,,,
1,170,224,267,4,227,231,cholesky_gaussian_ar,224.0,0.01,0.18809154981943485,8.385702892599316,0.10109979885106206,,,
1,170,224,267,4,227,231,euclidean_gaussian_ar,224.0,0.1,0.39426719217738543,12.72749334667129,0.19371884022699978,,,
1,170,224,267,4,227,231,fixed_bwar,224.0,0.01,0.18495005148692287,7.9483865670427205,0.11609431784021432,,,
1,170,224,267,4,227,231,local_bwar,48.0,0.01,0.43541980825421905,19.805185293617768,0.08474694705353442,1.0631821645568128e-10,1.0,0.0
1,170,224,267,4,227,231,log_euclidean_gaussian_ar,224.0,0.01,0.22127802914563088,10.605103819228903,0.08112934923572834,,,
1,170,224,267,4,227,231,persistence,,,0.3011296392988477,15.47138630783424,0.040532793409307225,,,
1,170,224,267,4,227,231,raw_var_window_ar,72.0,1e-06,0.43591059850478864,73.76378760927324,9.999999999960982e-09,,,
1,170,224,267,4,228,232,cholesky_gaussian_ar,224.0,0.01,0.1919884383052495,8.755791907361196,0.1412580804560674,,,
1,170,224,267,4,228,232,euclidean_gaussian_ar,224.0,0.1,0.27650560099941196,10.10995785552771,0.23429602563149934,,,
1,170,224,267,4,228,232,fixed_bwar,224.0,0.01,0.19275895398031898,8.067434622391108,0.1424377075460009,,,
1,170,224,267,4,228,232,local_bwar,48.0,0.01,0.23476856403214078,11.006952476959135,0.1406441750938403,1.1040051694190929e-10,1.0,0.0
1,170,224,267,4,228,232,log_euclidean_gaussian_ar,224.0,0.01,0.19297057659073172,8.895682646378239,0.09398753688429617,,,
1,170,224,267,4,228,232,persistence,,,0.4006588447024646,21.27339920212338,0.02795272703189784,,,
1,170,224,267,4,228,232,raw_var_window_ar,72.0,1e-06,0.4939355827942822,76.58708444295901,9.999999997533566e-09,,,
1,170,224,267,4,229,233,cholesky_gaussian_ar,224.0,0.01,0.2456297941465761,10.117823213175178,0.0686991452810761,,,
1,170,224,267,4,229,233,euclidean_gaussian_ar,224.0,0.1,0.2191559626295137,9.322122023800597,0.23539185331802576,,,
1,170,224,267,4,229,233,fixed_bwar,224.0,0.01,0.2070474520600911,7.673529211964247,0.12670542092669185,,,
1,170,224,267,4,229,233,local_bwar,48.0,0.01,0.28936848623045147,13.07522524229665,0.11848887209389261,1.0944881147254035e-10,1.0,0.0
1,170,224,267,4,229,233,log_euclidean_gaussian_ar,224.0,0.01,0.2417402233974014,12.694133171553455,0.06431518240189678,,,
1,170,224,267,4,229,233,persistence,,,0.3198078488153509,14.364469776573143,0.014622172262076329,,,
1,170,224,267,4,229,233,raw_var_window_ar,72.0,1e-06,0.5410304193249091,79.77018489332201,9.999999999059923e-09,,,
1,170,224,267,4,230,234,cholesky_gaussian_ar,224.0,0.01,0.3370370916926346,15.285047245043657,0.09494648683442096,,,
1,170,224,267,4,230,234,euclidean_gaussian_ar,224.0,0.1,0.2654738155022955,11.221121527726746,0.22266740941286334,,,
1,170,224,267,4,230,234,fixed_bwar,224.0,0.01,0.3564450444011891,13.7440042337198,0.11514209472723423,,,
1,170,224,267,4,230,234,local_bwar,48.0,0.01,0.24105858373096517,9.193645263297135,0.10408721641543733,1.107483081651525e-10,1.0,0.0
1,170,224,267,4,230,234,log_euclidean_gaussian_ar,224.0,0.01,0.45089537977593064,25.978053602519537,0.07818233726415062,,,
1,170,224,267,4,230,234,persistence,,,0.3881522346456927,18.24466745004066,0.03482255696480181,,,
1,170,224,267,4,230,234,raw_var_window_ar,72.0,1e-06,0.7507283428514413,108.55860639189967,9.9999999985361e-09,,,
1,170,224,267,4,231,235,cholesky_gaussian_ar,224.0,0.01,0.4675211047746461,20.014077922880944,0.052709581955768435,,,
1,170,224,267,4,231,235,euclidean_gaussian_ar,224.0,0.1,0.375253837968699,15.743298336292241,0.178541858984852,,,
1,170,224,267,4,231,235,fixed_bwar,224.0,0.01,0.5202854348263627,20.939785992415274,0.10107353539422304,,,
1,170,224,267,4,231,235,local_bwar,48.0,0.01,0.28014132537505604,9.98834260761025,0.06533681974044356,6.749373691430928e-11,1.0,0.0
1,170,224,267,4,231,235,log_euclidean_gaussian_ar,224.0,0.01,0.5971555355358091,30.254498469793333,0.06551839308413723,,,
1,170,224,267,4,231,235,persistence,,,0.6426447676887759,36.77370900392988,0.03756632539683551,,,
1,170,224,267,4,231,235,raw_var_window_ar,72.0,1e-06,0.8759118708789368,113.69994809630371,9.999999999008153e-09,,,
1,170,224,267,4,232,236,cholesky_gaussian_ar,224.0,0.01,0.4255390026968456,19.982591291065756,0.06324158544497505,,,
1,170,224,267,4,232,236,euclidean_gaussian_ar,224.0,0.1,0.2622305897362908,11.536113012801177,0.1827593381528402,,,
1,170,224,267,4,232,236,fixed_bwar,224.0,0.01,0.37693227291832815,15.844989393410582,0.1117551107243065,,,
1,170,224,267,4,232,236,local_bwar,48.0,0.01,0.2658599569357803,11.61475513982365,0.09143801673478451,8.971006627263896e-10,1.0,0.0
1,170,224,267,4,232,236,log_euclidean_gaussian_ar,224.0,0.01,0.4508274018411569,26.048846566604684,0.0735277373334308,,,
1,170,224,267,4,232,236,persistence,,,0.47952776270268616,28.85076885921758,0.030511289456567028,,,
1,170,224,267,4,232,236,raw_var_window_ar,72.0,1e-06,0.7430610688328179,108.67095898714247,9.999999999233736e-09,,,
1,170,224,267,4,233,237,cholesky_gaussian_ar,224.0,0.01,0.17615752457124584,8.664471673975662,0.07810036271147441,,,
1,170,224,267,4,233,237,euclidean_gaussian_ar,224.0,0.1,0.22759022477420585,9.345803105012369,0.21389291208598063,,,
1,170,224,267,4,233,237,fixed_bwar,224.0,0.01,0.16658446623385542,7.19115089800922,0.12193609166167092,,,
1,170,224,267,4,233,237,local_bwar,48.0,0.01,0.19962338313707492,8.204837434895229,0.11765830681151405,6.036738771358502e-10,1.0,0.0
1,170,224,267,4,233,237,log_euclidean_gaussian_ar,224.0,0.01,0.1845807826952106,12.335178760776898,0.087402059763312,,,
1,170,224,267,4,233,237,persistence,,,0.2169859538732019,12.197607920467108,0.03325541968921727,,,
1,170,224,267,4,233,237,raw_var_window_ar,72.0,1e-06,0.4463235253994412,82.56757519647809,9.9999999993673e-09,,,
1,170,224,267,4,234,238,cholesky_gaussian_ar,224.0,0.01,0.2539625949649499,10.994192304746703,0.13421414540928886,,,
1,170,224,267,4,234,238,euclidean_gaussian_ar,224.0,0.1,0.4374370670860258,20.5462314382434,0.27360606211700145,,,
1,170,224,267,4,234,238,fixed_bwar,224.0,0.01,0.3435222344293851,14.244944016057833,0.16362143083755143,,,
1,170,224,267,4,234,238,local_bwar,48.0,0.01,0.22535270866949017,9.784538254831245,0.1090410036461367,4.814975875371643e-10,1.0,0.0
1,170,224,267,4,234,238,log_euclidean_gaussian_ar,224.0,0.01,0.353804492323465,14.846719550267789,0.11374033506509314,,,
1,170,224,267,4,234,238,persistence,,,0.6416850217641642,43.52785963341785,0.03947710705442082,,,
1,170,224,267,4,234,238,raw_var_window_ar,72.0,1e-06,0.4996672580505772,90.30357902700668,9.99999999988892e-09,,,
1,170,224,267,4,235,239,cholesky_gaussian_ar,224.0,0.01,0.21821972160769623,9.645858106613456,0.21594068841592257,,,
1,170,224,267,4,235,239,euclidean_gaussian_ar,224.0,0.1,0.3270731751466998,15.84587607202456,0.2904167537207051,,,
1,170,224,267,4,235,239,fixed_bwar,224.0,0.01,0.3043053356333181,12.885619845336839,0.1689020711557126,,,
1,170,224,267,4,235,239,local_bwar,48.0,0.01,0.22410175476097785,10.147847926969892,0.11890386913092761,4.95271465943576e-10,1.0,0.0
1,170,224,267,4,235,239,log_euclidean_gaussian_ar,224.0,0.01,0.2624646879473772,10.25566457975696,0.1486075195167066,,,
1,170,224,267,4,235,239,persistence,,,0.7954248637242726,59.248474416004086,0.03759778266026028,,,
1,170,224,267,4,235,239,raw_var_window_ar,72.0,1e-06,0.5733820712687907,103.88847285813537,9.999999999519297e-09,,,
1,170,224,267,4,236,240,cholesky_gaussian_ar,224.0,0.01,0.2457618149559264,10.500399566153172,0.18440866963267252,,,
1,170,224,267,4,236,240,euclidean_gaussian_ar,224.0,0.1,0.28880002612463207,13.8467227150159,0.26521404351065014,,,
1,170,224,267,4,236,240,fixed_bwar,224.0,0.01,0.30633057310566936,12.712224076611669,0.1676765131074526,,,
1,170,224,267,4,236,240,local_bwar,48.0,0.01,0.3662737225028153,16.457008612414377,0.09322108808155033,5.374929112250832e-10,1.0,0.0
1,170,224,267,4,236,240,log_euclidean_gaussian_ar,224.0,0.01,0.2913628725241319,12.154869016455159,0.12029135672475873,,,
1,170,224,267,4,236,240,persistence,,,0.5535083778685569,36.02194087910338,0.03369965470600946,,,
1,170,224,267,4,236,240,raw_var_window_ar,72.0,1e-06,0.5785865880924719,96.36534612209469,9.999999999921916e-09,,,
1,170,224,267,4,237,241,cholesky_gaussian_ar,224.0,0.01,0.25088792699552886,12.594098849627196,0.11447977839662718,,,
1,170,224,267,4,237,241,euclidean_gaussian_ar,224.0,0.1,0.2300382926020828,10.395938819554333,0.21093193751043485,,,
1,170,224,267,4,237,241,fixed_bwar,224.0,0.01,0.29072448977468507,12.209380563630472,0.1076728730970961,,,
1,170,224,267,4,237,241,local_bwar,48.0,0.01,0.2842520395356862,14.273289104460993,0.047808792889162725,5.49318038955511e-10,1.0,0.0
1,170,224,267,4,237,241,log_euclidean_gaussian_ar,224.0,0.01,0.3067890055372909,15.691527702687829,0.0816485575661509,,,
1,170,224,267,4,237,241,persistence,,,0.4250967678525535,21.249022433465402,0.04590815177754432,,,
1,170,224,267,4,237,241,raw_var_window_ar,72.0,1e-06,0.7642765418619749,118.25508148453558,9.999999999299633e-09,,,
1,170,224,267,4,238,242,cholesky_gaussian_ar,224.0,0.01,0.5822864877671947,31.902828603948763,0.06000469594645022,,,
1,170,224,267,4,238,242,euclidean_gaussian_ar,224.0,0.1,0.439230294112058,22.246954574828884,0.15114020619528096,,,
1,170,224,267,4,238,242,fixed_bwar,224.0,0.01,0.5420328585883712,24.858754037487024,0.07893326116708098,,,
1,170,224,267,4,238,242,local_bwar,48.0,0.01,0.44013556370042584,19.061897340710072,0.02939030258719278,5.965624315113499e-10,1.0,0.0
1,170,224,267,4,238,242,log_euclidean_gaussian_ar,224.0,0.01,0.5515522111588715,31.63141496202684,0.048724827619734894,,,
1,170,224,267,4,238,242,persistence,,,0.9980984124087033,88.96561899724998,0.04548151533717569,,,
1,170,224,267,4,238,242,raw_var_window_ar,72.0,1e-06,1.0627737845259118,155.31507311636153,9.9999999998532e-09,,,
1,170,224,267,4,239,243,cholesky_gaussian_ar,224.0,0.01,0.7204668778415539,42.86272953512785,0.05629851467478772,,,
1,170,224,267,4,239,243,euclidean_gaussian_ar,224.0,0.1,0.5883029857091735,32.40040163497435,0.14570997671174646,,,
1,170,224,267,4,239,243,fixed_bwar,224.0,0.01,0.7139953361988955,37.69184872363075,0.08033870417460784,,,
1,170,224,267,4,239,243,local_bwar,48.0,0.01,0.7023458631258913,39.107120528249595,0.08933544782990582,6.872107103968496e-10,1.0,0.0
1,170,224,267,4,239,243,log_euclidean_gaussian_ar,224.0,0.01,0.7014862155216804,41.78005895567967,0.05103085197050458,,,
1,170,224,267,4,239,243,persistence,,,1.2235277413305037,117.48582249414122,0.02312652412910367,,,
1,170,224,267,4,239,243,raw_var_window_ar,72.0,1e-06,1.3051898559428172,184.44963501048903,9.999999999250048e-09,,,
1,170,224,267,4,240,244,cholesky_gaussian_ar,224.0,0.01,0.5492599417593694,40.800198804775846,0.07804602009620328,,,
1,170,224,267,4,240,244,euclidean_gaussian_ar,224.0,0.1,0.34737368130601753,18.705280920126203,0.18854812383667155,,,
1,170,224,267,4,240,244,fixed_bwar,224.0,0.01,0.33701950064870373,18.752211713779502,0.11244950609183182,,,
1,170,224,267,4,240,244,local_bwar,48.0,0.01,0.5238504229702551,33.575013704503036,0.10703133160577818,7.048620126013557e-10,1.0,0.0
1,170,224,267,4,240,244,log_euclidean_gaussian_ar,224.0,0.01,0.42539987713846006,23.034063145779786,0.08847338688665628,,,
1,170,224,267,4,240,244,persistence,,,0.707133421430491,54.733553136025535,0.030209295526772612,,,
1,170,224,267,4,240,244,raw_var_window_ar,72.0,1e-06,0.9936965194622368,175.08907606768958,9.999999999586974e-09,,,
1,170,224,267,4,241,245,cholesky_gaussian_ar,224.0,0.01,0.3423726814478725,26.96723618624638,0.06590926614511931,,,
1,170,224,267,4,241,245,euclidean_gaussian_ar,224.0,0.1,0.354422342856714,23.02359166095517,0.16031201639272127,,,
1,170,224,267,4,241,245,fixed_bwar,224.0,0.01,0.24553384226938402,17.115207928109943,0.14731765172992803,,,
1,170,224,267,4,241,245,local_bwar,48.0,0.01,0.30273222628195356,18.47382157715052,0.12618957700214056,7.01855277196794e-10,1.0,0.0
1,170,224,267,4,241,245,log_euclidean_gaussian_ar,224.0,0.01,0.2672041195651335,19.43841291578258,0.12738270894787557,,,
1,170,224,267,4,241,245,persistence,,,0.3337875814446322,22.991496647413108,0.029272035076379054,,,
1,170,224,267,4,241,245,raw_var_window_ar,72.0,1e-06,0.7945301769387997,156.98895001850195,9.999999999865348e-09,,,
1,170,224,267,4,242,246,cholesky_gaussian_ar,224.0,0.01,0.5191015690758566,32.631021519138834,0.012854090450983994,,,
1,170,224,267,4,242,246,euclidean_gaussian_ar,224.0,0.1,0.4818322276854255,28.39553282127052,0.12898163091539563,,,
1,170,224,267,4,242,246,fixed_bwar,224.0,0.01,0.4201010683318913,22.06197168340899,0.15804278427363191,,,
1,170,224,267,4,242,246,local_bwar,48.0,0.01,0.30587110486364744,14.190014042211562,0.0852756730981272,7.427804596105751e-10,1.0,0.0
1,170,224,267,4,242,246,log_euclidean_gaussian_ar,224.0,0.01,0.3963198335445475,20.085553024489315,0.06572960975342398,,,
1,170,224,267,4,242,246,persistence,,,1.0093602581728516,102.8154014399103,0.036403726459588746,,,
1,170,224,267,4,242,246,raw_var_window_ar,72.0,1e-06,0.8289340538674396,147.5255170383978,9.999999999988494e-09,,,
1,170,224,267,4,243,247,cholesky_gaussian_ar,224.0,0.01,0.36086105466518736,18.251305515437824,0.028586517307867487,,,
1,170,224,267,4,243,247,euclidean_gaussian_ar,224.0,0.1,0.3905823126486306,21.226639214003157,0.12103401744198033,,,
1,170,224,267,4,243,247,fixed_bwar,224.0,0.01,0.3222674032547673,14.822817115421767,0.15985640374244584,,,
1,170,224,267,4,243,247,local_bwar,48.0,0.01,0.37468018663799696,16.055283792987726,0.13704647681546184,8.709688984947927e-10,1.0,0.0
1,170,224,267,4,243,247,log_euclidean_gaussian_ar,224.0,0.01,0.33569518903013007,17.059900259119722,0.048771111485207255,,,
1,170,224,267,4,243,247,persistence,,,1.227701867208375,123.5350193129772,0.027006291008976103,,,
1,170,224,267,4,243,247,raw_var_window_ar,72.0,1e-06,0.7242586200387509,123.62413513502848,9.999999999894229e-09,,,
1,170,224,267,4,244,248,cholesky_gaussian_ar,224.0,0.01,0.45110150344054417,20.01981932745264,0.1064419498539788,,,
1,170,224,267,4,244,248,euclidean_gaussian_ar,224.0,0.1,0.5849256572182411,29.834428379856575,0.16716605567041307,,,
1,170,224,267,4,244,248,fixed_bwar,224.0,0.01,0.4194794467805693,19.408853656050926,0.12879784355855822,,,
1,170,224,267,4,244,248,local_bwar,48.0,0.01,0.4546260997891078,22.41075984171427,0.128722982090725,8.323485887976386e-10,1.0,0.0
1,170,224,267,4,244,248,log_euclidean_gaussian_ar,224.0,0.01,0.4197600297825772,23.35662279997804,0.09890324711646013,,,
1,170,224,267,4,244,248,persistence,,,0.6308302211835878,44.52830376099758,0.049371665918962235,,,
1,170,224,267,4,244,248,raw_var_window_ar,72.0,1e-06,0.6085867649913593,100.1321894713487,9.999999998861611e-09,,,
1,170,224,267,4,245,249,cholesky_gaussian_ar,224.0,0.01,0.46351842552815703,24.23408866623336,0.11798123822927309,,,
1,170,224,267,4,245,249,euclidean_gaussian_ar,224.0,0.1,0.6226785296591816,29.309405818226764,0.032637532049351936,,,
1,170,224,267,4,245,249,fixed_bwar,224.0,0.01,0.4655039274725456,20.89790609320047,0.11234275377502442,,,
1,170,224,267,4,245,249,local_bwar,48.0,0.01,0.4822715919727457,22.994421249218775,0.07504969449018768,8.21848967338148e-10,1.0,0.0
1,170,224,267,4,245,249,log_euclidean_gaussian_ar,224.0,0.01,0.4093683249108432,26.66645609806383,0.09801526201851636,,,
1,170,224,267,4,245,249,persistence,,,0.5026871810142428,39.35107762621339,0.049532498688033444,,,
1,170,224,267,4,245,249,raw_var_window_ar,72.0,1e-06,0.6389730477087396,89.44388121439744,9.99999999979388e-09,,,
1,170,224,267,4,246,250,cholesky_gaussian_ar,224.0,0.01,0.4350852806068007,25.21864283105962,0.09625743335807135,,,
1,170,224,267,4,246,250,euclidean_gaussian_ar,224.0,0.1,0.6022762182153601,31.3010038464339,1.0000001510791588e-08,,,
1,170,224,267,4,246,250,fixed_bwar,224.0,0.01,0.3292809708711027,14.908956717376896,0.09583590685799734,,,
1,170,224,267,4,246,250,local_bwar,48.0,0.01,0.48925706087613025,27.4167743162532,0.061243668806210474,7.915324230532879e-10,1.0,0.0
1,170,224,267,4,246,250,log_euclidean_gaussian_ar,224.0,0.01,0.34494139644970084,22.90651984061521,0.07642979513521427,,,
1,170,224,267,4,246,250,persistence,,,0.6676536251078096,45.36115424305131,0.030347360356998997,,,
1,170,224,267,4,246,250,raw_var_window_ar,72.0,1e-06,0.6529606734469272,101.67246992760566,9.99999999963119e-09,,,
1,170,224,267,4,247,251,cholesky_gaussian_ar,224.0,0.01,0.4759802862873853,30.91965265311793,0.10090254246681638,,,
1,170,224,267,4,247,251,euclidean_gaussian_ar,224.0,0.1,0.5900342643925621,36.459868636874035,9.99999712735442e-09,,,
1,170,224,267,4,247,251,fixed_bwar,224.0,0.01,0.4070196500629416,24.54740629999545,0.10300556913947277,,,
1,170,224,267,4,247,251,local_bwar,48.0,0.01,0.3016188147512075,17.620340453341893,0.05595303381422557,7.877196254345386e-10,1.0,0.0
1,170,224,267,4,247,251,log_euclidean_gaussian_ar,224.0,0.01,0.44974249097888414,29.343501905102197,0.08128108320381508,,,
1,170,224,267,4,247,251,persistence,,,0.28203744885772963,16.639430483314573,0.03927848730734144,,,
1,170,224,267,4,247,251,raw_var_window_ar,72.0,1e-06,0.6442627103318632,124.12297613339945,9.999999999428655e-09,,,
1,170,224,267,4,248,252,cholesky_gaussian_ar,224.0,0.01,0.6498731436817369,43.73365593929032,0.09174714213410529,,,
1,170,224,267,4,248,252,euclidean_gaussian_ar,224.0,0.1,0.6103178894094592,38.09331421527243,0.2078544859599784,,,
1,170,224,267,4,248,252,fixed_bwar,224.0,0.01,0.589758462948091,36.716041484275465,0.11393210106768459,,,
1,170,224,267,4,248,252,local_bwar,48.0,0.01,0.4142798667125777,19.968494837987468,0.10270729732278494,8.002242298790293e-10,1.0,0.0
1,170,224,267,4,248,252,log_euclidean_gaussian_ar,224.0,0.01,0.6628376552063546,46.933480183141526,0.0770132353187407,,,
1,170,224,267,4,248,252,persistence,,,0.4408531492353509,25.99922182217396,0.04888013932993535,,,
1,170,224,267,4,248,252,raw_var_window_ar,72.0,1e-06,0.8323258841018922,145.50517172381214,9.999999999299827e-09,,,
1,170,224,267,4,249,253,cholesky_gaussian_ar,224.0,0.01,0.6102184460589857,36.48021388325453,0.1039113877169209,,,
1,170,224,267,4,249,253,euclidean_gaussian_ar,224.0,0.1,0.5514707341237691,30.769557234668518,0.24125083668024336,,,
1,170,224,267,4,249,253,fixed_bwar,224.0,0.01,0.579105074779552,33.15180577686689,0.121278694369581,,,
1,170,224,267,4,249,253,local_bwar,48.0,0.01,0.5108890673083114,27.298130553993207,0.08098340191623567,7.736897326248355e-10,1.0,0.0
1,170,224,267,4,249,253,log_euclidean_gaussian_ar,224.0,0.01,0.6659312164512591,50.25369854202022,0.06284112669752558,,,
1,170,224,267,4,249,253,persistence,,,0.7808582064487322,62.20687535827342,0.03104025961064521,,,
1,170,224,267,4,249,253,raw_var_window_ar,72.0,1e-06,0.9235027711983109,160.99632516714507,9.999999999403783e-09,,,
1,170,224,267,4,250,254,cholesky_gaussian_ar,224.0,0.01,0.5823178170701048,33.34785288639056,0.052724940879295246,,,
1,170,224,267,4,250,254,euclidean_gaussian_ar,224.0,0.1,0.4633756302332998,23.95850715341329,0.24886330452845695,,,
1,170,224,267,4,250,254,fixed_bwar,224.0,0.01,0.5151112581244398,26.22111838915818,0.11802852914136455,,,
1,170,224,267,4,250,254,local_bwar,48.0,0.01,0.48037757008746623,22.809682952638433,0.11220587997706116,7.271139755316979e-10,1.0,0.0
1,170,224,267,4,250,254,log_euclidean_gaussian_ar,224.0,0.01,0.6250679456004904,45.14047300574166,0.05329038261023367,,,
1,170,224,267,4,250,254,persistence,,,0.5980245695774685,33.12434558795463,0.03649803054920925,,,
1,170,224,267,4,250,254,raw_var_window_ar,72.0,1e-06,0.8794237201077826,143.17949327480227,9.99999999979691e-09,,,
1,170,224,267,4,251,255,cholesky_gaussian_ar,224.0,0.01,0.5758882655067379,31.770472418755446,0.04763070771813734,,,
1,170,224,267,4,251,255,euclidean_gaussian_ar,224.0,0.1,0.4980735361843404,22.849612106202088,0.21198958424603642,,,
1,170,224,267,4,251,255,fixed_bwar,224.0,0.01,0.4420266891192608,18.06748333539132,0.10725789043532737,,,
1,170,224,267,4,251,255,local_bwar,48.0,0.01,0.4422308387166246,19.867542060263453,0.08111710978606171,6.482790327901598e-10,1.0,0.0
1,170,224,267,4,251,255,log_euclidean_gaussian_ar,224.0,0.01,0.5767333003229838,37.95669552578818,0.05775577929811773,,,
1,170,224,267,4,251,255,persistence,,,0.3202814929538738,12.94741606055197,0.04210654256070883,,,
1,170,224,267,4,251,255,raw_var_window_ar,72.0,1e-06,0.8853345236764006,131.97832870327937,9.999999999987702e-09,,,
1,170,224,267,4,252,256,cholesky_gaussian_ar,224.0,0.01,0.4635838032808555,17.921137735307028,0.03720700074809242,,,
1,170,224,267,4,252,256,euclidean_gaussian_ar,224.0,0.1,0.4744816401430126,20.295348711639264,0.09625676410168765,,,
1,170,224,267,4,252,256,fixed_bwar,224.0,0.01,0.38924780394700004,12.300221439320428,0.045057180052324425,,,
1,170,224,267,4,252,256,local_bwar,48.0,0.01,0.29346728380680936,10.623906364905057,0.057011479682805864,7.946359774128635e-10,1.0,0.0
1,170,224,267,4,252,256,log_euclidean_gaussian_ar,224.0,0.01,0.5038112866371447,19.575318831471414,0.04113385474333554,,,
1,170,224,267,4,252,256,persistence,,,0.749526292746478,57.144569120198156,0.04213519715097564,,,
1,170,224,267,4,252,256,raw_var_window_ar,72.0,1e-06,0.953617693125083,117.16742767277731,9.999999999488503e-09,,,
1,170,224,267,4,253,257,cholesky_gaussian_ar,224.0,0.01,0.4403107993633078,20.130246444810567,0.036467295474754594,,,
1,170,224,267,4,253,257,euclidean_gaussian_ar,224.0,0.1,0.5854882603598527,26.305494543181794,0.017031806323543234,,,
1,170,224,267,4,253,257,fixed_bwar,224.0,0.01,0.32412176991288016,12.320146391644164,0.06751498513286143,,,
1,170,224,267,4,253,257,local_bwar,48.0,0.01,0.23105629087588364,10.046320751769484,0.07864963798887784,9.950603123167677e-10,1.0,0.0
1,170,224,267,4,253,257,log_euclidean_gaussian_ar,224.0,0.01,0.48486696104303595,27.42787799457557,0.05413341558637168,,,
1,170,224,267,4,253,257,persistence,,,0.7188151280069934,52.27157217117483,0.04328280081379504,,,
1,170,224,267,4,253,257,raw_var_window_ar,72.0,1e-06,0.914085910439213,123.03183322003719,9.999999999732516e-09,,,
1,170,224,267,4,254,258,cholesky_gaussian_ar,224.0,0.01,0.49560741861390034,30.13532117843868,0.07778716179765179,,,
1,170,224,267,4,254,258,euclidean_gaussian_ar,224.0,0.1,0.5915948534886657,31.45593567997458,0.12763090523115952,,,
1,170,224,267,4,254,258,fixed_bwar,224.0,0.01,0.4099315850897007,22.645512198214796,0.09525694995995493,,,
1,170,224,267,4,254,258,local_bwar,48.0,0.01,0.2352543752802284,10.941879278740643,0.09048557450397703,4.618431963327881e-11,1.0,0.0
1,170,224,267,4,254,258,log_euclidean_gaussian_ar,224.0,0.01,0.5669584787961605,37.90873318624472,0.056618092884419956,,,
1,170,224,267,4,254,258,persistence,,,0.2586419319634243,15.752177253573283,0.06266135484489746,,,
1,170,224,267,4,254,258,raw_var_window_ar,72.0,1e-06,0.7965579891152599,135.569383744303,9.999999999992392e-09,,,
1,170,224,267,4,255,259,cholesky_gaussian_ar,224.0,0.01,0.5890485004239765,36.54042742230518,0.09927986156473009,,,
1,170,224,267,4,255,259,euclidean_gaussian_ar,224.0,0.1,0.6672303805106334,42.40527607543804,0.22018875569548155,,,
1,170,224,267,4,255,259,fixed_bwar,224.0,0.01,0.5367571612396276,31.64679943772943,0.14311209147217605,,,
1,170,224,267,4,255,259,local_bwar,48.0,0.01,0.3500383290496072,15.022881793641702,0.11318952551017047,4.3002850926373375e-11,1.0,0.0
1,170,224,267,4,255,259,log_euclidean_gaussian_ar,224.0,0.01,0.6301280192265746,44.48203656714055,0.08673094679537141,,,
1,170,224,267,4,255,259,persistence,,,0.44989882927562375,23.41391621642037,0.060734376696955625,,,
1,170,224,267,4,255,259,raw_var_window_ar,72.0,1e-06,0.8601635697990645,146.66717839292815,9.999999999704141e-09,,,
1,170,224,267,4,256,260,cholesky_gaussian_ar,224.0,0.01,0.5823092275873111,35.43203325945113,0.04829626348460062,,,
1,170,224,267,4,256,260,euclidean_gaussian_ar,224.0,0.1,0.5090270096661986,29.34077542766532,0.27431543841625483,,,
1,170,224,267,4,256,260,fixed_bwar,224.0,0.01,0.5141039437001972,28.24445104099461,0.15376434483452953,,,
1,170,224,267,4,256,260,local_bwar,48.0,0.01,0.3259873914785574,14.183106851723526,0.13845582608358353,4.291580366357503e-11,1.0,0.0
1,170,224,267,4,256,260,log_euclidean_gaussian_ar,224.0,0.01,0.5999909778368879,42.5570431403075,0.09198137846445438,,,
1,170,224,267,4,256,260,persistence,,,0.8196884898423267,65.41405036681897,0.029844652383867167,,,
1,170,224,267,4,256,260,raw_var_window_ar,72.0,1e-06,0.9216049648856143,158.2773135860232,9.99999999950026e-09,,,
1,170,224,267,4,257,261,cholesky_gaussian_ar,224.0,0.01,0.49806940762099167,26.083840021066795,0.08860371218469067,,,
1,170,224,267,4,257,261,euclidean_gaussian_ar,224.0,0.1,0.5180031407493844,27.765969408007024,0.26807222806081615,,,
1,170,224,267,4,257,261,fixed_bwar,224.0,0.01,0.4510224092889145,23.39111261316598,0.1618576026150648,,,
1,170,224,267,4,257,261,local_bwar,48.0,0.01,0.37785731951540164,16.958488924890965,0.12407138754146294,8.4597210257873e-10,1.0,0.0
1,170,224,267,4,257,261,log_euclidean_gaussian_ar,224.0,0.01,0.4951626842273163,27.80292059255457,0.11200313569180939,,,
1,170,224,267,4,257,261,persistence,,,0.6345674045609948,40.07163500291189,0.02675857845489213,,,
1,170,224,267,4,257,261,raw_var_window_ar,72.0,1e-06,0.8689108382776555,139.80847593425574,9.999999999846787e-09,,,
1,170,224,267,4,258,262,cholesky_gaussian_ar,224.0,0.01,0.44639328723113086,23.216717865739678,0.08655980143042045,,,
1,170,224,267,4,258,262,euclidean_gaussian_ar,224.0,0.1,0.45636090814408964,18.042647108128072,0.22072246384824237,,,
1,170,224,267,4,258,262,fixed_bwar,224.0,0.01,0.3108555513092295,13.273941061420906,0.1293484600629985,,,
1,170,224,267,4,258,262,local_bwar,48.0,0.01,0.2604420582775138,13.050635518809509,0.08305763585527502,7.477844010771439e-10,1.0,0.0
1,170,224,267,4,258,262,log_euclidean_gaussian_ar,224.0,0.01,0.41950397928612343,20.75716342758441,0.0735140526957021,,,
1,170,224,267,4,258,262,persistence,,,0.25541900130989503,15.44929159986883,0.037141296500875796,,,
1,170,224,267,4,258,262,raw_var_window_ar,72.0,1e-06,0.9013063160278348,147.16255439620227,9.999999999798846e-09,,,
1,170,224,267,4,259,263,cholesky_gaussian_ar,224.0,0.01,0.3526040811450351,14.847981318055863,0.07047916391290313,,,
1,170,224,267,4,259,263,euclidean_gaussian_ar,224.0,0.1,0.8285229394572913,34.97743345528092,0.028930398355524932,,,
1,170,224,267,4,259,263,fixed_bwar,224.0,0.01,0.31687462132084177,11.987312767069033,0.09701364388611593,,,
1,170,224,267,4,259,263,local_bwar,48.0,0.01,0.39305466285559104,13.381709432349599,0.05695268840815226,8.065619190903927e-10,1.0,0.0
1,170,224,267,4,259,263,log_euclidean_gaussian_ar,224.0,0.01,0.31809448676731344,13.190858018396305,0.05268781624437359,,,
1,170,224,267,4,259,263,persistence,,,0.6928327698821433,52.833193235977,0.05354800905402779,,,
1,170,224,267,4,259,263,raw_var_window_ar,72.0,1e-06,0.5599577132158884,101.63718595702613,9.999999998558529e-09,,,
1,170,224,267,4,260,264,cholesky_gaussian_ar,224.0,0.01,0.39675367917797255,16.608084830829174,0.03996889702116393,,,
1,170,224,267,4,260,264,euclidean_gaussian_ar,224.0,0.1,0.9806433870809936,44.91949216135071,9.999999502959161e-09,,,
1,170,224,267,4,260,264,fixed_bwar,224.0,0.01,0.2615513077324177,10.79617252222341,0.07557081794073564,,,
1,170,224,267,4,260,264,local_bwar,48.0,0.01,0.3776980440614596,13.210794457261123,0.07276741646455108,4.2167036792552787e-11,1.0,0.0
1,170,224,267,4,260,264,log_euclidean_gaussian_ar,224.0,0.01,0.321583617029519,16.798769924429454,0.05479747200817432,,,
1,170,224,267,4,260,264,persistence,,,0.7519811687701397,55.85387274471292,0.05137207979134407,,,
1,170,224,267,4,260,264,raw_var_window_ar,72.0,1e-06,0.41826072227123007,96.50949498545152,9.999999998873609e-09,,,
1,170,224,267,4,261,265,cholesky_gaussian_ar,224.0,0.01,0.8015627831367833,49.354110453556146,0.06320612143096707,,,
1,170,224,267,4,261,265,euclidean_gaussian_ar,224.0,0.1,1.2695060978869954,94.98095183057197,0.06630167777537987,,,
1,170,224,267,4,261,265,fixed_bwar,224.0,0.01,0.7642900228765097,44.542768485892196,0.09664657602988216,,,
1,170,224,267,4,261,265,local_bwar,48.0,0.01,0.8337651156638383,39.90759227669373,0.11727298644823997,4.499305731457915e-11,1.0,0.0
1,170,224,267,4,261,265,log_euclidean_gaussian_ar,224.0,0.01,0.7809202072058071,56.503921104651134,0.05396077947028144,,,
1,170,224,267,4,261,265,persistence,,,0.8466508393794766,41.90133447838406,0.06526129592928037,,,
1,170,224,267,4,261,265,raw_var_window_ar,72.0,1e-06,0.3087455588218573,59.15930220030488,9.99999999994131e-09,,,
1,170,224,267,4,262,266,cholesky_gaussian_ar,224.0,0.01,0.7331268980423372,43.1920056986381,0.09106474310221792,,,
1,170,224,267,4,262,266,euclidean_gaussian_ar,224.0,0.1,1.022731964258535,66.09109456365387,0.2782535920580601,,,
1,170,224,267,4,262,266,fixed_bwar,224.0,0.01,0.6870736383376955,38.59104516795649,0.12140318770668784,,,
1,170,224,267,4,262,266,local_bwar,48.0,0.01,0.3837752698890627,13.785146775992985,0.1488934914391429,9.386947017097751e-10,1.0,0.0
1,170,224,267,4,262,266,log_euclidean_gaussian_ar,224.0,0.01,0.6892709340879422,42.25505732791156,0.08132835107291767,,,
1,170,224,267,4,262,266,persistence,,,0.7231712803594741,44.016267142643535,0.07284730533096838,,,
1,170,224,267,4,262,266,raw_var_window_ar,72.0,1e-06,0.576317280566825,103.3535875586715,9.999999999455699e-09,,,
1,170,224,267,5,219,224,cholesky_gaussian_ar,224.0,0.01,0.2391943603311876,8.759867986903771,0.12464096454967458,,,
1,170,224,267,5,219,224,euclidean_gaussian_ar,224.0,1.0,0.3491538339732102,15.333570500660157,0.25633338605573336,,,
1,170,224,267,5,219,224,fixed_bwar,224.0,0.01,0.26090927744350084,10.397659405183761,0.11726234493397099,,,
1,170,224,267,5,219,224,local_bwar,48.0,0.01,0.23268766065133392,9.575563800788785,0.10978484831380814,1.100482224500189e-10,1.0,0.0
1,170,224,267,5,219,224,log_euclidean_gaussian_ar,224.0,0.01,0.27145610525738373,10.84267112298298,0.0956086048030783,,,
1,170,224,267,5,219,224,persistence,,,0.21491644114090316,12.997411187155231,0.04000944432383261,,,
1,170,224,267,5,219,224,raw_var_window_ar,72.0,1e-06,0.6378924575533509,101.24403100009863,9.999999999999363e-09,,,
1,170,224,267,5,220,225,cholesky_gaussian_ar,224.0,0.01,0.3749286110502001,12.13847471706405,0.10167207236897166,,,
1,170,224,267,5,220,225,euclidean_gaussian_ar,224.0,1.0,0.4652385222886339,18.48735912668201,0.2500674177724586,,,
1,170,224,267,5,220,225,fixed_bwar,224.0,0.01,0.41194221266892916,14.086666931784762,0.11407896010791689,,,
1,170,224,267,5,220,225,local_bwar,48.0,0.01,0.3034951566289988,9.857453994286407,0.1308482104710342,1.1379257337328353e-10,1.0,0.0
1,170,224,267,5,220,225,log_euclidean_gaussian_ar,224.0,0.01,0.3965380137219101,14.258113841657831,0.0927316982150878,,,
1,170,224,267,5,220,225,persistence,,,0.6069452360522014,33.832374753692406,0.042736961091727366,,,
1,170,224,267,5,220,225,raw_var_window_ar,72.0,1e-06,0.4736087205458161,89.24800494361338,9.99999999999735e-09,,,
1,170,224,267,5,221,226,cholesky_gaussian_ar,224.0,0.01,0.4864315440681952,17.343667585583262,0.07642429997678377,,,
1,170,224,267,5,221,226,euclidean_gaussian_ar,224.0,1.0,0.5685000334606937,23.117589288549475,0.18995758607161828,,,
1,170,224,267,5,221,226,fixed_bwar,224.0,0.01,0.518627395674397,19.271242167101217,0.11060233662665793,,,
1,170,224,267,5,221,226,local_bwar,48.0,0.01,0.2635487888807314,9.626399491570936,0.10829886790200335,1.0961141561225875e-10,1.0,0.0
1,170,224,267,5,221,226,log_euclidean_gaussian_ar,224.0,0.01,0.4680198072016745,17.572373563819845,0.07470041752324698,,,
1,170,224,267,5,221,226,persistence,,,0.8642582433535184,59.95705499450277,0.034911774369126194,,,
1,170,224,267,5,221,226,raw_var_window_ar,72.0,1e-06,0.36663235720206283,73.24425020061243,9.99999999999975e-09,,,
1,170,224,267,5,222,227,cholesky_gaussian_ar,224.0,0.01,0.5547485298590231,23.041140210631095,0.08847397885530722,,,
1,170,224,267,5,222,227,euclidean_gaussian_ar,224.0,1.0,0.6095526927027998,29.37208017969633,0.20846793285796236,,,
1,170,224,267,5,222,227,fixed_bwar,224.0,0.01,0.6148176854941846,27.805536291725076,0.10248134615835355,,,
1,170,224,267,5,222,227,local_bwar,48.0,0.01,0.44027194609690606,17.042954075303143,0.11345661974802645,1.0702956240852152e-10,1.0,0.0
1,170,224,267,5,222,227,log_euclidean_gaussian_ar,224.0,0.01,0.4618043210629756,21.1504338596564,0.06581780253919843,,,
1,170,224,267,5,222,227,persistence,,,0.7506305745540321,51.97207468809668,0.03328484022159631,,,
1,170,224,267,5,222,227,raw_var_window_ar,72.0,1e-06,0.24054919480376857,50.63855809258558,9.999999999999575e-09,,,
1,170,224,267,5,223,228,cholesky_gaussian_ar,224.0,0.01,0.335924069479274,18.65716771689083,0.09378576790020623,,,
1,170,224,267,5,223,228,euclidean_gaussian_ar,224.0,1.0,0.3206104888867081,18.606005113557035,0.24845034285890955,,,
1,170,224,267,5,223,228,fixed_bwar,224.0,0.01,0.36198038521601467,18.074764589574695,0.10475415344694122,,,
1,170,224,267,5,223,228,local_bwar,48.0,0.01,0.26143528708929314,13.596861108366205,0.08690089312711846,1.0344362860095621e-10,1.0,0.0
1,170,224,267,5,223,228,log_euclidean_gaussian_ar,224.0,0.01,0.26739919071458246,16.19675818690656,0.0802967219476643,,,
1,170,224,267,5,223,228,persistence,,,0.37810230480127666,26.93850096274338,0.057994038866868866,,,
1,170,224,267,5,223,228,raw_var_window_ar,72.0,1e-06,0.4580209800276795,58.97863674599368,9.99999999996801e-09,,,
1,170,224,267,5,224,229,cholesky_gaussian_ar,224.0,0.01,0.2919449452311775,12.128304358264483,0.11636118191402514,,,
1,170,224,267,5,224,229,euclidean_gaussian_ar,224.0,1.0,0.256369614282128,12.622707279882821,0.24391001697690337,,,
1,170,224,267,5,224,229,fixed_bwar,224.0,0.01,0.21520685559957967,9.505187854944339,0.1078942777788141,,,
1,170,224,267,5,224,229,local_bwar,48.0,0.01,0.2830971544300602,13.0905307422412,0.10434676768177346,1.0313769375047309e-10,1.0,0.0
1,170,224,267,5,224,229,log_euclidean_gaussian_ar,224.0,0.01,0.2321537214664351,9.704342248377893,0.08873748701543085,,,
1,170,224,267,5,224,229,persistence,,,0.48779445853810305,27.20985759995675,0.055045118406649086,,,
1,170,224,267,5,224,229,raw_var_window_ar,72.0,1e-06,0.41915446489715563,60.75102566459547,9.999999999997479e-09,,,
1,170,224,267,5,225,230,cholesky_gaussian_ar,224.0,0.01,0.15754144073623244,6.583210839130576,0.10747969073772888,,,
1,170,224,267,5,225,230,euclidean_gaussian_ar,224.0,1.0,0.14785091830011712,8.180486135934569,0.23207460521148177,,,
1,170,224,267,5,225,230,fixed_bwar,224.0,0.01,0.13560370002069486,6.167944485464207,0.0996547397806185,,,
1,170,224,267,5,225,230,local_bwar,48.0,0.01,0.36703520031129444,14.021678895744145,0.09716830870824526,1.0286809378378291e-10,1.0,0.0
1,170,224,267,5,225,230,log_euclidean_gaussian_ar,224.0,0.01,0.15923013283152057,11.011132205881669,0.06667482893568696,,,
1,170,224,267,5,225,230,persistence,,,0.31681026820184927,17.204338259074582,0.033982016676451135,,,
1,170,224,267,5,225,230,raw_var_window_ar,72.0,1e-06,0.39368629843996417,69.03414883716133,9.999999999985032e-09,,,
1,170,224,267,5,226,231,cholesky_gaussian_ar,224.0,0.01,0.2603820066319414,11.134958867921718,0.09326364000964135,,,
1,170,224,267,5,226,231,euclidean_gaussian_ar,224.0,1.0,0.235419391615445,10.775841395142404,0.2204847078705011,,,
1,170,224,267,5,226,231,fixed_bwar,224.0,0.01,0.2185826541605303,9.13063876256869,0.10163164739846102,,,
1,170,224,267,5,226,231,local_bwar,48.0,0.01,0.38472939682010515,18.02300316775232,0.10518980085484494,1.064090545511832e-10,1.0,0.0
1,170,224,267,5,226,231,log_euclidean_gaussian_ar,224.0,0.01,0.2563392811006076,12.767037364342702,0.07749386729861903,,,
1,170,224,267,5,226,231,persistence,,,0.18480001686368872,11.693646205458759,0.0480599362194913,,,
1,170,224,267,5,226,231,raw_var_window_ar,72.0,1e-06,0.43353175231454916,73.97956777402746,9.999999999997871e-09,,,
1,170,224,267,5,227,232,cholesky_gaussian_ar,224.0,0.01,0.22568741439304563,9.44048547466382,0.10740795542367264,,,
1,170,224,267,5,227,232,euclidean_gaussian_ar,224.0,1.0,0.4875240542978767,15.645570046417077,0.18444756759161987,,,
1,170,224,267,5,227,232,fixed_bwar,224.0,0.01,0.1978123687790114,7.7108833767676135,0.1251794741705364,,,
1,170,224,267,5,227,232,local_bwar,48.0,0.01,0.4723373998650718,22.424704836641762,0.09133845882138338,1.0631821645568128e-10,1.0,0.0
1,170,224,267,5,227,232,log_euclidean_gaussian_ar,224.0,0.01,0.21860715496706293,10.424129595787619,0.09605291757415983,,,
1,170,224,267,5,227,232,persistence,,,0.3368001180714231,15.892475566420003,0.040532793409307225,,,
1,170,224,267,5,227,232,raw_var_window_ar,72.0,1e-06,0.4845075665221836,77.37673787864686,9.999999999999069e-09,,,
1,170,224,267,5,228,233,cholesky_gaussian_ar,224.0,0.01,0.1759697449975167,8.045621822670215,0.14786379626952298,,,
1,170,224,267,5,228,233,euclidean_gaussian_ar,224.0,1.0,0.41417825252056517,11.9604779457581,0.2014250206092047,,,
1,170,224,267,5,228,233,fixed_bwar,224.0,0.01,0.17814708464447826,7.083648343663527,0.13514844719242,,,
1,170,224,267,5,228,233,local_bwar,48.0,0.01,0.2551227587129525,10.907639433109878,0.1346363212678266,1.1040051694190929e-10,1.0,0.0
1,170,224,267,5,228,233,log_euclidean_gaussian_ar,224.0,0.01,0.15805361392563722,8.982159756634562,0.08907559597176244,,,
1,170,224,267,5,228,233,persistence,,,0.35011627051753375,16.893169214339405,0.02795272703189784,,,
1,170,224,267,5,228,233,raw_var_window_ar,72.0,1e-06,0.5336546930078014,80.31878655604476,9.999999999967095e-09,,,
1,170,224,267,5,229,234,cholesky_gaussian_ar,224.0,0.01,0.4368349677146438,22.01255600494966,0.0823038350726261,,,
1,170,224,267,5,229,234,euclidean_gaussian_ar,224.0,1.0,0.5787428695081425,21.041620188343998,0.20515623297890442,,,
1,170,224,267,5,229,234,fixed_bwar,224.0,0.01,0.3978232755873824,16.055820140303904,0.12408323696875005,,,
1,170,224,267,5,229,234,local_bwar,48.0,0.01,0.2125837074249215,8.797409493609404,0.11443442985072994,1.0944881147254035e-10,1.0,0.0
1,170,224,267,5,229,234,log_euclidean_gaussian_ar,224.0,0.01,0.42014710048741816,28.363643820305644,0.06392910711487897,,,
1,170,224,267,5,229,234,persistence,,,0.3835739279125671,19.020120164334532,0.014622172262076329,,,
1,170,224,267,5,229,234,raw_var_window_ar,72.0,1e-06,0.7429046122115216,109.16457792810692,9.999999999987096e-09,,,
1,170,224,267,5,230,235,cholesky_gaussian_ar,224.0,0.01,0.4612584861716035,21.57199914607781,0.09696388721797532,,,
1,170,224,267,5,230,235,euclidean_gaussian_ar,224.0,1.0,0.5757955461735235,22.817567280017162,0.21770230861302797,,,
1,170,224,267,5,230,235,fixed_bwar,224.0,0.01,0.4938450557252209,20.181075901482572,0.1140173036122764,,,
1,170,224,267,5,230,235,local_bwar,48.0,0.01,0.3211790534058606,11.305453110733868,0.09335326053317067,1.107483081651525e-10,1.0,0.0
1,170,224,267,5,230,235,log_euclidean_gaussian_ar,224.0,0.01,0.5617538862303781,32.69176105451942,0.07402097340097387,,,
1,170,224,267,5,230,235,persistence,,,0.5343817906458419,26.26930085690296,0.03482255696480181,,,
1,170,224,267,5,230,235,raw_var_window_ar,72.0,1e-06,0.8679652960023484,114.28715245244678,9.99999999999831e-09,,,
1,170,224,267,5,231,236,cholesky_gaussian_ar,224.0,0.01,0.36459266620769415,17.876287705276,0.06389517827939825,,,
1,170,224,267,5,231,236,euclidean_gaussian_ar,224.0,1.0,0.4142208547880337,14.71052986819139,0.21344094612469736,,,
1,170,224,267,5,231,236,fixed_bwar,224.0,0.01,0.3951072591386821,16.38888291316911,0.10743077803590029,,,
1,170,224,267,5,231,236,local_bwar,48.0,0.01,0.269043764352633,11.497236790502736,0.08885958900258015,6.749373691430928e-11,1.0,0.0
1,170,224,267,5,231,236,log_euclidean_gaussian_ar,224.0,0.01,0.4708879401510783,30.231222145781487,0.0747892422478668,,,
1,170,224,267,5,231,236,persistence,,,0.5049591327257188,29.98938219755674,0.03756632539683551,,,
1,170,224,267,5,231,236,raw_var_window_ar,72.0,1e-06,0.7363625576926192,109.18917782909571,9.999999999996389e-09,,,
1,170,224,267,5,232,237,cholesky_gaussian_ar,224.0,0.01,0.17270202708471694,8.735253693662553,0.08725852723015899,,,
1,170,224,267,5,232,237,euclidean_gaussian_ar,224.0,1.0,0.19696084513390527,8.133085861557404,0.2117612278794299,,,
1,170,224,267,5,232,237,fixed_bwar,224.0,0.01,0.17933543123864704,7.604621973231869,0.11864221294509238,,,
1,170,224,267,5,232,237,local_bwar,48.0,0.01,0.18115418325360552,8.19188207247887,0.11235514104624773,8.971006627263896e-10,1.0,0.0
1,170,224,267,5,232,237,log_euclidean_gaussian_ar,224.0,0.01,0.18147654667508137,12.658525785148104,0.08159057165515396,,,
1,170,224,267,5,232,237,persistence,,,0.20819491164657872,12.768390164305918,0.030511289456567028,,,
1,170,224,267,5,232,237,raw_var_window_ar,72.0,1e-06,0.43840795985298986,83.23204505409599,9.999999999989111e-09,,,
1,170,224,267,5,233,238,cholesky_gaussian_ar,224.0,0.01,0.2820594885684594,12.782871287663408,0.09559267552023512,,,
1,170,224,267,5,233,238,euclidean_gaussian_ar,224.0,1.0,0.39717886404870306,20.381084243931568,0.21872378771153525,,,
1,170,224,267,5,233,238,fixed_bwar,224.0,0.01,0.3269917061023807,14.298306263324312,0.13214231444733107,,,
1,170,224,267,5,233,238,local_bwar,48.0,0.01,0.3936788028960481,17.63083076590864,0.12227742131877849,6.036738771358502e-10,1.0,0.0
1,170,224,267,5,233,238,log_euclidean_gaussian_ar,224.0,0.01,0.31963396662420945,15.189526322685873,0.09999302332342977,,,
1,170,224,267,5,233,238,persistence,,,0.3655002036412884,19.646960686332022,0.03325541968921727,,,
1,170,224,267,5,233,238,raw_var_window_ar,72.0,1e-06,0.4969244907292638,90.69043729355262,9.99999999998748e-09,,,
1,170,224,267,5,234,239,cholesky_gaussian_ar,224.0,0.01,0.31073271298695904,14.52382132842311,0.14799719872427422,,,
1,170,224,267,5,234,239,euclidean_gaussian_ar,224.0,1.0,0.41870259730886056,22.376296531944565,0.24976863177043926,,,
1,170,224,267,5,234,239,fixed_bwar,224.0,0.01,0.36092303481158805,16.287215606201315,0.15557033898268416,,,
1,170,224,267,5,234,239,local_bwar,48.0,0.01,0.17100129952346246,8.396342565897019,0.1296690957165008,4.814975875371643e-10,1.0,0.0
1,170,224,267,5,234,239,log_euclidean_gaussian_ar,224.0,0.01,0.3670284906543705,15.839298604791184,0.12998584663338525,,,
1,170,224,267,5,234,239,persistence,,,0.612695864749515,42.9245309979851,0.03947710705442082,,,
1,170,224,267,5,234,239,raw_var_window_ar,72.0,1e-06,0.5701433295937836,104.29924244426908,9.99999999999057e-09,,,
1,170,224,267,5,235,240,cholesky_gaussian_ar,224.0,0.01,0.27456274322710267,12.222796851750449,0.2102256179874771,,,
1,170,224,267,5,235,240,euclidean_gaussian_ar,224.0,1.0,0.31914230436761093,15.149786327778262,0.2521198456517451,,,
1,170,224,267,5,235,240,fixed_bwar,224.0,0.01,0.3013413287640582,12.837542294140395,0.14822913157022743,,,
1,170,224,267,5,235,240,local_bwar,48.0,0.01,0.2075862266491044,8.725031319928886,0.13310532736436295,4.95271465943576e-10,1.0,0.0
1,170,224,267,5,235,240,log_euclidean_gaussian_ar,224.0,0.01,0.27041901072864183,10.472865554030676,0.12333570991252683,,,
1,170,224,267,5,235,240,persistence,,,0.6896152916633715,46.02507760031399,0.03759778266026028,,,
1,170,224,267,5,235,240,raw_var_window_ar,72.0,1e-06,0.5748416741883582,96.71345538350685,9.9999999999929e-09,,,
1,170,224,267,5,236,241,cholesky_gaussian_ar,224.0,0.01,0.23893222038481188,11.97146003216786,0.1494223359366056,,,
1,170,224,267,5,236,241,euclidean_gaussian_ar,224.0,1.0,0.29099805159715625,11.27967988606262,0.24817137415201435,,,
1,170,224,267,5,236,241,fixed_bwar,224.0,0.01,0.21584115376986912,10.072471250520177,0.13729870448175127,,,
1,170,224,267,5,236,241,local_bwar,48.0,0.01,0.23460030364458548,10.790182355934261,0.08319297420992121,5.374929112250832e-10,1.0,0.0
1,170,224,267,5,236,241,log_euclidean_gaussian_ar,224.0,0.01,0.23216590606196397,11.354291107244684,0.07995217623305602,,,
1,170,224,267,5,236,241,persistence,,,0.28828482284980045,15.026364381048957,0.03369965470600946,,,
1,170,224,267,5,236,241,raw_var_window_ar,72.0,1e-06,0.7529496551645317,119.137991228596,9.99999999999661e-09,,,
1,170,224,267,5,237,242,cholesky_gaussian_ar,224.0,0.01,0.5322654940931085,27.195569497272686,0.09071282260667278,,,
1,170,224,267,5,237,242,euclidean_gaussian_ar,224.0,1.0,0.6899414170562772,36.593056963621216,0.2297921266060502,,,
1,170,224,267,5,237,242,fixed_bwar,224.0,0.01,0.6019973597353074,30.556787932659816,0.10108646552327409,,,
1,170,224,267,5,237,242,local_bwar,48.0,0.01,0.45101430326104,19.826487424423966,0.041739827637608834,5.49318038955511e-10,1.0,0.0
1,170,224,267,5,237,242,log_euclidean_gaussian_ar,224.0,0.01,0.6162846453612194,34.525746677985055,0.0777193998003267,,,
1,170,224,267,5,237,242,persistence,,,0.778723858256892,55.34657327460873,0.04590815177754432,,,
1,170,224,267,5,237,242,raw_var_window_ar,72.0,1e-06,1.0595553131707862,155.59966928088406,9.999999999994094e-09,,,
1,170,224,267,5,238,243,cholesky_gaussian_ar,224.0,0.01,0.9217955593944884,62.701694804217134,0.08386154903476971,,,
1,170,224,267,5,238,243,euclidean_gaussian_ar,224.0,1.0,0.8631502197530421,54.07360615856602,0.2396037210462332,,,
1,170,224,267,5,238,243,fixed_bwar,224.0,0.01,0.8845350770548801,55.244058153798946,0.09935374418792808,,,
1,170,224,267,5,238,243,local_bwar,48.0,0.01,0.7583666325555998,41.448496425263194,0.05734629299299982,5.965624315113499e-10,1.0,0.0
1,170,224,267,5,238,243,log_euclidean_gaussian_ar,224.0,0.01,0.9301328219023424,79.6528087450192,0.08725574446669628,,,
1,170,224,267,5,238,243,persistence,,,1.2623560019504805,120.89058320250209,0.04548151533717569,,,
1,170,224,267,5,238,243,raw_var_window_ar,72.0,1e-06,1.2992705330132275,184.97745957665106,9.999999999996045e-09,,,
1,170,224,267,5,239,244,cholesky_gaussian_ar,224.0,0.01,0.5174837671817551,35.42581640935279,0.08926849850111693,,,
1,170,224,267,5,239,244,euclidean_gaussian_ar,224.0,1.0,0.4072733806914777,21.945928786784595,0.25052510912441284,,,
1,170,224,267,5,239,244,fixed_bwar,224.0,0.01,0.4558134737763239,25.250161154755425,0.1024506324741975,,,
1,170,224,267,5,239,244,local_bwar,48.0,0.01,0.46879185393149253,27.328369530386315,0.10560803421563293,6.872107103968496e-10,1.0,0.0
1,170,224,267,5,239,244,log_euclidean_gaussian_ar,224.0,0.01,0.5080133438684524,45.56494703635659,0.09627310101020174,,,
1,170,224,267,5,239,244,persistence,,,0.8124598271625123,66.74082779142368,0.02312652412910367,,,
1,170,224,267,5,239,244,raw_var_window_ar,72.0,1e-06,0.9853494320590817,175.88043099979888,9.999999999991245e-09,,,
1,170,224,267,5,240,245,cholesky_gaussian_ar,224.0,0.01,0.4376167542401906,32.0427656436258,0.1073204830857947,,,
1,170,224,267,5,240,245,euclidean_gaussian_ar,224.0,1.0,0.360469511620548,20.678486889636194,0.24268691468253067,,,
1,170,224,267,5,240,245,fixed_bwar,224.0,0.01,0.28013321369484706,18.326143334681777,0.12344448336164675,,,
1,170,224,267,5,240,245,local_bwar,48.0,0.01,0.3205963969066282,21.732361525326098,0.10984743890467646,7.048620126013557e-10,1.0,0.0
1,170,224,267,5,240,245,log_euclidean_gaussian_ar,224.0,0.01,0.3324450434537657,17.997933370289328,0.1289446941480348,,,
1,170,224,267,5,240,245,persistence,,,0.3532070038613634,26.838932052112554,0.030209295526772612,,,
1,170,224,267,5,240,245,raw_var_window_ar,72.0,1e-06,0.7982520500904947,157.4279798850876,9.99999999999102e-09,,,
1,170,224,267,5,241,246,cholesky_gaussian_ar,224.0,0.01,0.6612327641068253,45.638610229492826,0.08094468205436159,,,
1,170,224,267,5,241,246,euclidean_gaussian_ar,224.0,1.0,0.5768516098084073,36.187855340145646,0.2491781538014156,,,
1,170,224,267,5,241,246,fixed_bwar,224.0,0.01,0.649690317647808,44.23542611046602,0.12333148129383847,,,
1,170,224,267,5,241,246,local_bwar,48.0,0.01,0.37860469944062153,18.754375452326787,0.14135260451838477,7.01855277196794e-10,1.0,0.0
1,170,224,267,5,241,246,log_euclidean_gaussian_ar,224.0,0.01,0.5943529822991599,45.653618072068156,0.12575618131649074,,,
1,170,224,267,5,241,246,persistence,,,0.6464040754026141,49.205181384204415,0.029272035076379054,,,
1,170,224,267,5,241,246,raw_var_window_ar,72.0,1e-06,0.8274265005084047,147.640683066412,9.999999999997863e-09,,,
1,170,224,267,5,242,247,cholesky_gaussian_ar,224.0,0.01,0.5564959927170634,34.68465425338395,0.01657358074809957,,,
1,170,224,267,5,242,247,euclidean_gaussian_ar,224.0,1.0,0.5316581102857201,29.587655738070254,0.2731297658949487,,,
1,170,224,267,5,242,247,fixed_bwar,224.0,0.01,0.5441678740962691,31.567171692634062,0.12869414722769965,,,
1,170,224,267,5,242,247,local_bwar,48.0,0.01,0.3460438257265964,15.026578533695314,0.11550924983232802,7.427804596105751e-10,1.0,0.0
1,170,224,267,5,242,247,log_euclidean_gaussian_ar,224.0,0.01,0.482193402203769,28.23725979885145,0.07633127885744619,,,
1,170,224,267,5,242,247,persistence,,,0.9673453347700582,92.30291419200876,0.036403726459588746,,,
1,170,224,267,5,242,247,raw_var_window_ar,72.0,1e-06,0.7214980385678981,123.9497043640145,9.999999999998063e-09,,,
1,170,224,267,5,243,248,cholesky_gaussian_ar,224.0,0.01,0.3761464737156804,19.720300049914538,0.025465303736028188,,,
1,170,224,267,5,243,248,euclidean_gaussian_ar,224.0,1.0,0.5374376863334176,24.706219312427024,0.26987499344812116,,,
1,170,224,267,5,243,248,fixed_bwar,224.0,0.01,0.3893291249139096,18.98228570141766,0.12096655119786608,,,
1,170,224,267,5,243,248,local_bwar,48.0,0.01,0.27208627063558827,11.14708644577255,0.15267704989807251,8.709688984947927e-10,1.0,0.0
1,170,224,267,5,243,248,log_euclidean_gaussian_ar,224.0,0.01,0.4105976993409294,27.12690948375382,0.06953227360646808,,,
1,170,224,267,5,243,248,persistence,,,1.0260410320630295,87.93910951691998,0.027006291008976103,,,
1,170,224,267,5,243,248,raw_var_window_ar,72.0,1e-06,0.601868948653081,100.73899671325884,9.999999999998804e-09,,,
1,170,224,267,5,244,249,cholesky_gaussian_ar,224.0,0.01,0.44794556391449997,20.061288371918188,0.08002259219974744,,,
1,170,224,267,5,244,249,euclidean_gaussian_ar,224.0,1.0,0.6170659397146414,30.61560103640869,0.28772354232238384,,,
1,170,224,267,5,244,249,fixed_bwar,224.0,0.01,0.4003728403260955,16.858428973290835,0.1073271079418055,,,
1,170,224,267,5,244,249,local_bwar,48.0,0.01,0.3642324278278844,15.206177045226044,0.118786815035152,8.323485887976386e-10,1.0,0.0
1,170,224,267,5,244,249,log_euclidean_gaussian_ar,224.0,0.01,0.4133248234141469,30.724480426354024,0.08120844185495413,,,
1,170,224,267,5,244,249,persistence,,,0.5433234598848418,39.56270592125912,0.049371665918962235,,,
1,170,224,267,5,244,249,raw_var_window_ar,72.0,1e-06,0.6325543671446239,89.99945972879627,9.999999999995439e-09,,,
1,170,224,267,5,245,250,cholesky_gaussian_ar,224.0,0.01,0.35574162380849983,20.900662172988497,0.10493980229571001,,,
1,170,224,267,5,245,250,euclidean_gaussian_ar,224.0,1.0,0.4616486139542963,19.02549934932335,0.28450684821583194,,,
1,170,224,267,5,245,250,fixed_bwar,224.0,0.01,0.32946719730600355,13.85213177480301,0.11322356188824763,,,
1,170,224,267,5,245,250,local_bwar,48.0,0.01,0.33342601452610277,14.985599905472316,0.08516594293907077,8.21848967338148e-10,1.0,0.0
1,170,224,267,5,245,250,log_euclidean_gaussian_ar,224.0,0.01,0.29416333803346933,18.17930344985675,0.09544641643878571,,,
1,170,224,267,5,245,250,persistence,,,0.42626597634684443,27.352341442208456,0.049532498688033444,,,
1,170,224,267,5,245,250,raw_var_window_ar,72.0,1e-06,0.6464468281002169,102.22127138095807,9.999999999991087e-09,,,
1,170,224,267,5,246,251,cholesky_gaussian_ar,224.0,0.01,0.4300386752421378,26.56958154927459,0.11207238175358136,,,
1,170,224,267,5,246,251,euclidean_gaussian_ar,224.0,1.0,0.4739318828350047,22.08127172322143,0.27640279046714095,,,
1,170,224,267,5,246,251,fixed_bwar,224.0,0.01,0.3245032009782695,17.360200167399782,0.11731806423548369,,,
1,170,224,267,5,246,251,local_bwar,48.0,0.01,0.5142418509449695,30.502788130795434,0.07150461032319871,7.915324230532879e-10,1.0,0.0
1,170,224,267,5,246,251,log_euclidean_gaussian_ar,224.0,0.01,0.32750985458876847,23.65809627439291,0.08870775796971293,,,
1,170,224,267,5,246,251,persistence,,,0.36823322987751794,20.298669138886325,0.030347360356998997,,,
1,170,224,267,5,246,251,raw_var_window_ar,72.0,1e-06,0.6395589948151611,124.56866431420471,9.999999999995527e-09,,,
1,170,224,267,5,247,252,cholesky_gaussian_ar,224.0,0.01,0.6061980229295418,36.82293781945021,0.10799711187041722,,,
1,170,224,267,5,247,252,euclidean_gaussian_ar,224.0,1.0,0.6044595885025237,36.56862710419103,0.25767434474112416,,,
1,170,224,267,5,247,252,fixed_bwar,224.0,0.01,0.5560917713964283,32.171061803518555,0.12497593752442028,,,
1,170,224,267,5,247,252,local_bwar,48.0,0.01,0.4889824891756887,25.48647101266499,0.07063009825174689,7.877196254345386e-10,1.0,0.0
1,170,224,267,5,247,252,log_euclidean_gaussian_ar,224.0,0.01,0.5701272013050501,37.78684135895588,0.09784067502331606,,,
1,170,224,267,5,247,252,persistence,,,0.20260925843945113,11.696937811480034,0.03927848730734144,,,
1,170,224,267,5,247,252,raw_var_window_ar,72.0,1e-06,0.8268088635918308,146.19103302798936,9.9999999999984e-09,,,
1,170,224,267,5,248,253,cholesky_gaussian_ar,224.0,0.01,0.6998952495799645,47.711439315716746,0.08537546348264398,,,
1,170,224,267,5,248,253,euclidean_gaussian_ar,224.0,1.0,0.6418225276093344,40.229993473631225,0.24389553291879149,,,
1,170,224,267,5,248,253,fixed_bwar,224.0,0.01,0.6252458980270136,38.49798107428513,0.12609713024120422,,,
1,170,224,267,5,248,253,local_bwar,48.0,0.01,0.5130323094175062,27.555280519243443,0.10458357628908851,8.002242298790293e-10,1.0,0.0
1,170,224,267,5,248,253,log_euclidean_gaussian_ar,224.0,0.01,0.6946172509644498,54.19858458219498,0.09778699311239372,,,
1,170,224,267,5,248,253,persistence,,,0.5073087802732903,30.325601142464137,0.04888013932993535,,,
1,170,224,267,5,248,253,raw_var_window_ar,72.0,1e-06,0.9170542150499332,161.8025902483223,9.999999999983958e-09,,,
1,170,224,267,5,249,254,cholesky_gaussian_ar,224.0,0.01,0.5458557262358575,28.761360922430292,0.12520921522997908,,,
1,170,224,267,5,249,254,euclidean_gaussian_ar,224.0,1.0,0.5588078436569659,28.49302564943715,0.23081168312495617,,,
1,170,224,267,5,249,254,fixed_bwar,224.0,0.01,0.526724340024079,26.390065302853465,0.12560889737853226,,,
1,170,224,267,5,249,254,local_bwar,48.0,0.01,0.4233377496820388,18.579704160324653,0.08587218009043947,7.736897326248355e-10,1.0,0.0
1,170,224,267,5,249,254,log_euclidean_gaussian_ar,224.0,0.01,0.6001625950170061,40.76094978412126,0.08013890210860733,,,
1,170,224,267,5,249,254,persistence,,,0.6653342120156663,44.02290255653052,0.03104025961064521,,,
1,170,224,267,5,249,254,raw_var_window_ar,72.0,1e-06,0.8742276822238121,143.7227837727978,9.999999999973764e-09,,,
1,170,224,267,5,250,255,cholesky_gaussian_ar,224.0,0.01,0.5434649843020873,25.440044992491963,0.09233185219570518,,,
1,170,224,267,5,250,255,euclidean_gaussian_ar,224.0,1.0,0.38045953711292974,13.420292080226318,0.24753724429814464,,,
1,170,224,267,5,250,255,fixed_bwar,224.0,0.01,0.44860156803060475,17.458342109277623,0.11889614126953248,,,
1,170,224,267,5,250,255,local_bwar,48.0,0.01,0.3338945388254109,11.575893219665009,0.11709975480437292,7.271139755316979e-10,1.0,0.0
1,170,224,267,5,250,255,log_euclidean_gaussian_ar,224.0,0.01,0.5989679631337909,39.93386897748606,0.06344032295303592,,,
1,170,224,267,5,250,255,persistence,,,0.3966042128044461,16.09527897961194,0.03649803054920925,,,
1,170,224,267,5,250,255,raw_var_window_ar,72.0,1e-06,0.8843904772377412,132.05139425969725,9.99999999998045e-09,,,
1,170,224,267,5,251,256,cholesky_gaussian_ar,224.0,0.01,0.5626988734901774,22.190252458086263,0.06828621241171294,,,
1,170,224,267,5,251,256,euclidean_gaussian_ar,224.0,1.0,0.30134516245852194,13.633133927120339,0.26671116803310024,,,
1,170,224,267,5,251,256,fixed_bwar,224.0,0.01,0.4603347615110842,14.438276015833232,0.11239557410117006,,,
1,170,224,267,5,251,256,local_bwar,48.0,0.01,0.3300115464031734,11.70787239342894,0.08999138604642012,6.482790327901598e-10,1.0,0.0
1,170,224,267,5,251,256,log_euclidean_gaussian_ar,224.0,0.01,0.6174479957187975,32.31932586768086,0.06325762285957919,,,
1,170,224,267,5,251,256,persistence,,,0.5090764642491729,31.815962606356422,0.04210654256070883,,,
1,170,224,267,5,251,256,raw_var_window_ar,72.0,1e-06,0.944547849084742,117.77394705699217,9.999999999999107e-09,,,
1,170,224,267,5,252,257,cholesky_gaussian_ar,224.0,0.01,0.4889610121137029,19.270000878871176,0.04959942091308039,,,
1,170,224,267,5,252,257,euclidean_gaussian_ar,224.0,1.0,0.3011427988715826,12.635990222435245,0.2845844260947378,,,
1,170,224,267,5,252,257,fixed_bwar,224.0,0.01,0.44392254985305696,14.019631913972809,0.07712173626330074,,,
1,170,224,267,5,252,257,local_bwar,48.0,0.01,0.2933956588792224,10.401965511575083,0.0777139417064731,7.946359774128635e-10,1.0,0.0
1,170,224,267,5,252,257,log_euclidean_gaussian_ar,224.0,0.01,0.571212406456559,26.931660940973572,0.05350845189852593,,,
1,170,224,267,5,252,257,persistence,,,0.6830800792003167,46.70094871800632,0.04213519715097564,,,
1,170,224,267,5,252,257,raw_var_window_ar,72.0,1e-06,0.9095408209129178,123.34639165401971,9.999999999990461e-09,,,
1,170,224,267,5,253,258,cholesky_gaussian_ar,224.0,0.01,0.4622250162575804,24.729347196225305,0.06004777827095794,,,
1,170,224,267,5,253,258,euclidean_gaussian_ar,224.0,1.0,0.520609656613431,23.077111936362847,0.2916752481997198,,,
1,170,224,267,5,253,258,fixed_bwar,224.0,0.01,0.3746595215279096,18.144301186900226,0.10458828096843342,,,
1,170,224,267,5,253,258,local_bwar,48.0,0.01,0.28284063889291494,12.72625092063424,0.10304661447430054,9.950603123167677e-10,1.0,0.0
1,170,224,267,5,253,258,log_euclidean_gaussian_ar,224.0,0.01,0.4904839785773384,32.72652835742674,0.07632176931006725,,,
1,170,224,267,5,253,258,persistence,,,0.38136669943367063,22.847292093795183,0.04328280081379504,,,
1,170,224,267,5,253,258,raw_var_window_ar,72.0,1e-06,0.7957218531981133,135.64136669339854,9.999999999997684e-09,,,
1,170,224,267,5,254,259,cholesky_gaussian_ar,224.0,0.01,0.5845724281411799,34.469603134940094,0.11891449798837703,,,
1,170,224,267,5,254,259,euclidean_gaussian_ar,224.0,1.0,0.6900438824639938,41.29486870357843,0.2853698298822154,,,
1,170,224,267,5,254,259,fixed_bwar,224.0,0.01,0.5744169791110191,33.54599413110815,0.12491476453309608,,,
1,170,224,267,5,254,259,local_bwar,48.0,0.01,0.38865743461323216,16.32055032781518,0.11775197066386708,4.618431963327881e-11,1.0,0.0
1,170,224,267,5,254,259,log_euclidean_gaussian_ar,224.0,0.01,0.6266772216750591,38.13100633791532,0.09950431694730812,,,
1,170,224,267,5,254,259,persistence,,,0.14963066905092398,10.52311967825637,0.06266135484489746,,,
1,170,224,267,5,254,259,raw_var_window_ar,72.0,1e-06,0.8665329694682093,148.0541285386134,9.999999999999787e-09,,,
1,170,224,267,5,255,260,cholesky_gaussian_ar,224.0,0.01,0.5848600857074511,35.4817204605845,0.15322460394491805,,,
1,170,224,267,5,255,260,euclidean_gaussian_ar,224.0,1.0,0.6725140672439538,43.587791112294155,0.26830609469230354,,,
1,170,224,267,5,255,260,fixed_bwar,224.0,0.01,0.5736992485091559,34.763870995160445,0.1493281932898943,,,
1,170,224,267,5,255,260,local_bwar,48.0,0.01,0.347806963726402,15.25002029780474,0.13448999941922415,4.3002850926373375e-11,1.0,0.0
1,170,224,267,5,255,260,log_euclidean_gaussian_ar,224.0,0.01,0.6059753630508882,36.20481385645994,0.13144231966685255,,,
1,170,224,267,5,255,260,persistence,,,0.5168098067855526,29.129196339499906,0.060734376696955625,,,
1,170,224,267,5,255,260,raw_var_window_ar,72.0,1e-06,0.9163413886672346,158.71071175744487,9.99999999996047e-09,,,
1,170,224,267,5,256,261,cholesky_gaussian_ar,224.0,0.01,0.5119011174411863,27.27938349409027,0.06596371030727533,,,
1,170,224,267,5,256,261,euclidean_gaussian_ar,224.0,1.0,0.5334998206004168,28.794565479604195,0.25850886570370085,,,
1,170,224,267,5,256,261,fixed_bwar,224.0,0.01,0.4520064300245468,21.626741025505662,0.15322523029193272,,,
1,170,224,267,5,256,261,local_bwar,48.0,0.01,0.2742761823507989,11.529274275200688,0.1397413629033022,4.291580366357503e-11,1.0,0.0
1,170,224,267,5,256,261,log_euclidean_gaussian_ar,224.0,0.01,0.5165599496111656,34.16906141301928,0.09257344391709586,,,
1,170,224,267,5,256,261,persistence,,,0.6895728964080449,47.94314916140159,0.029844652383867167,,,
1,170,224,267,5,256,261,raw_var_window_ar,72.0,1e-06,0.8649434527076364,140.22900663400924,9.999999999996938e-09,,,
1,170,224,267,5,257,262,cholesky_gaussian_ar,224.0,0.01,0.39482811739965074,20.701793192597215,0.11645189309792764,,,
1,170,224,267,5,257,262,euclidean_gaussian_ar,224.0,1.0,0.31471871896527454,12.954768421638637,0.26081562988310314,,,
1,170,224,267,5,257,262,fixed_bwar,224.0,0.01,0.24560760068261447,10.847158856261576,0.15756365164070993,,,
1,170,224,267,5,257,262,local_bwar,48.0,0.01,0.24948637952018016,11.594798932446636,0.10927735367669603,8.4597210257873e-10,1.0,0.0
1,170,224,267,5,257,262,log_euclidean_gaussian_ar,224.0,0.01,0.2952407742019997,17.592810547567503,0.11096759942229682,,,
1,170,224,267,5,257,262,persistence,,,0.3176003227906204,18.220053902113587,0.02675857845489213,,,
1,170,224,267,5,257,262,raw_var_window_ar,72.0,1e-06,0.8939446678704418,147.79603516891615,9.999999999995843e-09,,,
1,170,224,267,5,258,263,cholesky_gaussian_ar,224.0,0.01,0.2222200693583703,11.269545809129482,0.08761783849404063,,,
1,170,224,267,5,258,263,euclidean_gaussian_ar,224.0,1.0,0.44960319040500857,18.25911141000248,0.27490578889892414,,,
1,170,224,267,5,258,263,fixed_bwar,224.0,0.01,0.3467361922527447,14.779598878684771,0.14246785341350965,,,
1,170,224,267,5,258,263,local_bwar,48.0,0.01,0.361950899622656,14.58742596986163,0.07516504703704964,7.477844010771439e-10,1.0,0.0
1,170,224,267,5,258,263,log_euclidean_gaussian_ar,224.0,0.01,0.2739850380632783,14.973934833003344,0.09593577552423892,,,
1,170,224,267,5,258,263,persistence,,,0.46011429786480795,29.758796565793176,0.037141296500875796,,,
1,170,224,267,5,258,263,raw_var_window_ar,72.0,1e-06,0.5508740318869887,102.58249832811431,9.999999999990914e-09,,,
1,170,224,267,5,259,264,cholesky_gaussian_ar,224.0,0.01,0.298446946096254,11.15529722693653,0.10010796607425879,,,
1,170,224,267,5,259,264,euclidean_gaussian_ar,224.0,1.0,0.7120154232347473,27.343002997380886,0.2871887681271111,,,
1,170,224,267,5,259,264,fixed_bwar,224.0,0.01,0.3295565930439323,11.827604456948894,0.12675037453283994,,,
1,170,224,267,5,259,264,local_bwar,48.0,0.01,0.4773221923470234,15.593115190754713,0.06936814323582302,8.065619190903927e-10,1.0,0.0
1,170,224,267,5,259,264,log_euclidean_gaussian_ar,224.0,0.01,0.2816980072926107,14.125688946850595,0.09543797967569417,,,
1,170,224,267,5,259,264,persistence,,,0.6758461811481492,46.34726325680827,0.05354800905402779,,,
1,170,224,267,5,259,264,raw_var_window_ar,72.0,1e-06,0.4101225938239968,97.42469090636081,9.999999999997302e-09,,,
1,170,224,267,5,260,265,cholesky_gaussian_ar,224.0,0.01,0.6382030160425244,28.201144042170647,0.07585358592967574,,,
1,170,224,267,5,260,265,euclidean_gaussian_ar,224.0,1.0,1.2472706104307918,87.19604413780002,0.2926206550853435,,,
1,170,224,267,5,260,265,fixed_bwar,224.0,0.01,0.550133064128326,23.71720390945581,0.11859458757882703,,,
1,170,224,267,5,260,265,local_bwar,48.0,0.01,0.7520929569800633,35.594719275575684,0.09042250819275874,4.2167036792552787e-11,1.0,0.0
1,170,224,267,5,260,265,log_euclidean_gaussian_ar,224.0,0.01,0.5558363547501229,19.15476322866261,0.10736788628051469,,,
1,170,224,267,5,260,265,persistence,,,0.8678238268206576,47.577453627120214,0.05137207979134407,,,
1,170,224,267,5,260,265,raw_var_window_ar,72.0,1e-06,0.30625621271495995,59.25003124396948,9.999999999993116e-09,,,
1,170,224,267,5,261,266,cholesky_gaussian_ar,224.0,0.01,0.5445471404300077,27.592518737299667,0.09841246282266235,,,
1,170,224,267,5,261,266,euclidean_gaussian_ar,224.0,1.0,0.8721522647990958,51.39684303632522,0.2818820437698824,,,
1,170,224,267,5,261,266,fixed_bwar,224.0,0.01,0.548355463889702,27.411772006163943,0.12534151896453066,,,
1,170,224,267,5,261,266,local_bwar,48.0,0.01,0.5441285248389052,21.868931739832856,0.11877689739964228,4.499305731457915e-11,1.0,0.0
1,170,224,267,5,261,266,log_euclidean_gaussian_ar,224.0,0.01,0.5550915093430802,38.11689873130022,0.08081635122168467,,,
1,170,224,267,5,261,266,persistence,,,0.45436396602531903,19.114063362792972,0.06526129592928037,,,
1,170,224,267,5,261,266,raw_var_window_ar,72.0,1e-06,0.5740021089896101,103.96498691797763,9.99999999999932e-09,,,
2,213,267,310,3,264,267,cholesky_gaussian_ar,267.0,0.01,0.22595998797665076,8.4170030897346,0.08920100003412013,,,
2,213,267,310,3,264,267,euclidean_gaussian_ar,267.0,1.0,0.4532499054227776,21.163484534701446,0.26923684278855603,,,
2,213,267,310,3,264,267,fixed_bwar,267.0,0.01,0.3297212252641423,12.184369572113376,0.08757764171714626,,,
2,213,267,310,3,264,267,local_bwar,48.0,0.01,0.4466670442409277,20.325256974036236,0.09550738978307655,7.965779874468825e-10,1.0,0.0
2,213,267,310,3,264,267,log_euclidean_gaussian_ar,267.0,0.01,0.18897175286386442,8.540443275229181,0.043422507360409424,,,
2,213,267,310,3,264,267,persistence,,,0.6325502046346672,46.45489636727741,0.02895896802283136,,,
2,213,267,310,3,264,267,raw_var_window_ar,72.0,10.0,0.6664856617402655,111.44337697490597,9.999999939774088e-09,,,
2,213,267,310,3,265,268,cholesky_gaussian_ar,267.0,0.01,0.3748016866538808,15.754353780197167,0.11883679665164075,,,
2,213,267,310,3,265,268,euclidean_gaussian_ar,267.0,1.0,0.6662101707177094,26.736239542485887,0.11396471713369477,,,
2,213,267,310,3,265,268,fixed_bwar,267.0,0.01,0.47353729107957215,16.979145740394756,0.12543589049009116,,,
2,213,267,310,3,265,268,local_bwar,48.0,0.01,0.5940990839056506,33.20081079285941,0.060030280335573505,8.598938182596486e-10,1.0,0.0
2,213,267,310,3,265,268,log_euclidean_gaussian_ar,267.0,0.01,0.2968382632016814,13.68599942814514,0.09677774227553806,,,
2,213,267,310,3,265,268,persistence,,,0.7660144592388097,34.627808050775386,0.015067734246774498,,,
2,213,267,310,3,265,268,raw_var_window_ar,72.0,10.0,0.7800994821601731,117.27316468775626,9.999999982813078e-09,,,
2,213,267,310,3,266,269,cholesky_gaussian_ar,267.0,0.01,0.5385408402185861,36.08559200570706,0.11987492765828936,,,
2,213,267,310,3,266,269,euclidean_gaussian_ar,267.0,1.0,0.28167922727087685,12.269119433210967,0.2796018822375744,,,
2,213,267,310,3,266,269,fixed_bwar,267.0,0.01,0.3366769898354674,13.880143552176373,0.1420277053425112,,,
2,213,267,310,3,266,269,local_bwar,48.0,0.01,0.6054227692380137,34.31358496630184,0.10426389266232762,7.912028919503426e-10,1.0,0.0
2,213,267,310,3,266,269,log_euclidean_gaussian_ar,267.0,0.01,0.4680462344229849,31.637312423088307,0.09061498062303215,,,
2,213,267,310,3,266,269,persistence,,,0.36667305477782175,16.76960084917522,0.03381055293726539,,,
2,213,267,310,3,266,269,raw_var_window_ar,72.0,10.0,0.5625052950563774,86.52975612871286,9.999999955901066e-09,,,
2,213,267,310,3,267,270,cholesky_gaussian_ar,267.0,0.01,0.5164817461527244,31.05859900966777,0.13699482507259816,,,
2,213,267,310,3,267,270,euclidean_gaussian_ar,267.0,1.0,0.5243898121221112,29.385239991264683,0.3133405640392563,,,
2,213,267,310,3,267,270,fixed_bwar,267.0,0.01,0.3842492017174768,16.25093134045199,0.10995953777039529,,,
2,213,267,310,3,267,270,local_bwar,48.0,0.01,0.547898847825685,29.52230011058272,0.09729717541259551,7.786883220941755e-10,1.0,0.0
2,213,267,310,3,267,270,log_euclidean_gaussian_ar,267.0,0.01,0.4150054215991618,15.231416070639613,0.09640986008680773,,,
2,213,267,310,3,267,270,persistence,,,0.5934058254280379,40.35345417491628,0.0497220201086249,,,
2,213,267,310,3,267,270,raw_var_window_ar,72.0,10.0,0.4479975586383101,59.84527538955436,9.999999997860051e-09,,,
2,213,267,310,3,268,271,cholesky_gaussian_ar,267.0,0.01,0.48584061490323005,26.575015007391492,0.1081614754016019,,,
2,213,267,310,3,268,271,euclidean_gaussian_ar,267.0,1.0,0.48034463724584264,21.896675249261364,0.29430574729158643,,,
2,213,267,310,3,268,271,fixed_bwar,267.0,0.01,0.37895093692868764,16.041874677510222,0.09153020498995863,,,
2,213,267,310,3,268,271,local_bwar,48.0,0.01,0.5992626447072885,28.2165169794474,0.057699827718259274,8.161068106983291e-10,1.0,0.0
2,213,267,310,3,268,271,log_euclidean_gaussian_ar,267.0,0.01,0.40493596056702225,17.006858046913457,0.06193627604627365,,,
2,213,267,310,3,268,271,persistence,,,0.5120792719633499,25.709482261039383,0.046977480345002216,,,
2,213,267,310,3,268,271,raw_var_window_ar,72.0,10.0,0.4517907235658871,73.3330333652534,9.999999989453606e-09,,,
2,213,267,310,3,269,272,cholesky_gaussian_ar,267.0,0.01,0.35911574290040116,16.95162207237459,0.08117088107111887,,,
2,213,267,310,3,269,272,euclidean_gaussian_ar,267.0,1.0,0.36953898345019864,15.916759377057122,0.24816392202746854,,,
2,213,267,310,3,269,272,fixed_bwar,267.0,0.01,0.32634181491353464,13.916038067233757,0.08903312930724154,,,
2,213,267,310,3,269,272,local_bwar,48.0,0.01,0.40665023308855514,15.807201309622073,0.12903349641541567,7.816321101593119e-10,1.0,0.0
2,213,267,310,3,269,272,log_euclidean_gaussian_ar,267.0,0.01,0.40511777831353524,20.74842156732987,0.07105625662954432,,,
2,213,267,310,3,269,272,persistence,,,0.21826738011137609,11.02988216476268,0.040375897697154974,,,
2,213,267,310,3,269,272,raw_var_window_ar,72.0,10.0,0.5418782299015271,95.34756549100732,9.999999999377472e-09,,,
2,213,267,310,3,270,273,cholesky_gaussian_ar,267.0,0.01,0.4016451929640882,20.408188565200547,0.11624220477267835,,,
2,213,267,310,3,270,273,euclidean_gaussian_ar,267.0,1.0,0.5660408481572556,30.3766933929749,0.17388915731826216,,,
2,213,267,310,3,270,273,fixed_bwar,267.0,0.01,0.4227353998104571,20.319310319239232,0.09791613467729185,,,
2,213,267,310,3,270,273,local_bwar,48.0,0.01,0.3628188280381229,13.779112340368318,0.0931217213712571,7.119463660642972e-10,1.0,0.0
2,213,267,310,3,270,273,log_euclidean_gaussian_ar,267.0,0.01,0.4395984189607389,19.999380608885225,0.08788383864722932,,,
2,213,267,310,3,270,273,persistence,,,0.528050547774585,34.535541060055714,0.03639912283441587,,,
2,213,267,310,3,270,273,raw_var_window_ar,72.0,10.0,0.6936284754355176,102.8090370741203,9.999999858436103e-09,,,
2,213,267,310,3,271,274,cholesky_gaussian_ar,267.0,0.01,0.3500141072763197,16.935739182815404,0.10526504835270946,,,
2,213,267,310,3,271,274,euclidean_gaussian_ar,267.0,1.0,0.45222386313728913,23.050904553394012,0.2017793710030505,,,
2,213,267,310,3,271,274,fixed_bwar,267.0,0.01,0.3355643052143605,15.272108083522163,0.11145278728427076,,,
2,213,267,310,3,271,274,local_bwar,48.0,0.01,0.31213421532292684,11.926525675842113,0.13430141552779293,7.351206501703992e-10,1.0,0.0
2,213,267,310,3,271,274,log_euclidean_gaussian_ar,267.0,0.01,0.41799274553859883,20.06698115849641,0.0813516853699911,,,
2,213,267,310,3,271,274,persistence,,,0.4412500781063781,24.540900207359662,0.024926063197136274,,,
2,213,267,310,3,271,274,raw_var_window_ar,72.0,10.0,0.634874555813679,94.27922176992111,9.999999809305713e-09,,,
2,213,267,310,3,272,275,cholesky_gaussian_ar,267.0,0.01,0.37288474893447776,16.5976986676908,0.10669823075597303,,,
2,213,267,310,3,272,275,euclidean_gaussian_ar,267.0,1.0,0.3185986368949726,14.062878231343095,0.23520632145653975,,,
2,213,267,310,3,272,275,fixed_bwar,267.0,0.01,0.28483980859791963,12.31333282632315,0.0914314397618266,,,
2,213,267,310,3,272,275,local_bwar,48.0,0.01,0.21066720554141724,7.677245275864038,0.09693120176620718,7.757808192462958e-10,1.0,0.0
2,213,267,310,3,272,275,log_euclidean_gaussian_ar,267.0,0.01,0.4309197695908492,24.387035250436877,0.05844835260086333,,,
2,213,267,310,3,272,275,persistence,,,0.1810642620616924,10.838026788938544,0.03713314826342313,,,
2,213,267,310,3,272,275,raw_var_window_ar,72.0,10.0,0.5539255442922428,78.44759648487474,9.999999970493507e-09,,,
2,213,267,310,3,273,276,cholesky_gaussian_ar,267.0,0.01,0.22678752408318717,8.878542983988853,0.09691906415013768,,,
2,213,267,310,3,273,276,euclidean_gaussian_ar,267.0,1.0,0.290421320230472,10.963238880373261,0.2589444410809293,,,
2,213,267,310,3,273,276,fixed_bwar,267.0,0.01,0.20087478006004492,7.747919072011914,0.07170073046022343,,,
2,213,267,310,3,273,276,local_bwar,48.0,0.01,0.27228505719410306,10.882751669309187,0.10392072984068415,8.745197711991706e-10,1.0,0.0
2,213,267,310,3,273,276,log_euclidean_gaussian_ar,267.0,0.01,0.34952443456319504,16.062682066200388,0.047244397084433,,,
2,213,267,310,3,273,276,persistence,,,0.46684982848096,28.753104539762116,0.03447150483758448,,,
2,213,267,310,3,273,276,raw_var_window_ar,72.0,10.0,0.582479117664911,78.65694498792244,9.999999765853781e-09,,,
2,213,267,310,3,274,277,cholesky_gaussian_ar,267.0,0.01,0.23396720029840928,9.486812505123787,0.09389800999771702,,,
2,213,267,310,3,274,277,euclidean_gaussian_ar,267.0,1.0,0.4163400223042249,21.2863055132512,0.25265067259861634,,,
2,213,267,310,3,274,277,fixed_bwar,267.0,0.01,0.23987690825936572,8.832014280626796,0.06801068522177252,,,
2,213,267,310,3,274,277,local_bwar,48.0,0.01,0.4892280154006673,26.168719551620665,0.1273375949252745,9.949152098079988e-10,1.0,0.0
2,213,267,310,3,274,277,log_euclidean_gaussian_ar,267.0,0.01,0.2446392571920104,9.795117536380644,0.04403152789031672,,,
2,213,267,310,3,274,277,persistence,,,0.6708838751490419,51.076610350863604,0.055287716431459626,,,
2,213,267,310,3,274,277,raw_var_window_ar,72.0,10.0,0.6287946276267553,71.9933633631455,9.999999964931753e-09,,,
2,213,267,310,3,275,278,cholesky_gaussian_ar,267.0,0.01,0.22222913747179238,8.367931307280884,0.07509373320837505,,,
2,213,267,310,3,275,278,euclidean_gaussian_ar,267.0,1.0,0.3344181280253045,14.3043964861325,0.22772392509980852,,,
2,213,267,310,3,275,278,fixed_bwar,267.0,0.01,0.21253362306767143,7.889215627198329,0.0618251592555079,,,
2,213,267,310,3,275,278,local_bwar,48.0,0.01,0.3623364314305905,17.573413204087114,0.09823895717159616,4.65846856760946e-11,1.0,0.0
2,213,267,310,3,275,278,log_euclidean_gaussian_ar,267.0,0.01,0.2992095271952854,13.511184934873384,0.04093526336683747,,,
2,213,267,310,3,275,278,persistence,,,0.5104563715176601,31.527323634408184,0.045467505829327626,,,
2,213,267,310,3,275,278,raw_var_window_ar,72.0,10.0,0.513308745351571,81.17161646151679,9.99999998804845e-09,,,
2,213,267,310,3,276,279,cholesky_gaussian_ar,267.0,0.01,0.25617926191239276,10.792820593358051,0.09492777803961315,,,
2,213,267,310,3,276,279,euclidean_gaussian_ar,267.0,1.0,0.27874441658151067,11.62481699640162,0.16448848813422748,,,
2,213,267,310,3,276,279,fixed_bwar,267.0,0.01,0.24632095667646386,10.973615290239671,0.08384726934764532,,,
2,213,267,310,3,276,279,local_bwar,48.0,0.01,0.21381013291705003,8.455075888050407,0.0885598692772871,4.611848898491975e-11,1.0,0.0
2,213,267,310,3,276,279,log_euclidean_gaussian_ar,267.0,0.01,0.3068692086929963,13.531009359106228,0.06586611942565734,,,
2,213,267,310,3,276,279,persistence,,,0.24913953505449066,12.3129417225143,0.040277978930489074,,,
2,213,267,310,3,276,279,raw_var_window_ar,72.0,10.0,0.46310902258522346,72.68892671177359,9.999999984229276e-09,,,
2,213,267,310,3,277,280,cholesky_gaussian_ar,267.0,0.01,0.41025404924490594,18.47232402394088,0.1284136036670928,,,
2,213,267,310,3,277,280,euclidean_gaussian_ar,267.0,1.0,0.4922863784234483,26.80888353787259,0.14814784909130932,,,
2,213,267,310,3,277,280,fixed_bwar,267.0,0.01,0.40591708811969046,19.41358292907945,0.0922823196848122,,,
2,213,267,310,3,277,280,local_bwar,48.0,0.01,0.3465379607794756,13.962522104875488,0.07828501495131052,5.0829249472607426e-11,1.0,0.0
2,213,267,310,3,277,280,log_euclidean_gaussian_ar,267.0,0.01,0.4211019865773523,16.24500099450001,0.09440903145138631,,,
2,213,267,310,3,277,280,persistence,,,0.6508201675109668,46.02989202030548,0.026411008386166942,,,
2,213,267,310,3,277,280,raw_var_window_ar,72.0,10.0,0.565247014401218,83.35548934124446,9.999999805063836e-09,,,
2,213,267,310,3,278,281,cholesky_gaussian_ar,267.0,0.01,0.33204643379311694,14.100594840028862,0.11206512447549888,,,
2,213,267,310,3,278,281,euclidean_gaussian_ar,267.0,1.0,0.48614986082150186,24.719832080111175,0.1777472979177673,,,
2,213,267,310,3,278,281,fixed_bwar,267.0,0.01,0.3738830814707144,16.26682219269889,0.09855451545366078,,,
2,213,267,310,3,278,281,local_bwar,48.0,0.01,0.3066278604432011,11.886837884086203,0.0827446035193583,5.967781265926535e-11,1.0,0.0
2,213,267,310,3,278,281,log_euclidean_gaussian_ar,267.0,0.01,0.44510946370457255,17.16134106506995,0.09144419307219945,,,
2,213,267,310,3,278,281,persistence,,,0.5978740741993618,39.65512891277455,0.0240006819148614,,,
2,213,267,310,3,278,281,raw_var_window_ar,72.0,10.0,0.652362524157377,88.75615303791844,9.999999981278069e-09,,,
2,213,267,310,3,279,282,cholesky_gaussian_ar,267.0,0.01,0.25533429033743904,10.045595236308795,0.11083770384147885,,,
2,213,267,310,3,279,282,euclidean_gaussian_ar,267.0,1.0,0.3355797193572168,11.244018512827205,0.22531781099539056,,,
2,213,267,310,3,279,282,fixed_bwar,267.0,0.01,0.29362361213425386,10.751259734985986,0.10417901099776644,,,
2,213,267,310,3,279,282,local_bwar,48.0,0.01,0.20237670066204724,7.653407677663502,0.13302153587983043,6.649410725906506e-11,1.0,0.0
2,213,267,310,3,279,282,log_euclidean_gaussian_ar,267.0,0.01,0.3692700396014267,15.832822720472953,0.08411495759624149,,,
2,213,267,310,3,279,282,persistence,,,0.23908430401541975,11.188926489041581,0.035063833272721175,,,
2,213,267,310,3,279,282,raw_var_window_ar,72.0,10.0,0.6781224956147929,86.71812162451492,9.999999866863767e-09,,,
2,213,267,310,3,280,283,cholesky_gaussian_ar,267.0,0.01,0.34758443826073765,13.917023073834288,0.11794929124149438,,,
2,213,267,310,3,280,283,euclidean_gaussian_ar,267.0,1.0,0.4330482274846967,17.0760769910433,0.2333824076270149,,,
2,213,267,310,3,280,283,fixed_bwar,267.0,0.01,0.39008772187374313,15.52057809509382,0.08745835194990349,,,
2,213,267,310,3,280,283,local_bwar,48.0,0.01,0.3154078406086396,12.118810095948106,0.08602487622439711,7.153968940869849e-11,1.0,0.0
2,213,267,310,3,280,283,log_euclidean_gaussian_ar,267.0,0.01,0.46547148634728647,21.13502025731694,0.067606684509078,,,
2,213,267,310,3,280,283,persistence,,,0.5517387316887505,33.05530952324772,0.035558502509210624,,,
2,213,267,310,3,280,283,raw_var_window_ar,72.0,10.0,0.7417135291110498,96.18521537378399,9.999999886785702e-09,,,
2,213,267,310,3,281,284,cholesky_gaussian_ar,267.0,0.01,0.36967674497283876,18.1318874960999,0.08406294506927167,,,
2,213,267,310,3,281,284,euclidean_gaussian_ar,267.0,1.0,0.48262487845594526,25.985745957925996,0.24236824473006366,,,
2,213,267,310,3,281,284,fixed_bwar,267.0,0.01,0.3819001960278625,17.270025608444108,0.09144191663934595,,,
2,213,267,310,3,281,284,local_bwar,48.0,0.01,0.36657268294822687,16.938699072552925,0.06714577531032605,7.940585003670338e-11,1.0,0.0
2,213,267,310,3,281,284,log_euclidean_gaussian_ar,267.0,0.01,0.43874115712120354,21.053097823163213,0.0473467033875369,,,
2,213,267,310,3,281,284,persistence,,,0.714723773944285,51.06581025034356,0.04002904579613318,,,
2,213,267,310,3,281,284,raw_var_window_ar,72.0,10.0,0.7038114300942447,101.56978899706115,9.999999984118614e-09,,,
2,213,267,310,3,282,285,cholesky_gaussian_ar,267.0,0.01,0.3724124189405104,17.6271216930336,0.08444765304486854,,,
2,213,267,310,3,282,285,euclidean_gaussian_ar,267.0,1.0,0.40038226898800905,21.13332075364069,0.22439548147461735,,,
2,213,267,310,3,282,285,fixed_bwar,267.0,0.01,0.3406914727520717,15.118652436969567,0.09562148854590458,,,
2,213,267,310,3,282,285,local_bwar,48.0,0.01,0.3562748588179385,17.06129532227989,0.08949631423723847,8.854802613277516e-11,1.0,0.0
2,213,267,310,3,282,285,log_euclidean_gaussian_ar,267.0,0.01,0.43053158927622637,23.0160842833307,0.04657687716500263,,,
2,213,267,310,3,282,285,persistence,,,0.47725189112016,26.778022351718036,0.07237585128154955,,,
2,213,267,310,3,282,285,raw_var_window_ar,72.0,10.0,0.5605985447457297,87.21815794655475,9.999999997395478e-09,,,
2,213,267,310,3,283,286,cholesky_gaussian_ar,267.0,0.01,0.5702595350465157,30.86688784961475,0.14103538392490958,,,
2,213,267,310,3,283,286,euclidean_gaussian_ar,267.0,1.0,0.7072190321370047,37.271618337522895,0.21276952814151584,,,
2,213,267,310,3,283,286,fixed_bwar,267.0,0.01,0.5614029899055732,25.799049184374788,0.11550376656718528,,,
2,213,267,310,3,283,286,local_bwar,48.0,0.01,0.5273909560468605,22.361108156253206,0.07480070855814619,8.825290720930957e-11,1.0,0.0
2,213,267,310,3,283,286,log_euclidean_gaussian_ar,267.0,0.01,0.3953594924708723,15.066417133370518,0.07003342840440838,,,
2,213,267,310,3,283,286,persistence,,,0.6207256226780933,28.64205435512479,0.04884627533271209,,,
2,213,267,310,3,283,286,raw_var_window_ar,72.0,10.0,0.31114473845998475,59.335372700168676,9.999999997348734e-09,,,
2,213,267,310,3,284,287,cholesky_gaussian_ar,267.0,0.01,0.7212990481966772,45.089988136150275,0.202234023043788,,,
2,213,267,310,3,284,287,euclidean_gaussian_ar,267.0,1.0,0.8526032933947798,49.24002443016205,0.18509316627331218,,,
2,213,267,310,3,284,287,fixed_bwar,267.0,0.01,0.8143713172062395,42.29279943346566,0.12116955227445858,,,
2,213,267,310,3,284,287,local_bwar,48.0,0.01,0.5470050385253684,21.68527914421331,0.09072961098911325,8.366454567891223e-11,1.0,0.0
2,213,267,310,3,284,287,log_euclidean_gaussian_ar,267.0,0.01,0.5207749962303374,24.398664459214856,0.09408028563603076,,,
2,213,267,310,3,284,287,persistence,,,0.877425206063868,53.57825238059404,0.05262998989895685,,,
2,213,267,310,3,284,287,raw_var_window_ar,72.0,10.0,0.327107597415455,44.65646779037202,9.999999700460179e-09,,,
2,213,267,310,3,285,288,cholesky_gaussian_ar,267.0,0.01,0.6577162047128914,34.78815200680408,0.14660351691768525,,,
2,213,267,310,3,285,288,euclidean_gaussian_ar,267.0,1.0,0.6952287241066157,38.041817070626,0.19702388534897397,,,
2,213,267,310,3,285,288,fixed_bwar,267.0,0.01,0.7194316799996142,33.08750272535682,0.10466801346964978,,,
2,213,267,310,3,285,288,local_bwar,48.0,0.01,0.46767459264716854,15.069312397255114,0.10140091350139731,8.629477890338999e-11,1.0,0.0
2,213,267,310,3,285,288,log_euclidean_gaussian_ar,267.0,0.01,0.5922949780800045,36.69756392499718,0.10227675826434245,,,
2,213,267,310,3,285,288,persistence,,,0.7258338577246279,47.12905355996466,0.029511895236177935,,,
2,213,267,310,3,285,288,raw_var_window_ar,72.0,10.0,0.3756301660409428,49.87804899107696,9.9999999292962e-09,,,
2,213,267,310,3,286,289,cholesky_gaussian_ar,267.0,0.01,0.28635548150870627,13.870471529674973,0.13152411276755327,,,
2,213,267,310,3,286,289,euclidean_gaussian_ar,267.0,1.0,0.3570999175427373,13.787505597649655,0.1837459393245223,,,
2,213,267,310,3,286,289,fixed_bwar,267.0,0.01,0.3369660818647393,10.782246968522529,0.09607813053913766,,,
2,213,267,310,3,286,289,local_bwar,48.0,0.01,0.4148024121006191,16.242122487972086,0.11003457856544478,1.0226466876488546e-10,1.0,0.0
2,213,267,310,3,286,289,log_euclidean_gaussian_ar,267.0,0.01,0.4268321898059298,32.6305766333601,0.10380981908067503,,,
2,213,267,310,3,286,289,persistence,,,0.3382234079787219,19.014215870537814,0.026144881392166676,,,
2,213,267,310,3,286,289,raw_var_window_ar,72.0,10.0,0.41832090235825875,56.48392307109919,9.999999808566041e-09,,,
2,213,267,310,3,287,290,cholesky_gaussian_ar,267.0,0.01,0.1968752650450948,8.400930067533283,0.07995897929239831,,,
2,213,267,310,3,287,290,euclidean_gaussian_ar,267.0,1.0,0.3300790655009613,10.245848197663326,0.06075765485459117,,,
2,213,267,310,3,287,290,fixed_bwar,267.0,0.01,0.29723126722327803,10.764307759665023,0.06647919818539066,,,
2,213,267,310,3,287,290,local_bwar,48.0,0.01,0.3695975686351896,13.672248172295902,0.13100767367398325,1.1587092931587243e-10,1.0,0.0
2,213,267,310,3,287,290,log_euclidean_gaussian_ar,267.0,0.01,0.2872102939677336,11.807824322741101,0.06151624928965478,,,
2,213,267,310,3,287,290,persistence,,,0.4105777585801953,17.741455116332375,0.021812757141883028,,,
2,213,267,310,3,287,290,raw_var_window_ar,72.0,10.0,0.38830461505377406,61.68033754155943,9.99999988351085e-09,,,
2,213,267,310,3,288,291,cholesky_gaussian_ar,267.0,0.01,0.2336854418079205,9.896009993016511,0.08426862155427765,,,
2,213,267,310,3,288,291,euclidean_gaussian_ar,267.0,1.0,0.4171876371410236,17.493896604461384,9.999999301482916e-09,,,
2,213,267,310,3,288,291,fixed_bwar,267.0,0.01,0.3178337811213315,11.00423281119425,0.06150486598614892,,,
2,213,267,310,3,288,291,local_bwar,48.0,0.01,0.37942448056250094,15.879022611573966,0.11848122325624678,1.2749413681846254e-10,1.0,0.0
2,213,267,310,3,288,291,log_euclidean_gaussian_ar,267.0,0.01,0.34754929804505075,16.366370931691073,0.06512352785446904,,,
2,213,267,310,3,288,291,persistence,,,0.6276423103437268,37.89813768966098,0.017575349856887187,,,
2,213,267,310,3,288,291,raw_var_window_ar,72.0,10.0,0.4273433938189,56.51414836515998,9.999999977633781e-09,,,
2,213,267,310,3,289,292,cholesky_gaussian_ar,267.0,0.01,0.16139818206863807,7.221387121363382,0.08852465763631799,,,
2,213,267,310,3,289,292,euclidean_gaussian_ar,267.0,1.0,0.3105223612558438,10.908516446343242,0.18255764866479213,,,
2,213,267,310,3,289,292,fixed_bwar,267.0,0.01,0.16821545864960996,6.813397355943022,0.07079245517618012,,,
2,213,267,310,3,289,292,local_bwar,48.0,0.01,0.25029717055486167,9.169709839016468,0.10884352888769402,1.3391725057641762e-10,1.0,0.0
2,213,267,310,3,289,292,log_euclidean_gaussian_ar,267.0,0.01,0.25006655633804364,13.269588228056733,0.055458607658112336,,,
2,213,267,310,3,289,292,persistence,,,0.4885548800385455,24.913434075971878,0.03203538067089042,,,
2,213,267,310,3,289,292,raw_var_window_ar,72.0,10.0,0.4285988910323223,61.68732306894956,9.99999998661027e-09,,,
2,213,267,310,3,290,293,cholesky_gaussian_ar,267.0,0.01,0.15023201024661426,6.413899535710269,0.09546738366093684,,,
2,213,267,310,3,290,293,euclidean_gaussian_ar,267.0,1.0,0.1820936284934124,7.709566595065212,0.16930871650396245,,,
2,213,267,310,3,290,293,fixed_bwar,267.0,0.01,0.21722066551664354,7.895088035843926,0.09013729640886249,,,
2,213,267,310,3,290,293,local_bwar,48.0,0.01,0.29918540205513766,9.944151361928103,0.12312301992526319,1.2784204078469073e-10,1.0,0.0
2,213,267,310,3,290,293,log_euclidean_gaussian_ar,267.0,0.01,0.1641267395798095,9.212852917216798,0.0653480466228985,,,
2,213,267,310,3,290,293,persistence,,,0.15749834574930385,9.617661578517637,0.05214655370379573,,,
2,213,267,310,3,290,293,raw_var_window_ar,72.0,10.0,0.3185218408920831,63.524285926855555,9.999999965038475e-09,,,
2,213,267,310,3,291,294,cholesky_gaussian_ar,267.0,0.01,0.2565748769713337,8.835121414676017,0.12399113609271242,,,
2,213,267,310,3,291,294,euclidean_gaussian_ar,267.0,1.0,0.43900849054269925,21.500037777045584,0.15475974053595162,,,
2,213,267,310,3,291,294,fixed_bwar,267.0,0.01,0.34549441013873017,13.31723532730994,0.08777255913463822,,,
2,213,267,310,3,291,294,local_bwar,48.0,0.01,0.22744778081930325,8.648634192518113,0.11076634521023644,9.968567750170051e-11,1.0,0.0
2,213,267,310,3,291,294,log_euclidean_gaussian_ar,267.0,0.01,0.3082654821948447,9.827087126819997,0.07751755097142018,,,
2,213,267,310,3,291,294,persistence,,,0.5517605888300086,34.57499039008439,0.015482370337923832,,,
2,213,267,310,3,291,294,raw_var_window_ar,72.0,10.0,0.4640296580441683,68.81232136749387,9.999999802789607e-09,,,
2,213,267,310,3,292,295,cholesky_gaussian_ar,267.0,0.01,0.32180586773899433,12.165670747299984,0.1203635645694922,,,
2,213,267,310,3,292,295,euclidean_gaussian_ar,267.0,1.0,0.4637306187781302,23.222453584484864,0.19551216217379175,,,
2,213,267,310,3,292,295,fixed_bwar,267.0,0.01,0.37939540478352857,15.287036912854317,0.09701054847607445,,,
2,213,267,310,3,292,295,local_bwar,48.0,0.01,0.37443164585492683,13.455608947477447,0.12734400498335893,9.365989185965676e-11,1.0,0.0
2,213,267,310,3,292,295,log_euclidean_gaussian_ar,267.0,0.01,0.33205422938825196,11.798681524781525,0.07942138083402871,,,
2,213,267,310,3,292,295,persistence,,,0.5838848049757558,36.09668924151821,0.03078292540629891,,,
2,213,267,310,3,292,295,raw_var_window_ar,72.0,10.0,0.5020775843740276,69.99490668715103,9.999999967835754e-09,,,
2,213,267,310,3,293,296,cholesky_gaussian_ar,267.0,0.01,0.4271333014004665,16.064327645710502,0.12748902665374298,,,
2,213,267,310,3,293,296,euclidean_gaussian_ar,267.0,1.0,0.32713370476563486,12.969385564874058,0.22201193450787765,,,
2,213,267,310,3,293,296,fixed_bwar,267.0,0.01,0.40626440233146777,15.805097062258948,0.0826509559915273,,,
2,213,267,310,3,293,296,local_bwar,48.0,0.01,0.35924939379643733,11.624814105048605,0.1261451550019177,8.652137691020262e-11,1.0,0.0
2,213,267,310,3,293,296,log_euclidean_gaussian_ar,267.0,0.01,0.4396262871314915,17.228354801797387,0.05873591170048655,,,
2,213,267,310,3,293,296,persistence,,,0.24534094194707,11.487585919622974,0.03828881660384394,,,
2,213,267,310,3,293,296,raw_var_window_ar,72.0,10.0,0.41165435408708356,59.38556449598814,9.999999981883984e-09,,,
2,213,267,310,3,294,297,cholesky_gaussian_ar,267.0,0.01,0.29836695010794323,10.496037007391342,0.09669480785065071,,,
2,213,267,310,3,294,297,euclidean_gaussian_ar,267.0,1.0,0.2745854330190736,10.479721196500698,0.2325919480456253,,,
2,213,267,310,3,294,297,fixed_bwar,267.0,0.01,0.3165106320153572,11.64057029074117,0.06744927956222055,,,
2,213,267,310,3,294,297,local_bwar,48.0,0.01,0.351672065148184,10.593589741691616,0.10569882932787932,7.25750231333576e-11,1.0,0.0
2,213,267,310,3,294,297,log_euclidean_gaussian_ar,267.0,0.01,0.36534433527034016,13.678152686139807,0.05037416374831389,,,
2,213,267,310,3,294,297,persistence,,,0.3094342269191205,15.769020657586927,0.029632201081317745,,,
2,213,267,310,3,294,297,raw_var_window_ar,72.0,10.0,0.3286437080969008,49.179144151808636,9.999999815967413e-09,,,
2,213,267,310,3,295,298,cholesky_gaussian_ar,267.0,0.01,0.30491626948040323,9.734002668139189,0.092674468569187,,,
2,213,267,310,3,295,298,euclidean_gaussian_ar,267.0,1.0,0.3579617030305434,16.459385186253826,0.22241929453272533,,,
2,213,267,310,3,295,298,fixed_bwar,267.0,0.01,0.2856492860020038,8.482908799613227,0.06326202079568356,,,
2,213,267,310,3,295,298,local_bwar,48.0,0.01,0.45586763214263654,17.67909136229524,0.11024781237302314,6.783919809011811e-11,1.0,0.0
2,213,267,310,3,295,298,log_euclidean_gaussian_ar,267.0,0.01,0.31507957018267463,8.015513384168216,0.05512868936740401,,,
2,213,267,310,3,295,298,persistence,,,0.5741916872870594,34.39386004383145,0.02299762965453322,,,
2,213,267,310,3,295,298,raw_var_window_ar,72.0,10.0,0.3406742206365234,37.416640899763905,9.999999985967707e-09,,,
2,213,267,310,3,296,299,cholesky_gaussian_ar,267.0,0.01,0.2397470497022511,6.726299278809227,0.08995094357264125,,,
2,213,267,310,3,296,299,euclidean_gaussian_ar,267.0,1.0,0.3305351145324511,12.01710243670491,0.20441346850493936,,,
2,213,267,310,3,296,299,fixed_bwar,267.0,0.01,0.25207305515504425,6.937888018809298,0.06622254852015903,,,
2,213,267,310,3,296,299,local_bwar,48.0,0.01,0.44782640210304325,15.992989357568504,0.12047773565091417,7.293747339853768e-11,1.0,0.0
2,213,267,310,3,296,299,log_euclidean_gaussian_ar,267.0,0.01,0.2631434387060774,7.277341664263336,0.06567383128473125,,,
2,213,267,310,3,296,299,persistence,,,0.4019239883145631,17.39853297513403,0.0371507752066944,,,
2,213,267,310,3,296,299,raw_var_window_ar,72.0,10.0,0.3123099959246503,39.87733061550022,9.99999994592229e-09,,,
2,213,267,310,3,297,300,cholesky_gaussian_ar,267.0,0.01,0.2297119458406412,8.470840720309845,0.09112443741183866,,,
2,213,267,310,3,297,300,euclidean_gaussian_ar,267.0,1.0,0.3039116188541006,12.230882912182444,0.17926830170471275,,,
2,213,267,310,3,297,300,fixed_bwar,267.0,0.01,0.2641744827948075,9.470514089188747,0.07652279987508191,,,
2,213,267,310,3,297,300,local_bwar,48.0,0.01,0.27686170648364394,8.051750891131185,0.1053573828583614,6.93993354760809e-11,1.0,0.0
2,213,267,310,3,297,300,log_euclidean_gaussian_ar,267.0,0.01,0.23602963528159338,8.357229921303986,0.06947299645376823,,,
2,213,267,310,3,297,300,persistence,,,0.15758067837548387,8.918244890143272,0.029983581460148363,,,
2,213,267,310,3,297,300,raw_var_window_ar,72.0,10.0,0.3284083439987138,52.97416235209055,9.999999976343465e-09,,,
2,213,267,310,3,298,301,cholesky_gaussian_ar,267.0,0.01,0.23696371790088683,9.957146703518342,0.08903676569288488,,,
2,213,267,310,3,298,301,euclidean_gaussian_ar,267.0,1.0,0.46121848323430104,23.56863397929306,0.14426035328432796,,,
2,213,267,310,3,298,301,fixed_bwar,267.0,0.01,0.330790385136664,13.39407841518784,0.08536633763962972,,,
2,213,267,310,3,298,301,local_bwar,48.0,0.01,0.15070214021676043,6.711294984110188,0.10454693372847355,6.819904265268621e-11,1.0,0.0
2,213,267,310,3,298,301,log_euclidean_gaussian_ar,267.0,0.01,0.2893838473066684,12.141121543513954,0.07438493071074637,,,
2,213,267,310,3,298,301,persistence,,,0.5267492671522442,33.15329369317997,0.00925021652578657,,,
2,213,267,310,3,298,301,raw_var_window_ar,72.0,10.0,0.47232721981883474,69.67949697200056,9.999999940796133e-09,,,
2,213,267,310,3,299,302,cholesky_gaussian_ar,267.0,0.01,0.2731500822232763,11.781158591633444,0.08914065596428111,,,
2,213,267,310,3,299,302,euclidean_gaussian_ar,267.0,1.0,0.44378556466342506,20.71885742163,0.15158172657159055,,,
2,213,267,310,3,299,302,fixed_bwar,267.0,0.01,0.3248174963212339,13.274641061131124,0.08985944540973687,,,
2,213,267,310,3,299,302,local_bwar,48.0,0.01,0.23238278077162355,7.584116569830382,0.11226308163514945,6.569937640820007e-11,1.0,0.0
2,213,267,310,3,299,302,log_euclidean_gaussian_ar,267.0,0.01,0.33585099403748747,17.07508116475937,0.06297615908482948,,,
2,213,267,310,3,299,302,persistence,,,0.4638756881401279,24.434379000353967,0.018387539843298353,,,
2,213,267,310,3,299,302,raw_var_window_ar,72.0,10.0,0.44857489749056456,67.78450573191972,9.99999974661889e-09,,,
2,213,267,310,3,300,303,cholesky_gaussian_ar,267.0,0.01,0.30772403170722723,11.623933628610022,0.08796326437941601,,,
2,213,267,310,3,300,303,euclidean_gaussian_ar,267.0,1.0,0.3061194845404104,12.591293106589028,0.20233221707928384,,,
2,213,267,310,3,300,303,fixed_bwar,267.0,0.01,0.3067238078048139,11.706080734573398,0.07902722352805144,,,
2,213,267,310,3,300,303,local_bwar,48.0,0.01,0.45017377529616753,16.44711982241907,0.11375123960213575,6.121448213087048e-11,1.0,0.0
2,213,267,310,3,300,303,log_euclidean_gaussian_ar,267.0,0.01,0.31464874313032226,16.830239058641435,0.051839954735379216,,,
2,213,267,310,3,300,303,persistence,,,0.16250534120577156,6.684226792003468,0.025553478383538674,,,
2,213,267,310,3,300,303,raw_var_window_ar,72.0,10.0,0.36464706676600206,49.99293927042797,9.999999868929988e-09,,,
2,213,267,310,3,301,304,cholesky_gaussian_ar,267.0,0.01,0.4186367929099829,15.104919048952315,0.08770160722575639,,,
2,213,267,310,3,301,304,euclidean_gaussian_ar,267.0,1.0,0.38245557235022404,16.10042307196913,0.2288925376693024,,,
2,213,267,310,3,301,304,fixed_bwar,267.0,0.01,0.39770570967210345,13.24692124828324,0.06572129865804832,,,
2,213,267,310,3,301,304,local_bwar,48.0,0.01,0.5473517684876735,19.967601996226392,0.0864483815371815,9.834220759989947e-10,1.0,0.0
2,213,267,310,3,301,304,log_euclidean_gaussian_ar,267.0,0.01,0.5049730727004333,15.319362484052622,0.04043846508715944,,,
2,213,267,310,3,301,304,persistence,,,0.40741835224502515,24.3967665139007,0.029411211719911613,,,
2,213,267,310,3,301,304,raw_var_window_ar,72.0,10.0,0.2950807559258938,37.46256570126629,9.99999999027073e-09,,,
2,213,267,310,3,302,305,cholesky_gaussian_ar,267.0,0.01,0.4311740057041766,14.307924889634238,0.0643535450706484,,,
2,213,267,310,3,302,305,euclidean_gaussian_ar,267.0,1.0,0.3935638858135619,18.15857095010731,0.22209014608621475,,,
2,213,267,310,3,302,305,fixed_bwar,267.0,0.01,0.36625306384852313,11.341550177501617,0.0476296048731806,,,
2,213,267,310,3,302,305,local_bwar,48.0,0.01,0.4906747517075419,17.756942927916057,0.08875641081170633,9.506056169743708e-10,1.0,0.0
2,213,267,310,3,302,305,log_euclidean_gaussian_ar,267.0,0.01,0.4208026864241769,9.286627796933251,0.03874443262678906,,,
2,213,267,310,3,302,305,persistence,,,0.5367373395760118,33.26255764855801,0.027934292361555875,,,
2,213,267,310,3,302,305,raw_var_window_ar,72.0,10.0,0.3020869329035508,28.58107957947451,9.999999989448701e-09,,,
2,213,267,310,3,303,306,cholesky_gaussian_ar,267.0,0.01,0.36153348220781506,11.33344368000211,0.08653495570812765,,,
2,213,267,310,3,303,306,euclidean_gaussian_ar,267.0,1.0,0.24527886496932494,8.8909339333925,0.17760488152597287,,,
2,213,267,310,3,303,306,fixed_bwar,267.0,0.01,0.2943847982585073,8.464675221486191,0.038496932074619496,,,
2,213,267,310,3,303,306,local_bwar,48.0,0.01,0.5090734850554393,18.72240882984138,0.11663315527605336,6.331323647700392e-11,1.0,0.0
2,213,267,310,3,303,306,log_euclidean_gaussian_ar,267.0,0.01,0.3420916410733199,8.066484453424952,0.03508677749054859,,,
2,213,267,310,3,303,306,persistence,,,0.37877239986230604,17.3193269768105,0.0352371659101735,,,
2,213,267,310,3,303,306,raw_var_window_ar,72.0,10.0,0.30131661839132634,31.299358947463567,9.999999928284291e-09,,,
2,213,267,310,3,304,307,cholesky_gaussian_ar,267.0,0.01,0.4089075642269567,13.777756542867792,0.08052933927337828,,,
2,213,267,310,3,304,307,euclidean_gaussian_ar,267.0,1.0,0.24987880224738665,9.99287029831805,0.11824828331768769,,,
2,213,267,310,3,304,307,fixed_bwar,267.0,0.01,0.30828545761772097,9.567849496547794,0.05466835908955714,,,
2,213,267,310,3,304,307,local_bwar,48.0,0.01,0.5962217447315311,26.23961384353695,0.1278056434014294,6.284625828195075e-11,1.0,0.0
2,213,267,310,3,304,307,log_euclidean_gaussian_ar,267.0,0.01,0.3729148798097017,8.32174348361729,0.03901261917682898,,,
2,213,267,310,3,304,307,persistence,,,0.2648622359006952,10.28374592309063,0.026548339459902044,,,
2,213,267,310,3,304,307,raw_var_window_ar,72.0,10.0,0.37353435205800584,26.531766067036564,9.999999988846502e-09,,,
2,213,267,310,3,305,308,cholesky_gaussian_ar,267.0,0.01,0.42772627432824556,15.42686424988824,0.1287994702321233,,,
2,213,267,310,3,305,308,euclidean_gaussian_ar,267.0,1.0,0.37015628353864644,15.84003933854588,0.11769178975244257,,,
2,213,267,310,3,305,308,fixed_bwar,267.0,0.01,0.3444311702639527,11.097744801302348,0.06456385940396285,,,
2,213,267,310,3,305,308,local_bwar,48.0,0.01,0.4041094967797571,14.424582192202486,0.09709089291645538,6.064809440569545e-11,1.0,0.0
2,213,267,310,3,305,308,log_euclidean_gaussian_ar,267.0,0.01,0.35849326828481576,9.344030661318591,0.06947407352902481,,,
2,213,267,310,3,305,308,persistence,,,0.4032040379756957,18.962274523769278,0.02351835259897903,,,
2,213,267,310,3,305,308,raw_var_window_ar,72.0,10.0,0.43106749845400794,37.60903962662941,9.99999986625226e-09,,,
2,213,267,310,3,306,309,cholesky_gaussian_ar,267.0,0.01,0.3596771629686726,11.781605427015474,0.10913141193144338,,,
2,213,267,310,3,306,309,euclidean_gaussian_ar,267.0,1.0,0.39182436791457875,15.565019965732265,0.13338224715113237,,,
2,213,267,310,3,306,309,fixed_bwar,267.0,0.01,0.35079809812687157,11.739050932069523,0.0684718088938157,,,
2,213,267,310,3,306,309,local_bwar,48.0,0.01,0.28374641082106533,9.45281439805123,0.09762488554677852,6.376577251712322e-11,1.0,0.0
2,213,267,310,3,306,309,log_euclidean_gaussian_ar,267.0,0.01,0.28634627101794696,8.108233091636794,0.06677577471967287,,,
2,213,267,310,3,306,309,persistence,,,0.4128282639617276,19.72147627679577,0.015079273230822463,,,
2,213,267,310,3,306,309,raw_var_window_ar,72.0,10.0,0.4518880899730715,42.541089042914514,9.999999965240905e-09,,,
2,213,267,310,4,263,267,cholesky_gaussian_ar,267.0,0.01,0.23610518869456676,9.0729664587791,0.10076474969356713,,,
2,213,267,310,4,263,267,euclidean_gaussian_ar,267.0,0.01,0.19540899953758714,7.9576031501435835,1.0000000096860583e-08,,,
2,213,267,310,4,263,267,fixed_bwar,267.0,0.01,0.33227046432526314,12.637534971901276,0.12222276918104108,,,
2,213,267,310,4,263,267,local_bwar,48.0,0.01,0.4898489920366661,23.924337336876448,0.07569118953854949,8.21329134168534e-10,1.0,0.0
2,213,267,310,4,263,267,log_euclidean_gaussian_ar,267.0,0.01,0.1937804988622886,8.719877274474033,0.05517725278477692,,,
2,213,267,310,4,263,267,persistence,,,0.7055968178760381,54.70838511234709,0.03231715167812055,,,
2,213,267,310,4,263,267,raw_var_window_ar,72.0,10.0,0.629879139663671,120.1771595281303,9.999999999390874e-09,,,
2,213,267,310,4,264,268,cholesky_gaussian_ar,267.0,0.01,0.36685915895871674,15.204589836049598,0.13313936364479753,,,
2,213,267,310,4,264,268,euclidean_gaussian_ar,267.0,0.01,0.17746451224945667,9.31366870785151,9.999998757384063e-09,,,
2,213,267,310,4,264,268,fixed_bwar,267.0,0.01,0.468205101924831,16.94139427922405,0.14071722466656045,,,
2,213,267,310,4,264,268,local_bwar,48.0,0.01,0.540070252177173,27.217417797533273,0.09419487914583215,7.965779874468825e-10,1.0,0.0
2,213,267,310,4,264,268,log_euclidean_gaussian_ar,267.0,0.01,0.30671230877331923,13.627718426351656,0.09590059846804444,,,
2,213,267,310,4,264,268,persistence,,,0.6631149554287248,46.690764641291274,0.02895896802283136,,,
2,213,267,310,4,264,268,raw_var_window_ar,72.0,10.0,0.7439302563750362,122.9441891228049,9.999999999133568e-09,,,
2,213,267,310,4,265,269,cholesky_gaussian_ar,267.0,0.01,0.40396640416664603,20.015656699546476,0.09884199109616378,,,
2,213,267,310,4,265,269,euclidean_gaussian_ar,267.0,0.01,0.40795323478759205,22.043326904554625,0.10022867154350444,,,
2,213,267,310,4,265,269,fixed_bwar,267.0,0.01,0.33235279973587833,11.908972851260103,0.11229477131459592,,,
2,213,267,310,4,265,269,local_bwar,48.0,0.01,0.6699192764886299,42.91736209901334,0.028353950980745474,8.598938182596486e-10,1.0,0.0
2,213,267,310,4,265,269,log_euclidean_gaussian_ar,267.0,0.01,0.36651442684192537,18.46204993769648,0.0871245730457262,,,
2,213,267,310,4,265,269,persistence,,,0.6139987871297459,23.461884697039597,0.015067734246774498,,,
2,213,267,310,4,265,269,raw_var_window_ar,72.0,10.0,0.5555460133918441,91.13655461719587,9.999999999594111e-09,,,
2,213,267,310,4,266,270,cholesky_gaussian_ar,267.0,0.01,0.7066522835727866,50.871186966740574,0.09906775692485555,,,
2,213,267,310,4,266,270,euclidean_gaussian_ar,267.0,0.01,0.9917221803011859,65.12865884626814,0.20326863090332103,,,
2,213,267,310,4,266,270,fixed_bwar,267.0,0.01,0.5089047690975155,24.36879833584382,0.10670852682809612,,,
2,213,267,310,4,266,270,local_bwar,48.0,0.01,0.6744517557901644,39.35016239303724,0.07224646509184297,7.912028919503426e-10,1.0,0.0
2,213,267,310,4,266,270,log_euclidean_gaussian_ar,267.0,0.01,0.6514291696800407,64.74713619317043,0.07878709732065739,,,
2,213,267,310,4,266,270,persistence,,,0.545127961872143,34.059059867848205,0.03381055293726539,,,
2,213,267,310,4,266,270,raw_var_window_ar,72.0,10.0,0.44840941776672266,62.96225979462535,9.99999999999038e-09,,,
2,213,267,310,4,267,271,cholesky_gaussian_ar,267.0,0.01,0.5746119195955299,36.88833684980287,0.0962155346254079,,,
2,213,267,310,4,267,271,euclidean_gaussian_ar,267.0,0.01,0.831890309665995,47.695960873292556,0.10015261239780804,,,
2,213,267,310,4,267,271,fixed_bwar,267.0,0.01,0.4083047614494602,16.764284473342826,0.08674789192650112,,,
2,213,267,310,4,267,271,local_bwar,48.0,0.01,0.49119110888339085,22.899762317286022,0.09808512912434554,7.786883220941755e-10,1.0,0.0
2,213,267,310,4,267,271,log_euclidean_gaussian_ar,267.0,0.01,0.45707924913665154,24.16561560059566,0.0817110438480312,,,
2,213,267,310,4,267,271,persistence,,,0.5389744039765753,29.385652261743985,0.0497220201086249,,,
2,213,267,310,4,267,271,raw_var_window_ar,72.0,10.0,0.47403199970874504,79.49282169279302,9.999999999999312e-09,,,
2,213,267,310,4,268,272,cholesky_gaussian_ar,267.0,0.01,0.5622555122296395,34.1536849708486,0.1131607131659376,,,
2,213,267,310,4,268,272,euclidean_gaussian_ar,267.0,0.01,0.8983125768391728,50.50366269728146,0.2402083136995638,,,
2,213,267,310,4,268,272,fixed_bwar,267.0,0.01,0.44633784968093804,20.77259141198332,0.09059494523110462,,,
2,213,267,310,4,268,272,local_bwar,48.0,0.01,0.5912122875789302,27.55201045278377,0.08252671395467748,8.161068106983291e-10,1.0,0.0
2,213,267,310,4,268,272,log_euclidean_gaussian_ar,267.0,0.01,0.4704780078118644,26.47001146371514,0.0670255419533263,,,
2,213,267,310,4,268,272,persistence,,,0.3691081713824296,15.812390374885222,0.046977480345002216,,,
2,213,267,310,4,268,272,raw_var_window_ar,72.0,10.0,0.5387739432009294,97.35322413984218,9.999999999827619e-09,,,
2,213,267,310,4,269,273,cholesky_gaussian_ar,267.0,0.01,0.4554654977974301,22.824600448578206,0.11393135405022459,,,
2,213,267,310,4,269,273,euclidean_gaussian_ar,267.0,0.01,0.6197280605313082,34.25909671251555,0.2580971141725547,,,
2,213,267,310,4,269,273,fixed_bwar,267.0,0.01,0.40609162754544903,18.289796815714272,0.1087764678946299,,,
2,213,267,310,4,269,273,local_bwar,48.0,0.01,0.40177954632392626,16.545359642550327,0.16051830291741911,7.816321101593119e-10,1.0,0.0
2,213,267,310,4,269,273,log_euclidean_gaussian_ar,267.0,0.01,0.47943839082855094,25.694343718632787,0.08290210013447738,,,
2,213,267,310,4,269,273,persistence,,,0.33251360266145635,15.470526439546608,0.040375897697154974,,,
2,213,267,310,4,269,273,raw_var_window_ar,72.0,10.0,0.6566955444427447,112.82409023889265,9.999999999995421e-09,,,
2,213,267,310,4,270,274,cholesky_gaussian_ar,267.0,0.01,0.3118877935858554,14.183774235021938,0.13833284910600874,,,
2,213,267,310,4,270,274,euclidean_gaussian_ar,267.0,0.01,0.5206843483620968,27.083162432876467,0.23679034096945004,,,
2,213,267,310,4,270,274,fixed_bwar,267.0,0.01,0.2975527147827831,12.512664737454816,0.1295053177129459,,,
2,213,267,310,4,270,274,local_bwar,48.0,0.01,0.2752253066822377,9.892222428036966,0.11023353890670876,7.119463660642972e-10,1.0,0.0
2,213,267,310,4,270,274,log_euclidean_gaussian_ar,267.0,0.01,0.3149697908675241,13.681926295115085,0.10882206822940753,,,
2,213,267,310,4,270,274,persistence,,,0.5036601051220897,32.52650728799207,0.03639912283441587,,,
2,213,267,310,4,270,274,raw_var_window_ar,72.0,10.0,0.6005146529809787,103.03511865538842,9.99999999968543e-09,,,
2,213,267,310,4,271,275,cholesky_gaussian_ar,267.0,0.01,0.3033563105922439,12.889812583217559,0.1256355300689647,,,
2,213,267,310,4,271,275,euclidean_gaussian_ar,267.0,0.01,0.42954642229371065,22.656218651619668,0.08870008218925238,,,
2,213,267,310,4,271,275,fixed_bwar,267.0,0.01,0.26635818535013284,10.665042667155193,0.12595369793199016,,,
2,213,267,310,4,271,275,local_bwar,48.0,0.01,0.2984291778074042,10.027351238999495,0.12648886931677011,7.351206501703992e-10,1.0,0.0
2,213,267,310,4,271,275,log_euclidean_gaussian_ar,267.0,0.01,0.2735000556872214,9.997807018418774,0.12051439366889803,,,
2,213,267,310,4,271,275,persistence,,,0.3427636509752282,16.57135190193198,0.024926063197136274,,,
2,213,267,310,4,271,275,raw_var_window_ar,72.0,10.0,0.5131991792596762,87.35617637889064,9.999999999059944e-09,,,
2,213,267,310,4,272,276,cholesky_gaussian_ar,267.0,0.01,0.2261381799471951,8.236061393264096,0.10132024033715346,,,
2,213,267,310,4,272,276,euclidean_gaussian_ar,267.0,0.01,0.46228100102644765,20.294664437900003,0.04540473668432462,,,
2,213,267,310,4,272,276,fixed_bwar,267.0,0.01,0.21260862871579403,7.9797497645342075,0.09336748318189618,,,
2,213,267,310,4,272,276,local_bwar,48.0,0.01,0.2640608643144947,10.839033634469844,0.11427866922271078,7.757808192462958e-10,1.0,0.0
2,213,267,310,4,272,276,log_euclidean_gaussian_ar,267.0,0.01,0.2976386124104217,11.363449743812675,0.07719492152924774,,,
2,213,267,310,4,272,276,persistence,,,0.27871689831292457,16.666176894255923,0.03713314826342313,,,
2,213,267,310,4,272,276,raw_var_window_ar,72.0,10.0,0.5082634562970876,88.45876861197219,9.99999999888423e-09,,,
2,213,267,310,4,273,277,cholesky_gaussian_ar,267.0,0.01,0.25343048915858196,10.233896823434563,0.07783101052335505,,,
2,213,267,310,4,273,277,euclidean_gaussian_ar,267.0,0.01,0.4300091984410904,23.47589607286783,1.0000001055951261e-08,,,
2,213,267,310,4,273,277,fixed_bwar,267.0,0.01,0.25076571890226784,9.915144061462437,0.06670345471460565,,,
2,213,267,310,4,273,277,local_bwar,48.0,0.01,0.3370585848960488,13.125587032313224,0.0867832397228021,8.745197711991706e-10,1.0,0.0
2,213,267,310,4,273,277,log_euclidean_gaussian_ar,267.0,0.01,0.29721561089275045,9.798006648898529,0.05020851552977961,,,
2,213,267,310,4,273,277,persistence,,,0.6903346225094724,53.62623232802114,0.03447150483758448,,,
2,213,267,310,4,273,277,raw_var_window_ar,72.0,10.0,0.5618806232155308,80.17220713644032,9.999999999841989e-09,,,
2,213,267,310,4,274,278,cholesky_gaussian_ar,267.0,0.01,0.2223032532276633,8.82274847508552,0.08473015705183093,,,
2,213,267,310,4,274,278,euclidean_gaussian_ar,267.0,0.01,0.4772044877675406,22.305305088449362,9.999999739547649e-09,,,
2,213,267,310,4,274,278,fixed_bwar,267.0,0.01,0.21430675846891115,7.977928927314522,0.0653285620839835,,,
2,213,267,310,4,274,278,local_bwar,48.0,0.01,0.38387191912346313,17.78775639985574,0.1195300340569114,9.949152098079988e-10,1.0,0.0
2,213,267,310,4,274,278,log_euclidean_gaussian_ar,267.0,0.01,0.25417850856161806,9.7798262181498,0.04310770812866691,,,
2,213,267,310,4,274,278,persistence,,,0.6161646611353423,43.83264384246472,0.055287716431459626,,,
2,213,267,310,4,274,278,raw_var_window_ar,72.0,10.0,0.5265183163185935,83.29861623871643,9.999999999106003e-09,,,
2,213,267,310,4,275,279,cholesky_gaussian_ar,267.0,0.01,0.26859979103448767,11.585542839503772,0.06704124736207308,,,
2,213,267,310,4,275,279,euclidean_gaussian_ar,267.0,0.01,0.590521375770522,31.24297657357822,1.0000000765736482e-08,,,
2,213,267,310,4,275,279,fixed_bwar,267.0,0.01,0.2585317844363275,11.50756975204952,0.06860350604383057,,,
2,213,267,310,4,275,279,local_bwar,48.0,0.01,0.21364925808063973,8.260424802878399,0.10178674018811308,4.65846856760946e-11,1.0,0.0
2,213,267,310,4,275,279,log_euclidean_gaussian_ar,267.0,0.01,0.3468738741754019,20.358449340746326,0.041456583813956546,,,
2,213,267,310,4,275,279,persistence,,,0.24593953415439537,12.777665354613003,0.045467505829327626,,,
2,213,267,310,4,275,279,raw_var_window_ar,72.0,10.0,0.4149941294519803,81.59895881317999,9.999999999985988e-09,,,
2,213,267,310,4,276,280,cholesky_gaussian_ar,267.0,0.01,0.4133989051671872,18.836623878008353,0.11310021390512305,,,
2,213,267,310,4,276,280,euclidean_gaussian_ar,267.0,0.01,0.5250437678467218,31.297418505868606,9.999997818533671e-09,,,
2,213,267,310,4,276,280,fixed_bwar,267.0,0.01,0.3721864783854616,16.22666051780376,0.10302559590847594,,,
2,213,267,310,4,276,280,local_bwar,48.0,0.01,0.25901285982863165,9.126355620997721,0.11066817320980936,4.611848898491975e-11,1.0,0.0
2,213,267,310,4,276,280,log_euclidean_gaussian_ar,267.0,0.01,0.42244006986177796,20.96989549693119,0.07398906279621861,,,
2,213,267,310,4,276,280,persistence,,,0.4407594356821629,25.152747782925992,0.040277978930489074,,,
2,213,267,310,4,276,280,raw_var_window_ar,72.0,10.0,0.5516054502842768,89.0542435792598,9.999999997891462e-09,,,
2,213,267,310,4,277,281,cholesky_gaussian_ar,267.0,0.01,0.3346632871730822,13.290551957165036,0.15762950886281346,,,
2,213,267,310,4,277,281,euclidean_gaussian_ar,267.0,0.01,0.28106689453074857,15.7456599807876,0.04358210220367316,,,
2,213,267,310,4,277,281,fixed_bwar,267.0,0.01,0.32849516248462773,11.878878679024233,0.1292709762478243,,,
2,213,267,310,4,277,281,local_bwar,48.0,0.01,0.239998470630471,8.05732642881658,0.10578228689482515,5.0829249472607426e-11,1.0,0.0
2,213,267,310,4,277,281,log_euclidean_gaussian_ar,267.0,0.01,0.4071350815056114,18.698705056138493,0.0721537679741386,,,
2,213,267,310,4,277,281,persistence,,,0.6566555135967901,47.039603066525245,0.026411008386166942,,,
2,213,267,310,4,277,281,raw_var_window_ar,72.0,10.0,0.6124250262287572,98.12033973156582,9.999999999697719e-09,,,
2,213,267,310,4,278,282,cholesky_gaussian_ar,267.0,0.01,0.31945759058604195,11.462938932279219,0.12211539734030359,,,
2,213,267,310,4,278,282,euclidean_gaussian_ar,267.0,0.01,0.2494948494999331,11.050253521503,1.000000009399574e-08,,,
2,213,267,310,4,278,282,fixed_bwar,267.0,0.01,0.31820379594563286,10.29839298256567,0.11792782242134439,,,
2,213,267,310,4,278,282,local_bwar,48.0,0.01,0.22912403038496781,8.399298164186202,0.0854702237087626,5.967781265926535e-11,1.0,0.0
2,213,267,310,4,278,282,log_euclidean_gaussian_ar,267.0,0.01,0.4708377070242953,20.00184290063701,0.09802938546715127,,,
2,213,267,310,4,278,282,persistence,,,0.4337634290248535,23.127029455278667,0.0240006819148614,,,
2,213,267,310,4,278,282,raw_var_window_ar,72.0,10.0,0.596853352613114,98.42835576144023,9.99999999873174e-09,,,
2,213,267,310,4,279,283,cholesky_gaussian_ar,267.0,0.01,0.3100658670252475,12.703162954028764,0.11421282966427823,,,
2,213,267,310,4,279,283,euclidean_gaussian_ar,267.0,0.01,0.24107626707120716,14.439504236018015,9.999999905526286e-09,,,
2,213,267,310,4,279,283,fixed_bwar,267.0,0.01,0.3481180609138147,13.33746472077086,0.09990438165384598,,,
2,213,267,310,4,279,283,local_bwar,48.0,0.01,0.25830331077585383,10.111305032186838,0.09604157260108259,6.649410725906506e-11,1.0,0.0
2,213,267,310,4,279,283,log_euclidean_gaussian_ar,267.0,0.01,0.4141368497246049,19.63117446113721,0.08006343058355786,,,
2,213,267,310,4,279,283,persistence,,,0.3785470774561804,19.52157338341719,0.035063833272721175,,,
2,213,267,310,4,279,283,raw_var_window_ar,72.0,10.0,0.6629412336542883,106.43056663668732,9.999999999354839e-09,,,
2,213,267,310,4,280,284,cholesky_gaussian_ar,267.0,0.01,0.4260845571310944,19.255285241979166,0.0967978601564847,,,
2,213,267,310,4,280,284,euclidean_gaussian_ar,267.0,0.01,0.3301951105217151,20.930904383094997,9.999999095049817e-09,,,
2,213,267,310,4,280,284,fixed_bwar,267.0,0.01,0.4698850859643182,20.468458824982193,0.07568574560391875,,,
2,213,267,310,4,280,284,local_bwar,48.0,0.01,0.3692228054105685,16.457847289833897,0.06489322442127479,7.153968940869849e-11,1.0,0.0
2,213,267,310,4,280,284,log_euclidean_gaussian_ar,267.0,0.01,0.5295398898262098,22.45352971971564,0.05847890290791521,,,
2,213,267,310,4,280,284,persistence,,,0.7270720917908886,51.226618864899784,0.035558502509210624,,,
2,213,267,310,4,280,284,raw_var_window_ar,72.0,10.0,0.7054883055914326,103.31587864894196,9.999999998962507e-09,,,
2,213,267,310,4,281,285,cholesky_gaussian_ar,267.0,0.01,0.37742835224280663,17.86624651121014,0.08804367489428727,,,
2,213,267,310,4,281,285,euclidean_gaussian_ar,267.0,0.01,0.5426487473763385,30.35364590868401,1.0000000054047622e-08,,,
2,213,267,310,4,281,285,fixed_bwar,267.0,0.01,0.36878283449877475,16.71443099725117,0.08184136686529234,,,
2,213,267,310,4,281,285,local_bwar,48.0,0.01,0.3193902726053977,15.171967120388423,0.0756211816102991,7.940585003670338e-11,1.0,0.0
2,213,267,310,4,281,285,log_euclidean_gaussian_ar,267.0,0.01,0.40920821562420956,18.163140197426145,0.059070774038875146,,,
2,213,267,310,4,281,285,persistence,,,0.6236906385223434,43.43270342964823,0.04002904579613318,,,
2,213,267,310,4,281,285,raw_var_window_ar,72.0,10.0,0.5504390141387914,89.61600329788646,9.999999999998533e-09,,,
2,213,267,310,4,282,286,cholesky_gaussian_ar,267.0,0.01,0.3643649945436259,15.494703552049813,0.0896932913901635,,,
2,213,267,310,4,282,286,euclidean_gaussian_ar,267.0,0.01,0.7202161760229681,42.55060444179216,9.999999217069676e-09,,,
2,213,267,310,4,282,286,fixed_bwar,267.0,0.01,0.40631505533445805,16.738388949631354,0.09080964210665088,,,
2,213,267,310,4,282,286,local_bwar,48.0,0.01,0.43039599979495075,19.11060197378881,0.11034446647178772,8.854802613277516e-11,1.0,0.0
2,213,267,310,4,282,286,log_euclidean_gaussian_ar,267.0,0.01,0.3334526714629414,13.732937557341662,0.061407497891807036,,,
2,213,267,310,4,282,286,persistence,,,0.555491200752725,26.347663389883138,0.07237585128154955,,,
2,213,267,310,4,282,286,raw_var_window_ar,72.0,10.0,0.309815910634274,61.06384106298308,9.99999999989508e-09,,,
2,213,267,310,4,283,287,cholesky_gaussian_ar,267.0,0.01,0.6432579892268291,31.821849467730928,0.15163589085142043,,,
2,213,267,310,4,283,287,euclidean_gaussian_ar,267.0,0.01,0.9284082178562636,58.84368997830523,1.0000000701169343e-08,,,
2,213,267,310,4,283,287,fixed_bwar,267.0,0.01,0.6581050893143472,28.623557367156177,0.12492152474868856,,,
2,213,267,310,4,283,287,local_bwar,48.0,0.01,0.5725873950199095,22.711728070850125,0.10720386761023148,8.825290720930957e-11,1.0,0.0
2,213,267,310,4,283,287,log_euclidean_gaussian_ar,267.0,0.01,0.5168938494043128,18.779212350124524,0.09193310555575952,,,
2,213,267,310,4,283,287,persistence,,,0.7826997819035737,41.739295162476296,0.04884627533271209,,,
2,213,267,310,4,283,287,raw_var_window_ar,72.0,10.0,0.3885925306771643,54.95623044839315,9.999999999988789e-09,,,
2,213,267,310,4,284,288,cholesky_gaussian_ar,267.0,0.01,0.6462323379888621,34.168344136518286,0.21365855282272278,,,
2,213,267,310,4,284,288,euclidean_gaussian_ar,267.0,0.01,1.043432680208022,67.3540667672118,9.99999975127409e-09,,,
2,213,267,310,4,284,288,fixed_bwar,267.0,0.01,0.7461451320628587,35.71531233205793,0.14779199735002063,,,
2,213,267,310,4,284,288,local_bwar,48.0,0.01,0.5614902112735601,22.429122142043873,0.0824863890634436,8.366454567891223e-11,1.0,0.0
2,213,267,310,4,284,288,log_euclidean_gaussian_ar,267.0,0.01,0.4832226221701744,20.80308679055117,0.12802050744485127,,,
2,213,267,310,4,284,288,persistence,,,0.9144931042108616,61.56070555489388,0.05262998989895685,,,
2,213,267,310,4,284,288,raw_var_window_ar,72.0,10.0,0.41995629576087073,59.48733716293863,9.999999998608247e-09,,,
2,213,267,310,4,285,289,cholesky_gaussian_ar,267.0,0.01,0.45052608479993556,21.368612301019105,0.14832663114339986,,,
2,213,267,310,4,285,289,euclidean_gaussian_ar,267.0,0.01,0.7241451264992871,42.413609752385675,1.0000000543224229e-08,,,
2,213,267,310,4,285,289,fixed_bwar,267.0,0.01,0.4910316411314552,19.277920360709572,0.11843290178604365,,,
2,213,267,310,4,285,289,local_bwar,48.0,0.01,0.3487732071579906,11.17865447936166,0.11369680440329417,8.629477890338999e-11,1.0,0.0
2,213,267,310,4,285,289,log_euclidean_gaussian_ar,267.0,0.01,0.37964157359424916,18.489473780510245,0.1129510375913273,,,
2,213,267,310,4,285,289,persistence,,,0.5860484392984602,36.05356140198729,0.029511895236177935,,,
2,213,267,310,4,285,289,raw_var_window_ar,72.0,10.0,0.4125147851299849,65.36834488155937,9.999999997885536e-09,,,
2,213,267,310,4,286,290,cholesky_gaussian_ar,267.0,0.01,0.16345378380632392,8.469157562806917,0.09203209120970746,,,
2,213,267,310,4,286,290,euclidean_gaussian_ar,267.0,0.01,0.3413354736132494,16.80370856088831,1.000000022494862e-08,,,
2,213,267,310,4,286,290,fixed_bwar,267.0,0.01,0.19498018823022678,7.656047800358827,0.08965933315587538,,,
2,213,267,310,4,286,290,local_bwar,48.0,0.01,0.4467656206407402,16.47700808830079,0.11955061477822582,1.0226466876488546e-10,1.0,0.0
2,213,267,310,4,286,290,log_euclidean_gaussian_ar,267.0,0.01,0.25723896886891545,14.326263824765554,0.08234124480329906,,,
2,213,267,310,4,286,290,persistence,,,0.2841648395720998,14.797922390620055,0.026144881392166676,,,
2,213,267,310,4,286,290,raw_var_window_ar,72.0,10.0,0.3404981866774864,69.68666278488219,9.99999999918553e-09,,,
2,213,267,310,4,287,291,cholesky_gaussian_ar,267.0,0.01,0.22905069967113192,9.39486654969875,0.06989679182564797,,,
2,213,267,310,4,287,291,euclidean_gaussian_ar,267.0,0.01,0.17731051395568262,10.33198012483953,9.999999716778414e-09,,,
2,213,267,310,4,287,291,fixed_bwar,267.0,0.01,0.34816802915373485,12.326621275347135,0.06385196648025875,,,
2,213,267,310,4,287,291,local_bwar,48.0,0.01,0.38843366781151156,14.633294604235068,0.09790968448296927,1.1587092931587243e-10,1.0,0.0
2,213,267,310,4,287,291,log_euclidean_gaussian_ar,267.0,0.01,0.3334199007319916,14.926653354057297,0.06019349628563925,,,
2,213,267,310,4,287,291,persistence,,,0.5702812649898331,29.8491935943782,0.021812757141883028,,,
2,213,267,310,4,287,291,raw_var_window_ar,72.0,10.0,0.3805378496091716,63.643001330881255,9.999999999318883e-09,,,
2,213,267,310,4,288,292,cholesky_gaussian_ar,267.0,0.01,0.22506446120929371,9.28385861550991,0.0880483779229951,,,
2,213,267,310,4,288,292,euclidean_gaussian_ar,267.0,0.01,0.16637007358825215,10.043732700187821,1.0000000445764544e-08,,,
2,213,267,310,4,288,292,fixed_bwar,267.0,0.01,0.3375515871408193,11.742031522386227,0.0646171641415907,,,
2,213,267,310,4,288,292,local_bwar,48.0,0.01,0.3162591574499612,10.318926495932956,0.09369039102661773,1.2749413681846254e-10,1.0,0.0
2,213,267,310,4,288,292,log_euclidean_gaussian_ar,267.0,0.01,0.3547431408682978,17.59824700933888,0.05906570924130421,,,
2,213,267,310,4,288,292,persistence,,,0.6126920293813487,34.04138664971212,0.017575349856887187,,,
2,213,267,310,4,288,292,raw_var_window_ar,72.0,10.0,0.3641129674725701,70.93890597028279,9.999999999324467e-09,,,
2,213,267,310,4,289,293,cholesky_gaussian_ar,267.0,0.01,0.20433521095112794,8.94412834192557,0.10643178893737315,,,
2,213,267,310,4,289,293,euclidean_gaussian_ar,267.0,0.01,0.35760823295357835,16.275231759442484,1.0000000877191986e-08,,,
2,213,267,310,4,289,293,fixed_bwar,267.0,0.01,0.23130406025641553,9.295851889334148,0.07918574126586621,,,
2,213,267,310,4,289,293,local_bwar,48.0,0.01,0.2570583512779605,8.551213337134136,0.10226237112743003,1.3391725057641762e-10,1.0,0.0
2,213,267,310,4,289,293,log_euclidean_gaussian_ar,267.0,0.01,0.30434793535067844,13.554509366170734,0.0665059461528178,,,
2,213,267,310,4,289,293,persistence,,,0.25443462484955576,11.519160563152154,0.03203538067089042,,,
2,213,267,310,4,289,293,raw_var_window_ar,72.0,10.0,0.29552630409749314,71.41205959927247,9.999999999454566e-09,,,
2,213,267,310,4,290,294,cholesky_gaussian_ar,267.0,0.01,0.3113574309069397,11.42304173986301,0.11195147995458742,,,
2,213,267,310,4,290,294,euclidean_gaussian_ar,267.0,0.01,0.3797332851405194,19.22050857306258,0.007285172859467514,,,
2,213,267,310,4,290,294,fixed_bwar,267.0,0.01,0.3874206823633524,15.680174005247759,0.104284957293309,,,
2,213,267,310,4,290,294,local_bwar,48.0,0.01,0.34061003193281497,11.684972671133114,0.13709172843835785,1.2784204078469073e-10,1.0,0.0
2,213,267,310,4,290,294,log_euclidean_gaussian_ar,267.0,0.01,0.37667513730094515,15.90976252843266,0.07755396507022518,,,
2,213,267,310,4,290,294,persistence,,,0.33214203928292313,19.04879724162985,0.05214655370379573,,,
2,213,267,310,4,290,294,raw_var_window_ar,72.0,10.0,0.44659101246035154,78.0059408256201,9.999999999826211e-09,,,
2,213,267,310,4,291,295,cholesky_gaussian_ar,267.0,0.01,0.3361623551435513,12.091717761268804,0.1366760953544677,,,
2,213,267,310,4,291,295,euclidean_gaussian_ar,267.0,0.01,0.27783026384792814,13.37928641451234,9.999999798974199e-09,,,
2,213,267,310,4,291,295,fixed_bwar,267.0,0.01,0.34031964610762155,12.877799696234106,0.1128328076244685,,,
2,213,267,310,4,291,295,local_bwar,48.0,0.01,0.3137389827495454,10.75463691229317,0.13889080495502346,9.968567750170051e-11,1.0,0.0
2,213,267,310,4,291,295,log_euclidean_gaussian_ar,267.0,0.01,0.32623519694082115,10.624812872087366,0.08656843089275884,,,
2,213,267,310,4,291,295,persistence,,,0.616296254667755,41.400841628734014,0.015482370337923832,,,
2,213,267,310,4,291,295,raw_var_window_ar,72.0,10.0,0.4949892494622414,77.98437423459478,9.999999999803356e-09,,,
2,213,267,310,4,292,296,cholesky_gaussian_ar,267.0,0.01,0.2740385588765334,8.785177279766025,0.1228368831551539,,,
2,213,267,310,4,292,296,euclidean_gaussian_ar,267.0,0.01,0.31348212920100277,15.381977622624284,0.02969419187726378,,,
2,213,267,310,4,292,296,fixed_bwar,267.0,0.01,0.24578058218311177,7.740119236696019,0.11516397754801229,,,
2,213,267,310,4,292,296,local_bwar,48.0,0.01,0.3687144715975777,11.772992696962971,0.12573494648604044,9.365989185965676e-11,1.0,0.0
2,213,267,310,4,292,296,log_euclidean_gaussian_ar,267.0,0.01,0.24488315733766725,9.286968879322341,0.0831235355078994,,,
2,213,267,310,4,292,296,persistence,,,0.48543569299603667,25.04515623866037,0.03078292540629891,,,
2,213,267,310,4,292,296,raw_var_window_ar,72.0,10.0,0.41070829764097116,66.55122910246887,9.99999999957157e-09,,,
2,213,267,310,4,293,297,cholesky_gaussian_ar,267.0,0.01,0.33711817886223583,11.151284842317157,0.10731494986121659,,,
2,213,267,310,4,293,297,euclidean_gaussian_ar,267.0,0.01,0.3911867569054063,20.027386202889147,9.999998977337116e-09,,,
2,213,267,310,4,293,297,fixed_bwar,267.0,0.01,0.25266028605344953,8.06469574751287,0.08573524158641918,,,
2,213,267,310,4,293,297,local_bwar,48.0,0.01,0.37635687407000934,11.988019916248106,0.09357672885321333,8.652137691020262e-11,1.0,0.0
2,213,267,310,4,293,297,log_euclidean_gaussian_ar,267.0,0.01,0.2696099945614769,10.359251344354977,0.059046303991713435,,,
2,213,267,310,4,293,297,persistence,,,0.18436449129487528,10.277201340062373,0.03828881660384394,,,
2,213,267,310,4,293,297,raw_var_window_ar,72.0,10.0,0.30839930778366964,57.83839556399137,9.999999999661033e-09,,,
2,213,267,310,4,294,298,cholesky_gaussian_ar,267.0,0.01,0.29980323335539605,9.592154926441127,0.07697086692521957,,,
2,213,267,310,4,294,298,euclidean_gaussian_ar,267.0,0.01,0.35246737534623657,18.05282465506354,9.999999413127363e-09,,,
2,213,267,310,4,294,298,fixed_bwar,267.0,0.01,0.2481704690360669,7.885598286767898,0.06778704456708816,,,
2,213,267,310,4,294,298,local_bwar,48.0,0.01,0.43136973577735643,15.367943008085465,0.0838307339281634,7.25750231333576e-11,1.0,0.0
2,213,267,310,4,294,298,log_euclidean_gaussian_ar,267.0,0.01,0.2744845990577954,8.333381512548875,0.04311385622934943,,,
2,213,267,310,4,294,298,persistence,,,0.528172716341436,30.60628802905278,0.029632201081317745,,,
2,213,267,310,4,294,298,raw_var_window_ar,72.0,10.0,0.3389914473393438,44.982706917850635,9.999999996944863e-09,,,
2,213,267,310,4,295,299,cholesky_gaussian_ar,267.0,0.01,0.31998406980726135,10.25259131242284,0.07797047736427382,,,
2,213,267,310,4,295,299,euclidean_gaussian_ar,267.0,0.01,0.4776268800930906,23.299662793869906,9.99999971920718e-09,,,
2,213,267,310,4,295,299,fixed_bwar,267.0,0.01,0.2887458449465379,8.254279584795398,0.060398620132445305,,,
2,213,267,310,4,295,299,local_bwar,48.0,0.01,0.48486249954230753,16.281969212562377,0.09111372860742005,6.783919809011811e-11,1.0,0.0
2,213,267,310,4,295,299,log_euclidean_gaussian_ar,267.0,0.01,0.29349932433100534,7.9638806610114194,0.04400482316149143,,,
2,213,267,310,4,295,299,persistence,,,0.5179596807890605,27.661041302751784,0.02299762965453322,,,
2,213,267,310,4,295,299,raw_var_window_ar,72.0,10.0,0.326491481861211,46.76139894763273,9.99999999870413e-09,,,
2,213,267,310,4,296,300,cholesky_gaussian_ar,267.0,0.01,0.3225137528939087,13.773227706813067,0.07242818574323098,,,
2,213,267,310,4,296,300,euclidean_gaussian_ar,267.0,0.01,0.49849584001151404,26.621561364514402,1.0000000135439286e-08,,,
2,213,267,310,4,296,300,fixed_bwar,267.0,0.01,0.31571238020563797,12.528074388783182,0.06408324677510262,,,
2,213,267,310,4,296,300,local_bwar,48.0,0.01,0.3719139702939952,10.646221317017655,0.11874298849077679,7.293747339853768e-11,1.0,0.0
2,213,267,310,4,296,300,log_euclidean_gaussian_ar,267.0,0.01,0.30847372883629576,11.531530338141657,0.06115941467771735,,,
2,213,267,310,4,296,300,persistence,,,0.20376250187025252,7.7247887184489095,0.0371507752066944,,,
2,213,267,310,4,296,300,raw_var_window_ar,72.0,10.0,0.336619551440955,60.88354571563946,9.999999999397455e-09,,,
2,213,267,310,4,297,301,cholesky_gaussian_ar,267.0,0.01,0.3636588075806699,16.76656674638866,0.09452854100675381,,,
2,213,267,310,4,297,301,euclidean_gaussian_ar,267.0,0.01,0.4096365131130385,22.926671606120937,0.08244335915925238,,,
2,213,267,310,4,297,301,fixed_bwar,267.0,0.01,0.3714963467795837,16.36007835541271,0.08299709131242268,,,
2,213,267,310,4,297,301,local_bwar,48.0,0.01,0.20849038044992327,7.626553357220251,0.11189333393045073,6.93993354760809e-11,1.0,0.0
2,213,267,310,4,297,301,log_euclidean_gaussian_ar,267.0,0.01,0.34412944098871634,13.335755755775129,0.08014912135576875,,,
2,213,267,310,4,297,301,persistence,,,0.31107894976533995,16.974099013381828,0.029983581460148363,,,
2,213,267,310,4,297,301,raw_var_window_ar,72.0,10.0,0.4657788896126213,78.13815752440497,9.999999999799068e-09,,,
2,213,267,310,4,298,302,cholesky_gaussian_ar,267.0,0.01,0.2705305798705249,11.230751068279568,0.0970284110843288,,,
2,213,267,310,4,298,302,euclidean_gaussian_ar,267.0,0.01,0.2362769489790834,12.871237455462062,0.012637964142547432,,,
2,213,267,310,4,298,302,fixed_bwar,267.0,0.01,0.2933147910225636,11.319112136143875,0.09861991445106363,,,
2,213,267,310,4,298,302,local_bwar,48.0,0.01,0.19946575105798028,6.443055287920849,0.1106857258557339,6.819904265268621e-11,1.0,0.0
2,213,267,310,4,298,302,log_euclidean_gaussian_ar,267.0,0.01,0.25448122370087206,9.778301542480845,0.0791345085232782,,,
2,213,267,310,4,298,302,persistence,,,0.5246992194990926,31.823066040528847,0.00925021652578657,,,
2,213,267,310,4,298,302,raw_var_window_ar,72.0,10.0,0.4539870367204567,75.29614548291572,9.99999999859762e-09,,,
2,213,267,310,4,299,303,cholesky_gaussian_ar,267.0,0.01,0.23201686213879166,8.254636363640879,0.08461997969507674,,,
2,213,267,310,4,299,303,euclidean_gaussian_ar,267.0,0.01,0.2268938242423911,11.713285351424933,9.999999747719858e-09,,,
2,213,267,310,4,299,303,fixed_bwar,267.0,0.01,0.21081262932760875,7.331303562637991,0.09177448605131275,,,
2,213,267,310,4,299,303,local_bwar,48.0,0.01,0.35004880371987207,10.847374280268289,0.11044567870811194,6.569937640820007e-11,1.0,0.0
2,213,267,310,4,299,303,log_euclidean_gaussian_ar,267.0,0.01,0.20912681239520892,8.085718367325756,0.058059002499636234,,,
2,213,267,310,4,299,303,persistence,,,0.35188249955115675,15.380075795426546,0.018387539843298353,,,
2,213,267,310,4,299,303,raw_var_window_ar,72.0,10.0,0.38855849690674044,56.69318934665818,9.999999998867625e-09,,,
2,213,267,310,4,300,304,cholesky_gaussian_ar,267.0,0.01,0.3062830115535239,9.39543712451954,0.07443220461727644,,,
2,213,267,310,4,300,304,euclidean_gaussian_ar,267.0,0.01,0.39232458547627613,18.15976083393667,9.999999931508784e-09,,,
2,213,267,310,4,300,304,fixed_bwar,267.0,0.01,0.22064553352729332,6.796022944831319,0.07362198148211145,,,
2,213,267,310,4,300,304,local_bwar,48.0,0.01,0.4948044440625043,17.08888093063864,0.09147636447743858,6.121448213087048e-11,1.0,0.0
2,213,267,310,4,300,304,log_euclidean_gaussian_ar,267.0,0.01,0.23365978601503865,9.045743563369692,0.0515424944417967,,,
2,213,267,310,4,300,304,persistence,,,0.20095846034690734,11.433941168414677,0.025553478383538674,,,
2,213,267,310,4,300,304,raw_var_window_ar,72.0,10.0,0.3286468951082149,42.93733676654252,9.999999999456021e-09,,,
2,213,267,310,4,301,305,cholesky_gaussian_ar,267.0,0.01,0.48776799503747875,18.15859957017293,0.08024143695694198,,,
2,213,267,310,4,301,305,euclidean_gaussian_ar,267.0,0.01,0.6701203145627677,35.473367976200386,1.0000000461304485e-08,,,
2,213,267,310,4,301,305,fixed_bwar,267.0,0.01,0.3867954681081922,13.05906954786428,0.0653955640045505,,,
2,213,267,310,4,301,305,local_bwar,48.0,0.01,0.5256742762063312,18.814837354196353,0.06876541251409506,9.834220759989947e-10,1.0,0.0
2,213,267,310,4,301,305,log_euclidean_gaussian_ar,267.0,0.01,0.45334159020506076,10.533111968178709,0.046678144351468956,,,
2,213,267,310,4,301,305,persistence,,,0.5508806699668769,35.18821997569165,0.029411211719911613,,,
2,213,267,310,4,301,305,raw_var_window_ar,72.0,10.0,0.34988998844131114,36.18310106794171,9.999999999664456e-09,,,
2,213,267,310,4,302,306,cholesky_gaussian_ar,267.0,0.01,0.4485766765918725,13.99621054289443,0.07019816121773306,,,
2,213,267,310,4,302,306,euclidean_gaussian_ar,267.0,0.01,0.6241139165809826,32.41978316835876,9.999999380962494e-09,,,
2,213,267,310,4,302,306,fixed_bwar,267.0,0.01,0.3630736399856866,11.002069043783811,0.0655848912535776,,,
2,213,267,310,4,302,306,local_bwar,48.0,0.01,0.4968609917114879,16.61343392285209,0.08037897253712165,9.506056169743708e-10,1.0,0.0
2,213,267,310,4,302,306,log_euclidean_gaussian_ar,267.0,0.01,0.395237161298694,8.861122357781511,0.0493472957426884,,,
2,213,267,310,4,302,306,persistence,,,0.5232762658232425,29.168727210115193,0.027934292361555875,,,
2,213,267,310,4,302,306,raw_var_window_ar,72.0,10.0,0.3542441821714786,38.21409452679479,9.99999999939017e-09,,,
2,213,267,310,4,303,307,cholesky_gaussian_ar,267.0,0.01,0.502171688301834,17.603037830744125,0.09627453210167446,,,
2,213,267,310,4,303,307,euclidean_gaussian_ar,267.0,0.01,0.6495561708909714,37.78634182407764,1.0000000989594196e-08,,,
2,213,267,310,4,303,307,fixed_bwar,267.0,0.01,0.37171175472132273,12.297942002757747,0.06701824424312375,,,
2,213,267,310,4,303,307,local_bwar,48.0,0.01,0.6194646490738783,25.66902189599299,0.11302742209822146,6.331323647700392e-11,1.0,0.0
2,213,267,310,4,303,307,log_euclidean_gaussian_ar,267.0,0.01,0.4255307772062709,9.613710461887628,0.05710614304157992,,,
2,213,267,310,4,303,307,persistence,,,0.36300602078241445,14.1460914377374,0.0352371659101735,,,
2,213,267,310,4,303,307,raw_var_window_ar,72.0,10.0,0.44885526079554583,32.816981212092955,9.999999999158308e-09,,,
2,213,267,310,4,304,308,cholesky_gaussian_ar,267.0,0.01,0.3953117518132246,12.526033751000035,0.09064747534535428,,,
2,213,267,310,4,304,308,euclidean_gaussian_ar,267.0,0.01,0.4077857159820579,20.825939585996352,9.999999717180685e-09,,,
2,213,267,310,4,304,308,fixed_bwar,267.0,0.01,0.2784443767390812,8.19197432607198,0.08548734671795476,,,
2,213,267,310,4,304,308,local_bwar,48.0,0.01,0.5430360166781093,21.194888820591395,0.13417549801694098,6.284625828195075e-11,1.0,0.0
2,213,267,310,4,304,308,log_euclidean_gaussian_ar,267.0,0.01,0.33575706188349247,7.594545661314141,0.06001417542776265,,,
2,213,267,310,4,304,308,persistence,,,0.3008395440314107,13.521992602536384,0.026548339459902044,,,
2,213,267,310,4,304,308,raw_var_window_ar,72.0,10.0,0.49183034221325306,43.64816761150845,9.999999999783127e-09,,,
2,213,267,310,4,305,309,cholesky_gaussian_ar,267.0,0.01,0.385667045869397,13.061266733910255,0.14300424473492865,,,
2,213,267,310,4,305,309,euclidean_gaussian_ar,267.0,0.01,0.33300993197112544,16.06875069704521,0.08546107740460099,,,
2,213,267,310,4,305,309,fixed_bwar,267.0,0.01,0.27514156942109214,8.099301051041127,0.0887670081602025,,,
2,213,267,310,4,305,309,local_bwar,48.0,0.01,0.43609509684224346,16.143731619452435,0.11080717507099501,6.064809440569545e-11,1.0,0.0
2,213,267,310,4,305,309,log_euclidean_gaussian_ar,267.0,0.01,0.29132498137303425,7.567802187553982,0.06788552473769181,,,
2,213,267,310,4,305,309,persistence,,,0.450711846623213,22.420987356743254,0.02351835259897903,,,
2,213,267,310,4,305,309,raw_var_window_ar,72.0,10.0,0.509021758314907,48.867429036054574,9.999999999678659e-09,,,
2,213,267,310,5,262,267,cholesky_gaussian_ar,267.0,0.01,0.2752076678874327,10.463974037363661,0.11797785202134822,,,
2,213,267,310,5,262,267,euclidean_gaussian_ar,267.0,10.0,0.6080904962368501,31.51253794114902,0.2803087385580461,,,
2,213,267,310,5,262,267,fixed_bwar,267.0,0.01,0.3399737465364108,13.055670223636115,0.1554145269237391,,,
2,213,267,310,5,262,267,local_bwar,48.0,0.01,0.3627480287304896,14.095127618597704,0.14106252789795057,9.386947017097751e-10,1.0,0.0
2,213,267,310,5,262,267,log_euclidean_gaussian_ar,267.0,0.1,0.4834502170262097,26.234052470784583,0.10889040934040575,,,
2,213,267,310,5,262,267,persistence,,,0.6699394949645501,41.46843084898245,0.07284730533096838,,,
2,213,267,310,5,262,267,raw_var_window_ar,72.0,1e-06,0.6271374330346424,121.08222451698273,9.999999999997466e-09,,,
2,213,267,310,5,263,268,cholesky_gaussian_ar,267.0,0.01,0.38929631461238895,16.280252542515186,0.13811308261631391,,,
2,213,267,310,5,263,268,euclidean_gaussian_ar,267.0,10.0,0.572179202722625,29.416778294989648,0.2494120460173675,,,
2,213,267,310,5,263,268,fixed_bwar,267.0,0.01,0.47343818200444465,17.66132403495936,0.14249757650378836,,,
2,213,267,310,5,263,268,local_bwar,48.0,0.01,0.5470502819611697,28.168835737776384,0.0827861193080691,8.21329134168534e-10,1.0,0.0
2,213,267,310,5,263,268,log_euclidean_gaussian_ar,267.0,0.1,0.5242130772156317,28.54041808959337,0.10438843540976464,,,
2,213,267,310,5,263,268,persistence,,,0.6924399054238461,52.14242411378813,0.03231715167812055,,,
2,213,267,310,5,263,268,raw_var_window_ar,72.0,1e-06,0.7394145058682536,123.61740973980443,9.999999999981354e-09,,,
2,213,267,310,5,264,269,cholesky_gaussian_ar,267.0,0.01,0.38892349061261583,18.54784538616691,0.10957386626406096,,,
2,213,267,310,5,264,269,euclidean_gaussian_ar,267.0,10.0,0.42903406809970007,20.000256071792773,0.2454830895927998,,,
2,213,267,310,5,264,269,fixed_bwar,267.0,0.01,0.3304586378314527,11.743416753818458,0.12090666726126839,,,
2,213,267,310,5,264,269,local_bwar,48.0,0.01,0.5429120450037533,27.910901519818516,0.08232602597504265,7.965779874468825e-10,1.0,0.0
2,213,267,310,5,264,269,log_euclidean_gaussian_ar,267.0,0.1,0.40396331840257216,19.827703185829858,0.09009520164543662,,,
2,213,267,310,5,264,269,persistence,,,0.4602574425934609,32.13207203476737,0.02895896802283136,,,
2,213,267,310,5,264,269,raw_var_window_ar,72.0,1e-06,0.5516920498797806,91.663337618441,9.999999999991768e-09,,,
2,213,267,310,5,265,270,cholesky_gaussian_ar,267.0,0.01,0.485741622940508,22.96760781417843,0.08791643924011916,,,
2,213,267,310,5,265,270,euclidean_gaussian_ar,267.0,10.0,0.4659220521905667,15.732012971526569,0.19949989539629048,,,
2,213,267,310,5,265,270,fixed_bwar,267.0,0.01,0.32345998903441053,11.736683672398968,0.0917638304438504,,,
2,213,267,310,5,265,270,local_bwar,48.0,0.01,0.6681709759953233,37.85683782483768,0.02904616348013739,8.598938182596486e-10,1.0,0.0
2,213,267,310,5,265,270,log_euclidean_gaussian_ar,267.0,0.1,0.37267653522283434,14.434011846519054,0.07090938066409357,,,
2,213,267,310,5,265,270,persistence,,,0.5743030978708261,26.861880352247507,0.015067734246774498,,,
2,213,267,310,5,265,270,raw_var_window_ar,72.0,1e-06,0.4484564278435046,62.95579032374393,9.99999999998945e-09,,,
2,213,267,310,5,266,271,cholesky_gaussian_ar,267.0,0.01,0.6730344227114289,43.859291568499486,0.10820568637068916,,,
2,213,267,310,5,266,271,euclidean_gaussian_ar,267.0,10.0,0.3926980371052951,15.985352693745075,0.24906702717254403,,,
2,213,267,310,5,266,271,fixed_bwar,267.0,0.01,0.4976135573092577,22.895344719519635,0.09257735780023386,,,
2,213,267,310,5,266,271,local_bwar,48.0,0.01,0.5797570612450076,29.061509625370164,0.08846251570268857,7.912028919503426e-10,1.0,0.0
2,213,267,310,5,266,271,log_euclidean_gaussian_ar,267.0,0.1,0.35058753750607863,12.420506730051676,0.08698780869450112,,,
2,213,267,310,5,266,271,persistence,,,0.5038152295061065,25.78786699645185,0.03381055293726539,,,
2,213,267,310,5,266,271,raw_var_window_ar,72.0,1e-06,0.474335574180614,79.53750065418136,9.999999999999937e-09,,,
2,213,267,310,5,267,272,cholesky_gaussian_ar,267.0,0.01,0.6448185393704192,42.41190595847135,0.09506629486999124,,,
2,213,267,310,5,267,272,euclidean_gaussian_ar,267.0,10.0,0.4789222927213374,20.8188570874663,0.2742584527438639,,,
2,213,267,310,5,267,272,fixed_bwar,267.0,0.01,0.4929026169842335,22.856501285774367,0.08345277173305123,,,
2,213,267,310,5,267,272,local_bwar,48.0,0.01,0.48401338560040896,20.740285967696224,0.12048954537056031,7.786883220941755e-10,1.0,0.0
2,213,267,310,5,267,272,log_euclidean_gaussian_ar,267.0,0.1,0.4365174902214721,19.729031172275818,0.0874997919457692,,,
2,213,267,310,5,267,272,persistence,,,0.3876362959008763,17.515264092554304,0.0497220201086249,,,
2,213,267,310,5,267,272,raw_var_window_ar,72.0,1e-06,0.5405773175491941,97.82826230682593,9.99999999999998e-09,,,
2,213,267,310,5,268,273,cholesky_gaussian_ar,267.0,0.01,0.6169573532459721,38.67884686265724,0.12812419339861866,,,
2,213,267,310,5,268,273,euclidean_gaussian_ar,267.0,10.0,0.581483742919388,30.060337456755352,0.26747066205885955,,,
2,213,267,310,5,268,273,fixed_bwar,267.0,0.01,0.5149840471171745,26.29923495635166,0.10433051554234808,,,
2,213,267,310,5,268,273,local_bwar,48.0,0.01,0.5462030022115169,25.72601282167949,0.11833098854375407,8.161068106983291e-10,1.0,0.0
2,213,267,310,5,268,273,log_euclidean_gaussian_ar,267.0,0.1,0.534727259949921,27.44226975590723,0.09538665231382938,,,
2,213,267,310,5,268,273,persistence,,,0.29402604343276056,13.111122192665972,0.046977480345002216,,,
2,213,267,310,5,268,273,raw_var_window_ar,72.0,1e-06,0.6564506355299045,112.81392485314694,9.999999999998927e-09,,,
2,213,267,310,5,269,274,cholesky_gaussian_ar,267.0,0.01,0.4098444091013481,19.59958177411784,0.13337288651803123,,,
2,213,267,310,5,269,274,euclidean_gaussian_ar,267.0,10.0,0.5423024257012584,27.98061967652729,0.23514552408375133,,,
2,213,267,310,5,269,274,fixed_bwar,267.0,0.01,0.35473695215168505,15.455844762330738,0.12144417650004877,,,
2,213,267,310,5,269,274,local_bwar,48.0,0.01,0.3898147869336836,15.144895154587275,0.17025497662885,7.816321101593119e-10,1.0,0.0
2,213,267,310,5,269,274,log_euclidean_gaussian_ar,267.0,0.1,0.4642337190190921,23.627875029028445,0.09117389481833543,,,
2,213,267,310,5,269,274,persistence,,,0.3403759367560835,15.552252429644307,0.040375897697154974,,,
2,213,267,310,5,269,274,raw_var_window_ar,72.0,1e-06,0.5987873912923175,103.78046995857234,9.999999999999967e-09,,,
2,213,267,310,5,270,275,cholesky_gaussian_ar,267.0,0.01,0.27150956694754197,10.687401169552688,0.13980093172157537,,,
2,213,267,310,5,270,275,euclidean_gaussian_ar,267.0,10.0,0.5207543229043722,22.828008252550497,0.19329123150667513,,,
2,213,267,310,5,270,275,fixed_bwar,267.0,0.01,0.2366320200298028,8.973394374008619,0.13692458468901839,,,
2,213,267,310,5,270,275,local_bwar,48.0,0.01,0.27828866883917963,8.802554750386168,0.14135273254783284,7.119463660642972e-10,1.0,0.0
2,213,267,310,5,270,275,log_euclidean_gaussian_ar,267.0,0.1,0.35913734114149665,15.48486700147574,0.09087140035249708,,,
2,213,267,310,5,270,275,persistence,,,0.40580748470726424,21.349461537616254,0.03639912283441587,,,
2,213,267,310,5,270,275,raw_var_window_ar,72.0,1e-06,0.5114953933350777,87.99345253999849,9.999999999977425e-09,,,
2,213,267,310,5,271,276,cholesky_gaussian_ar,267.0,0.01,0.2265272614065217,8.529294657710881,0.12242049732471491,,,
2,213,267,310,5,271,276,euclidean_gaussian_ar,267.0,10.0,0.4443181084583052,14.288463969429106,0.2141154061685952,,,
2,213,267,310,5,271,276,fixed_bwar,267.0,0.01,0.2528255484225496,9.530432833208327,0.12348891211137152,,,
2,213,267,310,5,271,276,local_bwar,48.0,0.01,0.3013285049512597,11.348286307753906,0.11946729889707573,7.351206501703992e-10,1.0,0.0
2,213,267,310,5,271,276,log_euclidean_gaussian_ar,267.0,0.1,0.3321938196088551,14.586752957549962,0.09178634979889651,,,
2,213,267,310,5,271,276,persistence,,,0.20239525859864033,12.755870446456376,0.024926063197136274,,,
2,213,267,310,5,271,276,raw_var_window_ar,72.0,1e-06,0.5019573698343078,89.30680247332504,9.999999999988713e-09,,,
2,213,267,310,5,272,277,cholesky_gaussian_ar,267.0,0.01,0.28557921520421203,11.799813331199006,0.11084782541645365,,,
2,213,267,310,5,272,277,euclidean_gaussian_ar,267.0,10.0,0.46805652386680063,20.327620432696545,0.23569431913756575,,,
2,213,267,310,5,272,277,fixed_bwar,267.0,0.01,0.34950446687478637,15.598284771172407,0.09697618302645183,,,
2,213,267,310,5,272,277,local_bwar,48.0,0.01,0.3521833463552156,15.387424359156386,0.10062977984055109,7.757808192462958e-10,1.0,0.0
2,213,267,310,5,272,277,log_euclidean_gaussian_ar,267.0,0.1,0.4416394497059832,21.061365535200178,0.0810984201979567,,,
2,213,267,310,5,272,277,persistence,,,0.48329646066264925,33.75939246527493,0.03713314826342313,,,
2,213,267,310,5,272,277,raw_var_window_ar,72.0,1e-06,0.5544156193648379,81.03691230875165,9.999999999988492e-09,,,
2,213,267,310,5,273,278,cholesky_gaussian_ar,267.0,0.01,0.2446014046796683,9.567696206141724,0.09627608135270209,,,
2,213,267,310,5,273,278,euclidean_gaussian_ar,267.0,10.0,0.42222068793421036,17.737682574630323,0.25368079307242536,,,
2,213,267,310,5,273,278,fixed_bwar,267.0,0.01,0.2579041920782218,10.344093423755986,0.08156426188407183,,,
2,213,267,310,5,273,278,local_bwar,48.0,0.01,0.3174163679724752,11.92948386371231,0.08397841765069634,8.745197711991706e-10,1.0,0.0
2,213,267,310,5,273,278,log_euclidean_gaussian_ar,267.0,0.1,0.3803945828838441,17.98077876132191,0.07903111450635503,,,
2,213,267,310,5,273,278,persistence,,,0.6344557734690323,45.79297964481442,0.03447150483758448,,,
2,213,267,310,5,273,278,raw_var_window_ar,72.0,1e-06,0.5198790492533447,84.07701601666543,9.999999999955688e-09,,,
2,213,267,310,5,274,279,cholesky_gaussian_ar,267.0,0.01,0.3226689592500771,13.66622774323477,0.10640266026041616,,,
2,213,267,310,5,274,279,euclidean_gaussian_ar,267.0,10.0,0.3675046986387203,13.819863730183554,0.24609697703718644,,,
2,213,267,310,5,274,279,fixed_bwar,267.0,0.01,0.23256927126083243,9.56886698060994,0.08425773442898955,,,
2,213,267,310,5,274,279,local_bwar,48.0,0.01,0.21379629067906888,8.234399307619812,0.11498196508541562,9.949152098079988e-10,1.0,0.0
2,213,267,310,5,274,279,log_euclidean_gaussian_ar,267.0,0.1,0.28591896959929397,13.027432300851443,0.08039686243460968,,,
2,213,267,310,5,274,279,persistence,,,0.336455590125217,18.57119904855102,0.055287716431459626,,,
2,213,267,310,5,274,279,raw_var_window_ar,72.0,1e-06,0.41583341966105436,81.61589526840343,9.999999999992645e-09,,,
2,213,267,310,5,275,280,cholesky_gaussian_ar,267.0,0.01,0.40638586683155026,18.243337785921778,0.08980472782793728,,,
2,213,267,310,5,275,280,euclidean_gaussian_ar,267.0,10.0,0.5145412993573144,24.49927457879003,0.23001251266172085,,,
2,213,267,310,5,275,280,fixed_bwar,267.0,0.01,0.40323756118912946,17.879409538940852,0.08835918727824739,,,
2,213,267,310,5,275,280,local_bwar,48.0,0.01,0.3128887880297154,10.608998862605437,0.1046575254207854,4.65846856760946e-11,1.0,0.0
2,213,267,310,5,275,280,log_euclidean_gaussian_ar,267.0,0.1,0.46166287822960755,22.624218040785863,0.0765700016856342,,,
2,213,267,310,5,275,280,persistence,,,0.17719053009195496,9.01074699080431,0.045467505829327626,,,
2,213,267,310,5,275,280,raw_var_window_ar,72.0,1e-06,0.5506812102032789,89.69134918645756,9.999999999999967e-09,,,
2,213,267,310,5,276,281,cholesky_gaussian_ar,267.0,0.01,0.3898326880841241,17.05159170223635,0.10820312881885458,,,
2,213,267,310,5,276,281,euclidean_gaussian_ar,267.0,10.0,0.5669498879888468,27.340552884490055,0.22613133737245897,,,
2,213,267,310,5,276,281,fixed_bwar,267.0,0.01,0.3775025339108348,14.629057864292111,0.11477210068899893,,,
2,213,267,310,5,276,281,local_bwar,48.0,0.01,0.2739467885580027,8.942914336674237,0.1198352411277834,4.611848898491975e-11,1.0,0.0
2,213,267,310,5,276,281,log_euclidean_gaussian_ar,267.0,0.1,0.47817062495822876,22.14631144106132,0.08961505913898528,,,
2,213,267,310,5,276,281,persistence,,,0.4407328392587389,25.337115114468123,0.040277978930489074,,,
2,213,267,310,5,276,281,raw_var_window_ar,72.0,1e-06,0.6107776365060158,98.70431045658835,9.999999999991126e-09,,,
2,213,267,310,5,277,282,cholesky_gaussian_ar,267.0,0.01,0.2890757203251304,10.069802426663031,0.13981798613473226,,,
2,213,267,310,5,277,282,euclidean_gaussian_ar,267.0,10.0,0.52921638750743,19.815382282951155,0.21208435410419094,,,
2,213,267,310,5,277,282,fixed_bwar,267.0,0.01,0.36064675686276904,11.917375616201571,0.1353785822670771,,,
2,213,267,310,5,277,282,local_bwar,48.0,0.01,0.2773193956549878,10.819166950532683,0.12158052293291631,5.0829249472607426e-11,1.0,0.0
2,213,267,310,5,277,282,log_euclidean_gaussian_ar,267.0,0.1,0.4335609119773142,19.346815558327336,0.09673505842322111,,,
2,213,267,310,5,277,282,persistence,,,0.4910699302171182,28.35107561269124,0.026411008386166942,,,
2,213,267,310,5,277,282,raw_var_window_ar,72.0,1e-06,0.5916139912269586,99.29313358263886,9.999999999992544e-09,,,
2,213,267,310,5,278,283,cholesky_gaussian_ar,267.0,0.01,0.4363665552515197,17.82000354115347,0.09566001111280942,,,
2,213,267,310,5,278,283,euclidean_gaussian_ar,267.0,10.0,0.5491167136035592,21.81762884342784,0.21660549553267983,,,
2,213,267,310,5,278,283,fixed_bwar,267.0,0.01,0.477061177044174,19.3508775046699,0.1150458620746941,,,
2,213,267,310,5,278,283,local_bwar,48.0,0.01,0.30624379229483656,12.37355902386724,0.07791033453507618,5.967781265926535e-11,1.0,0.0
2,213,267,310,5,278,283,log_euclidean_gaussian_ar,267.0,0.1,0.5316069383423117,26.339562445878144,0.08995307429400681,,,
2,213,267,310,5,278,283,persistence,,,0.30408978748633253,16.852036176334195,0.0240006819148614,,,
2,213,267,310,5,278,283,raw_var_window_ar,72.0,1e-06,0.6540009334593824,107.48550545252782,9.999999999973117e-09,,,
2,213,267,310,5,279,284,cholesky_gaussian_ar,267.0,0.01,0.4111988410022821,19.640834080140078,0.09687773199410687,,,
2,213,267,310,5,279,284,euclidean_gaussian_ar,267.0,10.0,0.6155982005483681,30.67025813843778,0.22070513588876883,,,
2,213,267,310,5,279,284,fixed_bwar,267.0,0.01,0.47475686143303586,22.499122940916955,0.09805056640601237,,,
2,213,267,310,5,279,284,local_bwar,48.0,0.01,0.3183616043476563,14.977792074330418,0.0728752915611142,6.649410725906506e-11,1.0,0.0
2,213,267,310,5,279,284,log_euclidean_gaussian_ar,267.0,0.1,0.5521825584362308,29.774459017108974,0.08429633252042125,,,
2,213,267,310,5,279,284,persistence,,,0.5265131747045881,32.73807608438399,0.035063833272721175,,,
2,213,267,310,5,279,284,raw_var_window_ar,72.0,1e-06,0.6981353953256538,104.11752441276812,9.99999999999499e-09,,,
2,213,267,310,5,280,285,cholesky_gaussian_ar,267.0,0.01,0.3741351159681092,17.373154479162313,0.09659367635909526,,,
2,213,267,310,5,280,285,euclidean_gaussian_ar,267.0,10.0,0.49435328565643055,23.6042571304316,0.22770284745042596,,,
2,213,267,310,5,280,285,fixed_bwar,267.0,0.01,0.3991870682747019,18.091589147213234,0.08842422235589734,,,
2,213,267,310,5,280,285,local_bwar,48.0,0.01,0.3171149530003456,14.216476275519874,0.0713233911809832,7.153968940869849e-11,1.0,0.0
2,213,267,310,5,280,285,log_euclidean_gaussian_ar,267.0,0.1,0.45579826687177394,24.216585704832045,0.07628828658151755,,,
2,213,267,310,5,280,285,persistence,,,0.6092413435606208,42.83702450058146,0.035558502509210624,,,
2,213,267,310,5,280,285,raw_var_window_ar,72.0,1e-06,0.5508331467226945,89.55411579367107,9.999999999993374e-09,,,
2,213,267,310,5,281,286,cholesky_gaussian_ar,267.0,0.01,0.4582277462116394,19.920323560346837,0.10960547266082533,,,
2,213,267,310,5,281,286,euclidean_gaussian_ar,267.0,10.0,0.4165922835438342,19.214512314741405,0.23731247176472675,,,
2,213,267,310,5,281,286,fixed_bwar,267.0,0.01,0.38262169408922303,16.403054183024746,0.09784067622019163,,,
2,213,267,310,5,281,286,local_bwar,48.0,0.01,0.3686146588544746,15.982752358451258,0.0975602388253794,7.940585003670338e-11,1.0,0.0
2,213,267,310,5,281,286,log_euclidean_gaussian_ar,267.0,0.1,0.33746932585260464,13.168798803253916,0.08342200159985705,,,
2,213,267,310,5,281,286,persistence,,,0.5583994228102073,32.57484778936306,0.04002904579613318,,,
2,213,267,310,5,281,286,raw_var_window_ar,72.0,1e-06,0.310399179419248,61.2295046670775,9.999999999999972e-09,,,
2,213,267,310,5,282,287,cholesky_gaussian_ar,267.0,0.01,0.4613701711731441,15.929870634505228,0.11480207525780087,,,
2,213,267,310,5,282,287,euclidean_gaussian_ar,267.0,10.0,0.5873255182072146,27.506961550345913,0.24080903355842428,,,
2,213,267,310,5,282,287,fixed_bwar,267.0,0.01,0.5048606502809418,19.833363861418196,0.10275070922254471,,,
2,213,267,310,5,282,287,local_bwar,48.0,0.01,0.4868865149254256,16.971253352086745,0.1326019445876318,8.854802613277516e-11,1.0,0.0
2,213,267,310,5,282,287,log_euclidean_gaussian_ar,267.0,0.1,0.4193997903408743,12.074748414544871,0.08333898526405337,,,
2,213,267,310,5,282,287,persistence,,,0.6184591288723502,26.180536961202478,0.07237585128154955,,,
2,213,267,310,5,282,287,raw_var_window_ar,72.0,1e-06,0.3872826735585685,55.01461455514537,9.99999999999984e-09,,,
2,213,267,310,5,283,288,cholesky_gaussian_ar,267.0,0.01,0.6389947668524345,30.67857798887769,0.16241459936206237,,,
2,213,267,310,5,283,288,euclidean_gaussian_ar,267.0,10.0,0.6933821818793254,36.73220274520237,0.24930319124613276,,,
2,213,267,310,5,283,288,fixed_bwar,267.0,0.01,0.6493964047441879,29.22163368185691,0.126193525443629,,,
2,213,267,310,5,283,288,local_bwar,48.0,0.01,0.526979376692612,18.965136002786807,0.11063220635029936,8.825290720930957e-11,1.0,0.0
2,213,267,310,5,283,288,log_euclidean_gaussian_ar,267.0,0.1,0.5179630163929088,17.569468107023262,0.09797412412855133,,,
2,213,267,310,5,283,288,persistence,,,0.8046456446877691,46.90924216856948,0.04884627533271209,,,
2,213,267,310,5,283,288,raw_var_window_ar,72.0,1e-06,0.4279539142139956,60.422567484306605,9.999999999999671e-09,,,
2,213,267,310,5,284,289,cholesky_gaussian_ar,267.0,0.01,0.46098990188653355,21.2790365541815,0.1893140587310202,,,
2,213,267,310,5,284,289,euclidean_gaussian_ar,267.0,10.0,0.5372804398354375,25.043268156405503,0.23802751058603203,,,
2,213,267,310,5,284,289,fixed_bwar,267.0,0.01,0.5336506355656373,22.224910477610738,0.14328663434516725,,,
2,213,267,310,5,284,289,local_bwar,48.0,0.01,0.42304214723473255,15.732173296221161,0.127437554093645,8.366454567891223e-11,1.0,0.0
2,213,267,310,5,284,289,log_euclidean_gaussian_ar,267.0,0.1,0.37302078920551257,11.546962743385734,0.10698670375869496,,,
2,213,267,310,5,284,289,persistence,,,0.7472388036544111,47.15005815346125,0.05262998989895685,,,
2,213,267,310,5,284,289,raw_var_window_ar,72.0,1e-06,0.4143823209211587,66.18188894786488,9.999999999989019e-09,,,
2,213,267,310,5,285,290,cholesky_gaussian_ar,267.0,0.01,0.2868961543788202,11.673703437484443,0.12726446927884097,,,
2,213,267,310,5,285,290,euclidean_gaussian_ar,267.0,10.0,0.32165919935241627,11.322335168326486,0.22084470064307543,,,
2,213,267,310,5,285,290,fixed_bwar,267.0,0.01,0.317579633437554,11.483103986365375,0.11279093721317755,,,
2,213,267,310,5,285,290,local_bwar,48.0,0.01,0.2882296129690954,9.695288202083189,0.10449050150117972,8.629477890338999e-11,1.0,0.0
2,213,267,310,5,285,290,log_euclidean_gaussian_ar,267.0,0.1,0.21133759737716207,7.897911595927704,0.09761136399721466,,,
2,213,267,310,5,285,290,persistence,,,0.3689691213294998,20.195636278600134,0.029511895236177935,,,
2,213,267,310,5,285,290,raw_var_window_ar,72.0,1e-06,0.3373309816027804,70.43440636623417,9.999999999991586e-09,,,
2,213,267,310,5,286,291,cholesky_gaussian_ar,267.0,0.01,0.2189150088334531,9.809771862679089,0.08043999061406139,,,
2,213,267,310,5,286,291,euclidean_gaussian_ar,267.0,10.0,0.39475746685697727,14.396661719284076,0.1906921458053206,,,
2,213,267,310,5,286,291,fixed_bwar,267.0,0.01,0.22549805090142022,9.685702957146685,0.08493879596599956,,,
2,213,267,310,5,286,291,local_bwar,48.0,0.01,0.43209282153165407,15.0531603941154,0.07758092454739608,1.0226466876488546e-10,1.0,0.0
2,213,267,310,5,286,291,log_euclidean_gaussian_ar,267.0,0.1,0.2923375294793133,12.449702060384547,0.08025770326775439,,,
2,213,267,310,5,286,291,persistence,,,0.38090237862881354,18.28925703245786,0.026144881392166676,,,
2,213,267,310,5,286,291,raw_var_window_ar,72.0,1e-06,0.37498107253850343,64.43714840559574,9.999999999986593e-09,,,
2,213,267,310,5,287,292,cholesky_gaussian_ar,267.0,0.01,0.23788186718775917,9.841414893563961,0.06914037920648587,,,
2,213,267,310,5,287,292,euclidean_gaussian_ar,267.0,10.0,0.4258059657571182,14.36606550602919,0.18678360534395305,,,
2,213,267,310,5,287,292,fixed_bwar,267.0,0.01,0.3765954346229419,13.588106598167991,0.0692969247354081,,,
2,213,267,310,5,287,292,local_bwar,48.0,0.01,0.2699119992238466,8.398987455437243,0.07548387250582385,1.1587092931587243e-10,1.0,0.0
2,213,267,310,5,287,292,log_euclidean_gaussian_ar,267.0,0.1,0.43386454003584374,24.367394320372917,0.06378527649673454,,,
2,213,267,310,5,287,292,persistence,,,0.5590912790459835,26.910147981945826,0.021812757141883028,,,
2,213,267,310,5,287,292,raw_var_window_ar,72.0,1e-06,0.35921632180959945,71.58021913817171,9.99999999999761e-09,,,
2,213,267,310,5,288,293,cholesky_gaussian_ar,267.0,0.01,0.22129426197252325,9.515235731438041,0.09195395847633765,,,
2,213,267,310,5,288,293,euclidean_gaussian_ar,267.0,10.0,0.3132002373000655,10.573510572815572,0.19432444030692048,,,
2,213,267,310,5,288,293,fixed_bwar,267.0,0.01,0.30140732486465815,11.065073316823135,0.07767561602384795,,,
2,213,267,310,5,288,293,local_bwar,48.0,0.01,0.35487458651345916,11.674735806139235,0.0858075953887752,1.2749413681846254e-10,1.0,0.0
2,213,267,310,5,288,293,log_euclidean_gaussian_ar,267.0,0.1,0.308485748903261,18.630992846748796,0.06471760490813333,,,
2,213,267,310,5,288,293,persistence,,,0.38548490106266914,16.206816567687405,0.017575349856887187,,,
2,213,267,310,5,288,293,raw_var_window_ar,72.0,1e-06,0.2931715066985049,72.14282609498885,9.999999999981428e-09,,,
2,213,267,310,5,289,294,cholesky_gaussian_ar,267.0,0.01,0.3560194518952384,14.378139099066551,0.12190008142019332,,,
2,213,267,310,5,289,294,euclidean_gaussian_ar,267.0,10.0,0.4347277362613002,18.48518794376797,0.20155252102173357,,,
2,213,267,310,5,289,294,fixed_bwar,267.0,0.01,0.3728182873437874,14.66411602252952,0.09576719978937197,,,
2,213,267,310,5,289,294,local_bwar,48.0,0.01,0.34533456046617195,12.72045061291827,0.10245304962849035,1.3391725057641762e-10,1.0,0.0
2,213,267,310,5,289,294,log_euclidean_gaussian_ar,267.0,0.1,0.3908479734792106,17.59015705386279,0.07518000537444777,,,
2,213,267,310,5,289,294,persistence,,,0.17751875892989596,9.053790279550544,0.03203538067089042,,,
2,213,267,310,5,289,294,raw_var_window_ar,72.0,1e-06,0.44690600440843214,78.48220520061413,9.999999999997153e-09,,,
2,213,267,310,5,290,295,cholesky_gaussian_ar,267.0,0.01,0.37251539447227916,14.514584425739962,0.11093394776268346,,,
2,213,267,310,5,290,295,euclidean_gaussian_ar,267.0,10.0,0.4919906421123023,23.45321664656197,0.2058215952422731,,,
2,213,267,310,5,290,295,fixed_bwar,267.0,0.01,0.4262855561708854,18.273803052898934,0.11400054274760503,,,
2,213,267,310,5,290,295,local_bwar,48.0,0.01,0.3767481591081427,12.963903322434506,0.13415455882232383,1.2784204078469073e-10,1.0,0.0
2,213,267,310,5,290,295,log_euclidean_gaussian_ar,267.0,0.1,0.4167485385828144,17.09461448015357,0.08490188203387258,,,
2,213,267,310,5,290,295,persistence,,,0.3936423434157911,23.60469446385049,0.05214655370379573,,,
2,213,267,310,5,290,295,raw_var_window_ar,72.0,1e-06,0.4961687223595604,78.66242382162704,9.999999999997562e-09,,,
2,213,267,310,5,291,296,cholesky_gaussian_ar,267.0,0.01,0.3528613302196267,11.918644102750775,0.12961681238618783,,,
2,213,267,310,5,291,296,euclidean_gaussian_ar,267.0,10.0,0.4219446402633407,17.428786346964948,0.19853771112005664,,,
2,213,267,310,5,291,296,fixed_bwar,267.0,0.01,0.27670983190955273,8.984966994744019,0.1196998241608867,,,
2,213,267,310,5,291,296,local_bwar,48.0,0.01,0.4079312545153488,13.168709671292534,0.15016863287938143,9.968567750170051e-11,1.0,0.0
2,213,267,310,5,291,296,log_euclidean_gaussian_ar,267.0,0.1,0.33112466292763204,10.214012439468348,0.09446899541432904,,,
2,213,267,310,5,291,296,persistence,,,0.5109468353459136,28.943620517248593,0.015482370337923832,,,
2,213,267,310,5,291,296,raw_var_window_ar,72.0,1e-06,0.4118483208551685,67.2025132568604,9.999999999990936e-09,,,
2,213,267,310,5,292,297,cholesky_gaussian_ar,267.0,0.01,0.2646856159027446,8.303390758053771,0.12116787589908654,,,
2,213,267,310,5,292,297,euclidean_gaussian_ar,267.0,10.0,0.3256165315127732,12.355372000005156,0.21023138183590862,,,
2,213,267,310,5,292,297,fixed_bwar,267.0,0.01,0.22068177921696439,7.275130002880693,0.11781055795761049,,,
2,213,267,310,5,292,297,local_bwar,48.0,0.01,0.37842547850835506,11.8687867269563,0.11203723951208247,9.365989185965676e-11,1.0,0.0
2,213,267,310,5,292,297,log_euclidean_gaussian_ar,267.0,0.1,0.2531616512376331,7.680842348591734,0.08934469901062882,,,
2,213,267,310,5,292,297,persistence,,,0.3253823015226675,14.266077294005628,0.03078292540629891,,,
2,213,267,310,5,292,297,raw_var_window_ar,72.0,1e-06,0.30874053408561897,58.44692326215708,9.999999999995821e-09,,,
2,213,267,310,5,293,298,cholesky_gaussian_ar,267.0,0.01,0.3621155887108076,12.125710019170157,0.10041107412111513,,,
2,213,267,310,5,293,298,euclidean_gaussian_ar,267.0,10.0,0.37028645761878093,17.02662615921679,0.21417329582859876,,,
2,213,267,310,5,293,298,fixed_bwar,267.0,0.01,0.3025370374771655,10.972650614523706,0.09563898663916193,,,
2,213,267,310,5,293,298,local_bwar,48.0,0.01,0.41788704237307917,15.16138903015083,0.08378504165701092,8.652137691020262e-11,1.0,0.0
2,213,267,310,5,293,298,log_euclidean_gaussian_ar,267.0,0.1,0.32676324489287345,10.026154712378624,0.07988484417563081,,,
2,213,267,310,5,293,298,persistence,,,0.3405615424300261,19.144259566535595,0.03828881660384394,,,
2,213,267,310,5,293,298,raw_var_window_ar,72.0,1e-06,0.3400426547301442,45.791498745975936,9.999999999991063e-09,,,
2,213,267,310,5,294,299,cholesky_gaussian_ar,267.0,0.01,0.29300813542197063,8.764077909414949,0.07394633946947593,,,
2,213,267,310,5,294,299,euclidean_gaussian_ar,267.0,10.0,0.3881508950336041,14.96620569816011,0.2217960289292481,,,
2,213,267,310,5,294,299,fixed_bwar,267.0,0.01,0.2410250533111649,6.917028454414452,0.08471276108007966,,,
2,213,267,310,5,294,299,local_bwar,48.0,0.01,0.3981982218174501,12.868822164531476,0.083700051680507,7.25750231333576e-11,1.0,0.0
2,213,267,310,5,294,299,log_euclidean_gaussian_ar,267.0,0.1,0.27983031425739124,7.9548148771673635,0.07062229173069638,,,
2,213,267,310,5,294,299,persistence,,,0.47453798337289343,24.377013761234487,0.029632201081317745,,,
2,213,267,310,5,294,299,raw_var_window_ar,72.0,1e-06,0.32917742208754236,47.47149449094129,9.999999999956729e-09,,,
2,213,267,310,5,295,300,cholesky_gaussian_ar,267.0,0.01,0.33322754462225734,13.448056084496944,0.07895012982408166,,,
2,213,267,310,5,295,300,euclidean_gaussian_ar,267.0,10.0,0.3544327646943969,13.617187279697616,0.2177730477443409,,,
2,213,267,310,5,295,300,fixed_bwar,267.0,0.01,0.2725189916541217,8.996611618221845,0.07903832000532116,,,
2,213,267,310,5,295,300,local_bwar,48.0,0.01,0.4181315666942199,14.660276831068042,0.08749616956875646,6.783919809011811e-11,1.0,0.0
2,213,267,310,5,295,300,log_euclidean_gaussian_ar,267.0,0.1,0.2911054340222196,11.379423764688262,0.06994331969275315,,,
2,213,267,310,5,295,300,persistence,,,0.30283882696841086,10.64135082025464,0.02299762965453322,,,
2,213,267,310,5,295,300,raw_var_window_ar,72.0,1e-06,0.338965984788506,61.42586246362744,9.99999999999767e-09,,,
2,213,267,310,5,296,301,cholesky_gaussian_ar,267.0,0.01,0.4392862083262886,21.32602630187565,0.08197597540094843,,,
2,213,267,310,5,296,301,euclidean_gaussian_ar,267.0,10.0,0.4553772777165862,22.09731461765718,0.20629212310303388,,,
2,213,267,310,5,296,301,fixed_bwar,267.0,0.01,0.41832893748905503,18.68222439161323,0.07783229823826542,,,
2,213,267,310,5,296,301,local_bwar,48.0,0.01,0.33754680597543113,12.153807224047226,0.11551899416200971,7.293747339853768e-11,1.0,0.0
2,213,267,310,5,296,301,log_euclidean_gaussian_ar,267.0,0.1,0.41559352974055885,20.44238877471666,0.07162875585716218,,,
2,213,267,310,5,296,301,persistence,,,0.12294959019268167,8.289902304714696,0.0371507752066944,,,
2,213,267,310,5,296,301,raw_var_window_ar,72.0,1e-06,0.4670349828299857,78.77320760965158,9.999999999998348e-09,,,
2,213,267,310,5,297,302,cholesky_gaussian_ar,267.0,0.01,0.38149909205488386,16.916067969377544,0.10754499200352852,,,
2,213,267,310,5,297,302,euclidean_gaussian_ar,267.0,10.0,0.4539195301580567,21.76721866991351,0.19374729064604623,,,
2,213,267,310,5,297,302,fixed_bwar,267.0,0.01,0.3513834099760865,14.490767293954315,0.09172830972630522,,,
2,213,267,310,5,297,302,local_bwar,48.0,0.01,0.2685375179851129,8.287447702139417,0.11216198783350471,6.93993354760809e-11,1.0,0.0
2,213,267,310,5,297,302,log_euclidean_gaussian_ar,267.0,0.1,0.38778868480107365,17.684746254445834,0.07666559542467571,,,
2,213,267,310,5,297,302,persistence,,,0.3150978190012994,16.394276886438032,0.029983581460148363,,,
2,213,267,310,5,297,302,raw_var_window_ar,72.0,1e-06,0.4562949197288463,76.01430683250362,9.999999999982433e-09,,,
2,213,267,310,5,298,303,cholesky_gaussian_ar,267.0,0.01,0.32076670372389393,11.859544141197823,0.09774631675241013,,,
2,213,267,310,5,298,303,euclidean_gaussian_ar,267.0,10.0,0.3803564461130588,16.389001528947873,0.1752406776131209,,,
2,213,267,310,5,298,303,fixed_bwar,267.0,0.01,0.22671191825008444,7.967683764439334,0.09553604223351936,,,
2,213,267,310,5,298,303,local_bwar,48.0,0.01,0.3685222161414966,11.393281984464043,0.11815925424461662,6.819904265268621e-11,1.0,0.0
2,213,267,310,5,298,303,log_euclidean_gaussian_ar,267.0,0.1,0.2733206867439874,10.147464179984468,0.07557972180277561,,,
2,213,267,310,5,298,303,persistence,,,0.42162047782966017,21.484791783333975,0.00925021652578657,,,
2,213,267,310,5,298,303,raw_var_window_ar,72.0,1e-06,0.3930852377033984,57.35539831323644,9.999999999986757e-09,,,
2,213,267,310,5,299,304,cholesky_gaussian_ar,267.0,0.01,0.2423130240410241,7.55474535140083,0.08159040166680066,,,
2,213,267,310,5,299,304,euclidean_gaussian_ar,267.0,10.0,0.27410723297560885,10.005185399370067,0.17410697041090445,,,
2,213,267,310,5,299,304,fixed_bwar,267.0,0.01,0.185903562155163,6.571188068516255,0.0861151707976938,,,
2,213,267,310,5,299,304,local_bwar,48.0,0.01,0.44114978247825076,15.094185833607686,0.09989104077773689,6.569937640820007e-11,1.0,0.0
2,213,267,310,5,299,304,log_euclidean_gaussian_ar,267.0,0.1,0.19722948088230888,7.054454465947386,0.07141586242598728,,,
2,213,267,310,5,299,304,persistence,,,0.17227961916600001,6.547787038254231,0.018387539843298353,,,
2,213,267,310,5,299,304,raw_var_window_ar,72.0,1e-06,0.3338262635648482,43.57956563055183,9.999999999994653e-09,,,
2,213,267,310,5,300,305,cholesky_gaussian_ar,267.0,0.01,0.3494014211511023,10.484147462113928,0.06957175294101654,,,
2,213,267,310,5,300,305,euclidean_gaussian_ar,267.0,10.0,0.3265695255394416,14.598349731977528,0.1966532017760854,,,
2,213,267,310,5,300,305,fixed_bwar,267.0,0.01,0.25676192381914287,8.531304003348815,0.07681624233650702,,,
2,213,267,310,5,300,305,local_bwar,48.0,0.01,0.5077299404314047,18.65698793514842,0.0884809723118827,6.121448213087048e-11,1.0,0.0
2,213,267,310,5,300,305,log_euclidean_gaussian_ar,267.0,0.1,0.25260311497912763,7.59314129009298,0.06644916811072689,,,
2,213,267,310,5,300,305,persistence,,,0.3286915483655718,18.40453200984843,0.025553478383538674,,,
2,213,267,310,5,300,305,raw_var_window_ar,72.0,1e-06,0.3544282953844098,36.74868924393017,9.999999999977271e-09,,,
2,213,267,310,5,301,306,cholesky_gaussian_ar,267.0,0.01,0.5144702770800719,18.205913230625097,0.0887865099027257,,,
2,213,267,310,5,301,306,euclidean_gaussian_ar,267.0,10.0,0.42928596958499576,18.11366648217772,0.21787668206672037,,,
2,213,267,310,5,301,306,fixed_bwar,267.0,0.01,0.37108023699390974,12.163667129271172,0.08343388030163894,,,
2,213,267,310,5,301,306,local_bwar,48.0,0.01,0.4870246800720439,16.151340667233363,0.0795548081232173,9.834220759989947e-10,1.0,0.0
2,213,267,310,5,301,306,log_euclidean_gaussian_ar,267.0,0.1,0.3351687046651919,8.091798361672277,0.07117543950668033,,,
2,213,267,310,5,301,306,persistence,,,0.5394948445808815,31.091751726698163,0.029411211719911613,,,
2,213,267,310,5,301,306,raw_var_window_ar,72.0,1e-06,0.3617560169946982,39.00572897243593,9.999999999993848e-09,,,
2,213,267,310,5,302,307,cholesky_gaussian_ar,267.0,0.01,0.54958980607643,19.924416904199948,0.09477396217659359,,,
2,213,267,310,5,302,307,euclidean_gaussian_ar,267.0,10.0,0.49609093383844993,23.517865068274766,0.212934058964102,,,
2,213,267,310,5,302,307,fixed_bwar,267.0,0.01,0.43149951630566336,15.506082854016999,0.09352266192147515,,,
2,213,267,310,5,302,307,local_bwar,48.0,0.01,0.5795162105922278,23.15368458313779,0.08929249874714233,9.506056169743708e-10,1.0,0.0
2,213,267,310,5,302,307,log_euclidean_gaussian_ar,267.0,0.1,0.406020115640346,8.404611057510532,0.07222214617128261,,,
2,213,267,310,5,302,307,persistence,,,0.5066495132567814,24.95638878167678,0.027934292361555875,,,
2,213,267,310,5,302,307,raw_var_window_ar,72.0,1e-06,0.4561804111873229,33.32847557631821,9.999999999995166e-09,,,
2,213,267,310,5,303,308,cholesky_gaussian_ar,267.0,0.01,0.49413368142990727,17.15438743768233,0.1149850485027525,,,
2,213,267,310,5,303,308,euclidean_gaussian_ar,267.0,10.0,0.4224331024399315,18.74361447200886,0.18651105990429034,,,
2,213,267,310,5,303,308,fixed_bwar,267.0,0.01,0.31467767603842495,9.828060805008414,0.09711565915177442,,,
2,213,267,310,5,303,308,local_bwar,48.0,0.01,0.5566253998648538,21.224762657874262,0.11754677696837335,6.331323647700392e-11,1.0,0.0
2,213,267,310,5,303,308,log_euclidean_gaussian_ar,267.0,0.1,0.36681048411366823,9.191996202370365,0.07318703171966588,,,
2,213,267,310,5,303,308,persistence,,,0.24654803614701493,8.307683915454827,0.0352371659101735,,,
2,213,267,310,5,303,308,raw_var_window_ar,72.0,1e-06,0.49877238091985365,44.19497045402008,9.999999999992779e-09,,,
2,213,267,310,5,304,309,cholesky_gaussian_ar,267.0,0.01,0.36847175939165394,11.958259635170583,0.09137352963494613,,,
2,213,267,310,5,304,309,euclidean_gaussian_ar,267.0,10.0,0.4319374636169356,18.64035384645573,0.16575609851700868,,,
2,213,267,310,5,304,309,fixed_bwar,267.0,0.01,0.25175271121126175,7.311315561818753,0.09225356447461636,,,
2,213,267,310,5,304,309,local_bwar,48.0,0.01,0.5080944641377061,19.130945282960546,0.1280709349288358,6.284625828195075e-11,1.0,0.0
2,213,267,310,5,304,309,log_euclidean_gaussian_ar,267.0,0.1,0.3537802603692721,10.199985528209542,0.07761257151613037,,,
2,213,267,310,5,304,309,persistence,,,0.3301342457400058,15.781414237678492,0.026548339459902044,,,
2,213,267,310,5,304,309,raw_var_window_ar,72.0,1e-06,0.5147750061791814,49.37888734028348,9.99999999999469e-09,,,
3,256,310,353,3,307,310,cholesky_gaussian_ar,310.0,0.01,0.21282341317963832,5.364864555163668,0.04137547516305514,,,
3,256,310,353,3,307,310,euclidean_gaussian_ar,310.0,0.01,0.26615710936450476,8.982732763257756,0.07708145984049833,,,
3,256,310,353,3,307,310,fixed_bwar,310.0,0.01,0.24410061373424927,5.940898139954863,0.08093382132241653,,,
3,256,310,353,3,307,310,local_bwar,72.0,0.01,0.2800549983152281,8.28502727236355,0.10848992494221824,1.733090419944689e-10,1.0,0.0
3,256,310,353,3,307,310,log_euclidean_gaussian_ar,310.0,0.1,0.2460039629359522,8.164403772422526,0.04772032013522651,,,
3,256,310,353,3,307,310,persistence,,,0.3648880974443267,12.322517266265795,0.013992034877248287,,,
3,256,310,353,3,307,310,raw_var_window_ar,72.0,10.0,0.4044896200923147,45.868158043586334,9.999999924119473e-09,,,
3,256,310,353,3,308,311,cholesky_gaussian_ar,310.0,0.01,0.10133514842199115,4.000203993067843,0.05230317248526335,,,
3,256,310,353,3,308,311,euclidean_gaussian_ar,310.0,0.01,0.23776875257530478,11.512231604882212,9.999999620667718e-09,,,
3,256,310,353,3,308,311,fixed_bwar,310.0,0.01,0.1299221528559914,4.154181564059812,0.07676213159127519,,,
3,256,310,353,3,308,311,local_bwar,72.0,0.01,0.25940609142727905,8.200632754784383,0.08996027152750133,1.823244190558911e-10,1.0,0.0
3,256,310,353,3,308,311,log_euclidean_gaussian_ar,310.0,0.1,0.14077675530201608,5.697088727879907,0.05507166953390116,,,
3,256,310,353,3,308,311,persistence,,,0.2331100931095588,8.137858793303137,0.01330148964223018,,,
3,256,310,353,3,308,311,raw_var_window_ar,72.0,10.0,0.2959343253216937,35.16371759845774,9.999999922438674e-09,,,
3,256,310,353,3,309,312,cholesky_gaussian_ar,310.0,0.01,0.22461463511595892,6.9001078763501695,0.07270808869382457,,,
3,256,310,353,3,309,312,euclidean_gaussian_ar,310.0,0.01,0.4354597197735621,20.508224745961606,9.999998080488288e-09,,,
3,256,310,353,3,309,312,fixed_bwar,310.0,0.01,0.19347628528127364,6.043616667670113,0.07615117698584517,,,
3,256,310,353,3,309,312,local_bwar,72.0,0.01,0.3361608979566281,10.790213640917779,0.08158567374221197,1.9968624014279137e-10,1.0,0.0
3,256,310,353,3,309,312,log_euclidean_gaussian_ar,310.0,0.1,0.16427031483164692,5.3972333147598395,0.060459569530765984,,,
3,256,310,353,3,309,312,persistence,,,0.40963030817268353,19.427377360556,0.013778272789307641,,,
3,256,310,353,3,309,312,raw_var_window_ar,72.0,10.0,0.30077357970854485,30.14512162780244,9.999999949137685e-09,,,
3,256,310,353,3,310,313,cholesky_gaussian_ar,310.0,0.01,0.22852211851425913,6.116288072692473,0.07364574181748312,,,
3,256,310,353,3,310,313,euclidean_gaussian_ar,310.0,0.01,0.45723921099051146,19.64737893949279,9.999999740665817e-09,,,
3,256,310,353,3,310,313,fixed_bwar,310.0,0.01,0.3053118710516799,8.705842202325442,0.08331591114714028,,,
3,256,310,353,3,310,313,local_bwar,72.0,0.01,0.35675895800157376,10.510321531535544,0.0939803893954239,2.1118227348009258e-10,1.0,0.0
3,256,310,353,3,310,313,log_euclidean_gaussian_ar,310.0,0.1,0.2516164398748859,4.847341952105555,0.0666638101624081,,,
3,256,310,353,3,310,313,persistence,,,0.3861310862525899,15.311037678218952,0.030875582596290883,,,
3,256,310,353,3,310,313,raw_var_window_ar,72.0,10.0,0.2853416972383579,26.60119437275894,9.99999988740849e-09,,,
3,256,310,353,3,311,314,cholesky_gaussian_ar,310.0,0.01,0.10376491767405852,3.8931276387147795,0.05420278566718964,,,
3,256,310,353,3,311,314,euclidean_gaussian_ar,310.0,0.01,0.13915745615869374,6.614949562012805,9.999999847828822e-09,,,
3,256,310,353,3,311,314,fixed_bwar,310.0,0.01,0.09536963731306188,3.458541910448749,0.04680816042694874,,,
3,256,310,353,3,311,314,local_bwar,72.0,0.01,0.16040854525432668,5.118511678886379,0.08088649588998215,2.1662452522512653e-10,1.0,0.0
3,256,310,353,3,311,314,log_euclidean_gaussian_ar,310.0,0.1,0.1664639760031686,4.811882200034516,0.06550457044233948,,,
3,256,310,353,3,311,314,persistence,,,0.13347373146893243,6.057607756209173,0.0173154699796199,,,
3,256,310,353,3,311,314,raw_var_window_ar,72.0,10.0,0.2853716492344729,38.23281535493686,9.999999973427285e-09,,,
3,256,310,353,3,312,315,cholesky_gaussian_ar,310.0,0.01,0.2569560494846236,6.544886930708025,0.038674225438489127,,,
3,256,310,353,3,312,315,euclidean_gaussian_ar,310.0,0.01,0.21232154844572262,8.095564369969868,9.999999734478812e-09,,,
3,256,310,353,3,312,315,fixed_bwar,310.0,0.01,0.24650066624598296,6.555494680764501,0.08399094917954067,,,
3,256,310,353,3,312,315,local_bwar,72.0,0.01,0.3324535315593706,10.425631527578057,0.1155898190966944,2.062259448595656e-10,1.0,0.0
3,256,310,353,3,312,315,log_euclidean_gaussian_ar,310.0,0.1,0.3063899556522198,8.447916003183133,0.06598912330262545,,,
3,256,310,353,3,312,315,persistence,,,0.4037213626851696,18.78992839885463,0.015514566880116319,,,
3,256,310,353,3,312,315,raw_var_window_ar,72.0,10.0,0.3866617075579733,40.623288691973876,9.999999953917019e-09,,,
3,256,310,353,3,313,316,cholesky_gaussian_ar,310.0,0.01,0.23940097628525506,6.448865437832186,0.04023937974465342,,,
3,256,310,353,3,313,316,euclidean_gaussian_ar,310.0,0.01,0.2745714956204375,12.02864201997702,0.1123319846647006,,,
3,256,310,353,3,313,316,fixed_bwar,310.0,0.01,0.22870058242236369,6.352241179810932,0.05273014542450288,,,
3,256,310,353,3,313,316,local_bwar,72.0,0.01,0.3957221278899264,12.977537061938168,0.1185920468988435,1.9204584666410554e-10,1.0,0.0
3,256,310,353,3,313,316,log_euclidean_gaussian_ar,310.0,0.1,0.28533889382191646,8.96672355464949,0.06279588575830503,,,
3,256,310,353,3,313,316,persistence,,,0.40073594218287334,18.30200539193168,0.01695447547677931,,,
3,256,310,353,3,313,316,raw_var_window_ar,72.0,10.0,0.41151801998244997,43.76436372431701,9.999999952368904e-09,,,
3,256,310,353,3,314,317,cholesky_gaussian_ar,310.0,0.01,0.2906580985806242,7.709582289747128,0.056076053885064196,,,
3,256,310,353,3,314,317,euclidean_gaussian_ar,310.0,0.01,0.30102244625674235,13.854756210061712,0.09959592446142652,,,
3,256,310,353,3,314,317,fixed_bwar,310.0,0.01,0.2730031416805431,7.676481845251966,0.08993892282734835,,,
3,256,310,353,3,314,317,local_bwar,72.0,0.01,0.4030692785071357,12.299246787790707,0.1038519989506607,1.5617838476767479e-10,1.0,0.0
3,256,310,353,3,314,317,log_euclidean_gaussian_ar,310.0,0.1,0.2990181840550624,7.078867790492827,0.07431119369764816,,,
3,256,310,353,3,314,317,persistence,,,0.17138490861943204,7.143429821434366,0.015075310866249008,,,
3,256,310,353,3,314,317,raw_var_window_ar,72.0,10.0,0.362257898850821,38.23040738330238,9.999999957184976e-09,,,
3,256,310,353,3,315,318,cholesky_gaussian_ar,310.0,0.01,0.19316376825581216,5.504135068539231,0.05406255263632756,,,
3,256,310,353,3,315,318,euclidean_gaussian_ar,310.0,0.01,0.2623743352374049,13.450889447766897,1.0000000084085614e-08,,,
3,256,310,353,3,315,318,fixed_bwar,310.0,0.01,0.2380892233772402,6.530043974033541,0.07090739947168953,,,
3,256,310,353,3,315,318,local_bwar,72.0,0.01,0.2684298552111421,7.0747096103467975,0.08911992775546715,1.1766016005143905e-10,1.0,0.0
3,256,310,353,3,315,318,log_euclidean_gaussian_ar,310.0,0.1,0.20301444637726695,4.753316626161663,0.06247822834752801,,,
3,256,310,353,3,315,318,persistence,,,0.26751956282909223,9.410362185519862,0.016661643283613276,,,
3,256,310,353,3,315,318,raw_var_window_ar,72.0,10.0,0.2724245999548428,29.430541920926988,9.999999909085901e-09,,,
3,256,310,353,3,316,319,cholesky_gaussian_ar,310.0,0.01,0.12165657018512277,4.43431008138546,0.039885572844422706,,,
3,256,310,353,3,316,319,euclidean_gaussian_ar,310.0,0.01,0.15741925510224278,8.459526976990675,9.999999963901251e-09,,,
3,256,310,353,3,316,319,fixed_bwar,310.0,0.01,0.16612296213020988,4.659391830979984,0.056244609198105526,,,
3,256,310,353,3,316,319,local_bwar,72.0,0.01,0.29960967618300766,10.504865679326917,0.09282174435441154,1.0468711813098192e-10,1.0,0.0
3,256,310,353,3,316,319,log_euclidean_gaussian_ar,310.0,0.1,0.1694846053789641,5.593780740906147,0.05282469381380724,,,
3,256,310,353,3,316,319,persistence,,,0.45803435547333704,22.888824809324184,0.010257468023155641,,,
3,256,310,353,3,316,319,raw_var_window_ar,72.0,10.0,0.2943560728967178,27.61114128392394,9.999999878128164e-09,,,
3,256,310,353,3,317,320,cholesky_gaussian_ar,310.0,0.01,0.1784276602364535,5.021369879236626,0.058296228835261706,,,
3,256,310,353,3,317,320,euclidean_gaussian_ar,310.0,0.01,0.1904410746872297,7.616899563185161,9.999999846227449e-09,,,
3,256,310,353,3,317,320,fixed_bwar,310.0,0.01,0.22096770547225256,5.696361423023047,0.06311395198771125,,,
3,256,310,353,3,317,320,local_bwar,72.0,0.01,0.3700635688396328,13.991224216394262,0.10177706224203825,1.0260369852484713e-10,1.0,0.0
3,256,310,353,3,317,320,log_euclidean_gaussian_ar,310.0,0.1,0.24365593373210598,6.294942795697825,0.05711952885152566,,,
3,256,310,353,3,317,320,persistence,,,0.3647894308698656,17.087135516564196,0.011135548153365024,,,
3,256,310,353,3,317,320,raw_var_window_ar,72.0,10.0,0.3310729102720489,25.77487190072971,9.99999990263703e-09,,,
3,256,310,353,3,318,321,cholesky_gaussian_ar,310.0,0.01,0.17202277855806417,6.211826417689205,0.05677159456652514,,,
3,256,310,353,3,318,321,euclidean_gaussian_ar,310.0,0.01,0.17376044815473798,6.392395288054615,1.0000000254125674e-08,,,
3,256,310,353,3,318,321,fixed_bwar,310.0,0.01,0.19838580455725802,5.833291222221557,0.07212312501836995,,,
3,256,310,353,3,318,321,local_bwar,72.0,0.01,0.24173774793001065,6.8115323944048525,0.09897217678000979,9.67387893540207e-11,1.0,0.0
3,256,310,353,3,318,321,log_euclidean_gaussian_ar,310.0,0.1,0.2297540387792804,6.863400584759269,0.06472109177918113,,,
3,256,310,353,3,318,321,persistence,,,0.15684120082427216,6.75037978658196,0.023955743248483125,,,
3,256,310,353,3,318,321,raw_var_window_ar,72.0,10.0,0.31239961256513765,39.36771888590933,9.999999975438707e-09,,,
3,256,310,353,3,319,322,cholesky_gaussian_ar,310.0,0.01,0.20912789566153792,5.032299634803135,0.05749601449293309,,,
3,256,310,353,3,319,322,euclidean_gaussian_ar,310.0,0.01,0.19193668282353302,6.372905621256089,9.999999980950064e-09,,,
3,256,310,353,3,319,322,fixed_bwar,310.0,0.01,0.23129003219972327,6.007462033400618,0.08521523210021749,,,
3,256,310,353,3,319,322,local_bwar,72.0,0.01,0.21967933830540995,6.040471947673323,0.04007383188399478,9.220743364311036e-11,1.0,0.0
3,256,310,353,3,319,322,log_euclidean_gaussian_ar,310.0,0.1,0.2902018883648504,6.404131699564797,0.07804027354554487,,,
3,256,310,353,3,319,322,persistence,,,0.42224569477339097,18.631380664217133,0.022770136688728432,,,
3,256,310,353,3,319,322,raw_var_window_ar,72.0,10.0,0.40004859075824456,37.19181678948098,9.999999805186892e-09,,,
3,256,310,353,3,320,323,cholesky_gaussian_ar,310.0,0.01,0.23724784513113203,5.511851422097582,0.049740651328524565,,,
3,256,310,353,3,320,323,euclidean_gaussian_ar,310.0,0.01,0.17442515441648826,5.877596028202143,9.999999959576435e-09,,,
3,256,310,353,3,320,323,fixed_bwar,310.0,0.01,0.19918991825940627,4.680941966757999,0.05268271351145735,,,
3,256,310,353,3,320,323,local_bwar,72.0,0.01,0.2170891791382386,4.695937362216254,0.04326715750768822,9.252625248753078e-11,1.0,0.0
3,256,310,353,3,320,323,log_euclidean_gaussian_ar,310.0,0.1,0.2797455459758576,6.061045446074721,0.06055307197383725,,,
3,256,310,353,3,320,323,persistence,,,0.3725556657817081,17.841333906562454,0.023326799014934917,,,
3,256,310,353,3,320,323,raw_var_window_ar,72.0,10.0,0.41183642322534914,35.21144116073768,9.99999998638915e-09,,,
3,256,310,353,3,321,324,cholesky_gaussian_ar,310.0,0.01,0.36239178261659394,9.98061101977352,0.0640352652144392,,,
3,256,310,353,3,321,324,euclidean_gaussian_ar,310.0,0.01,0.4014121533374661,17.28283519879256,1.0000000069969623e-08,,,
3,256,310,353,3,321,324,fixed_bwar,310.0,0.01,0.3717973652841675,10.667055757318298,0.09345369851310684,,,
3,256,310,353,3,321,324,local_bwar,72.0,0.01,0.4083561832423726,12.04675948159359,0.07282035098378661,8.659520438569023e-11,1.0,0.0
3,256,310,353,3,321,324,log_euclidean_gaussian_ar,310.0,0.1,0.44907159719429535,10.342986501588953,0.0774159050030195,,,
3,256,310,353,3,321,324,persistence,,,0.2876940875518616,11.788901827422253,0.020305372337275925,,,
3,256,310,353,3,321,324,raw_var_window_ar,72.0,10.0,0.4670536453582733,25.555743282765256,9.999999975923724e-09,,,
3,256,310,353,3,322,325,cholesky_gaussian_ar,310.0,0.01,0.35845601245457515,8.703413726207637,0.04917531023855655,,,
3,256,310,353,3,322,325,euclidean_gaussian_ar,310.0,0.01,0.4739259426209724,23.19112850139577,1.0000000151873286e-08,,,
3,256,310,353,3,322,325,fixed_bwar,310.0,0.01,0.37575753255003647,10.429382755731641,0.06382922343164779,,,
3,256,310,353,3,322,325,local_bwar,72.0,0.01,0.471486756981691,15.026392135714215,0.08057835046815925,8.42702283872956e-11,1.0,0.0
3,256,310,353,3,322,325,log_euclidean_gaussian_ar,310.0,0.1,0.4011166071265588,7.055547546343897,0.05682720413895458,,,
3,256,310,353,3,322,325,persistence,,,0.3792714864267961,13.776308137063873,0.01000612593567839,,,
3,256,310,353,3,322,325,raw_var_window_ar,72.0,10.0,0.46237294979517124,19.776953848049896,9.999999847249202e-09,,,
3,256,310,353,3,323,326,cholesky_gaussian_ar,310.0,0.01,0.2958203269197509,7.380602072755435,0.05278836706901713,,,
3,256,310,353,3,323,326,euclidean_gaussian_ar,310.0,0.01,0.37792055682002657,18.93716127640837,9.999999928831632e-09,,,
3,256,310,353,3,323,326,fixed_bwar,310.0,0.01,0.27772582871375145,7.489838753162957,0.06303763653650508,,,
3,256,310,353,3,323,326,local_bwar,72.0,0.01,0.38941748932961806,14.197332251997597,0.03461573519185691,8.798459271960671e-11,1.0,0.0
3,256,310,353,3,323,326,log_euclidean_gaussian_ar,310.0,0.1,0.2994787386569211,4.990653304523903,0.05716400933836846,,,
3,256,310,353,3,323,326,persistence,,,0.3534951772288949,14.875833844944692,0.007454039262280449,,,
3,256,310,353,3,323,326,raw_var_window_ar,72.0,10.0,0.4266637059992631,19.014943698258733,9.999999942118063e-09,,,
3,256,310,353,3,324,327,cholesky_gaussian_ar,310.0,0.01,0.2658116022129405,5.724249589502805,0.03637211312137641,,,
3,256,310,353,3,324,327,euclidean_gaussian_ar,310.0,0.01,0.26457762009322505,11.97869787159005,1.0000000196757896e-08,,,
3,256,310,353,3,324,327,fixed_bwar,310.0,0.01,0.19896950141729058,4.3943512036106664,0.048998317038266855,,,
3,256,310,353,3,324,327,local_bwar,72.0,0.01,0.38489521409770927,12.19633660146299,0.03520820409030515,9.752733248534777e-11,1.0,0.0
3,256,310,353,3,324,327,log_euclidean_gaussian_ar,310.0,0.1,0.215950506739515,3.6821531285206053,0.034030221929126046,,,
3,256,310,353,3,324,327,persistence,,,0.2631342761156287,7.582857416587569,0.010171794291932454,,,
3,256,310,353,3,324,327,raw_var_window_ar,72.0,10.0,0.43088469213943476,19.090239879123004,9.999999808822093e-09,,,
3,256,310,353,3,325,328,cholesky_gaussian_ar,310.0,0.01,0.3317643363642923,8.199191910010482,0.04135805335633414,,,
3,256,310,353,3,325,328,euclidean_gaussian_ar,310.0,0.01,0.2380165049694025,9.497302614715885,0.0026398335615519138,,,
3,256,310,353,3,325,328,fixed_bwar,310.0,0.01,0.21216711072246483,4.69624051742751,0.06008730484657996,,,
3,256,310,353,3,325,328,local_bwar,72.0,0.01,0.44483812263736777,15.524482028315685,0.02397610107123501,1.0586232118030397e-10,1.0,0.0
3,256,310,353,3,325,328,log_euclidean_gaussian_ar,310.0,0.1,0.2740927654879894,4.400799901576564,0.034820071723760775,,,
3,256,310,353,3,325,328,persistence,,,0.15434773511445907,4.4299974477717186,0.011110502029396651,,,
3,256,310,353,3,325,328,raw_var_window_ar,72.0,10.0,0.45495737319875595,18.163381301868867,9.999999693387725e-09,,,
3,256,310,353,3,326,329,cholesky_gaussian_ar,310.0,0.01,0.38158956828540663,10.306723626902059,0.03155090385637906,,,
3,256,310,353,3,326,329,euclidean_gaussian_ar,310.0,0.01,0.303396975437407,12.981247669149525,0.10837819888981039,,,
3,256,310,353,3,326,329,fixed_bwar,310.0,0.01,0.26045416553074313,6.386342417752433,0.05565154597803109,,,
3,256,310,353,3,326,329,local_bwar,72.0,0.01,0.4025480187686572,12.907849877354344,0.04321608049475479,1.0998952166273242e-10,1.0,0.0
3,256,310,353,3,326,329,log_euclidean_gaussian_ar,310.0,0.1,0.3251241974852948,5.4457100620929,0.04050732663039433,,,
3,256,310,353,3,326,329,persistence,,,0.2405167150729371,6.3994992754617295,0.014791594019338898,,,
3,256,310,353,3,326,329,raw_var_window_ar,72.0,10.0,0.5114887814380886,19.57610636224588,9.999999944821252e-09,,,
3,256,310,353,3,327,330,cholesky_gaussian_ar,310.0,0.01,0.4912648478869198,15.92252036013886,0.049845887860282545,,,
3,256,310,353,3,327,330,euclidean_gaussian_ar,310.0,0.01,0.36576370412889314,15.247400145856076,1.0000000227536914e-08,,,
3,256,310,353,3,327,330,fixed_bwar,310.0,0.01,0.4003864741842729,11.648173530821152,0.0684636843823797,,,
3,256,310,353,3,327,330,local_bwar,72.0,0.01,0.5344649474712112,19.295661933018607,0.040007456568533446,1.0486455126799531e-10,1.0,0.0
3,256,310,353,3,327,330,log_euclidean_gaussian_ar,310.0,0.1,0.49031923476788297,10.528131211110644,0.053939481846990996,,,
3,256,310,353,3,327,330,persistence,,,0.26757543332292644,6.331577697190433,0.013780862051123409,,,
3,256,310,353,3,327,330,raw_var_window_ar,72.0,10.0,0.6306783939256291,18.99784622149924,9.999999935818206e-09,,,
3,256,310,353,3,328,331,cholesky_gaussian_ar,310.0,0.01,0.5430808604053504,18.434848685775798,0.047528092772075814,,,
3,256,310,353,3,328,331,euclidean_gaussian_ar,310.0,0.01,0.44510677643815694,21.36235772555049,0.08675999400576262,,,
3,256,310,353,3,328,331,fixed_bwar,310.0,0.01,0.45669080542708457,14.229153335304332,0.059225353021256526,,,
3,256,310,353,3,328,331,local_bwar,72.0,0.01,0.5565061657145771,21.061708306713886,0.04047423379139466,9.682561672345244e-11,1.0,0.0
3,256,310,353,3,328,331,log_euclidean_gaussian_ar,310.0,0.1,0.5237185579395278,11.797846019074058,0.04262479490791535,,,
3,256,310,353,3,328,331,persistence,,,0.31605833746779405,8.318911018536708,0.01173407681143122,,,
3,256,310,353,3,328,331,raw_var_window_ar,72.0,10.0,0.7378862595784835,19.926226099659313,9.999999958906036e-09,,,
3,256,310,353,3,329,332,cholesky_gaussian_ar,310.0,0.01,0.5794145183468735,21.313878436331862,0.032667668113967686,,,
3,256,310,353,3,329,332,euclidean_gaussian_ar,310.0,0.01,0.5259315517830839,28.115525031508433,0.0636351752269856,,,
3,256,310,353,3,329,332,fixed_bwar,310.0,0.01,0.5647805612478531,22.07785340963266,0.057401599373542035,,,
3,256,310,353,3,329,332,local_bwar,72.0,0.01,0.598295545748145,25.34281873790622,0.04261083029734989,9.557809443311903e-11,1.0,0.0
3,256,310,353,3,329,332,log_euclidean_gaussian_ar,310.0,0.1,0.5852772948651448,16.225637180319808,0.038608553916632406,,,
3,256,310,353,3,329,332,persistence,,,0.4254133526967953,13.597189033511203,0.005548716771077799,,,
3,256,310,353,3,329,332,raw_var_window_ar,72.0,10.0,0.8388095266763453,22.90229104290596,9.99999996031167e-09,,,
3,256,310,353,3,330,333,cholesky_gaussian_ar,310.0,0.01,0.4893619381892377,15.356855156496891,0.011733479342143992,,,
3,256,310,353,3,330,333,euclidean_gaussian_ar,310.0,0.01,0.39373547871293413,19.121682100103786,0.07297117136590868,,,
3,256,310,353,3,330,333,fixed_bwar,310.0,0.01,0.4346690323933669,14.31171033732357,0.05816982628810848,,,
3,256,310,353,3,330,333,local_bwar,72.0,0.01,0.47102473742878526,17.95687803146229,1.004029757700435e-08,1.0287274345338908e-10,1.0,0.0
3,256,310,353,3,330,333,log_euclidean_gaussian_ar,310.0,0.1,0.4662415919567435,11.137745823665673,0.023704009835633512,,,
3,256,310,353,3,330,333,persistence,,,0.22937920710326543,6.088385143175219,0.005614980879767345,,,
3,256,310,353,3,330,333,raw_var_window_ar,72.0,10.0,0.8071392359615995,21.635601322223646,9.99999992733213e-09,,,
3,256,310,353,3,331,334,cholesky_gaussian_ar,310.0,0.01,0.3280482054893912,6.375495307460671,0.004743862878410313,,,
3,256,310,353,3,331,334,euclidean_gaussian_ar,310.0,0.01,0.2066024455555563,6.799223365077808,1.0000000356258858e-08,,,
3,256,310,353,3,331,334,fixed_bwar,310.0,0.01,0.26330334273033784,5.278348550566838,0.035745347431771886,,,
3,256,310,353,3,331,334,local_bwar,72.0,0.01,0.2171897289051007,3.5467967733659,1.002231776842751e-08,1.1201795874314541e-10,1.0,0.0
3,256,310,353,3,331,334,log_euclidean_gaussian_ar,310.0,0.1,0.3112217622776049,4.582325371960712,0.015483524317522685,,,
3,256,310,353,3,331,334,persistence,,,0.1066519652973811,2.5336992206094413,0.00459213720498924,,,
3,256,310,353,3,331,334,raw_var_window_ar,72.0,10.0,0.7209868011857803,21.41525988600299,9.99999995027522e-09,,,
3,256,310,353,3,332,335,cholesky_gaussian_ar,310.0,0.01,0.17453956571455317,3.5608859667549773,0.001784427438624267,,,
3,256,310,353,3,332,335,euclidean_gaussian_ar,310.0,0.01,0.12667727283091235,3.1161707866844224,9.999999856700817e-09,,,
3,256,310,353,3,332,335,fixed_bwar,310.0,0.01,0.15280139834906115,2.9947369203874166,0.007484465986200853,,,
3,256,310,353,3,332,335,local_bwar,72.0,0.01,0.12529629366839928,2.7280173799905643,1.0014753604428192e-08,1.1478714864657514e-10,1.0,0.0
3,256,310,353,3,332,335,log_euclidean_gaussian_ar,310.0,0.1,0.16015442737561447,3.177656816890137,0.006697254265592802,,,
3,256,310,353,3,332,335,persistence,,,0.3203349876227703,11.4194646817338,0.0021495995346294456,,,
3,256,310,353,3,332,335,raw_var_window_ar,72.0,10.0,0.622958677439016,22.585791000212463,9.999999934960372e-09,,,
3,256,310,353,3,333,336,cholesky_gaussian_ar,310.0,0.01,0.22392402537422082,4.740486024757148,0.002246427742903318,,,
3,256,310,353,3,333,336,euclidean_gaussian_ar,310.0,0.01,0.2098897837659947,3.826290190136791,9.999999993023848e-09,,,
3,256,310,353,3,333,336,fixed_bwar,310.0,0.01,0.24700006776284694,4.877269822789879,0.007126158312280498,,,
3,256,310,353,3,333,336,local_bwar,72.0,0.01,0.21583998473137264,5.028948137211726,0.018127380709560544,1.1780945677446132e-10,1.0,0.0
3,256,310,353,3,333,336,log_euclidean_gaussian_ar,310.0,0.1,0.24747405479083515,5.737638796193758,0.0053988411159350954,,,
3,256,310,353,3,333,336,persistence,,,0.4446195112038315,16.762759252034996,0.002567990472129686,,,
3,256,310,353,3,333,336,raw_var_window_ar,72.0,10.0,0.5628145400210538,24.548529844137512,9.99999992139931e-09,,,
3,256,310,353,3,334,337,cholesky_gaussian_ar,310.0,0.01,0.20180698597537258,4.027088227765394,0.0041716124690127695,,,
3,256,310,353,3,334,337,euclidean_gaussian_ar,310.0,0.01,0.21772691652332155,6.156375734166896,9.99999981950424e-09,,,
3,256,310,353,3,334,337,fixed_bwar,310.0,0.01,0.21147354918507713,3.9600643137772953,0.021453445431376447,,,
3,256,310,353,3,334,337,local_bwar,72.0,0.01,0.15265980940619878,2.966925285950409,0.027821971396800343,1.1266183946385537e-10,1.0,0.0
3,256,310,353,3,334,337,log_euclidean_gaussian_ar,310.0,0.1,0.1939113097891416,4.364252545287283,0.009104903418863003,,,
3,256,310,353,3,334,337,persistence,,,0.3493715466923763,8.229982553383287,0.003834653337831247,,,
3,256,310,353,3,334,337,raw_var_window_ar,72.0,10.0,0.5480325165095202,24.483818933114705,9.999999987615948e-09,,,
3,256,310,353,3,335,338,cholesky_gaussian_ar,310.0,0.01,0.18249379161907417,3.2503459959533,0.005284581165267502,,,
3,256,310,353,3,335,338,euclidean_gaussian_ar,310.0,0.01,0.2175491374425733,9.640532849058067,9.999999901573938e-09,,,
3,256,310,353,3,335,338,fixed_bwar,310.0,0.01,0.17301608784363387,3.0484534836927737,0.030522824651902154,,,
3,256,310,353,3,335,338,local_bwar,72.0,0.01,0.20048378397355168,4.021289624865766,0.04667292140993191,1.1243337827773854e-10,1.0,0.0
3,256,310,353,3,335,338,log_euclidean_gaussian_ar,310.0,0.1,0.17876516855857938,3.5333278578322553,0.009908397492729986,,,
3,256,310,353,3,335,338,persistence,,,0.1524244011760133,2.338906956308243,0.0020259278338282693,,,
3,256,310,353,3,335,338,raw_var_window_ar,72.0,10.0,0.5443873815091353,21.493450295701486,9.999999946139144e-09,,,
3,256,310,353,3,336,339,cholesky_gaussian_ar,310.0,0.01,0.148610290921616,2.526358447826757,0.00832217459421426,,,
3,256,310,353,3,336,339,euclidean_gaussian_ar,310.0,0.01,0.23428853246814177,12.013348323555583,9.999999930889356e-09,,,
3,256,310,353,3,336,339,fixed_bwar,310.0,0.01,0.16546685318872648,3.0066016467167143,0.042920450428313425,,,
3,256,310,353,3,336,339,local_bwar,72.0,0.01,0.15586777836468596,2.7453838723911907,0.039671207853680016,1.142664754667679e-10,1.0,0.0
3,256,310,353,3,336,339,log_euclidean_gaussian_ar,310.0,0.1,0.17657299530693052,2.4117377555502104,0.017647433590217265,,,
3,256,310,353,3,336,339,persistence,,,0.16288792877317815,3.802213640965594,0.0037435856463476306,,,
3,256,310,353,3,336,339,raw_var_window_ar,72.0,10.0,0.5370466102377294,18.85509683028291,9.999999958256675e-09,,,
3,256,310,353,3,337,340,cholesky_gaussian_ar,310.0,0.01,0.14632891938437886,2.8668220981287416,0.011717298704319153,,,
3,256,310,353,3,337,340,euclidean_gaussian_ar,310.0,0.01,0.1904679734057484,9.650176688053417,9.999999948774275e-09,,,
3,256,310,353,3,337,340,fixed_bwar,310.0,0.01,0.1765317630406042,3.43954656797274,0.039121297837475276,,,
3,256,310,353,3,337,340,local_bwar,72.0,0.01,0.1416154541486524,2.723580632262852,0.03477414746301092,1.2553143249731143e-10,1.0,0.0
3,256,310,353,3,337,340,log_euclidean_gaussian_ar,310.0,0.1,0.1772814466314877,2.6637082174377427,0.022124298729911562,,,
3,256,310,353,3,337,340,persistence,,,0.2940827789806248,9.009266174153527,0.0033526821358655264,,,
3,256,310,353,3,337,340,raw_var_window_ar,72.0,10.0,0.5306605299940507,17.406016679874753,9.999999817150829e-09,,,
3,256,310,353,3,338,341,cholesky_gaussian_ar,310.0,0.01,0.13940015476845674,3.0684578477519375,0.014770674287799204,,,
3,256,310,353,3,338,341,euclidean_gaussian_ar,310.0,0.01,0.16294620081911276,8.058670885152136,1.0000000117627216e-08,,,
3,256,310,353,3,338,341,fixed_bwar,310.0,0.01,0.15455840247910616,3.2228399165972363,0.042728746935587585,,,
3,256,310,353,3,338,341,local_bwar,72.0,0.01,0.1267295898517132,2.443307125423898,0.029912979172190678,1.354681962528117e-10,1.0,0.0
3,256,310,353,3,338,341,log_euclidean_gaussian_ar,310.0,0.1,0.14880746559881353,3.097593554893163,0.024337080020133746,,,
3,256,310,353,3,338,341,persistence,,,0.24385727531075196,6.098229115170514,0.004262698654498896,,,
3,256,310,353,3,338,341,raw_var_window_ar,72.0,10.0,0.4530827252203575,19.2384705668358,9.999999961641475e-09,,,
3,256,310,353,3,339,342,cholesky_gaussian_ar,310.0,0.01,0.1405686892645145,3.66727237768772,0.020493655223229983,,,
3,256,310,353,3,339,342,euclidean_gaussian_ar,310.0,0.01,0.18376215446309002,7.191370181537809,1.00000003833145e-08,,,
3,256,310,353,3,339,342,fixed_bwar,310.0,0.01,0.1718069100133868,4.133128015397456,0.052752039718473594,,,
3,256,310,353,3,339,342,local_bwar,72.0,0.01,0.08951092250961686,2.494399450820287,0.03270769329966845,1.4015654571097792e-10,1.0,0.0
3,256,310,353,3,339,342,log_euclidean_gaussian_ar,310.0,0.1,0.16322353642376733,4.306817456475664,0.02691194776600218,,,
3,256,310,353,3,339,342,persistence,,,0.17669471527828565,5.067252520087082,0.006510458554104423,,,
3,256,310,353,3,339,342,raw_var_window_ar,72.0,10.0,0.4333548873020874,25.392209298933874,9.99999991627354e-09,,,
3,256,310,353,3,340,343,cholesky_gaussian_ar,310.0,0.01,0.1845182921656954,3.942762866970408,0.032523207562877306,,,
3,256,310,353,3,340,343,euclidean_gaussian_ar,310.0,0.01,0.20865574632529443,5.718474710543896,9.999999942268483e-09,,,
3,256,310,353,3,340,343,fixed_bwar,310.0,0.01,0.20151814042804972,4.123583215636005,0.038197470002146634,,,
3,256,310,353,3,340,343,local_bwar,72.0,0.01,0.16250627978558177,3.3433297896637155,0.03394369018971613,1.4481872973751716e-10,1.0,0.0
3,256,310,353,3,340,343,log_euclidean_gaussian_ar,310.0,0.1,0.2188290602984986,4.776645730531946,0.02863761143050914,,,
3,256,310,353,3,340,343,persistence,,,0.3196746911985087,10.749053537241565,0.013796190755736308,,,
3,256,310,353,3,340,343,raw_var_window_ar,72.0,10.0,0.47234729524900904,27.118499471492402,9.999999979328902e-09,,,
3,256,310,353,3,341,344,cholesky_gaussian_ar,310.0,0.01,0.2550300816555134,5.406586291735358,0.035688415541651926,,,
3,256,310,353,3,341,344,euclidean_gaussian_ar,310.0,0.01,0.2668524797346884,9.597791121426864,9.999999279771192e-09,,,
3,256,310,353,3,341,344,fixed_bwar,310.0,0.01,0.22157745326358302,4.7628673219866,0.040330366479387446,,,
3,256,310,353,3,341,344,local_bwar,72.0,0.01,0.2618386652623989,6.178059791425753,0.028548432698768837,1.4654749715338337e-10,1.0,0.0
3,256,310,353,3,341,344,log_euclidean_gaussian_ar,310.0,0.1,0.30042320038599823,5.915907689899877,0.037478636939381825,,,
3,256,310,353,3,341,344,persistence,,,0.2878586040672055,7.917307840558319,0.01307906914643795,,,
3,256,310,353,3,341,344,raw_var_window_ar,72.0,10.0,0.5571293449052402,25.51855841628472,9.999999955968634e-09,,,
3,256,310,353,3,342,345,cholesky_gaussian_ar,310.0,0.01,0.34033319221316116,7.747968386231676,0.038843194138943486,,,
3,256,310,353,3,342,345,euclidean_gaussian_ar,310.0,0.01,0.34866235171351906,16.45552772324409,9.99999983719214e-09,,,
3,256,310,353,3,342,345,fixed_bwar,310.0,0.01,0.3087231972702478,7.551918532612676,0.059427707277653015,,,
3,256,310,353,3,342,345,local_bwar,72.0,0.01,0.2637801559651151,5.617802699314208,0.03866686581707467,1.555525347668906e-10,1.0,0.0
3,256,310,353,3,342,345,log_euclidean_gaussian_ar,310.0,0.1,0.39324077792958184,7.834894868249128,0.05621916225062199,,,
3,256,310,353,3,342,345,persistence,,,0.23668213749635691,5.7480184715966836,0.013879605364629682,,,
3,256,310,353,3,342,345,raw_var_window_ar,72.0,10.0,0.5853176697275099,20.42828093893813,9.99999992446502e-09,,,
3,256,310,353,3,343,346,cholesky_gaussian_ar,310.0,0.01,0.3002952050513449,6.120019295307223,0.01781698697839985,,,
3,256,310,353,3,343,346,euclidean_gaussian_ar,310.0,0.01,0.391890576742857,20.72600716699814,9.999999670922697e-09,,,
3,256,310,353,3,343,346,fixed_bwar,310.0,0.01,0.3933870461201512,10.961155110298936,0.05191549416715044,,,
3,256,310,353,3,343,346,local_bwar,72.0,0.01,0.25261512730602514,4.767987493422538,0.027283052401845354,1.8009937310487435e-10,1.0,0.0
3,256,310,353,3,343,346,log_euclidean_gaussian_ar,310.0,0.1,0.38421374816035486,6.692904907716043,0.039481305012632306,,,
3,256,310,353,3,343,346,persistence,,,0.3521697640267091,10.524853584705289,0.0047042848906638296,,,
3,256,310,353,3,343,346,raw_var_window_ar,72.0,10.0,0.6610283922328926,19.494465293383243,9.999999854793804e-09,,,
3,256,310,353,3,344,347,cholesky_gaussian_ar,310.0,0.01,0.20898887220648524,3.8807396510812078,0.0040748976515392315,,,
3,256,310,353,3,344,347,euclidean_gaussian_ar,310.0,0.01,0.3327476088847418,17.727406043855957,9.999999951061151e-09,,,
3,256,310,353,3,344,347,fixed_bwar,310.0,0.01,0.3737141481131957,10.236635788630672,0.05222340447350576,,,
3,256,310,353,3,344,347,local_bwar,72.0,0.01,0.2464586715825447,4.859233453344071,0.027472138552828693,2.0850755656307293e-10,1.0,0.0
3,256,310,353,3,344,347,log_euclidean_gaussian_ar,310.0,0.1,0.3115545996798539,4.455769412824372,0.021522586227744115,,,
3,256,310,353,3,344,347,persistence,,,0.32990262525504355,10.663573693584919,0.00264224623033339,,,
3,256,310,353,3,344,347,raw_var_window_ar,72.0,10.0,0.6661083463919025,18.002334572635338,9.999999858454952e-09,,,
3,256,310,353,3,345,348,cholesky_gaussian_ar,310.0,0.01,0.1914316848398252,3.4678406011115697,0.008661405580640429,,,
3,256,310,353,3,345,348,euclidean_gaussian_ar,310.0,0.01,0.27977800851872503,13.257904271542126,0.035893711353998534,,,
3,256,310,353,3,345,348,fixed_bwar,310.0,0.01,0.30120372893136,6.722912639706328,0.0508849904745136,,,
3,256,310,353,3,345,348,local_bwar,72.0,0.01,0.19740735467339743,3.1356973436913878,0.025909954969869173,2.3208609739777044e-10,1.0,0.0
3,256,310,353,3,345,348,log_euclidean_gaussian_ar,310.0,0.1,0.2996561095708408,4.669892537157102,0.02274464934088187,,,
3,256,310,353,3,345,348,persistence,,,0.20535637125415138,3.830177022847881,0.0038028455415142722,,,
3,256,310,353,3,345,348,raw_var_window_ar,72.0,10.0,0.6291748791874648,20.150245735887438,9.999999971062036e-09,,,
3,256,310,353,3,346,349,cholesky_gaussian_ar,310.0,0.01,0.21868733772012974,4.721808253184682,0.007831802073893794,,,
3,256,310,353,3,346,349,euclidean_gaussian_ar,310.0,0.01,0.21938779721367302,7.7975250273642915,0.05586674629654478,,,
3,256,310,353,3,346,349,fixed_bwar,310.0,0.01,0.22370915370844827,4.819823212685845,0.04027399562218502,,,
3,256,310,353,3,346,349,local_bwar,72.0,0.01,0.1892166641508235,3.6201491206295477,0.013808430078390879,2.5197928118349444e-10,1.0,0.0
3,256,310,353,3,346,349,log_euclidean_gaussian_ar,310.0,0.1,0.2584730741565229,5.652646211129094,0.01642980337925506,,,
3,256,310,353,3,346,349,persistence,,,0.20471653897809117,5.256525112126838,0.003119016296319595,,,
3,256,310,353,3,346,349,raw_var_window_ar,72.0,10.0,0.5576836775238494,22.49304050924998,9.999999914594497e-09,,,
3,256,310,353,3,347,350,cholesky_gaussian_ar,310.0,0.01,0.24650386183578388,5.031706725494038,0.009745246772005351,,,
3,256,310,353,3,347,350,euclidean_gaussian_ar,310.0,0.01,0.2509583408180421,6.060409982199262,1.0000000244445806e-08,,,
3,256,310,353,3,347,350,fixed_bwar,310.0,0.01,0.25614806146800984,5.3827497591073055,0.034124240131551346,,,
3,256,310,353,3,347,350,local_bwar,72.0,0.01,0.2868822020385095,6.326721245810942,0.01034006065365983,2.6333809984301586e-10,1.0,0.0
3,256,310,353,3,347,350,log_euclidean_gaussian_ar,310.0,0.1,0.29374976403968484,6.645951066520098,0.015867533240558646,,,
3,256,310,353,3,347,350,persistence,,,0.3552079786261735,10.90952321505004,0.0022529863945935083,,,
3,256,310,353,3,347,350,raw_var_window_ar,72.0,10.0,0.5229620089287027,23.487902217995213,9.999999943775563e-09,,,
3,256,310,353,3,348,351,cholesky_gaussian_ar,310.0,0.01,0.31556514592715756,7.219551720685467,0.009808690527195697,,,
3,256,310,353,3,348,351,euclidean_gaussian_ar,310.0,0.01,0.2352590311612001,7.945134073142759,1.0000000069122832e-08,,,
3,256,310,353,3,348,351,fixed_bwar,310.0,0.01,0.26748054296109314,6.044409888388623,0.043268598070801564,,,
3,256,310,353,3,348,351,local_bwar,72.0,0.01,0.2834945644495723,6.052874116476391,0.008866789435738657,2.5179340977423114e-10,1.0,0.0
3,256,310,353,3,348,351,log_euclidean_gaussian_ar,310.0,0.1,0.3086542358102152,5.920079110938113,0.01609407154533269,,,
3,256,310,353,3,348,351,persistence,,,0.2746858657199336,5.509470279276959,0.0029003420405127106,,,
3,256,310,353,3,348,351,raw_var_window_ar,72.0,10.0,0.5565586059866874,23.65376030841462,9.99999997547434e-09,,,
3,256,310,353,3,349,352,cholesky_gaussian_ar,310.0,0.01,0.39875635270881354,10.273597294314726,0.014780772434569944,,,
3,256,310,353,3,349,352,euclidean_gaussian_ar,310.0,0.01,0.30171831177170655,14.432510302187458,1.0000000250982533e-08,,,
3,256,310,353,3,349,352,fixed_bwar,310.0,0.01,0.3690171908826888,10.511681915315403,0.05227764354351615,,,
3,256,310,353,3,349,352,local_bwar,72.0,0.01,0.20799599322369416,4.173352898716923,0.023370022289064818,2.2017704958614223e-10,1.0,0.0
3,256,310,353,3,349,352,log_euclidean_gaussian_ar,310.0,0.1,0.45267122650800967,8.660156664711181,0.03258516216504067,,,
3,256,310,353,3,349,352,persistence,,,0.10206856701086,2.6969529711788622,0.007058504664615686,,,
3,256,310,353,3,349,352,raw_var_window_ar,72.0,10.0,0.5987421351187859,20.972811324128813,9.999999871448915e-09,,,
3,256,310,353,4,306,310,cholesky_gaussian_ar,310.0,0.01,0.2096909715755561,5.224041699857432,0.05891969391493948,,,
3,256,310,353,4,306,310,euclidean_gaussian_ar,310.0,0.1,0.3194657157109046,8.634518983662726,1.0000000160922461e-08,,,
3,256,310,353,4,306,310,fixed_bwar,310.0,0.01,0.25934747619133147,6.345574330269112,0.07936444852693829,,,
3,256,310,353,4,306,310,local_bwar,24.0,0.1,0.2916795210445126,8.93471616652002,0.09307370707081242,9.552536659656145e-11,1.0,0.0
3,256,310,353,4,306,310,log_euclidean_gaussian_ar,310.0,0.01,0.14943958210383115,3.5726580377715487,0.038756738342998365,,,
3,256,310,353,4,306,310,persistence,,,0.4148365513197548,17.568309147744902,0.015079273230822463,,,
3,256,310,353,4,306,310,raw_var_window_ar,72.0,10.0,0.4405008305809009,52.76413976903572,9.999999999828119e-09,,,
3,256,310,353,4,307,311,cholesky_gaussian_ar,310.0,0.01,0.12074511043448578,4.266562279271027,0.05813624880010895,,,
3,256,310,353,4,307,311,euclidean_gaussian_ar,310.0,0.1,0.22638295685576407,6.388681528210571,0.13636672170670658,,,
3,256,310,353,4,307,311,fixed_bwar,310.0,0.01,0.15310155272583606,4.518788009244027,0.0722617166658228,,,
3,256,310,353,4,307,311,local_bwar,24.0,0.1,0.26224559364765576,8.139386716218585,0.07435851603769728,9.382352178572741e-11,1.0,0.0
3,256,310,353,4,307,311,log_euclidean_gaussian_ar,310.0,0.01,0.14963532098794288,4.2318284226142575,0.06109910359040566,,,
3,256,310,353,4,307,311,persistence,,,0.22965186481278513,7.646060157021308,0.013992034877248287,,,
3,256,310,353,4,307,311,raw_var_window_ar,72.0,10.0,0.3515699763566585,42.419159217974915,9.999999998972119e-09,,,
3,256,310,353,4,308,312,cholesky_gaussian_ar,310.0,0.01,0.17820493784254124,5.505627042278242,0.06413373228486947,,,
3,256,310,353,4,308,312,euclidean_gaussian_ar,310.0,0.1,0.1345849354944772,7.0571304771176,0.049911959333531264,,,
3,256,310,353,4,308,312,fixed_bwar,310.0,0.01,0.15560636608533598,4.903944081341645,0.06601489168117403,,,
3,256,310,353,4,308,312,local_bwar,24.0,0.1,0.243830798381791,8.026957993056467,0.06876732175835948,8.150847841958488e-11,1.0,0.0
3,256,310,353,4,308,312,log_euclidean_gaussian_ar,310.0,0.01,0.2925090148740346,6.478412202436147,0.05262004903151934,,,
3,256,310,353,4,308,312,persistence,,,0.36229794017407146,16.604652615820992,0.01330148964223018,,,
3,256,310,353,4,308,312,raw_var_window_ar,72.0,10.0,0.3412151387645992,34.495255597637325,9.999999998590971e-09,,,
3,256,310,353,4,309,313,cholesky_gaussian_ar,310.0,0.01,0.23010277576464697,5.572085462157371,0.06501313075535399,,,
3,256,310,353,4,309,313,euclidean_gaussian_ar,310.0,0.1,0.19345649511289478,8.31305735930924,1.0000000210096827e-08,,,
3,256,310,353,4,309,313,fixed_bwar,310.0,0.01,0.1908231563883793,5.083330165385293,0.06668989807292397,,,
3,256,310,353,4,309,313,local_bwar,24.0,0.1,0.2550799013066986,7.706683005981516,0.07658330474913165,6.752190967201235e-11,1.0,0.0
3,256,310,353,4,309,313,log_euclidean_gaussian_ar,310.0,0.01,0.36721668732102763,7.874722873108471,0.04886203242370772,,,
3,256,310,353,4,309,313,persistence,,,0.3782521512557707,16.411956170671473,0.013778272789307641,,,
3,256,310,353,4,309,313,raw_var_window_ar,72.0,10.0,0.35575085217755775,33.65412174014327,9.999999999634226e-09,,,
3,256,310,353,4,310,314,cholesky_gaussian_ar,310.0,0.01,0.1802024308470671,5.019719039219751,0.06789188111133015,,,
3,256,310,353,4,310,314,euclidean_gaussian_ar,310.0,0.1,0.15689196397138025,5.996038396072424,1.0000000753729984e-08,,,
3,256,310,353,4,310,314,fixed_bwar,310.0,0.01,0.243357244213711,6.524604480440538,0.07461751082188339,,,
3,256,310,353,4,310,314,local_bwar,24.0,0.1,0.19348045195473085,5.4178615393837255,0.08561977462873865,7.027744079878209e-11,1.0,0.0
3,256,310,353,4,310,314,log_euclidean_gaussian_ar,310.0,0.01,0.3535644336158155,8.910591741398322,0.05907406840682644,,,
3,256,310,353,4,310,314,persistence,,,0.21779985458897314,7.669628730110482,0.030875582596290883,,,
3,256,310,353,4,310,314,raw_var_window_ar,72.0,10.0,0.34643155704766293,43.379173395740324,9.999999999655149e-09,,,
3,256,310,353,4,311,315,cholesky_gaussian_ar,310.0,0.01,0.22189341851524758,6.128178162083923,0.0445843536224858,,,
3,256,310,353,4,311,315,euclidean_gaussian_ar,310.0,0.1,0.2095247747520779,6.529398416456566,9.9999998007603e-09,,,
3,256,310,353,4,311,315,fixed_bwar,310.0,0.01,0.2380611003841194,6.729317977866233,0.06146547854549265,,,
3,256,310,353,4,311,315,local_bwar,24.0,0.1,0.24081872309700414,6.731417168712703,0.08955114018671416,7.485594893340723e-11,1.0,0.0
3,256,310,353,4,311,315,log_euclidean_gaussian_ar,310.0,0.01,0.2873580191762022,8.816294013240404,0.04304978171572494,,,
3,256,310,353,4,311,315,persistence,,,0.2560833720748443,9.20345054503679,0.0173154699796199,,,
3,256,310,353,4,311,315,raw_var_window_ar,72.0,10.0,0.4542257012920696,48.22385725559462,9.999999999807403e-09,,,
3,256,310,353,4,312,316,cholesky_gaussian_ar,310.0,0.01,0.27375994482093313,7.854798892457561,0.03373574424440202,,,
3,256,310,353,4,312,316,euclidean_gaussian_ar,310.0,0.1,0.24302257093393728,7.2634281670858645,9.999999372295916e-09,,,
3,256,310,353,4,312,316,fixed_bwar,310.0,0.01,0.22878060084563084,6.169750605182209,0.08926274190055151,,,
3,256,310,353,4,312,316,local_bwar,24.0,0.1,0.2620273512663179,7.550733879210693,0.08656085496666674,7.832138449287879e-11,1.0,0.0
3,256,310,353,4,312,316,log_euclidean_gaussian_ar,310.0,0.01,0.22204889484481108,7.214406592671058,0.022713289302731133,,,
3,256,310,353,4,312,316,persistence,,,0.43769990164573447,22.187000189721047,0.015514566880116319,,,
3,256,310,353,4,312,316,raw_var_window_ar,72.0,10.0,0.4767533046709195,50.68462670920048,9.99999999934111e-09,,,
3,256,310,353,4,313,317,cholesky_gaussian_ar,310.0,0.01,0.19276668620364176,4.808327171445702,0.039518358517221915,,,
3,256,310,353,4,313,317,euclidean_gaussian_ar,310.0,0.1,0.20284322334099625,6.148015775326335,1.0000000383314455e-08,,,
3,256,310,353,4,313,317,fixed_bwar,310.0,0.01,0.15661845945967978,3.8875297112978897,0.05291119949332842,,,
3,256,310,353,4,313,317,local_bwar,24.0,0.1,0.2319548953573657,6.3553070599069805,0.07992754087898181,8.790772745342395e-11,1.0,0.0
3,256,310,353,4,313,317,log_euclidean_gaussian_ar,310.0,0.01,0.14364447391568405,5.603227113304544,0.02473263192342448,,,
3,256,310,353,4,313,317,persistence,,,0.31400124172420774,12.590168520791618,0.01695447547677931,,,
3,256,310,353,4,313,317,raw_var_window_ar,72.0,10.0,0.4266105254003115,44.20519052159905,9.99999999935052e-09,,,
3,256,310,353,4,314,318,cholesky_gaussian_ar,310.0,0.01,0.17139393500781974,4.414651532481413,0.05643507842311426,,,
3,256,310,353,4,314,318,euclidean_gaussian_ar,310.0,0.1,0.1265212201614255,5.50621144009283,1.0000000272261319e-08,,,
3,256,310,353,4,314,318,fixed_bwar,310.0,0.01,0.19065737105107206,5.110527788849762,0.08276521934213586,,,
3,256,310,353,4,314,318,local_bwar,24.0,0.1,0.18278689449268576,4.977506071166398,0.07343402340758133,9.079233387323666e-11,1.0,0.0
3,256,310,353,4,314,318,log_euclidean_gaussian_ar,310.0,0.01,0.2834192380737616,5.864082252117337,0.06262113459182549,,,
3,256,310,353,4,314,318,persistence,,,0.1497971421837461,6.2061577022827965,0.015075310866249008,,,
3,256,310,353,4,314,318,raw_var_window_ar,72.0,10.0,0.3472784436001384,36.94033350340793,9.999999999114138e-09,,,
3,256,310,353,4,315,319,cholesky_gaussian_ar,310.0,0.01,0.14028075663124362,4.908150333529345,0.045806179075946,,,
3,256,310,353,4,315,319,euclidean_gaussian_ar,310.0,0.1,0.15415210716863767,6.865773724738442,9.999999501498441e-09,,,
3,256,310,353,4,315,319,fixed_bwar,310.0,0.01,0.1947776785332729,5.573230412977624,0.05774068449969787,,,
3,256,310,353,4,315,319,local_bwar,24.0,0.1,0.19995039326803235,6.589891717726438,0.06629698876754868,7.625475802975148e-11,1.0,0.0
3,256,310,353,4,315,319,log_euclidean_gaussian_ar,310.0,0.01,0.30842077303710974,6.6888209868339885,0.037241523261537825,,,
3,256,310,353,4,315,319,persistence,,,0.4223991827797086,19.50154260733425,0.016661643283613276,,,
3,256,310,353,4,315,319,raw_var_window_ar,72.0,10.0,0.34643303877059034,34.610666182694324,9.999999997873407e-09,,,
3,256,310,353,4,316,320,cholesky_gaussian_ar,310.0,0.01,0.1690485085311654,4.826200092127175,0.03701285462365883,,,
3,256,310,353,4,316,320,euclidean_gaussian_ar,310.0,0.1,0.17729391357486565,7.055733362604388,0.06959518307041822,,,
3,256,310,353,4,316,320,fixed_bwar,310.0,0.01,0.2158834550819023,5.656204751582278,0.05232340433563033,,,
3,256,310,353,4,316,320,local_bwar,24.0,0.1,0.28235992051736364,9.453944111457595,0.07137865128714328,8.552430852817775e-11,1.0,0.0
3,256,310,353,4,316,320,log_euclidean_gaussian_ar,310.0,0.01,0.3296023349204968,7.123210827599068,0.03263782967562205,,,
3,256,310,353,4,316,320,persistence,,,0.4475224998441882,23.596832614032557,0.010257468023155641,,,
3,256,310,353,4,316,320,raw_var_window_ar,72.0,10.0,0.3983889429363137,32.47818386768769,9.999999997737456e-09,,,
3,256,310,353,4,317,321,cholesky_gaussian_ar,310.0,0.01,0.2507841855405806,8.238408712531882,0.048978736022162676,,,
3,256,310,353,4,317,321,euclidean_gaussian_ar,310.0,0.1,0.20502528000975093,7.02368258698752,0.12032554168363378,,,
3,256,310,353,4,317,321,fixed_bwar,310.0,0.01,0.24161829690674716,7.251146011230125,0.06241667543608192,,,
3,256,310,353,4,317,321,local_bwar,24.0,0.1,0.15927788588444095,5.093035656541564,0.0788745454662465,1.066303481525356e-10,1.0,0.0
3,256,310,353,4,317,321,log_euclidean_gaussian_ar,310.0,0.01,0.38451319993309147,12.183285524064786,0.043190245342448336,,,
3,256,310,353,4,317,321,persistence,,,0.18554244273990872,8.542199655211906,0.011135548153365024,,,
3,256,310,353,4,317,321,raw_var_window_ar,72.0,10.0,0.3682937184273339,44.60240566035143,9.999999999270771e-09,,,
3,256,310,353,4,318,322,cholesky_gaussian_ar,310.0,0.01,0.25467536086189874,6.590487014523917,0.05070979402457642,,,
3,256,310,353,4,318,322,euclidean_gaussian_ar,310.0,0.1,0.29727362058647994,10.470365011938645,0.1555732504664407,,,
3,256,310,353,4,318,322,fixed_bwar,310.0,0.01,0.27046719275112224,7.161504334256534,0.08631658295518466,,,
3,256,310,353,4,318,322,local_bwar,24.0,0.1,0.24540559063797898,5.982341898645237,0.08086124034313842,1.0795151588659401e-10,1.0,0.0
3,256,310,353,4,318,322,log_euclidean_gaussian_ar,310.0,0.01,0.34710136693947086,8.367839299003581,0.051922209341504884,,,
3,256,310,353,4,318,322,persistence,,,0.27007070164181957,8.384896843164952,0.023955743248483125,,,
3,256,310,353,4,318,322,raw_var_window_ar,72.0,10.0,0.479518954029174,44.256978637207666,9.99999999959115e-09,,,
3,256,310,353,4,319,323,cholesky_gaussian_ar,310.0,0.01,0.3168454880060531,7.36140170694218,0.05474643249983124,,,
3,256,310,353,4,319,323,euclidean_gaussian_ar,310.0,0.1,0.25883048390369423,7.851283300034722,9.99999993922529e-09,,,
3,256,310,353,4,319,323,fixed_bwar,310.0,0.01,0.30426005061123274,7.419590615480834,0.10740452985691336,,,
3,256,310,353,4,319,323,local_bwar,24.0,0.1,0.31550539812833733,7.298279153084051,0.0810060044498647,1.0487668251399394e-10,1.0,0.0
3,256,310,353,4,319,323,log_euclidean_gaussian_ar,310.0,0.01,0.4749458397841845,10.748695170943432,0.054950454574562414,,,
3,256,310,353,4,319,323,persistence,,,0.4247521106952884,18.75000660090315,0.022770136688728432,,,
3,256,310,353,4,319,323,raw_var_window_ar,72.0,10.0,0.4963057514533874,43.42300789243564,9.999999999523453e-09,,,
3,256,310,353,4,320,324,cholesky_gaussian_ar,310.0,0.01,0.38318720734735673,10.431983128355935,0.054742989971504466,,,
3,256,310,353,4,320,324,euclidean_gaussian_ar,310.0,0.1,0.2559323805885645,9.451612425948777,1.0000000494336803e-08,,,
3,256,310,353,4,320,324,fixed_bwar,310.0,0.01,0.30545179844873344,7.986124164907265,0.08520172732518605,,,
3,256,310,353,4,320,324,local_bwar,24.0,0.1,0.3531069823455815,8.923465711898066,0.07001081011463682,1.2372683937266543e-10,1.0,0.0
3,256,310,353,4,320,324,log_euclidean_gaussian_ar,310.0,0.01,0.4067749460918877,9.148009123543622,0.041989606380375195,,,
3,256,310,353,4,320,324,persistence,,,0.339186788509408,13.561580884612649,0.023326799014934917,,,
3,256,310,353,4,320,324,raw_var_window_ar,72.0,10.0,0.5512947810036908,31.49233133962317,9.99999999794015e-09,,,
3,256,310,353,4,321,325,cholesky_gaussian_ar,310.0,0.01,0.4232104866542274,12.709716679296287,0.06763460585648434,,,
3,256,310,353,4,321,325,euclidean_gaussian_ar,310.0,0.1,0.3969289718475341,16.60334381858364,9.999999828199888e-09,,,
3,256,310,353,4,321,325,fixed_bwar,310.0,0.01,0.4196418499564567,12.941848700130375,0.08342219835161696,,,
3,256,310,353,4,321,325,local_bwar,24.0,0.1,0.39833768983601703,11.43555785810748,0.07003612670578188,1.3818488859963942e-10,1.0,0.0
3,256,310,353,4,321,325,log_euclidean_gaussian_ar,310.0,0.01,0.4546500091009255,11.860169705472774,0.06469975300401913,,,
3,256,310,353,4,321,325,persistence,,,0.3460419200790069,14.129124933629903,0.020305372337275925,,,
3,256,310,353,4,321,325,raw_var_window_ar,72.0,10.0,0.558565581509981,26.168709869408957,9.99999999880961e-09,,,
3,256,310,353,4,322,326,cholesky_gaussian_ar,310.0,0.01,0.2913545616238936,7.373557036982092,0.03654403884896001,,,
3,256,310,353,4,322,326,euclidean_gaussian_ar,310.0,0.1,0.2935924590711962,13.215131711028013,1.0000000425267971e-08,,,
3,256,310,353,4,322,326,fixed_bwar,310.0,0.01,0.3150369610200862,9.046501148690618,0.054977176108301266,,,
3,256,310,353,4,322,326,local_bwar,24.0,0.1,0.35035158117155263,10.12224294559855,0.06396790700329945,1.6390902965732823e-10,1.0,0.0
3,256,310,353,4,322,326,log_euclidean_gaussian_ar,310.0,0.01,0.3663801608708149,7.706455154647575,0.036048022079974276,,,
3,256,310,353,4,322,326,persistence,,,0.41531690657572984,16.61280114117364,0.01000612593567839,,,
3,256,310,353,4,322,326,raw_var_window_ar,72.0,10.0,0.510607862714685,24.7239268385371,9.9999999981535e-09,,,
3,256,310,353,4,323,327,cholesky_gaussian_ar,310.0,0.01,0.34105943201581307,8.50341618702201,0.037891602541362555,,,
3,256,310,353,4,323,327,euclidean_gaussian_ar,310.0,0.1,0.31457307575972276,13.379227456734512,1.000000032557771e-08,,,
3,256,310,353,4,323,327,fixed_bwar,310.0,0.01,0.31828596292640354,8.721161985733032,0.052699926990000014,,,
3,256,310,353,4,323,327,local_bwar,24.0,0.1,0.4098597512391897,12.679919825949924,0.0692903153645519,1.9255834304995528e-10,1.0,0.0
3,256,310,353,4,323,327,log_euclidean_gaussian_ar,310.0,0.01,0.3980103316064586,9.583735564815099,0.03829281347441377,,,
3,256,310,353,4,323,327,persistence,,,0.37485339465190753,14.876731082768972,0.007454039262280449,,,
3,256,310,353,4,323,327,raw_var_window_ar,72.0,10.0,0.5215382883594745,24.821468320613842,9.999999999032928e-09,,,
3,256,310,353,4,324,328,cholesky_gaussian_ar,310.0,0.01,0.3377553178550211,7.706408050870342,0.030122379366490943,,,
3,256,310,353,4,324,328,euclidean_gaussian_ar,310.0,0.1,0.23234974612354617,8.85881161141628,0.10088221093735465,,,
3,256,310,353,4,324,328,fixed_bwar,310.0,0.01,0.25131142769229653,5.707728464052313,0.05447326566697174,,,
3,256,310,353,4,324,328,local_bwar,24.0,0.1,0.4347153049773783,13.267227778825584,0.06298043032990025,2.256410352561337e-10,1.0,0.0
3,256,310,353,4,324,328,log_euclidean_gaussian_ar,310.0,0.01,0.3996592170989684,7.336621640338903,0.03813180077119256,,,
3,256,310,353,4,324,328,persistence,,,0.22506338756367808,6.179823047060759,0.010171794291932454,,,
3,256,310,353,4,324,328,raw_var_window_ar,72.0,10.0,0.5639751424066383,25.596324705909048,9.999999998865544e-09,,,
3,256,310,353,4,325,329,cholesky_gaussian_ar,310.0,0.01,0.3760024503410638,9.379029953774502,0.030194099914010238,,,
3,256,310,353,4,325,329,euclidean_gaussian_ar,310.0,0.1,0.2354590355249288,8.203419807780683,0.1397423780258892,,,
3,256,310,353,4,325,329,fixed_bwar,310.0,0.01,0.26360316131692857,6.146572270469776,0.06808307287341377,,,
3,256,310,353,4,325,329,local_bwar,24.0,0.1,0.41040229907760695,12.321650520960802,0.05755174127128849,2.621687740395764e-10,1.0,0.0
3,256,310,353,4,325,329,log_euclidean_gaussian_ar,310.0,0.01,0.3933667174914224,6.9851870239395915,0.028953622714286174,,,
3,256,310,353,4,325,329,persistence,,,0.18067203801096568,4.838406118726468,0.011110502029396651,,,
3,256,310,353,4,325,329,raw_var_window_ar,72.0,10.0,0.5971206331638114,25.152651187830024,9.999999998315372e-09,,,
3,256,310,353,4,326,330,cholesky_gaussian_ar,310.0,0.01,0.5382062746020675,17.043160870188707,0.025759822102425004,,,
3,256,310,353,4,326,330,euclidean_gaussian_ar,310.0,0.1,0.3706682206965718,13.971675832854498,0.11371912216186914,,,
3,256,310,353,4,326,330,fixed_bwar,310.0,0.01,0.4186289102820373,12.192762441613006,0.054202282495321004,,,
3,256,310,353,4,326,330,local_bwar,24.0,0.1,0.5020910725982639,16.04413887504094,0.052984279692650696,2.7759141246158357e-10,1.0,0.0
3,256,310,353,4,326,330,log_euclidean_gaussian_ar,310.0,0.01,0.5386875169908922,12.478599901115526,0.02502110412802906,,,
3,256,310,353,4,326,330,persistence,,,0.30259019305323487,7.735094035258481,0.014791594019338898,,,
3,256,310,353,4,326,330,raw_var_window_ar,72.0,10.0,0.7354711647030276,25.64282812351246,9.999999999810773e-09,,,
3,256,310,353,4,327,331,cholesky_gaussian_ar,310.0,0.01,0.6294742206410449,24.804205075114183,0.03967607603654008,,,
3,256,310,353,4,327,331,euclidean_gaussian_ar,310.0,0.1,0.4643408307418369,21.502747564322263,0.14642093330184713,,,
3,256,310,353,4,327,331,fixed_bwar,310.0,0.01,0.5398767079055414,19.928996006858164,0.07869047724558385,,,
3,256,310,353,4,327,331,local_bwar,24.0,0.1,0.5470996663465882,19.132670843874564,0.049666003241374136,2.598945430284202e-10,1.0,0.0
3,256,310,353,4,327,331,log_euclidean_gaussian_ar,310.0,0.01,0.6270308116528487,18.16692607737291,0.03216706965097599,,,
3,256,310,353,4,327,331,persistence,,,0.35576071671196485,9.550455505309,0.013780862051123409,,,
3,256,310,353,4,327,331,raw_var_window_ar,72.0,10.0,0.8355744103665651,26.017869508782752,9.999999999856197e-09,,,
3,256,310,353,4,328,332,cholesky_gaussian_ar,310.0,0.01,0.6801572887556129,30.883590464764758,0.04024855300775943,,,
3,256,310,353,4,328,332,euclidean_gaussian_ar,310.0,0.1,0.5256313861931244,28.82224516090361,0.13459580776331168,,,
3,256,310,353,4,328,332,fixed_bwar,310.0,0.01,0.5722566176519299,23.756640386224717,0.0655507286953624,,,
3,256,310,353,4,328,332,local_bwar,24.0,0.1,0.5889082265048151,23.781911659230374,0.047202167371973504,1.9821483293016944e-10,1.0,0.0
3,256,310,353,4,328,332,log_euclidean_gaussian_ar,310.0,0.01,0.7341403902427155,26.77389839666059,0.03740827774182568,,,
3,256,310,353,4,328,332,persistence,,,0.420577526041325,14.548558529051355,0.01173407681143122,,,
3,256,310,353,4,328,332,raw_var_window_ar,72.0,10.0,0.9262605639909661,27.836801994165175,9.999999998748177e-09,,,
3,256,310,353,4,329,333,cholesky_gaussian_ar,310.0,0.01,0.5799401073171314,22.704896459951982,0.026557873175102706,,,
3,256,310,353,4,329,333,euclidean_gaussian_ar,310.0,0.1,0.48105271992571424,25.544031549435864,0.12838016424558285,,,
3,256,310,353,4,329,333,fixed_bwar,310.0,0.01,0.556973665136932,22.466127199291716,0.06275582198643598,,,
3,256,310,353,4,329,333,local_bwar,24.0,0.1,0.5427658848069332,20.31337254465366,0.04200296459219329,1.5139789004458167e-10,1.0,0.0
3,256,310,353,4,329,333,log_euclidean_gaussian_ar,310.0,0.01,0.7213352691503896,24.78827799873699,0.04643482441817968,,,
3,256,310,353,4,329,333,persistence,,,0.40879678769804983,12.764924575610863,0.005548716771077799,,,
3,256,310,353,4,329,333,raw_var_window_ar,72.0,10.0,0.9069699124701907,27.19616632033994,9.99999999928144e-09,,,
3,256,310,353,4,330,334,cholesky_gaussian_ar,310.0,0.01,0.4412729775268994,10.970853216771996,0.012643181969360704,,,
3,256,310,353,4,330,334,euclidean_gaussian_ar,310.0,0.1,0.317673851888742,12.283404160591664,0.10736443823751118,,,
3,256,310,353,4,330,334,fixed_bwar,310.0,0.01,0.3739865903581633,9.589406667443908,0.06016616852472847,,,
3,256,310,353,4,330,334,local_bwar,24.0,0.1,0.30375506457276846,5.822469529811951,0.01856128456022274,1.2540397121659453e-10,1.0,0.0
3,256,310,353,4,330,334,log_euclidean_gaussian_ar,310.0,0.01,0.5749308942086031,14.405856630602536,0.036456577734091555,,,
3,256,310,353,4,330,334,persistence,,,0.153723149496617,2.9038895003205782,0.005614980879767345,,,
3,256,310,353,4,330,334,raw_var_window_ar,72.0,10.0,0.819761022460001,27.790171143570205,9.999999998474406e-09,,,
3,256,310,353,4,331,335,cholesky_gaussian_ar,310.0,0.01,0.2795617146499093,5.392318403191054,0.00610850155595988,,,
3,256,310,353,4,331,335,euclidean_gaussian_ar,310.0,0.1,0.18568557680901085,6.510173134900728,1.0000000103014485e-08,,,
3,256,310,353,4,331,335,fixed_bwar,310.0,0.01,0.22332434935715698,4.47838617486966,0.0405005699947181,,,
3,256,310,353,4,331,335,local_bwar,24.0,0.1,0.14252774053379572,2.9600888642720253,0.008452669975115788,1.1494011620696966e-10,1.0,0.0
3,256,310,353,4,331,335,log_euclidean_gaussian_ar,310.0,0.01,0.5067275070502919,11.32639255433791,0.02855870260599382,,,
3,256,310,353,4,331,335,persistence,,,0.2326267092164568,6.36841451588623,0.00459213720498924,,,
3,256,310,353,4,331,335,raw_var_window_ar,72.0,10.0,0.7208844158929363,29.239476124984982,9.99999999781978e-09,,,
3,256,310,353,4,332,336,cholesky_gaussian_ar,310.0,0.01,0.22391575001648792,4.813789374018295,0.0018871304072641947,,,
3,256,310,353,4,332,336,euclidean_gaussian_ar,310.0,0.1,0.20760489357903916,5.354030080529318,1.0000000024716966e-08,,,
3,256,310,353,4,332,336,fixed_bwar,310.0,0.01,0.24510003053583523,5.058313228581811,0.011253831305615742,,,
3,256,310,353,4,332,336,local_bwar,24.0,0.1,0.273248269796485,6.981088857242033,0.009693988516785336,1.2329487401794543e-10,1.0,0.0
3,256,310,353,4,332,336,log_euclidean_gaussian_ar,310.0,0.01,0.20748372251741928,3.751170167535043,0.006070556676265255,,,
3,256,310,353,4,332,336,persistence,,,0.46580594934993186,18.043859821663247,0.0021495995346294456,,,
3,256,310,353,4,332,336,raw_var_window_ar,72.0,10.0,0.6562477491361088,30.691831150667028,9.999999998836081e-09,,,
3,256,310,353,4,333,337,cholesky_gaussian_ar,310.0,0.01,0.20520271136668608,4.05643442038865,0.0026788839177097367,,,
3,256,310,353,4,333,337,euclidean_gaussian_ar,310.0,0.1,0.2160117881912011,4.851169287151713,9.999999849427819e-09,,,
3,256,310,353,4,333,337,fixed_bwar,310.0,0.01,0.23729351334688142,4.4653235496420844,0.009202433136489312,,,
3,256,310,353,4,333,337,local_bwar,24.0,0.1,0.27062003380806815,6.980070791963003,0.017930011203856774,1.6197989902123897e-10,1.0,0.0
3,256,310,353,4,333,337,log_euclidean_gaussian_ar,310.0,0.01,0.1522287580409174,3.4208505294216343,0.005117520921727273,,,
3,256,310,353,4,333,337,persistence,,,0.4695250015671851,17.893614275505893,0.002567990472129686,,,
3,256,310,353,4,333,337,raw_var_window_ar,72.0,10.0,0.6389637881692448,30.590297117534035,9.999999999739938e-09,,,
3,256,310,353,4,334,338,cholesky_gaussian_ar,310.0,0.01,0.1830606674329765,3.3267505172290095,0.004857209821986989,,,
3,256,310,353,4,334,338,euclidean_gaussian_ar,310.0,0.1,0.1870379800889188,5.671170309917085,0.021369162003697997,,,
3,256,310,353,4,334,338,fixed_bwar,310.0,0.01,0.17808181254060876,3.068401889100117,0.02926147301156475,,,
3,256,310,353,4,334,338,local_bwar,24.0,0.1,0.18474923868705997,3.5055681195412554,0.030661564980758962,1.8892603147841464e-10,1.0,0.0
3,256,310,353,4,334,338,log_euclidean_gaussian_ar,310.0,0.01,0.2622449411780139,3.9018106068043776,0.00909119488456619,,,
3,256,310,353,4,334,338,persistence,,,0.30974872857472474,6.118835880388044,0.003834653337831247,,,
3,256,310,353,4,334,338,raw_var_window_ar,72.0,10.0,0.6435957871472028,27.97616396960361,9.999999999370534e-09,,,
3,256,310,353,4,335,339,cholesky_gaussian_ar,310.0,0.01,0.09935839712487685,1.9194278413072356,0.005641798401552892,,,
3,256,310,353,4,335,339,euclidean_gaussian_ar,310.0,0.1,0.15079497137392364,5.961005919874749,0.011779380807003567,,,
3,256,310,353,4,335,339,fixed_bwar,310.0,0.01,0.11361619820271485,2.1552208031959497,0.039282891738452806,,,
3,256,310,353,4,335,339,local_bwar,24.0,0.1,0.11799223752752058,2.00628659027515,0.03503838494413228,2.2527195415279933e-10,1.0,0.0
3,256,310,353,4,335,339,log_euclidean_gaussian_ar,310.0,0.01,0.18591293145169682,2.7551110958730813,0.010071080381872977,,,
3,256,310,353,4,335,339,persistence,,,0.12304424253716047,2.5305696450618584,0.0020259278338282693,,,
3,256,310,353,4,335,339,raw_var_window_ar,72.0,10.0,0.6323202173647754,24.722820815354456,9.999999999464536e-09,,,
3,256,310,353,4,336,340,cholesky_gaussian_ar,310.0,0.01,0.14168219406696259,3.051580830362017,0.00951625181597195,,,
3,256,310,353,4,336,340,euclidean_gaussian_ar,310.0,0.1,0.18208730202946913,8.139797256033335,1.0000000259376841e-08,,,
3,256,310,353,4,336,340,fixed_bwar,310.0,0.01,0.16005814733366566,3.4127949794871766,0.045979833300801666,,,
3,256,310,353,4,336,340,local_bwar,24.0,0.1,0.16951815009613777,3.6769367268677815,0.03735715283474602,1.8978468464920183e-10,1.0,0.0
3,256,310,353,4,336,340,log_euclidean_gaussian_ar,310.0,0.01,0.24340949526939215,3.9149820773702855,0.022746122091586624,,,
3,256,310,353,4,336,340,persistence,,,0.2804546460018453,8.424754741846098,0.0037435856463476306,,,
3,256,310,353,4,336,340,raw_var_window_ar,72.0,10.0,0.614355557105025,22.802204701443372,9.999999999122403e-09,,,
3,256,310,353,4,337,341,cholesky_gaussian_ar,310.0,0.01,0.1406017253456762,2.9907804884277835,0.0112941851882953,,,
3,256,310,353,4,337,341,euclidean_gaussian_ar,310.0,0.1,0.1585293792070536,6.531794804485517,0.014955876580013397,,,
3,256,310,353,4,337,341,fixed_bwar,310.0,0.01,0.16391837935055895,3.386388707582015,0.04363342469254085,,,
3,256,310,353,4,337,341,local_bwar,24.0,0.1,0.13685493394985834,2.574102706820919,0.02996477628822735,1.3392216084466403e-10,1.0,0.0
3,256,310,353,4,337,341,log_euclidean_gaussian_ar,310.0,0.01,0.2112261753652474,3.736610516783879,0.02364028127271871,,,
3,256,310,353,4,337,341,persistence,,,0.2832615463950964,7.456009499888953,0.0033526821358655264,,,
3,256,310,353,4,337,341,raw_var_window_ar,72.0,10.0,0.5387671240774466,25.476727008401674,9.999999999144406e-09,,,
3,256,310,353,4,338,342,cholesky_gaussian_ar,310.0,0.01,0.20522024499002606,5.325047885375618,0.013019086412805617,,,
3,256,310,353,4,338,342,euclidean_gaussian_ar,310.0,0.1,0.18235621425327092,6.07981567243574,9.999999889126575e-09,,,
3,256,310,353,4,338,342,fixed_bwar,310.0,0.01,0.2221973434082161,5.558098712212221,0.04530853820324176,,,
3,256,310,353,4,338,342,local_bwar,24.0,0.1,0.11818323348345444,2.858339358386527,0.0244094033035151,1.4745258822738806e-10,1.0,0.0
3,256,310,353,4,338,342,log_euclidean_gaussian_ar,310.0,0.01,0.25357292089312333,5.650188782808626,0.027238691829022166,,,
3,256,310,353,4,338,342,persistence,,,0.1779892391072908,4.82760753167044,0.004262698654498896,,,
3,256,310,353,4,338,342,raw_var_window_ar,72.0,10.0,0.5109978699565939,30.667063191840654,9.999999999693733e-09,,,
3,256,310,353,4,339,343,cholesky_gaussian_ar,310.0,0.01,0.22235283383113602,5.079802262314597,0.021222056575092994,,,
3,256,310,353,4,339,343,euclidean_gaussian_ar,310.0,0.1,0.24020034712073443,7.3104836384737215,0.07778507518753942,,,
3,256,310,353,4,339,343,fixed_bwar,310.0,0.01,0.2500489887649515,5.902168294715144,0.057480675514748066,,,
3,256,310,353,4,339,343,local_bwar,24.0,0.1,0.16073802274597013,3.434303193394891,0.02469602156258492,1.5551915513462083e-10,1.0,0.0
3,256,310,353,4,339,343,log_euclidean_gaussian_ar,310.0,0.01,0.18882487814767326,4.031293380039806,0.017379114265216794,,,
3,256,310,353,4,339,343,persistence,,,0.2324456428991345,6.394792791590417,0.006510458554104423,,,
3,256,310,353,4,339,343,raw_var_window_ar,72.0,10.0,0.5587497599995297,33.44529109837568,9.999999999375067e-09,,,
3,256,310,353,4,340,344,cholesky_gaussian_ar,310.0,0.01,0.2580120651022256,5.365490551582917,0.031977884115336544,,,
3,256,310,353,4,340,344,euclidean_gaussian_ar,310.0,0.1,0.2245211371332246,6.392790916544392,0.043294508150033946,,,
3,256,310,353,4,340,344,fixed_bwar,310.0,0.01,0.21503862723169836,4.4878422065630605,0.040258260210575735,,,
3,256,310,353,4,340,344,local_bwar,24.0,0.1,0.168504245782312,3.667975111310856,0.026601902236218087,1.480104594007861e-10,1.0,0.0
3,256,310,353,4,340,344,log_euclidean_gaussian_ar,310.0,0.01,0.2712171353872418,4.962621843940271,0.016564501094282567,,,
3,256,310,353,4,340,344,persistence,,,0.29188658702111997,9.753818314379673,0.013796190755736308,,,
3,256,310,353,4,340,344,raw_var_window_ar,72.0,10.0,0.6480765767231262,31.45685336279579,9.999999999248674e-09,,,
3,256,310,353,4,341,345,cholesky_gaussian_ar,310.0,0.01,0.3089213143410438,6.676676630354281,0.0343540616553131,,,
3,256,310,353,4,341,345,euclidean_gaussian_ar,310.0,0.1,0.2658454119502444,8.79223379836344,0.13656843391222548,,,
3,256,310,353,4,341,345,fixed_bwar,310.0,0.01,0.24042349509978664,5.047379591558705,0.04133283673430381,,,
3,256,310,353,4,341,345,local_bwar,24.0,0.1,0.2171041544682916,4.394477596520389,0.03441409814428882,1.3453143933679546e-10,1.0,0.0
3,256,310,353,4,341,345,log_euclidean_gaussian_ar,310.0,0.01,0.3444905997672899,6.623321699525226,0.024747274158423503,,,
3,256,310,353,4,341,345,persistence,,,0.2630115395002523,6.057274859435589,0.01307906914643795,,,
3,256,310,353,4,341,345,raw_var_window_ar,72.0,10.0,0.6892996798793011,27.10414208627038,9.999999999335471e-09,,,
3,256,310,353,4,342,346,cholesky_gaussian_ar,310.0,0.01,0.3989571414953869,10.020163727970946,0.032630572031682105,,,
3,256,310,353,4,342,346,euclidean_gaussian_ar,310.0,0.1,0.3361792789074768,14.252678553136525,0.116114141512846,,,
3,256,310,353,4,342,346,fixed_bwar,310.0,0.01,0.3570057546912623,9.72254993615081,0.06374554933258392,,,
3,256,310,353,4,342,346,local_bwar,24.0,0.1,0.2705238170839983,5.752378144040694,0.03233862018956702,1.306376357450064e-10,1.0,0.0
3,256,310,353,4,342,346,log_euclidean_gaussian_ar,310.0,0.01,0.47970582954553515,12.036612039412043,0.05475999465210099,,,
3,256,310,353,4,342,346,persistence,,,0.3192601132487338,9.13444809411135,0.013879605364629682,,,
3,256,310,353,4,342,346,raw_var_window_ar,72.0,10.0,0.7474974738962328,24.565359577967456,9.999999999374104e-09,,,
3,256,310,353,4,343,347,cholesky_gaussian_ar,310.0,0.01,0.3152300138207436,7.127084498691897,0.014761570036207837,,,
3,256,310,353,4,343,347,euclidean_gaussian_ar,310.0,0.1,0.3430944306711214,15.796805365551936,0.09120412221711843,,,
3,256,310,353,4,343,347,fixed_bwar,310.0,0.01,0.39964028157706377,11.960232439105068,0.05143104389121424,,,
3,256,310,353,4,343,347,local_bwar,24.0,0.1,0.26224940446245404,5.586336582887715,0.0237758233674283,1.1991738433549567e-10,1.0,0.0
3,256,310,353,4,343,347,log_euclidean_gaussian_ar,310.0,0.01,0.43381883898990603,10.070064784455255,0.03489485610621118,,,
3,256,310,353,4,343,347,persistence,,,0.4180677750217501,14.566547747559806,0.0047042848906638296,,,
3,256,310,353,4,343,347,raw_var_window_ar,72.0,10.0,0.7628045731535162,23.89044638157598,9.999999998851048e-09,,,
3,256,310,353,4,344,348,cholesky_gaussian_ar,310.0,0.01,0.1915444599803739,3.5273857962763078,0.0033901171019143144,,,
3,256,310,353,4,344,348,euclidean_gaussian_ar,310.0,0.1,0.27047065312087654,11.185355924725652,0.09070771577014423,,,
3,256,310,353,4,344,348,fixed_bwar,310.0,0.01,0.3488864056611888,8.905927539028784,0.0504972068823947,,,
3,256,310,353,4,344,348,local_bwar,24.0,0.1,0.22907766310943548,3.8372774913360987,0.01883547025058916,1.1160730206675948e-10,1.0,0.0
3,256,310,353,4,344,348,log_euclidean_gaussian_ar,310.0,0.01,0.38077926580044774,7.452543721381357,0.029452750814285156,,,
3,256,310,353,4,344,348,persistence,,,0.29820056938008316,7.365860965400227,0.00264224623033339,,,
3,256,310,353,4,344,348,raw_var_window_ar,72.0,10.0,0.7252159051500024,26.452437028175357,9.999999999447187e-09,,,
3,256,310,353,4,345,349,cholesky_gaussian_ar,310.0,0.01,0.19113341005832818,3.8093627649398183,0.008405182429756113,,,
3,256,310,353,4,345,349,euclidean_gaussian_ar,310.0,0.1,0.2296500543855274,8.081006321852973,0.07736643702351192,,,
3,256,310,353,4,345,349,fixed_bwar,310.0,0.01,0.2852853589035946,6.843685464152648,0.051395433090726195,,,
3,256,310,353,4,345,349,local_bwar,24.0,0.1,0.18778297098766045,3.497517305038868,0.016348770810905605,1.0587467058773119e-10,1.0,0.0
3,256,310,353,4,345,349,log_euclidean_gaussian_ar,310.0,0.01,0.34313312583683336,7.014618678155499,0.027298405795560986,,,
3,256,310,353,4,345,349,persistence,,,0.1691176817301157,3.660577289400117,0.0038028455415142722,,,
3,256,310,353,4,345,349,raw_var_window_ar,72.0,10.0,0.6474953234191929,28.656537676536743,9.999999999052624e-09,,,
3,256,310,353,4,346,350,cholesky_gaussian_ar,310.0,0.01,0.25449581325283255,5.316243610896149,0.00877329075544806,,,
3,256,310,353,4,346,350,euclidean_gaussian_ar,310.0,0.1,0.27474378470825417,7.66593325080731,0.06374801724756729,,,
3,256,310,353,4,346,350,fixed_bwar,310.0,0.01,0.2689121540380665,5.7899357817945,0.03655169683025799,,,
3,256,310,353,4,346,350,local_bwar,24.0,0.1,0.2399311686257393,4.809218914028314,0.013646843733196443,1.1200580451976294e-10,1.0,0.0
3,256,310,353,4,346,350,log_euclidean_gaussian_ar,310.0,0.01,0.29304535084171895,5.839049158722293,0.01607703088177759,,,
3,256,310,353,4,346,350,persistence,,,0.3105493920135421,8.275968980878911,0.003119016296319595,,,
3,256,310,353,4,346,350,raw_var_window_ar,72.0,10.0,0.6221871979004681,30.547367430046073,9.999999999104787e-09,,,
3,256,310,353,4,347,351,cholesky_gaussian_ar,310.0,0.01,0.24478062449319518,4.655418514740727,0.010079723311163483,,,
3,256,310,353,4,347,351,euclidean_gaussian_ar,310.0,0.1,0.2598394864770193,6.738923428975794,0.026453051671537768,,,
3,256,310,353,4,347,351,fixed_bwar,310.0,0.01,0.2548023112322615,5.382641643615638,0.03774855584027121,,,
3,256,310,353,4,347,351,local_bwar,24.0,0.1,0.23821698145716766,4.640013209643194,0.012473899298689074,1.2200583344019044e-10,1.0,0.0
3,256,310,353,4,347,351,log_euclidean_gaussian_ar,310.0,0.01,0.33855060281400456,6.918207285689936,0.010834350749581834,,,
3,256,310,353,4,347,351,persistence,,,0.3405992355968213,9.845176565312542,0.0022529863945935083,,,
3,256,310,353,4,347,351,raw_var_window_ar,72.0,10.0,0.6392860966622278,29.44216469956512,9.999999996236087e-09,,,
3,256,310,353,4,348,352,cholesky_gaussian_ar,310.0,0.01,0.3628547125445747,8.404169067580366,0.007362705001252279,,,
3,256,310,353,4,348,352,euclidean_gaussian_ar,310.0,0.1,0.28274163363202465,11.499750733433245,0.08272842750188526,,,
3,256,310,353,4,348,352,fixed_bwar,310.0,0.01,0.2961184585244745,7.290603882263522,0.05538125796977858,,,
3,256,310,353,4,348,352,local_bwar,24.0,0.1,0.18775696978735232,3.379345578423833,0.012657689274963062,1.1177353990511919e-10,1.0,0.0
3,256,310,353,4,348,352,log_euclidean_gaussian_ar,310.0,0.01,0.5286728707345189,11.21477467142862,0.020914811963491108,,,
3,256,310,353,4,348,352,persistence,,,0.18020802779634365,3.383174495584188,0.0029003420405127106,,,
3,256,310,353,4,348,352,raw_var_window_ar,72.0,10.0,0.703339528396513,27.52411301027053,9.999999999659473e-09,,,
3,256,310,353,5,305,310,cholesky_gaussian_ar,310.0,0.01,0.1942871461618005,4.981292350287649,0.07410408594694681,,,
3,256,310,353,5,305,310,euclidean_gaussian_ar,310.0,0.1,0.2932360788549171,7.293565744710991,0.04016602127867075,,,
3,256,310,353,5,305,310,fixed_bwar,310.0,0.01,0.24229130808456756,5.758023478682824,0.07926123640455819,,,
3,256,310,353,5,305,310,local_bwar,24.0,0.1,0.3392199677110232,10.987198494429414,0.09618648823108769,8.547061507908576e-11,1.0,0.0
3,256,310,353,5,305,310,log_euclidean_gaussian_ar,310.0,0.01,0.14741394237108424,3.845365720942259,0.04488503656238846,,,
3,256,310,353,5,305,310,persistence,,,0.4406233126834769,19.927102131276698,0.02351835259897903,,,
3,256,310,353,5,305,310,raw_var_window_ar,72.0,10.0,0.4454426068880887,53.3502201742227,9.999999999993459e-09,,,
3,256,310,353,5,306,311,cholesky_gaussian_ar,310.0,0.01,0.12486335027403823,4.104082641185482,0.07513836683732247,,,
3,256,310,353,5,306,311,euclidean_gaussian_ar,310.0,0.1,0.18905236051703292,6.232431375938558,0.12199911415644693,,,
3,256,310,353,5,306,311,fixed_bwar,310.0,0.01,0.15189637024637573,4.441301108756404,0.07597249719882883,,,
3,256,310,353,5,306,311,local_bwar,24.0,0.1,0.28062470888417,8.67939766373084,0.08900835237102404,9.552536659656145e-11,1.0,0.0
3,256,310,353,5,306,311,log_euclidean_gaussian_ar,310.0,0.01,0.14510107347573728,4.124105060734773,0.06621847726031925,,,
3,256,310,353,5,306,311,persistence,,,0.23413151712868208,10.073997658956264,0.015079273230822463,,,
3,256,310,353,5,306,311,raw_var_window_ar,72.0,10.0,0.3583962190378916,43.06886047437542,9.999999999996546e-09,,,
3,256,310,353,5,307,312,cholesky_gaussian_ar,310.0,0.01,0.14535896616797375,4.950999919161792,0.0652585215390371,,,
3,256,310,353,5,307,312,euclidean_gaussian_ar,310.0,0.1,0.16578330228373211,6.582331515165436,0.13740531441099257,,,
3,256,310,353,5,307,312,fixed_bwar,310.0,0.01,0.1295084555490574,4.3899823278834855,0.06402472906640828,,,
3,256,310,353,5,307,312,local_bwar,24.0,0.1,0.296038797390988,9.834572683822191,0.07617256557988339,9.382352178572741e-11,1.0,0.0
3,256,310,353,5,307,312,log_euclidean_gaussian_ar,310.0,0.01,0.24948748309309032,5.407886425759301,0.04963891839456142,,,
3,256,310,353,5,307,312,persistence,,,0.2286797752720601,9.305930917282835,0.013992034877248287,,,
3,256,310,353,5,307,312,raw_var_window_ar,72.0,10.0,0.3482354401129545,35.21464090451583,9.99999999999663e-09,,,
3,256,310,353,5,308,313,cholesky_gaussian_ar,310.0,0.01,0.1958050704757831,4.7885854574842,0.06084694169269914,,,
3,256,310,353,5,308,313,euclidean_gaussian_ar,310.0,0.1,0.1377893329120888,6.309887358008986,0.0828250079344599,,,
3,256,310,353,5,308,313,fixed_bwar,310.0,0.01,0.1585904234834132,4.350353447932605,0.06415732384482446,,,
3,256,310,353,5,308,313,local_bwar,24.0,0.1,0.2652116651408918,8.212557159962948,0.07620398942542893,8.150847841958488e-11,1.0,0.0
3,256,310,353,5,308,313,log_euclidean_gaussian_ar,310.0,0.01,0.341273262095033,6.829572506743752,0.048817473572758445,,,
3,256,310,353,5,308,313,persistence,,,0.3219959933306936,13.464458428348063,0.01330148964223018,,,
3,256,310,353,5,308,313,raw_var_window_ar,72.0,10.0,0.3609247707777679,34.11781027945566,9.999999999990206e-09,,,
3,256,310,353,5,309,314,cholesky_gaussian_ar,310.0,0.01,0.22903613385544727,6.055272827320035,0.061876741029737115,,,
3,256,310,353,5,309,314,euclidean_gaussian_ar,310.0,0.1,0.17546924915629483,6.671466168172084,9.999999813292362e-09,,,
3,256,310,353,5,309,314,fixed_bwar,310.0,0.01,0.17296127799794878,4.850182009739097,0.07129622577812264,,,
3,256,310,353,5,309,314,local_bwar,24.0,0.1,0.18563648103710245,5.276765120790568,0.08069342299458618,6.752190967201235e-11,1.0,0.0
3,256,310,353,5,309,314,log_euclidean_gaussian_ar,310.0,0.01,0.29366141228827586,7.202847826280651,0.059128316349013464,,,
3,256,310,353,5,309,314,persistence,,,0.22434313280409343,9.115794010409779,0.013778272789307641,,,
3,256,310,353,5,309,314,raw_var_window_ar,72.0,10.0,0.35403107145429846,44.06225981223131,9.999999999996994e-09,,,
3,256,310,353,5,310,315,cholesky_gaussian_ar,310.0,0.01,0.3205891607061851,9.823393483855485,0.06265943834912965,,,
3,256,310,353,5,310,315,euclidean_gaussian_ar,310.0,0.1,0.27761569331239644,10.653282578674045,9.999999564134287e-09,,,
3,256,310,353,5,310,315,fixed_bwar,310.0,0.01,0.339829817086845,11.100023951081749,0.07963875996030897,,,
3,256,310,353,5,310,315,local_bwar,24.0,0.1,0.29169908421313484,8.829465681379704,0.0855863673975254,7.027744079878209e-11,1.0,0.0
3,256,310,353,5,310,315,log_euclidean_gaussian_ar,310.0,0.01,0.41765618341365934,11.62979881755701,0.07408437440784141,,,
3,256,310,353,5,310,315,persistence,,,0.18392215224649228,6.473460013467996,0.030875582596290883,,,
3,256,310,353,5,310,315,raw_var_window_ar,72.0,10.0,0.46031806215585236,48.7585352823019,9.999999999996814e-09,,,
3,256,310,353,5,311,316,cholesky_gaussian_ar,310.0,0.01,0.2548462122824407,7.66011320729956,0.047050630408488746,,,
3,256,310,353,5,311,316,euclidean_gaussian_ar,310.0,0.1,0.24069835519040872,8.02046327936782,9.999999606158333e-09,,,
3,256,310,353,5,311,316,fixed_bwar,310.0,0.01,0.29159112276696675,9.192720252966467,0.07434257803828392,,,
3,256,310,353,5,311,316,local_bwar,24.0,0.1,0.3061657910788314,9.514041530377833,0.08989606397510583,7.485594893340723e-11,1.0,0.0
3,256,310,353,5,311,316,log_euclidean_gaussian_ar,310.0,0.01,0.31440649152363614,10.381124824497965,0.03852484935549574,,,
3,256,310,353,5,311,316,persistence,,,0.298410387340594,11.216749234927192,0.0173154699796199,,,
3,256,310,353,5,311,316,raw_var_window_ar,72.0,10.0,0.485319298091478,51.41731154677069,9.99999999999621e-09,,,
3,256,310,353,5,312,317,cholesky_gaussian_ar,310.0,0.01,0.2222202449556405,6.022349970523827,0.037647992905941764,,,
3,256,310,353,5,312,317,euclidean_gaussian_ar,310.0,0.1,0.17392179940488126,5.1226131294255755,1.0000000069349446e-08,,,
3,256,310,353,5,312,317,fixed_bwar,310.0,0.01,0.1829701418235344,4.633250798394239,0.09043848350258686,,,
3,256,310,353,5,312,317,local_bwar,24.0,0.1,0.23616163402068593,6.304442586789878,0.08832712306927627,7.832138449287879e-11,1.0,0.0
3,256,310,353,5,312,317,log_euclidean_gaussian_ar,310.0,0.01,0.1511585898555113,5.159342086503314,0.02291212375776207,,,
3,256,310,353,5,312,317,persistence,,,0.35127977440580094,15.748776672127185,0.015514566880116319,,,
3,256,310,353,5,312,317,raw_var_window_ar,72.0,10.0,0.43429402588499905,44.81336802474243,9.999999999993067e-09,,,
3,256,310,353,5,313,318,cholesky_gaussian_ar,310.0,0.01,0.11545678437623269,3.4745261419223157,0.04957119711356833,,,
3,256,310,353,5,313,318,euclidean_gaussian_ar,310.0,0.1,0.12208501531153941,4.547224692453822,9.999999606053599e-09,,,
3,256,310,353,5,313,318,fixed_bwar,310.0,0.01,0.11237356219172086,3.2185293746642536,0.06729169955672626,,,
3,256,310,353,5,313,318,local_bwar,24.0,0.1,0.1850742461627738,5.00920946987542,0.0804050843212069,8.790772745342395e-11,1.0,0.0
3,256,310,353,5,313,318,log_euclidean_gaussian_ar,310.0,0.01,0.14668759785813096,4.799927135419432,0.02452964424043906,,,
3,256,310,353,5,313,318,persistence,,,0.1626101340202892,6.691653341288724,0.01695447547677931,,,
3,256,310,353,5,313,318,raw_var_window_ar,72.0,10.0,0.3546743131789364,37.515188362049535,9.999999999998174e-09,,,
3,256,310,353,5,314,319,cholesky_gaussian_ar,310.0,0.01,0.19516408170898022,6.772478563609922,0.0509576503060195,,,
3,256,310,353,5,314,319,euclidean_gaussian_ar,310.0,0.1,0.19929108226633752,8.627580488147977,1.0000000262464468e-08,,,
3,256,310,353,5,314,319,fixed_bwar,310.0,0.01,0.20240224914581217,6.432089714908193,0.07857696122201473,,,
3,256,310,353,5,314,319,local_bwar,24.0,0.1,0.2469442074963908,8.387546351046886,0.07498408763648233,9.079233387323666e-11,1.0,0.0
3,256,310,353,5,314,319,log_euclidean_gaussian_ar,310.0,0.01,0.243121157987279,6.826155170635369,0.05696359267477116,,,
3,256,310,353,5,314,319,persistence,,,0.2638568005615,10.903167218117163,0.015075310866249008,,,
3,256,310,353,5,314,319,raw_var_window_ar,72.0,10.0,0.35301057042729755,35.321058826851164,9.999999999997433e-09,,,
3,256,310,353,5,315,320,cholesky_gaussian_ar,310.0,0.01,0.18299034514087775,5.911305281343159,0.04832848341653963,,,
3,256,310,353,5,315,320,euclidean_gaussian_ar,310.0,0.1,0.19667879306923763,8.731617774485962,0.036819269671403504,,,
3,256,310,353,5,315,320,fixed_bwar,310.0,0.01,0.2466158298049374,7.236674214827513,0.06549251191453569,,,
3,256,310,353,5,315,320,local_bwar,24.0,0.1,0.2902479537628782,9.778435025931849,0.06966332978425821,7.625475802975148e-11,1.0,0.0
3,256,310,353,5,315,320,log_euclidean_gaussian_ar,310.0,0.01,0.30017318578656305,6.582518183362085,0.04377489695719448,,,
3,256,310,353,5,315,320,persistence,,,0.423246311440138,20.28707758666077,0.016661643283613276,,,
3,256,310,353,5,315,320,raw_var_window_ar,72.0,10.0,0.40577273776029726,33.15205762646476,9.999999999980831e-09,,,
3,256,310,353,5,316,321,cholesky_gaussian_ar,310.0,0.01,0.22465094164670932,7.847422994891652,0.04067082786518427,,,
3,256,310,353,5,316,321,euclidean_gaussian_ar,310.0,0.1,0.19331506702437323,6.655304918017357,0.11966457551980883,,,
3,256,310,353,5,316,321,fixed_bwar,310.0,0.01,0.21574759645210836,6.476250432251052,0.06737145072574449,,,
3,256,310,353,5,316,321,local_bwar,24.0,0.1,0.15941096534029736,4.990422497759891,0.07148107105166458,8.552430852817775e-11,1.0,0.0
3,256,310,353,5,316,321,log_euclidean_gaussian_ar,310.0,0.01,0.2565006330649842,8.782923790785263,0.0384621618832626,,,
3,256,310,353,5,316,321,persistence,,,0.24592233633229474,11.13252763646392,0.010257468023155641,,,
3,256,310,353,5,316,321,raw_var_window_ar,72.0,10.0,0.3750025670307186,45.17924578902569,9.999999999993239e-09,,,
3,256,310,353,5,317,322,cholesky_gaussian_ar,310.0,0.01,0.34744434570395677,10.46637500157751,0.05051925156162092,,,
3,256,310,353,5,317,322,euclidean_gaussian_ar,310.0,0.1,0.3320142734990122,13.225032057046466,0.14488161737906788,,,
3,256,310,353,5,317,322,fixed_bwar,310.0,0.01,0.31866066338769156,9.40478776431955,0.07447753756740018,,,
3,256,310,353,5,317,322,local_bwar,24.0,0.1,0.25115297827839445,6.336942202166226,0.07842091985202888,1.066303481525356e-10,1.0,0.0
3,256,310,353,5,317,322,log_euclidean_gaussian_ar,310.0,0.01,0.3836234472408235,9.675229661338186,0.051047251019335604,,,
3,256,310,353,5,317,322,persistence,,,0.14256400423134247,4.774429209433278,0.011135548153365024,,,
3,256,310,353,5,317,322,raw_var_window_ar,72.0,10.0,0.4856844232368747,44.73508409119007,9.999999999997487e-09,,,
3,256,310,353,5,318,323,cholesky_gaussian_ar,310.0,0.01,0.27032521007967886,6.429731650520893,0.048277709342223175,,,
3,256,310,353,5,318,323,euclidean_gaussian_ar,310.0,0.1,0.3201791669483346,12.272434587012935,0.16239177189204682,,,
3,256,310,353,5,318,323,fixed_bwar,310.0,0.01,0.2815417706783968,7.01009772741223,0.09421665248777644,,,
3,256,310,353,5,318,323,local_bwar,24.0,0.1,0.30850697700142155,7.268562770082996,0.08546649620002829,1.0795151588659401e-10,1.0,0.0
3,256,310,353,5,318,323,log_euclidean_gaussian_ar,310.0,0.01,0.3686994830383694,8.570118596567884,0.047382391047369576,,,
3,256,310,353,5,318,323,persistence,,,0.28118498427515043,8.69009109332494,0.023955743248483125,,,
3,256,310,353,5,318,323,raw_var_window_ar,72.0,10.0,0.5057307300943904,44.1291230111262,9.999999999994324e-09,,,
3,256,310,353,5,319,324,cholesky_gaussian_ar,310.0,0.01,0.4635058493141558,13.543011669822093,0.07139755844799384,,,
3,256,310,353,5,319,324,euclidean_gaussian_ar,310.0,0.1,0.36499273395036635,14.576644189212084,1.0000000272290186e-08,,,
3,256,310,353,5,319,324,fixed_bwar,310.0,0.01,0.421325893803274,12.878682771999868,0.09468929335821982,,,
3,256,310,353,5,319,324,local_bwar,24.0,0.1,0.4136335641604902,11.885328217738767,0.08971873342443505,1.0487668251399394e-10,1.0,0.0
3,256,310,353,5,319,324,log_euclidean_gaussian_ar,310.0,0.01,0.6256637515347645,16.674111306362185,0.07016861017952708,,,
3,256,310,353,5,319,324,persistence,,,0.4243620928659069,15.713891167847418,0.022770136688728432,,,
3,256,310,353,5,319,324,raw_var_window_ar,72.0,10.0,0.5607389187609874,32.08973481478036,9.999999999984934e-09,,,
3,256,310,353,5,320,325,cholesky_gaussian_ar,310.0,0.01,0.45508196935022,12.973214290994708,0.07222215844813304,,,
3,256,310,353,5,320,325,euclidean_gaussian_ar,310.0,0.1,0.33321436984247593,14.159870107786707,9.999999717180685e-09,,,
3,256,310,353,5,320,325,fixed_bwar,310.0,0.01,0.36870470072941447,10.47542661600577,0.08294639419400837,,,
3,256,310,353,5,320,325,local_bwar,24.0,0.1,0.42363724767239347,12.611376363493882,0.07699922713302414,1.2372683937266543e-10,1.0,0.0
3,256,310,353,5,320,325,log_euclidean_gaussian_ar,310.0,0.01,0.4601131044813996,9.691703789689797,0.05414718844921005,,,
3,256,310,353,5,320,325,persistence,,,0.298575009645311,9.939617434108865,0.023326799014934917,,,
3,256,310,353,5,320,325,raw_var_window_ar,72.0,10.0,0.5669742173619546,26.719585804779776,9.999999999979676e-09,,,
3,256,310,353,5,321,326,cholesky_gaussian_ar,310.0,0.01,0.3915530710217434,11.991953959216954,0.07438480903493666,,,
3,256,310,353,5,321,326,euclidean_gaussian_ar,310.0,0.1,0.3680463071600508,16.944984927950713,0.03802561287645989,,,
3,256,310,353,5,321,326,fixed_bwar,310.0,0.01,0.3680808273986046,11.694563685830357,0.07564820357043821,,,
3,256,310,353,5,321,326,local_bwar,24.0,0.1,0.3790446129311873,11.801970439866874,0.0715377247915889,1.3818488859963942e-10,1.0,0.0
3,256,310,353,5,321,326,log_euclidean_gaussian_ar,310.0,0.01,0.43518537605515856,11.667675414916204,0.059242337111026715,,,
3,256,310,353,5,321,326,persistence,,,0.342056096659031,14.413371083978358,0.020305372337275925,,,
3,256,310,353,5,321,326,raw_var_window_ar,72.0,10.0,0.5195892047415632,25.32578332307397,9.999999999994135e-09,,,
3,256,310,353,5,322,327,cholesky_gaussian_ar,310.0,0.01,0.32209818606349644,8.128640684964157,0.03544101911124467,,,
3,256,310,353,5,322,327,euclidean_gaussian_ar,310.0,0.1,0.32679006367250046,13.949669447541773,0.08731961618770581,,,
3,256,310,353,5,322,327,fixed_bwar,310.0,0.01,0.33383338320232997,9.418356104446076,0.06339130287677401,,,
3,256,310,353,5,322,327,local_bwar,24.0,0.1,0.40512621032149976,12.260661381756293,0.06614229659361998,1.6390902965732823e-10,1.0,0.0
3,256,310,353,5,322,327,log_euclidean_gaussian_ar,310.0,0.01,0.4022092171536653,9.030456283911512,0.047419101624985416,,,
3,256,310,353,5,322,327,persistence,,,0.44422873297113014,16.98458418641391,0.01000612593567839,,,
3,256,310,353,5,322,327,raw_var_window_ar,72.0,10.0,0.5297286227145898,25.376976335852987,9.999999999992627e-09,,,
3,256,310,353,5,323,328,cholesky_gaussian_ar,310.0,0.01,0.3828420752347267,9.908518394917373,0.038086838593127885,,,
3,256,310,353,5,323,328,euclidean_gaussian_ar,310.0,0.1,0.35693383471244416,15.105329876842653,0.08008332102876671,,,
3,256,310,353,5,323,328,fixed_bwar,310.0,0.01,0.352906121534994,9.809708263163774,0.05931538111751923,,,
3,256,310,353,5,323,328,local_bwar,24.0,0.1,0.4415198755728313,13.534147616806006,0.07016796443286655,1.9255834304995528e-10,1.0,0.0
3,256,310,353,5,323,328,log_euclidean_gaussian_ar,310.0,0.01,0.4651155978771237,11.642933404653348,0.03963465301771734,,,
3,256,310,353,5,323,328,persistence,,,0.34801734414290386,13.030158011641074,0.007454039262280449,,,
3,256,310,353,5,323,328,raw_var_window_ar,72.0,10.0,0.5734376133217838,26.217376118944564,9.999999999992443e-09,,,
3,256,310,353,5,324,329,cholesky_gaussian_ar,310.0,0.01,0.37314746009848954,8.973400810837099,0.028805056985741498,,,
3,256,310,353,5,324,329,euclidean_gaussian_ar,310.0,0.1,0.2761119318686701,10.918530376251889,0.12850737248340247,,,
3,256,310,353,5,324,329,fixed_bwar,310.0,0.01,0.2859176799911427,6.871336189485805,0.06366874298750548,,,
3,256,310,353,5,324,329,local_bwar,24.0,0.1,0.45479573191416334,14.57538356391552,0.06974296451641833,2.256410352561337e-10,1.0,0.0
3,256,310,353,5,324,329,log_euclidean_gaussian_ar,310.0,0.01,0.40830386593664536,7.6560382363348465,0.04153293951683785,,,
3,256,310,353,5,324,329,persistence,,,0.21577164044056582,5.973313161985289,0.010171794291932454,,,
3,256,310,353,5,324,329,raw_var_window_ar,72.0,10.0,0.6076503880665663,25.814549872829893,9.999999999991699e-09,,,
3,256,310,353,5,325,330,cholesky_gaussian_ar,310.0,0.01,0.5179450207633982,14.815344799215783,0.028011382354653933,,,
3,256,310,353,5,325,330,euclidean_gaussian_ar,310.0,0.1,0.3713541476992959,14.27120878623711,0.15271751669750996,,,
3,256,310,353,5,325,330,fixed_bwar,310.0,0.01,0.3949956575112201,10.708432258515558,0.07395802197676003,,,
3,256,310,353,5,325,330,local_bwar,24.0,0.1,0.5465190452438403,18.83365560363513,0.0663240467153747,2.621687740395764e-10,1.0,0.0
3,256,310,353,5,325,330,log_euclidean_gaussian_ar,310.0,0.01,0.5367394144243274,11.454422626173034,0.03644424220267535,,,
3,256,310,353,5,325,330,persistence,,,0.2518387779815428,6.337808590473896,0.011110502029396651,,,
3,256,310,353,5,325,330,raw_var_window_ar,72.0,10.0,0.7435466882779065,26.180199897011434,9.99999999997532e-09,,,
3,256,310,353,5,326,331,cholesky_gaussian_ar,310.0,0.01,0.6358994018106138,22.861814121937194,0.026625787756579603,,,
3,256,310,353,5,326,331,euclidean_gaussian_ar,310.0,0.1,0.5070650983188278,23.34650816960574,0.15670751537075656,,,
3,256,310,353,5,326,331,fixed_bwar,310.0,0.01,0.5501667799423516,19.88598463500354,0.07009977643917216,,,
3,256,310,353,5,326,331,local_bwar,24.0,0.1,0.6096483600578043,23.51416292266151,0.059461128762252624,2.7759141246158357e-10,1.0,0.0
3,256,310,353,5,326,331,log_euclidean_gaussian_ar,310.0,0.01,0.6447258387537692,16.980341304255376,0.031890929151619465,,,
3,256,310,353,5,326,331,persistence,,,0.3846734446140301,10.385561486190404,0.014791594019338898,,,
3,256,310,353,5,326,331,raw_var_window_ar,72.0,10.0,0.8452161286624881,26.68016060559593,9.999999999998511e-09,,,
3,256,310,353,5,327,332,cholesky_gaussian_ar,310.0,0.01,0.7307697533036617,33.08523989405391,0.03339271944417541,,,
3,256,310,353,5,327,332,euclidean_gaussian_ar,310.0,0.1,0.5925097504891644,33.66464328296846,0.15721439616117405,,,
3,256,310,353,5,327,332,fixed_bwar,310.0,0.01,0.6612618735312646,30.572625154546216,0.08163844745813485,,,
3,256,310,353,5,327,332,local_bwar,24.0,0.1,0.6534724460589476,28.901845596013615,0.054023565956585674,2.598945430284202e-10,1.0,0.0
3,256,310,353,5,327,332,log_euclidean_gaussian_ar,310.0,0.01,0.7366699543765979,24.698453475611807,0.032362315906315886,,,
3,256,310,353,5,327,332,persistence,,,0.44971224022016565,15.140600435247718,0.013780862051123409,,,
3,256,310,353,5,327,332,raw_var_window_ar,72.0,10.0,0.9350512764552767,28.42229369984403,9.999999999955337e-09,,,
3,256,310,353,5,328,333,cholesky_gaussian_ar,310.0,0.01,0.6817270949954781,30.397687667681918,0.03312537444234416,,,
3,256,310,353,5,328,333,euclidean_gaussian_ar,310.0,0.1,0.5353540851088738,30.032292902149862,0.14487055710475374,,,
3,256,310,353,5,328,333,fixed_bwar,310.0,0.01,0.5784395989601439,24.408702477032193,0.07248579129815766,,,
3,256,310,353,5,328,333,local_bwar,24.0,0.1,0.5838273983988741,23.420414468403195,0.05011882713270748,1.9821483293016944e-10,1.0,0.0
3,256,310,353,5,328,333,log_euclidean_gaussian_ar,310.0,0.01,0.7363272078817562,26.167453991332152,0.032706274156846606,,,
3,256,310,353,5,328,333,persistence,,,0.4009233363349418,13.476504890329817,0.01173407681143122,,,
3,256,310,353,5,328,333,raw_var_window_ar,72.0,10.0,0.9154681890664135,27.757875857088344,9.99999999999705e-09,,,
3,256,310,353,5,329,334,cholesky_gaussian_ar,310.0,0.01,0.5172619747196777,15.606703309674403,0.021588147524259825,,,
3,256,310,353,5,329,334,euclidean_gaussian_ar,310.0,0.1,0.42056466847751073,18.436882094234104,0.14048055085101896,,,
3,256,310,353,5,329,334,fixed_bwar,310.0,0.01,0.4890940199121497,15.612716485611399,0.07265736024500352,,,
3,256,310,353,5,329,334,local_bwar,24.0,0.1,0.45647948350669215,12.102890845678624,0.043683927287600635,1.5139789004458167e-10,1.0,0.0
3,256,310,353,5,329,334,log_euclidean_gaussian_ar,310.0,0.01,0.636765731024226,16.330888980581243,0.03586634917058058,,,
3,256,310,353,5,329,334,persistence,,,0.3134401049797886,6.514845073723567,0.005548716771077799,,,
3,256,310,353,5,329,334,raw_var_window_ar,72.0,10.0,0.8295490207265394,28.43476324521339,9.99999999998967e-09,,,
3,256,310,353,5,330,335,cholesky_gaussian_ar,310.0,0.01,0.3702365258282808,8.398767190633716,0.013539899947459806,,,
3,256,310,353,5,330,335,euclidean_gaussian_ar,310.0,0.1,0.265057810423845,10.759344530171687,0.1213413015061788,,,
3,256,310,353,5,330,335,fixed_bwar,310.0,0.01,0.3139851322099231,7.6119091167945845,0.06345831964255809,,,
3,256,310,353,5,330,335,local_bwar,24.0,0.1,0.19343448832870858,3.2435634335928505,0.022491148380052763,1.2540397121659453e-10,1.0,0.0
3,256,310,353,5,330,335,log_euclidean_gaussian_ar,310.0,0.01,0.44464337896105904,8.459783999575132,0.03596440010343092,,,
3,256,310,353,5,330,335,persistence,,,0.156742008404984,3.700495005637245,0.005614980879767345,,,
3,256,310,353,5,330,335,raw_var_window_ar,72.0,10.0,0.7306881811507825,29.862357448223086,9.999999999984742e-09,,,
3,256,310,353,5,331,336,cholesky_gaussian_ar,310.0,0.01,0.2908423059919394,6.456760108042262,0.007442268919002368,,,
3,256,310,353,5,331,336,euclidean_gaussian_ar,310.0,0.1,0.2426961851724235,8.74118275846759,0.07444436293858682,,,
3,256,310,353,5,331,336,fixed_bwar,310.0,0.01,0.262952562931171,5.876617912109522,0.046162396909875156,,,
3,256,310,353,5,331,336,local_bwar,24.0,0.1,0.22820448576304983,5.0958123830204265,0.010833774397272424,1.1494011620696966e-10,1.0,0.0
3,256,310,353,5,331,336,log_euclidean_gaussian_ar,310.0,0.01,0.4013518995078457,7.831874461326383,0.02793315210532299,,,
3,256,310,353,5,331,336,persistence,,,0.3714206130722837,11.14026028584188,0.00459213720498924,,,
3,256,310,353,5,331,336,raw_var_window_ar,72.0,10.0,0.6658737553962559,31.288983303047253,9.999999999987217e-09,,,
3,256,310,353,5,332,337,cholesky_gaussian_ar,310.0,0.01,0.24973189720821537,5.529866391177012,0.0029703217802707137,,,
3,256,310,353,5,332,337,euclidean_gaussian_ar,310.0,0.1,0.2444599909412149,7.9381133210012935,1.0000000341752344e-08,,,
3,256,310,353,5,332,337,fixed_bwar,310.0,0.01,0.2698351258960503,5.783668849516328,0.018444319509047676,,,
3,256,310,353,5,332,337,local_bwar,24.0,0.1,0.2852138719509998,7.284396466777019,0.012275657423441588,1.2329487401794543e-10,1.0,0.0
3,256,310,353,5,332,337,log_euclidean_gaussian_ar,310.0,0.01,0.22527295494060323,4.376811406356788,0.004917634708311987,,,
3,256,310,353,5,332,337,persistence,,,0.49035723225226385,19.204955395783205,0.0021495995346294456,,,
3,256,310,353,5,332,337,raw_var_window_ar,72.0,10.0,0.6483791617278871,31.170685619912476,9.999999999981764e-09,,,
3,256,310,353,5,333,338,cholesky_gaussian_ar,310.0,0.01,0.18358709199534698,3.2500555865460035,0.003942125069286009,,,
3,256,310,353,5,333,338,euclidean_gaussian_ar,310.0,0.1,0.19954562125424505,5.997140416195045,0.021901316384872208,,,
3,256,310,353,5,333,338,fixed_bwar,310.0,0.01,0.20317647610701725,3.4146242643629074,0.017841511368046886,,,
3,256,310,353,5,333,338,local_bwar,24.0,0.1,0.21162212387024737,4.3484288925893235,0.02076038483792814,1.6197989902123897e-10,1.0,0.0
3,256,310,353,5,333,338,log_euclidean_gaussian_ar,310.0,0.01,0.14781857117239092,2.5267977974346696,0.004579675675572542,,,
3,256,310,353,5,333,338,persistence,,,0.431481668911179,14.415189230075292,0.002567990472129686,,,
3,256,310,353,5,333,338,raw_var_window_ar,72.0,10.0,0.6527225389578567,28.530817596448472,9.999999999996195e-09,,,
3,256,310,353,5,334,339,cholesky_gaussian_ar,310.0,0.01,0.1269007912970543,2.208295168450681,0.006083648478307591,,,
3,256,310,353,5,334,339,euclidean_gaussian_ar,310.0,0.1,0.14152286905709854,5.059094352120954,0.07692619831807278,,,
3,256,310,353,5,334,339,fixed_bwar,310.0,0.01,0.12215751674698555,2.14559962155534,0.037474597124017454,,,
3,256,310,353,5,334,339,local_bwar,24.0,0.1,0.10332602143568605,1.7606054102500917,0.032709724704737826,1.8892603147841464e-10,1.0,0.0
3,256,310,353,5,334,339,log_euclidean_gaussian_ar,310.0,0.01,0.22896881626140117,3.432056164398906,0.006494817863721306,,,
3,256,310,353,5,334,339,persistence,,,0.24174903962592112,3.9191415136654433,0.003834653337831247,,,
3,256,310,353,5,334,339,raw_var_window_ar,72.0,10.0,0.6420811415863522,25.32823280840145,9.999999999981796e-09,,,
3,256,310,353,5,335,340,cholesky_gaussian_ar,310.0,0.01,0.17909309155341716,4.081774662166038,0.005671925374323605,,,
3,256,310,353,5,335,340,euclidean_gaussian_ar,310.0,0.1,0.178145831895712,7.42208792409371,0.06151386449728189,,,
3,256,310,353,5,335,340,fixed_bwar,310.0,0.01,0.15787158372288582,3.669878955283675,0.04348532958550805,,,
3,256,310,353,5,335,340,local_bwar,24.0,0.1,0.1554863396110891,3.310767030270008,0.03447016533789844,2.2527195415279933e-10,1.0,0.0
3,256,310,353,5,335,340,log_euclidean_gaussian_ar,310.0,0.01,0.2837383204285779,5.550158976632689,0.00866247339884403,,,
3,256,310,353,5,335,340,persistence,,,0.21613892037015364,5.848002290172892,0.0020259278338282693,,,
3,256,310,353,5,335,340,raw_var_window_ar,72.0,10.0,0.6232210897226205,23.40025652649524,9.999999999986074e-09,,,
3,256,310,353,5,336,341,cholesky_gaussian_ar,310.0,0.01,0.16732997999357677,3.5245122031368608,0.011126788827118256,,,
3,256,310,353,5,336,341,euclidean_gaussian_ar,310.0,0.1,0.16189041708719323,6.53670403155942,0.04273089571449399,,,
3,256,310,353,5,336,341,fixed_bwar,310.0,0.01,0.14292263537097916,2.9454108880170327,0.054904885458382666,,,
3,256,310,353,5,336,341,local_bwar,24.0,0.1,0.13149521730997762,2.5754774483338756,0.036746345058089915,1.8978468464920183e-10,1.0,0.0
3,256,310,353,5,336,341,log_euclidean_gaussian_ar,310.0,0.01,0.214027492389526,3.789536797007422,0.016038760223453546,,,
3,256,310,353,5,336,341,persistence,,,0.27839979764520384,7.113613097472491,0.0037435856463476306,,,
3,256,310,353,5,336,341,raw_var_window_ar,72.0,10.0,0.5471878342759653,26.050747749512198,9.999999999987586e-09,,,
3,256,310,353,5,337,342,cholesky_gaussian_ar,310.0,0.01,0.14678483210437596,3.660154910122172,0.014214991042147782,,,
3,256,310,353,5,337,342,euclidean_gaussian_ar,310.0,0.1,0.1795421876155619,6.575425492382473,0.06445223421977235,,,
3,256,310,353,5,337,342,fixed_bwar,310.0,0.01,0.1815669876591696,4.122700050419889,0.05523223103072289,,,
3,256,310,353,5,337,342,local_bwar,24.0,0.1,0.1015710729395727,2.6047484883288967,0.03126803005386849,1.3392216084466403e-10,1.0,0.0
3,256,310,353,5,337,342,log_euclidean_gaussian_ar,310.0,0.01,0.16732762739652707,3.700423625418792,0.01719002120767057,,,
3,256,310,353,5,337,342,persistence,,,0.19561700063726062,5.012451913840769,0.0033526821358655264,,,
3,256,310,353,5,337,342,raw_var_window_ar,72.0,10.0,0.5197221410791454,31.23207102716765,9.999999999994658e-09,,,
3,256,310,353,5,338,343,cholesky_gaussian_ar,310.0,0.01,0.254788998197859,6.072505836231196,0.011903568249960682,,,
3,256,310,353,5,338,343,euclidean_gaussian_ar,310.0,0.1,0.23631102927197706,7.5944786521116505,0.04928889850343842,,,
3,256,310,353,5,338,343,fixed_bwar,310.0,0.01,0.27251672203107186,6.66250872621878,0.05538414256240292,,,
3,256,310,353,5,338,343,local_bwar,24.0,0.1,0.17386029611809947,3.7879450138895585,0.026918075504484603,1.4745258822738806e-10,1.0,0.0
3,256,310,353,5,338,343,log_euclidean_gaussian_ar,310.0,0.01,0.26476191649690006,5.0849439010488195,0.02456533171747927,,,
3,256,310,353,5,338,343,persistence,,,0.15154878318662868,4.074283608082344,0.004262698654498896,,,
3,256,310,353,5,338,343,raw_var_window_ar,72.0,10.0,0.5666904159507635,33.95615807322115,9.999999999998771e-09,,,
3,256,310,353,5,339,344,cholesky_gaussian_ar,310.0,0.01,0.2688744872001541,6.0029769420702905,0.02166892782282792,,,
3,256,310,353,5,339,344,euclidean_gaussian_ar,310.0,0.1,0.25095039446810763,9.161474693381223,0.11935029663296863,,,
3,256,310,353,5,339,344,fixed_bwar,310.0,0.01,0.26360956715101785,6.374303191288016,0.062369253496812146,,,
3,256,310,353,5,339,344,local_bwar,24.0,0.1,0.16669544561449004,3.587873930324401,0.02623809015871294,1.5551915513462083e-10,1.0,0.0
3,256,310,353,5,339,344,log_euclidean_gaussian_ar,310.0,0.01,0.2169621932652282,3.9363439684325545,0.016181492720230232,,,
3,256,310,353,5,339,344,persistence,,,0.17918321941236126,4.800330989643349,0.006510458554104423,,,
3,256,310,353,5,339,344,raw_var_window_ar,72.0,10.0,0.6570609880703562,32.01663705780192,9.999999999994337e-09,,,
3,256,310,353,5,340,345,cholesky_gaussian_ar,310.0,0.01,0.33093792490380597,7.07902506395386,0.03271441901140738,,,
3,256,310,353,5,340,345,euclidean_gaussian_ar,310.0,0.1,0.25937543723726975,8.79572067456759,0.12110115504567054,,,
3,256,310,353,5,340,345,fixed_bwar,310.0,0.01,0.26731477453888436,5.783940273962008,0.05188766092247569,,,
3,256,310,353,5,340,345,local_bwar,24.0,0.1,0.17733587986588348,3.156039471235819,0.026005736195097592,1.480104594007861e-10,1.0,0.0
3,256,310,353,5,340,345,log_euclidean_gaussian_ar,310.0,0.01,0.36483136585854836,6.356799946783728,0.022059868105469557,,,
3,256,310,353,5,340,345,persistence,,,0.23780403164483305,6.093248433442488,0.013796190755736308,,,
3,256,310,353,5,340,345,raw_var_window_ar,72.0,10.0,0.6983764053967014,27.65663003207086,9.999999999993863e-09,,,
3,256,310,353,5,341,346,cholesky_gaussian_ar,310.0,0.01,0.39627777290038785,9.979210435395865,0.030614549980666844,,,
3,256,310,353,5,341,346,euclidean_gaussian_ar,310.0,0.1,0.3506325290861753,13.907793217371767,0.1458495011875772,,,
3,256,310,353,5,341,346,fixed_bwar,310.0,0.01,0.3409862669447841,8.969830300102773,0.052770952902607804,,,
3,256,310,353,5,341,346,local_bwar,24.0,0.1,0.261098379696899,5.58629430809407,0.030658805996509362,1.3453143933679546e-10,1.0,0.0
3,256,310,353,5,341,346,log_euclidean_gaussian_ar,310.0,0.01,0.4568390367340686,9.37635737188995,0.03193773575836626,,,
3,256,310,353,5,341,346,persistence,,,0.2749701335026457,6.217320231012213,0.01307906914643795,,,
3,256,310,353,5,341,346,raw_var_window_ar,72.0,10.0,0.7572522532617191,25.178241437580816,9.999999999994177e-09,,,
3,256,310,353,5,342,347,cholesky_gaussian_ar,310.0,0.01,0.44198462917112014,12.841597993965909,0.029765682474750713,,,
3,256,310,353,5,342,347,euclidean_gaussian_ar,310.0,0.1,0.3909426689627784,17.841931354908677,0.14423821140374724,,,
3,256,310,353,5,342,347,fixed_bwar,310.0,0.01,0.41084462432223595,13.020460147228752,0.06872221387776713,,,
3,256,310,353,5,342,347,local_bwar,24.0,0.1,0.2877759915123852,6.632748775948403,0.03053448848197184,1.306376357450064e-10,1.0,0.0
3,256,310,353,5,342,347,log_euclidean_gaussian_ar,310.0,0.01,0.529385623049381,13.76885897963231,0.046275811631955176,,,
3,256,310,353,5,342,347,persistence,,,0.36887986605510714,11.882336515459762,0.013879605364629682,,,
3,256,310,353,5,342,347,raw_var_window_ar,72.0,10.0,0.7710817492955179,24.435869439170283,9.999999999995762e-09,,,
3,256,310,353,5,343,348,cholesky_gaussian_ar,310.0,0.01,0.3200502676147647,6.534847263658783,0.015348789602831838,,,
3,256,310,353,5,343,348,euclidean_gaussian_ar,310.0,0.1,0.34034972272738273,13.543698192794015,0.12568193720968718,,,
3,256,310,353,5,343,348,fixed_bwar,310.0,0.01,0.3768756217501762,9.952936880815919,0.06076092331391363,,,
3,256,310,353,5,343,348,local_bwar,24.0,0.1,0.24356277696067596,4.235082735744335,0.023917839137175326,1.1991738433549567e-10,1.0,0.0
3,256,310,353,5,343,348,log_euclidean_gaussian_ar,310.0,0.01,0.4082031319485084,7.9979723692492755,0.034884394237207295,,,
3,256,310,353,5,343,348,persistence,,,0.3800741912043225,10.267191913599916,0.0047042848906638296,,,
3,256,310,353,5,343,348,raw_var_window_ar,72.0,10.0,0.7343415991329585,27.06846252442478,9.999999999998187e-09,,,
3,256,310,353,5,344,349,cholesky_gaussian_ar,310.0,0.01,0.20050501534917312,3.948520385210273,0.00622373452223279,,,
3,256,310,353,5,344,349,euclidean_gaussian_ar,310.0,0.1,0.2484475529137443,9.520676323476769,0.11386400753256215,,,
3,256,310,353,5,344,349,fixed_bwar,310.0,0.01,0.29741720438572117,7.176153597950213,0.05922274687019355,,,
3,256,310,353,5,344,349,local_bwar,24.0,0.1,0.197240721479932,3.647493923340761,0.019255308956511005,1.1160730206675948e-10,1.0,0.0
3,256,310,353,5,344,349,log_euclidean_gaussian_ar,310.0,0.01,0.2725365017104969,5.167242360152834,0.0288412390025233,,,
3,256,310,353,5,344,349,persistence,,,0.21411894463667297,4.941695015098752,0.00264224623033339,,,
3,256,310,353,5,344,349,raw_var_window_ar,72.0,10.0,0.6568685085697354,29.28082682050686,9.99999999999207e-09,,,
3,256,310,353,5,345,350,cholesky_gaussian_ar,310.0,0.01,0.22824540394524206,4.459159939115337,0.010747699974734307,,,
3,256,310,353,5,345,350,euclidean_gaussian_ar,310.0,0.1,0.28134925345457085,9.302899482289291,0.10657163567861644,,,
3,256,310,353,5,345,350,fixed_bwar,310.0,0.01,0.3084015484579075,7.506766745998409,0.05913143393186974,,,
3,256,310,353,5,345,350,local_bwar,24.0,0.1,0.23105463314232216,4.605659627120212,0.0168545862354502,1.0587467058773119e-10,1.0,0.0
3,256,310,353,5,345,350,log_euclidean_gaussian_ar,310.0,0.01,0.2696153476494972,5.463476241034467,0.01877209748339825,,,
3,256,310,353,5,345,350,persistence,,,0.21750560623211557,4.773928585237531,0.0038028455415142722,,,
3,256,310,353,5,345,350,raw_var_window_ar,72.0,10.0,0.6308710251608333,31.116499199305164,9.999999999987399e-09,,,
3,256,310,353,5,346,351,cholesky_gaussian_ar,310.0,0.01,0.23688619168579103,4.445841600127394,0.011184615143534622,,,
3,256,310,353,5,346,351,euclidean_gaussian_ar,310.0,0.1,0.2770917074276019,8.460548648394482,0.10355563759081099,,,
3,256,310,353,5,346,351,fixed_bwar,310.0,0.01,0.2576726184522378,5.353686335411976,0.03704627276632748,,,
3,256,310,353,5,346,351,local_bwar,24.0,0.1,0.2273203264326651,4.334681959178052,0.014146699855371453,1.1200580451976294e-10,1.0,0.0
3,256,310,353,5,346,351,log_euclidean_gaussian_ar,310.0,0.01,0.24170698825986134,4.3670573002833155,0.011873408389920685,,,
3,256,310,353,5,346,351,persistence,,,0.29518442520896326,7.327213577977873,0.003119016296319595,,,
3,256,310,353,5,346,351,raw_var_window_ar,72.0,10.0,0.64911241613994,30.080246987260843,9.999999999990559e-09,,,
3,256,310,353,5,347,352,cholesky_gaussian_ar,310.0,0.01,0.28971295815178344,5.5780088079153085,0.010114567615702843,,,
3,256,310,353,5,347,352,euclidean_gaussian_ar,310.0,0.1,0.2704137522574474,9.205949468330019,0.10973211052930468,,,
3,256,310,353,5,347,352,fixed_bwar,310.0,0.01,0.29189643022189465,6.859562175136456,0.045992398014091405,,,
3,256,310,353,5,347,352,local_bwar,24.0,0.1,0.18733697654079207,3.290688807988755,0.012526882036434947,1.2200583344019044e-10,1.0,0.0
3,256,310,353,5,347,352,log_euclidean_gaussian_ar,310.0,0.01,0.3088769615579809,5.453513233416805,0.008028726805100184,,,
3,256,310,353,5,347,352,persistence,,,0.24087301994819543,6.033033894874536,0.0022529863945935083,,,
3,256,310,353,5,347,352,raw_var_window_ar,72.0,10.0,0.7114881753124578,28.042902995090685,9.999999999982052e-09,,,
4,299,353,364,3,350,353,cholesky_gaussian_ar,353.0,0.1,0.2925222017735073,5.059598500039403,0.00989581053235385,,,
4,299,353,364,3,350,353,euclidean_gaussian_ar,353.0,1.0,0.29997286170359144,10.414824088436635,0.08185385378943,,,
4,299,353,364,3,350,353,fixed_bwar,353.0,0.1,0.34552078171899914,8.622711980076428,0.06743511016958813,,,
4,299,353,364,3,350,353,local_bwar,24.0,0.1,0.1212569515120251,1.7049578623023545,0.012583894589336475,1.4635533341319312e-10,1.0,0.0
4,299,353,364,3,350,353,log_euclidean_gaussian_ar,353.0,0.1,0.25417173676663163,2.7181195618999228,0.01467604948367376,,,
4,299,353,364,3,350,353,persistence,,,0.28706078890230846,6.482390505906288,0.005315116929327859,,,
4,299,353,364,3,350,353,raw_var_window_ar,72.0,1e-06,0.6199077636609878,17.988975415021315,9.999999818292494e-09,,,
4,299,353,364,3,351,354,cholesky_gaussian_ar,353.0,0.1,0.32588094666780465,6.717290916692661,0.006642980226595588,,,
4,299,353,364,3,351,354,euclidean_gaussian_ar,353.0,1.0,0.36277356005354533,14.216846536010774,0.0673132961753608,,,
4,299,353,364,3,351,354,fixed_bwar,353.0,0.1,0.3945284263545331,11.637573017315233,0.06215478352392326,,,
4,299,353,364,3,351,354,local_bwar,24.0,0.1,0.1698365797130211,2.7982716508148844,0.009922296620729852,3.247347901219656e-10,1.0,0.0
4,299,353,364,3,351,354,log_euclidean_gaussian_ar,353.0,0.1,0.30471054443944373,4.090420344120332,0.011571910620620168,,,
4,299,353,364,3,351,354,persistence,,,0.3842202942158351,11.71834179613213,0.003303547216840219,,,
4,299,353,364,3,351,354,raw_var_window_ar,72.0,1e-06,0.6913540950695468,17.549736790027815,9.999999977104534e-09,,,
4,299,353,364,3,352,355,cholesky_gaussian_ar,353.0,0.1,0.23756967716110983,4.385575964914369,0.003378960159924016,,,
4,299,353,364,3,352,355,euclidean_gaussian_ar,353.0,1.0,0.32582128456858567,11.631066683949221,0.06036923748728271,,,
4,299,353,364,3,352,355,fixed_bwar,353.0,0.1,0.311073234024611,8.18038080896084,0.0434902994281523,,,
4,299,353,364,3,352,355,local_bwar,24.0,0.1,0.15793994885995893,2.92646023068089,0.007154493960027452,4.3134793264008656e-10,1.0,0.0
4,299,353,364,3,352,355,log_euclidean_gaussian_ar,353.0,0.1,0.23651484466203582,2.82645543963511,0.007211094935936249,,,
4,299,353,364,3,352,355,persistence,,,0.27831869560424627,7.42758120330258,0.002116488051655611,,,
4,299,353,364,3,352,355,raw_var_window_ar,72.0,1e-06,0.6996885481899857,17.884678812832583,9.999999883522011e-09,,,
4,299,353,364,3,353,356,cholesky_gaussian_ar,353.0,0.1,0.18133257683668638,3.118301263696055,0.0021357178672813753,,,
4,299,353,364,3,353,356,euclidean_gaussian_ar,353.0,1.0,0.2942496284526423,9.246483434613697,9.999999995301998e-09,,,
4,299,353,364,3,353,356,fixed_bwar,353.0,0.1,0.2134417708406241,4.742616105912021,0.02472034919697539,,,
4,299,353,364,3,353,356,local_bwar,24.0,0.1,0.15367334359413745,2.9454938792577834,0.0069150515060363345,5.221023317708859e-10,1.0,0.0
4,299,353,364,3,353,356,log_euclidean_gaussian_ar,353.0,0.1,0.2506212552185189,3.0811579494557213,0.007376595173327938,,,
4,299,353,364,3,353,356,persistence,,,0.1404510982451197,3.2457586397565943,0.002254388052521836,,,
4,299,353,364,3,353,356,raw_var_window_ar,72.0,1e-06,0.6974530886367756,17.804746217021073,9.999999894535587e-09,,,
4,299,353,364,3,354,357,cholesky_gaussian_ar,353.0,0.1,0.18607122290251257,3.131276766715625,0.002297620204777266,,,
4,299,353,364,3,354,357,euclidean_gaussian_ar,353.0,1.0,0.2985471264355869,8.283679390505814,9.999999993229755e-09,,,
4,299,353,364,3,354,357,fixed_bwar,353.0,0.1,0.19791148455930024,3.888468696511665,0.014481190164603952,,,
4,299,353,364,3,354,357,local_bwar,24.0,0.1,0.20032393549555583,3.7580902094276674,0.0068480105582197325,6.60930680193041e-10,1.0,0.0
4,299,353,364,3,354,357,log_euclidean_gaussian_ar,353.0,0.1,0.285038066590805,3.788920646819027,0.007735599328122804,,,
4,299,353,364,3,354,357,persistence,,,0.06796374442916717,1.1423123648662452,0.0018027575979996208,,,
4,299,353,364,3,354,357,raw_var_window_ar,72.0,1e-06,0.7267878045555357,18.705804046454894,9.999999980005003e-09,,,
4,299,353,364,3,355,358,cholesky_gaussian_ar,353.0,0.1,0.19863080429420285,3.710800096055567,0.0026197420285912587,,,
4,299,353,364,3,355,358,euclidean_gaussian_ar,353.0,1.0,0.3133564128277434,9.184929052738044,9.999999988434313e-09,,,
4,299,353,364,3,355,358,fixed_bwar,353.0,0.1,0.21496475030039391,4.643448978553424,0.015127112629125649,,,
4,299,353,364,3,355,358,local_bwar,24.0,0.1,0.2051647753561448,3.863199233848107,0.007934973210427767,8.554924795477185e-10,1.0,0.0
4,299,353,364,3,355,358,log_euclidean_gaussian_ar,353.0,0.1,0.2323820814273325,3.3155785833861806,0.0077185471261170665,,,
4,299,353,364,3,355,358,persistence,,,0.08368029351296745,1.2088296726779408,0.0023738982528909948,,,
4,299,353,364,3,355,358,raw_var_window_ar,72.0,1e-06,0.7390142245204891,19.15885281499887,9.99999992779249e-09,,,
4,299,353,364,3,356,359,cholesky_gaussian_ar,353.0,0.1,0.1897312791344343,3.479648825397226,0.002617142332082897,,,
4,299,353,364,3,356,359,euclidean_gaussian_ar,353.0,1.0,0.3064002182357715,9.001111839609393,1.0000000004166615e-08,,,
4,299,353,364,3,356,359,fixed_bwar,353.0,0.1,0.21012538065023031,4.571793594173532,0.01670402920620002,,,
4,299,353,364,3,356,359,local_bwar,24.0,0.1,0.19333569770835943,3.515256877578665,0.007220333753358683,9.421693774950109e-10,1.0,0.0
4,299,353,364,3,356,359,log_euclidean_gaussian_ar,353.0,0.1,0.22879694671991058,3.001728389147012,0.007811467433760384,,,
4,299,353,364,3,356,359,persistence,,,0.08122398705554053,1.1677995732206121,0.0013370448934652422,,,
4,299,353,364,3,356,359,raw_var_window_ar,72.0,1e-06,0.734848173694689,18.90003890515448,9.99999997734675e-09,,,
4,299,353,364,3,357,360,cholesky_gaussian_ar,353.0,0.1,0.13149060466554408,2.9456067514411646,0.0024051086522283785,,,
4,299,353,364,3,357,360,euclidean_gaussian_ar,353.0,1.0,0.2499838155572307,7.289441011905016,1.0000000080742901e-08,,,
4,299,353,364,3,357,360,fixed_bwar,353.0,0.1,0.16088431972321304,3.7701618776764243,0.012098416393327278,,,
4,299,353,364,3,357,360,local_bwar,24.0,0.1,0.1473134525172832,3.2721859340877444,0.007638114518245871,1.0769610649628062e-10,1.0,0.0
4,299,353,364,3,357,360,log_euclidean_gaussian_ar,353.0,0.1,0.16249650706824834,2.531108350161095,0.006897641054129878,,,
4,299,353,364,3,357,360,persistence,,,0.09968252612805016,1.6653256064824848,0.0024450852392954208,,,
4,299,353,364,3,357,360,raw_var_window_ar,72.0,1e-06,0.6771890808821546,17.606916207775228,9.999999979345127e-09,,,
4,299,353,364,3,358,361,cholesky_gaussian_ar,353.0,0.1,0.16576579452658982,3.546796107669612,0.0029490601052466637,,,
4,299,353,364,3,358,361,euclidean_gaussian_ar,353.0,1.0,0.2811857173115637,8.340813060221025,9.999999843588817e-09,,,
4,299,353,364,3,358,361,fixed_bwar,353.0,0.1,0.183652292258447,4.354713704820935,0.011123190646129742,,,
4,299,353,364,3,358,361,local_bwar,24.0,0.1,0.16990634921917938,3.300868256069619,0.007763317834110266,1.6089564285138215e-10,1.0,0.0
4,299,353,364,3,358,361,log_euclidean_gaussian_ar,353.0,0.1,0.23348910752763988,3.695172145966449,0.007103742353635749,,,
4,299,353,364,3,358,361,persistence,,,0.06656747081109307,1.173423049458211,0.0014300152246631424,,,
4,299,353,364,3,358,361,raw_var_window_ar,72.0,1e-06,0.710180721353595,17.968843339154674,9.999999941705825e-09,,,
4,299,353,364,3,359,362,cholesky_gaussian_ar,353.0,0.1,0.15989622063292733,3.3769302348453176,0.0038135366457737146,,,
4,299,353,364,3,359,362,euclidean_gaussian_ar,353.0,1.0,0.24181310693239944,6.481156303076656,1.0000000061927527e-08,,,
4,299,353,364,3,359,362,fixed_bwar,353.0,0.1,0.17027126330169193,3.654794591687668,0.010483504369376197,,,
4,299,353,364,3,359,362,local_bwar,24.0,0.1,0.11602227947207035,1.98767652547988,0.007668294793199709,1.982292164903942e-10,1.0,0.0
4,299,353,364,3,359,362,log_euclidean_gaussian_ar,353.0,0.1,0.22648560022665165,3.5960570303551407,0.006709455604266757,,,
4,299,353,364,3,359,362,persistence,,,0.11867690883875899,1.9807114229422953,0.0021559810172584767,,,
4,299,353,364,3,359,362,raw_var_window_ar,72.0,1e-06,0.6466377364127969,16.766224946185638,9.999999969949912e-09,,,
4,299,353,364,3,360,363,cholesky_gaussian_ar,353.0,0.1,0.23348465099990184,4.414374371398752,0.006285415439553316,,,
4,299,353,364,3,360,363,euclidean_gaussian_ar,353.0,1.0,0.2750326244583561,7.579111742901128,1.0000000401727327e-08,,,
4,299,353,364,3,360,363,fixed_bwar,353.0,0.1,0.20502046760742682,4.19189552859703,0.021913375228824254,,,
4,299,353,364,3,360,363,local_bwar,24.0,0.1,0.20379611307955642,3.4823944936172904,0.008024019174627327,2.5021353532326067e-10,1.0,0.0
4,299,353,364,3,360,363,log_euclidean_gaussian_ar,353.0,0.1,0.32774290378465026,5.221788192541957,0.011684205915394182,,,
4,299,353,364,3,360,363,persistence,,,0.07472774224419573,1.3377536755163713,0.002540440728563158,,,
4,299,353,364,3,360,363,raw_var_window_ar,72.0,1e-06,0.6805776789497555,16.67052359799372,9.9999998996315e-09,,,
4,299,353,364,4,349,353,cholesky_gaussian_ar,353.0,0.1,0.3167452723153759,5.928461749422462,0.010292896306143823,,,
4,299,353,364,4,349,353,euclidean_gaussian_ar,353.0,0.01,0.1879268618055691,6.783133765448544,1.0000000334234251e-08,,,
4,299,353,364,4,349,353,fixed_bwar,353.0,0.01,0.2946730906226949,6.193547992575352,0.05244879102780566,,,
4,299,353,364,4,349,353,local_bwar,24.0,0.1,0.13270235194659297,1.9825984325598736,0.013481560435145376,1.2617521669375532e-10,1.0,0.0
4,299,353,364,4,349,353,log_euclidean_gaussian_ar,353.0,0.1,0.3175322243004781,3.9272377179121554,0.018646512043242202,,,
4,299,353,364,4,349,353,persistence,,,0.18092144612580963,4.130131133846018,0.007058504664615686,,,
4,299,353,364,4,349,353,raw_var_window_ar,72.0,1e-06,0.7148585916800527,23.48912798660399,9.999999997958853e-09,,,
4,299,353,364,4,350,354,cholesky_gaussian_ar,353.0,0.1,0.3875746441002042,9.154109389415611,0.010165675521500614,,,
4,299,353,364,4,350,354,euclidean_gaussian_ar,353.0,0.01,0.26179694060458286,9.245970440463491,9.999999862974455e-09,,,
4,299,353,364,4,350,354,fixed_bwar,353.0,0.01,0.37618420225601246,9.851237808015327,0.05187353686247886,,,
4,299,353,364,4,350,354,local_bwar,24.0,0.1,0.18287863510066568,3.1085106272970924,0.012831216936968353,1.4635533341319312e-10,1.0,0.0
4,299,353,364,4,350,354,log_euclidean_gaussian_ar,353.0,0.1,0.33897550595975895,4.9579470824110325,0.016265802087693727,,,
4,299,353,364,4,350,354,persistence,,,0.4060901601791651,13.269243529925362,0.005315116929327859,,,
4,299,353,364,4,350,354,raw_var_window_ar,72.0,1e-06,0.7896199054596942,22.803092371904974,9.999999999546469e-09,,,
4,299,353,364,4,351,355,cholesky_gaussian_ar,353.0,0.1,0.34853990469678486,7.946261369805598,0.007395063167791291,,,
4,299,353,364,4,351,355,euclidean_gaussian_ar,353.0,0.01,0.24287114669949436,8.485218147438093,9.999999818463978e-09,,,
4,299,353,364,4,351,355,fixed_bwar,353.0,0.01,0.3442252779857216,8.801039379208808,0.04631853081410418,,,
4,299,353,364,4,351,355,local_bwar,24.0,0.1,0.17424671534321215,3.1769724880003642,0.010385075456086237,3.247347901219656e-10,1.0,0.0
4,299,353,364,4,351,355,log_euclidean_gaussian_ar,353.0,0.1,0.31320159938094005,4.372989415261319,0.01296596370134844,,,
4,299,353,364,4,351,355,persistence,,,0.3918924326391908,12.511390882659319,0.003303547216840219,,,
4,299,353,364,4,351,355,raw_var_window_ar,72.0,1e-06,0.7879765984376254,22.597021080811622,9.999999999005784e-09,,,
4,299,353,364,4,352,356,cholesky_gaussian_ar,353.0,0.1,0.2568961258623112,4.896676707277078,0.0040287737657514625,,,
4,299,353,364,4,352,356,euclidean_gaussian_ar,353.0,0.01,0.2154742919658587,6.835910284893414,9.999999967685055e-09,,,
4,299,353,364,4,352,356,fixed_bwar,353.0,0.01,0.28541172574178036,6.43884315743873,0.03912212857713111,,,
4,299,353,364,4,352,356,local_bwar,24.0,0.1,0.17933103567903594,3.4344711229029485,0.008055096558074251,4.3134793264008656e-10,1.0,0.0
4,299,353,364,4,352,356,log_euclidean_gaussian_ar,353.0,0.1,0.2400797759896248,2.8033494319545618,0.008297396736282771,,,
4,299,353,364,4,352,356,persistence,,,0.27529419566603364,7.297711019424051,0.002116488051655611,,,
4,299,353,364,4,352,356,raw_var_window_ar,72.0,1e-06,0.7888305189821737,22.699549712210015,9.999999998562777e-09,,,
4,299,353,364,4,353,357,cholesky_gaussian_ar,353.0,0.1,0.2330562874805859,3.972138151615207,0.0027679190357551894,,,
4,299,353,364,4,353,357,euclidean_gaussian_ar,353.0,0.01,0.22625534847900572,6.370702963076239,9.99999997193233e-09,,,
4,299,353,364,4,353,357,fixed_bwar,353.0,0.01,0.25096230477544024,5.047394029972361,0.02603700095041674,,,
4,299,353,364,4,353,357,local_bwar,24.0,0.1,0.21885303406540318,4.193888440727879,0.007439476122841878,5.221023317708859e-10,1.0,0.0
4,299,353,364,4,353,357,log_euclidean_gaussian_ar,353.0,0.1,0.27661807593482857,3.2908513558099215,0.00830695836462193,,,
4,299,353,364,4,353,357,persistence,,,0.17169936031960958,3.4194990638951697,0.002254388052521836,,,
4,299,353,364,4,353,357,raw_var_window_ar,72.0,1e-06,0.8190277801104677,23.70769368045428,9.999999998616036e-09,,,
4,299,353,364,4,354,358,cholesky_gaussian_ar,353.0,0.1,0.23255632799360398,4.484427808887112,0.002788982318409396,,,
4,299,353,364,4,354,358,euclidean_gaussian_ar,353.0,0.01,0.25824798690748163,7.86372047612419,1.0000000015278114e-08,,,
4,299,353,364,4,354,358,fixed_bwar,353.0,0.01,0.26792081936044476,5.88734107321844,0.022762158271928512,,,
4,299,353,364,4,354,358,local_bwar,24.0,0.1,0.26835317891341587,6.239474439280255,0.006732463485294746,6.60930680193041e-10,1.0,0.0
4,299,353,364,4,354,358,log_euclidean_gaussian_ar,353.0,0.1,0.30661640840497667,4.372854193540098,0.009296404585026398,,,
4,299,353,364,4,354,358,persistence,,,0.08578181044205942,1.2953012753663014,0.0018027575979996208,,,
4,299,353,364,4,354,358,raw_var_window_ar,72.0,1e-06,0.8301904536235936,24.0388229209289,9.99999999958966e-09,,,
4,299,353,364,4,355,359,cholesky_gaussian_ar,353.0,0.1,0.22383495960619354,4.256828287794104,0.0031098758654416864,,,
4,299,353,364,4,355,359,euclidean_gaussian_ar,353.0,0.01,0.25637521755731124,7.999402925195496,9.99999996721416e-09,,,
4,299,353,364,4,355,359,fixed_bwar,353.0,0.01,0.25052738707411765,5.55103955238346,0.022114825733721363,,,
4,299,353,364,4,355,359,local_bwar,24.0,0.1,0.23747276718590538,4.916601666036923,0.00763237274860389,8.554924795477185e-10,1.0,0.0
4,299,353,364,4,355,359,log_euclidean_gaussian_ar,353.0,0.1,0.2389831727220008,3.2094066464068653,0.009145598030449145,,,
4,299,353,364,4,355,359,persistence,,,0.08729732345392377,1.2311023648727175,0.0023738982528909948,,,
4,299,353,364,4,355,359,raw_var_window_ar,72.0,1e-06,0.8258519958565065,23.760530817800397,9.999999999290137e-09,,,
4,299,353,364,4,356,360,cholesky_gaussian_ar,353.0,0.1,0.1674222586439607,3.713312324480203,0.0031580004908345837,,,
4,299,353,364,4,356,360,euclidean_gaussian_ar,353.0,0.01,0.20002620746880373,6.43947186454112,1.0000000205090698e-08,,,
4,299,353,364,4,356,360,fixed_bwar,353.0,0.01,0.1962653077037264,4.596968104271944,0.028578662364735732,,,
4,299,353,364,4,356,360,local_bwar,24.0,0.1,0.1803933853045894,4.113423218933116,0.007239213030592075,9.421693774950109e-10,1.0,0.0
4,299,353,364,4,356,360,log_euclidean_gaussian_ar,353.0,0.1,0.19500599670026,2.8372556168112175,0.009049729874449564,,,
4,299,353,364,4,356,360,persistence,,,0.08233500709576422,1.599385461731755,0.0013370448934652422,,,
4,299,353,364,4,356,360,raw_var_window_ar,72.0,1e-06,0.7480709003139914,21.69346200270616,9.999999997005587e-09,,,
4,299,353,364,4,357,361,cholesky_gaussian_ar,353.0,0.1,0.18403217239696598,3.763144022396691,0.0028793505745265727,,,
4,299,353,364,4,357,361,euclidean_gaussian_ar,353.0,0.01,0.2163476787134685,6.685746783065019,1.0000000005511839e-08,,,
4,299,353,364,4,357,361,fixed_bwar,353.0,0.01,0.20335906676641785,4.582919494351381,0.02139885025099514,,,
4,299,353,364,4,357,361,local_bwar,24.0,0.1,0.22852370866823637,5.280777556954794,0.007793399921557058,1.0769610649628062e-10,1.0,0.0
4,299,353,364,4,357,361,log_euclidean_gaussian_ar,353.0,0.1,0.1870638088110301,2.7295675917676885,0.007904419295187315,,,
4,299,353,364,4,357,361,persistence,,,0.07286120031384707,1.4501073453162987,0.0024450852392954208,,,
4,299,353,364,4,357,361,raw_var_window_ar,72.0,1e-06,0.7969029425401495,23.024191952130032,9.999999999025808e-09,,,
4,299,353,364,4,358,362,cholesky_gaussian_ar,353.0,0.1,0.15330159985805827,3.195109658040053,0.0033350959137167114,,,
4,299,353,364,4,358,362,euclidean_gaussian_ar,353.0,0.01,0.18306896551864432,5.467509556627112,1.0000000010680407e-08,,,
4,299,353,364,4,358,362,fixed_bwar,353.0,0.01,0.16635060683836,3.4860634773641808,0.020307906673353734,,,
4,299,353,364,4,358,362,local_bwar,24.0,0.1,0.16145245918848303,3.0929712637219,0.007546477569514735,1.6089564285138215e-10,1.0,0.0
4,299,353,364,4,358,362,log_euclidean_gaussian_ar,353.0,0.1,0.18760685901757443,2.7251946152687254,0.008544378115122873,,,
4,299,353,364,4,358,362,persistence,,,0.1202055086821195,2.0260246654981966,0.0014300152246631424,,,
4,299,353,364,4,358,362,raw_var_window_ar,72.0,1e-06,0.7299858608423647,21.849070963642777,9.99999999883168e-09,,,
4,299,353,364,4,359,363,cholesky_gaussian_ar,353.0,0.1,0.1965777699093103,3.408830892274846,0.003977763483611561,,,
4,299,353,364,4,359,363,euclidean_gaussian_ar,353.0,0.01,0.19354609634690886,5.517591307189964,9.999999926668636e-09,,,
4,299,353,364,4,359,363,fixed_bwar,353.0,0.01,0.1899684940394001,3.5703308583180697,0.015463157211123148,,,
4,299,353,364,4,359,363,local_bwar,24.0,0.1,0.1520278879259859,2.2500145845662076,0.008021349173000401,1.982292164903942e-10,1.0,0.0
4,299,353,364,4,359,363,log_euclidean_gaussian_ar,353.0,0.1,0.2533870577457617,3.2285900103287637,0.008870100222769496,,,
4,299,353,364,4,359,363,persistence,,,0.07228697731073327,1.2949852809777975,0.0021559810172584767,,,
4,299,353,364,4,359,363,raw_var_window_ar,72.0,1e-06,0.786151602878567,22.88114094804397,9.999999998834233e-09,,,
4,299,353,364,5,348,353,cholesky_gaussian_ar,353.0,0.1,0.26782417282002074,4.4972423827477535,0.00821925842060418,,,
4,299,353,364,5,348,353,euclidean_gaussian_ar,353.0,0.01,0.20721498533160082,7.384248891939887,1.0000000168057609e-08,,,
4,299,353,364,5,348,353,fixed_bwar,353.0,0.01,0.26829507716195794,5.354348234739861,0.045365683568247536,,,
4,299,353,364,5,348,353,local_bwar,24.0,0.1,0.16982170666248722,2.622673135453394,0.012690278538564486,1.1177353990511919e-10,1.0,0.0
4,299,353,364,5,348,353,log_euclidean_gaussian_ar,353.0,0.1,0.25839877244607595,2.898321886668117,0.014063544682002417,,,
4,299,353,364,5,348,353,persistence,,,0.10169201614498888,2.152678606301008,0.0029003420405127106,,,
4,299,353,364,5,348,353,raw_var_window_ar,72.0,1e-06,0.725278890868396,24.11882134239052,9.999999999993523e-09,,,
4,299,353,364,5,349,354,cholesky_gaussian_ar,353.0,0.1,0.4095093103218743,10.269190906495968,0.010981427983547884,,,
4,299,353,364,5,349,354,euclidean_gaussian_ar,353.0,0.01,0.27952234955616095,10.840956058678769,9.999999986373273e-09,,,
4,299,353,364,5,349,354,fixed_bwar,353.0,0.01,0.3878246098909213,10.80183778931947,0.05907044953325856,,,
4,299,353,364,5,349,354,local_bwar,24.0,0.1,0.2017132673585315,3.7226210394587342,0.012941376150711528,1.2617521669375532e-10,1.0,0.0
4,299,353,364,5,349,354,log_euclidean_gaussian_ar,353.0,0.1,0.40107368525967296,6.669918804345034,0.020165166027293048,,,
4,299,353,364,5,349,354,persistence,,,0.2916175972846274,9.142364482166972,0.007058504664615686,,,
4,299,353,364,5,349,354,raw_var_window_ar,72.0,1e-06,0.7991052527890952,23.38275914384155,9.999999999990102e-09,,,
4,299,353,364,5,350,355,cholesky_gaussian_ar,353.0,0.1,0.4088390507323085,10.632994758043317,0.010830193542834788,,,
4,299,353,364,5,350,355,euclidean_gaussian_ar,353.0,0.01,0.2744642295558011,10.746909688048284,1.0000000046209474e-08,,,
4,299,353,364,5,350,355,fixed_bwar,353.0,0.01,0.38707892287957074,11.134508155138576,0.056280960421240575,,,
4,299,353,364,5,350,355,local_bwar,24.0,0.1,0.18858158125333013,3.5633731778081836,0.012488908517855637,1.4635533341319312e-10,1.0,0.0
4,299,353,364,5,350,355,log_euclidean_gaussian_ar,353.0,0.1,0.3530606095200547,5.535837236133705,0.016959612328523107,,,
4,299,353,364,5,350,355,persistence,,,0.41307518193688103,13.941561070011897,0.005315116929327859,,,
4,299,353,364,5,350,355,raw_var_window_ar,72.0,1e-06,0.7979480206579016,23.20392568335817,9.999999999976933e-09,,,
4,299,353,364,5,351,356,cholesky_gaussian_ar,353.0,0.1,0.3703785502163628,8.887843186899886,0.008218567110893572,,,
4,299,353,364,5,351,356,euclidean_gaussian_ar,353.0,0.01,0.2647673701460472,10.113378474029147,9.999999981275361e-09,,,
4,299,353,364,5,351,356,fixed_bwar,353.0,0.01,0.35494988031534647,9.675906048395513,0.05032862541564505,,,
4,299,353,364,5,351,356,local_bwar,24.0,0.1,0.19639032248155455,3.8229565586551675,0.010366791281287946,3.247347901219656e-10,1.0,0.0
4,299,353,364,5,351,356,log_euclidean_gaussian_ar,353.0,0.1,0.32436082953220063,4.678358552146033,0.013602399209044404,,,
4,299,353,364,5,351,356,persistence,,,0.38882868290045786,12.303417549901983,0.003303547216840219,,,
4,299,353,364,5,351,356,raw_var_window_ar,72.0,1e-06,0.7977854027975481,23.248632194342726,9.999999999971216e-09,,,
4,299,353,364,5,352,357,cholesky_gaussian_ar,353.0,0.1,0.3091676648092496,6.192341254045875,0.004731919743072942,,,
4,299,353,364,5,352,357,euclidean_gaussian_ar,353.0,0.01,0.278764072627052,9.40353621780078,9.999999846823482e-09,,,
4,299,353,364,5,352,357,fixed_bwar,353.0,0.01,0.3300906280465982,8.014316848459787,0.03969508063393663,,,
4,299,353,364,5,352,357,local_bwar,24.0,0.1,0.23680496294341713,4.613126096716153,0.008613284449943212,4.3134793264008656e-10,1.0,0.0
4,299,353,364,5,352,357,log_euclidean_gaussian_ar,353.0,0.1,0.26752279509495563,3.1854731287955964,0.008686166417108091,,,
4,299,353,364,5,352,357,persistence,,,0.30669013267891276,7.811189213865553,0.002116488051655611,,,
4,299,353,364,5,352,357,raw_var_window_ar,72.0,1e-06,0.8282576006399984,24.27769651735891,9.999999999971904e-09,,,
4,299,353,364,5,353,358,cholesky_gaussian_ar,353.0,0.1,0.2713061136312564,5.3928042745023,0.00343080030711438,,,
4,299,353,364,5,353,358,euclidean_gaussian_ar,353.0,0.01,0.2716300559830588,8.708048874751274,9.999999949501406e-09,,,
4,299,353,364,5,353,358,fixed_bwar,353.0,0.01,0.2829244102922717,6.4892865721562725,0.02859565737628428,,,
4,299,353,364,5,353,358,local_bwar,24.0,0.1,0.2640194685336632,5.925863423018878,0.0077835119553777065,5.221023317708859e-10,1.0,0.0
4,299,353,364,5,353,358,log_euclidean_gaussian_ar,353.0,0.1,0.29219263439920296,3.9169523994430278,0.008862892796449133,,,
4,299,353,364,5,353,358,persistence,,,0.19300493297724658,4.225731841702498,0.002254388052521836,,,
4,299,353,364,5,353,358,raw_var_window_ar,72.0,1e-06,0.8394223924748939,24.615481121996247,9.999999999989151e-09,,,
4,299,353,364,5,354,359,cholesky_gaussian_ar,353.0,0.1,0.2479660805440543,4.781501505786751,0.0033699999570554915,,,
4,299,353,364,5,354,359,euclidean_gaussian_ar,353.0,0.01,0.26332527620368446,7.952788912406551,9.999999793275141e-09,,,
4,299,353,364,5,354,359,fixed_bwar,353.0,0.01,0.27018179605570103,5.866980571941481,0.03204471200421502,,,
4,299,353,364,5,354,359,local_bwar,24.0,0.1,0.27952885922075876,6.492983936617311,0.0069679103946995394,6.60930680193041e-10,1.0,0.0
4,299,353,364,5,354,359,log_euclidean_gaussian_ar,353.0,0.1,0.31347201915812883,4.339835070458354,0.010488300923682792,,,
4,299,353,364,5,354,359,persistence,,,0.08519094350383405,1.2074691176772407,0.0018027575979996208,,,
4,299,353,364,5,354,359,raw_var_window_ar,72.0,1e-06,0.8352355117852117,24.340347771201113,9.999999999984762e-09,,,
4,299,353,364,5,355,360,cholesky_gaussian_ar,353.0,0.1,0.18663177931624753,4.038046492611527,0.0037233658366556217,,,
4,299,353,364,5,355,360,euclidean_gaussian_ar,353.0,0.01,0.21149210966132465,6.647245778432953,1.000000013978102e-08,,,
4,299,353,364,5,355,360,fixed_bwar,353.0,0.01,0.1963167545442703,4.419985557512327,0.029665075556699214,,,
4,299,353,364,5,355,360,local_bwar,24.0,0.1,0.21269918544210145,5.021084589770294,0.007604819402988006,8.554924795477185e-10,1.0,0.0
4,299,353,364,5,355,360,log_euclidean_gaussian_ar,353.0,0.1,0.19004607520537686,2.7916260954451664,0.010398441338953564,,,
4,299,353,364,5,355,360,persistence,,,0.08578838087784767,1.7285963370988529,0.0023738982528909948,,,
4,299,353,364,5,355,360,raw_var_window_ar,72.0,1e-06,0.7571911616799917,22.28633076751126,9.99999999998165e-09,,,
4,299,353,364,5,356,361,cholesky_gaussian_ar,353.0,0.1,0.22629146695425603,4.703327274505713,0.003828519914610052,,,
4,299,353,364,5,356,361,euclidean_gaussian_ar,353.0,0.01,0.24547562262869901,7.486512516295288,9.999999912916073e-09,,,
4,299,353,364,5,356,361,fixed_bwar,353.0,0.01,0.2504718721940939,5.788993405836862,0.03427869272001661,,,
4,299,353,364,5,356,361,local_bwar,24.0,0.1,0.23221290104673065,5.2934525525393035,0.007432888570585572,9.421693774950109e-10,1.0,0.0
4,299,353,364,5,356,361,log_euclidean_gaussian_ar,353.0,0.1,0.23510948858395594,3.312487450221367,0.010133352560874567,,,
4,299,353,364,5,356,361,persistence,,,0.07425338819096088,1.5874447047783062,0.0013370448934652422,,,
4,299,353,364,5,356,361,raw_var_window_ar,72.0,1e-06,0.8041160996851063,23.511757850658192,9.999999999995188e-09,,,
4,299,353,364,5,357,362,cholesky_gaussian_ar,353.0,0.1,0.15815319730153057,3.1359222367557393,0.003482060378862664,,,
4,299,353,364,5,357,362,euclidean_gaussian_ar,353.0,0.01,0.17924604892180848,4.813471275464812,9.999999969366375e-09,,,
4,299,353,364,5,357,362,fixed_bwar,353.0,0.01,0.16627139997716245,3.3506934306408933,0.027066003825362634,,,
4,299,353,364,5,357,362,local_bwar,24.0,0.1,0.1998923989406216,4.208233667708483,0.007866020087876206,1.0769610649628062e-10,1.0,0.0
4,299,353,364,5,357,362,log_euclidean_gaussian_ar,353.0,0.1,0.15275125867308198,2.27585093908569,0.008865007457436718,,,
4,299,353,364,5,357,362,persistence,,,0.11395646180989556,2.1118847483652257,0.0024450852392954208,,,
4,299,353,364,5,357,362,raw_var_window_ar,72.0,1e-06,0.738863914022236,22.462898546232665,9.99999999996153e-09,,,
4,299,353,364,5,358,363,cholesky_gaussian_ar,353.0,0.1,0.18766012914399027,3.1780284101996568,0.003812560686906895,,,
4,299,353,364,5,358,363,euclidean_gaussian_ar,353.0,0.01,0.1968555506698825,5.200204982369365,1.0000000118809326e-08,,,
4,299,353,364,5,358,363,fixed_bwar,353.0,0.01,0.20261333005807,3.726775433290341,0.028533680246074895,,,
4,299,353,364,5,358,363,local_bwar,24.0,0.1,0.1869331303502971,3.2228701849332646,0.007331433420073268,1.6089564285138215e-10,1.0,0.0
4,299,353,364,5,358,363,log_euclidean_gaussian_ar,353.0,0.1,0.23349172425559447,2.733175148736729,0.009891920876737292,,,
4,299,353,364,5,358,363,persistence,,,0.07666672553463587,1.3643472873201472,0.0014300152246631424,,,
4,299,353,364,5,358,363,raw_var_window_ar,72.0,1e-06,0.795166745936285,23.484405841616447,9.999999999991111e-09,,,
